2026-09-30T05:45:36.907+00:00 Loading config from configs\smoke_local.yaml...
2026-09-30T05:45:42.333+00:00 ┌────────────────────────────── Training Setup ───────────────────────────────┐
2026-09-30T05:45:42.334+00:00 │ Device:  NVIDIA GeForce RTX 3060 Laptop GPU                                 │
2026-09-30T05:45:42.334+00:00 │ Memory:  6.0 GB                                                             │
2026-09-30T05:45:42.334+00:00 │ Model:   Qwen/Qwen2.5-1.5B-Instruct                                         │
2026-09-30T05:45:42.334+00:00 │ Task:    dpo                                                                │
2026-09-30T05:45:42.334+00:00 │ Backend: transformers                                                       │
2026-09-30T05:45:42.335+00:00 │ LoRA:    r=16, alpha=32                                                     │
2026-09-30T05:45:42.335+00:00 │ Quant:   none                                                               │
2026-09-30T05:45:42.335+00:00 │ Seed:    42                                                                 │
2026-09-30T05:45:42.335+00:00 └─────────────────────────────────────────────────────────────────────────────┘
2026-09-30T05:45:42.338+00:00 Loading dataset...
2026-09-30T05:45:42.340+00:00 Loaded: 16 train samples
2026-09-30T05:45:42.360+00:00 Run ID: run_20260930_084542_322d9a5d
2026-09-30T05:45:42.363+00:00 Setting up model + trainer...
2026-09-30T05:45:55.664+00:00 W0930 08:45:55.662000 58728 Lib\site-packages\torch\utils\flop_counter.py:29] triton not found; flop counting will not work for triton kernels
2026-09-30T05:45:58.201+00:00 Loading tokenizer: Qwen/Qwen2.5-1.5B-Instruct
2026-09-30T05:45:59.173+00:00 Warning: You are sending unauthenticated requests to the HF Hub. Please set a HF_TOKEN to enable higher rate limits and faster downloads.
2026-09-30T05:46:02.115+00:00 Fetching 6 files:   0%|          | 0/6 [00:00<?, ?it/s]
2026-09-30T05:46:02.115+00:00 Fetching 6 files: 100%|██████████| 6/6 [00:00<00:00, 697.44it/s]
2026-09-30T05:46:02.129+00:00 ┌────────────────────── Layer streaming disk pre-flight ──────────────────────┐
2026-09-30T05:46:02.129+00:00 │ HF/local source: 3.09 GB                                                    │
2026-09-30T05:46:02.129+00:00 │ Soup materialized copy: 0.00 GB (no write required)                         │
2026-09-30T05:46:02.129+00:00 │ Layer-shard cache: 3.09 GB (reusable)                                       │
2026-09-30T05:46:02.130+00:00 │ Projected total on disk: 6.17 GB                                            │
2026-09-30T05:46:02.130+00:00 │ Additional writes before training: 0.00 GB                                  │
2026-09-30T05:46:02.130+00:00 └─────────────────────────────────────────────────────────────────────────────┘
2026-09-30T05:46:02.132+00:00 Preparing layer shards -> 
2026-09-30T05:46:02.132+00:00 C:\Users\Abdulwaarith\.soup\layer-stream\Qwen__Qwen2.5-1.5B-Instruct
2026-09-30T05:46:03.544+00:00 ┌────────────────────────── training.stream_layers ───────────────────────────┐
2026-09-30T05:46:03.544+00:00 │ Layer streaming BETA — arch qwen2, tier ram                                 │
2026-09-30T05:46:03.544+00:00 │   base store   2.62 GB across 28 layers (pinned)                            │
2026-09-30T05:46:03.544+00:00 │   VRAM buffers 2 x 94 MB + 1 x 0 MB large-layer slot = 187 MB               │
2026-09-30T05:46:03.545+00:00 │   resident     467 MB extras + adapters                                     │
2026-09-30T05:46:03.545+00:00 │   peak VRAM    ~3.06 GB at batch 1 x seq 512 (2 rows — chosen+rejected are  │
2026-09-30T05:46:03.545+00:00 │ one concatenated tensor) (logits 2.18 GB)                                   │
2026-09-30T05:46:03.545+00:00 │   free VRAM    5.35 GB                                                      │
2026-09-30T05:46:03.545+00:00 │   forecast     1941-2855 tok/s — a compute-bound bound, not a promise       │
2026-09-30T05:46:03.545+00:00 │                (from 26.44 TFLOPS measured on this card now using bfloat16  │
2026-09-30T05:46:03.545+00:00 │ @ 1702 MHz)                                                                 │
2026-09-30T05:46:03.545+00:00 │   ! accumulating 4x at batch 1: the base is re-read once per micro-batch.   │
2026-09-30T05:46:03.545+00:00 │ Per token that is free, but reaching effective batch 4 by raising           │
2026-09-30T05:46:03.545+00:00 │ training.batch_size instead measured ~2.5x faster. Accumulation holds peak  │
2026-09-30T05:46:03.545+00:00 │ VRAM flat, so raise batch_size while the budget above allows, then          │
2026-09-30T05:46:03.545+00:00 │ accumulate for the rest.                                                    │
2026-09-30T05:46:03.545+00:00 └─────────────────────────────────────────────────────────────────────────────┘
2026-09-30T05:46:03.546+00:00 Layer streaming is BETA: slower than resident training, but this model may not 
2026-09-30T05:46:03.546+00:00 run resident on this card at all.
2026-09-30T05:46:03.547+00:00 expandable_segments allocator hint not enabled: Windows ignores it — torch 
2026-09-30T05:46:03.547+00:00 warns and carries on
2026-09-30T05:46:03.969+00:00 [transformers] `torch_dtype` is deprecated! Use `dtype` instead!
2026-09-30T05:46:11.623+00:00 Layer streaming ready: 28 layers, 2.62 GB pinned RAM store, 2 x 94 MB decoder 
2026-09-30T05:46:11.623+00:00 buffers + 1 x 0 MB large-layer slot
2026-09-30T05:46:11.632+00:00 LoRA applied: 2,179,072 trainable / 1,543,714,304 total (0.14%)
2026-09-30T05:46:12.029+00:00 Adding EOS to train dataset:   0%|          | 0/16 [00:00<?, ? examples/s]
2026-09-30T05:46:12.029+00:00 Adding EOS to train dataset: 100%|██████████| 16/16 [00:00<00:00, 888.54 examples/s]
2026-09-30T05:46:15.431+00:00 Tokenizing train dataset:   0%|          | 0/16 [00:00<?, ? examples/s]
2026-09-30T05:46:15.456+00:00 Tokenizing train dataset: 100%|██████████| 16/16 [00:00<00:00, 149.90 examples/s]
2026-09-30T05:46:15.457+00:00 Tokenizing train dataset: 100%|██████████| 16/16 [00:00<00:00, 121.22 examples/s]
2026-09-30T05:46:15.479+00:00 [transformers] The model is already on multiple devices. Skipping the move to device specified in `args`.
2026-09-30T05:46:15.524+00:00 Map:   0%|          | 0/16 [00:00<?, ? examples/s]
2026-09-30T05:46:15.524+00:00 Map: 100%|██████████| 16/16 [00:00<00:00, 880.37 examples/s]
2026-09-30T05:46:15.637+00:00 Training started!
2026-09-30T05:46:15.703+00:00 [transformers] The tokenizer has new PAD/BOS/EOS tokens that differ from the model config and generation config. The model config and generation config were aligned accordingly, being updated with the tokenizer's values. Updated tokens: {'bos_token_id': None, 'pad_token_id': 151643}.
2026-09-30T05:46:21.984+00:00   0%|          | 0/4 [00:00<?, ?it/s]Crash bundle written: 
2026-09-30T05:46:21.984+00:00 D:\Abdulwaarith\Desktop\soup-take-home\.soup-crashes\crash_20260930T054621Z_8df
2026-09-30T05:46:21.984+00:00 64d3d.crash
2026-09-30T05:46:21.984+00:00 Attach this file when reporting the failure.
2026-09-30T05:46:27.843+00:00 ┌───────────────────── Traceback (most recent call last) ─────────────────────┐
2026-09-30T05:46:27.843+00:00 │ D:\Abdulwaarith\Desktop\soup-take-home\.venv\Lib\site-packages\soup_cli\com │
2026-09-30T05:46:27.843+00:00 │ mands\train.py:1555 in train                                                │
2026-09-30T05:46:27.843+00:00 │                                                                             │
2026-09-30T05:46:27.843+00:00 │   1552 │                                                                    │
2026-09-30T05:46:27.843+00:00 │   1553 │   try:                                                             │
2026-09-30T05:46:27.843+00:00 │   1554 │   │   with profiler_ctx, energy_ctx:                               │
2026-09-30T05:46:27.843+00:00 │ > 1555 │   │   │   result = trainer_wrapper.train(                          │
2026-09-30T05:46:27.843+00:00 │   1556 │   │   │   │   display=display, tracker=tracker, run_id=run_id,     │
2026-09-30T05:46:27.843+00:00 │   1557 │   │   │   │   resume_from_checkpoint=resume_from,                  │
2026-09-30T05:46:27.844+00:00 │   1558 │   │   │   )                                                        │
2026-09-30T05:46:27.844+00:00 │                                                                             │
2026-09-30T05:46:27.844+00:00 │ ┌──────────────────────────────── locals ─────────────────────────────────┐ │
2026-09-30T05:46:27.844+00:00 │ │            _unwired_gates = []                                          │ │
2026-09-30T05:46:27.844+00:00 │ │       aligned_fsdp_params = 0                                           │ │
2026-09-30T05:46:27.844+00:00 │ │         allow_oom_attempt = False                                       │ │
2026-09-30T05:46:27.844+00:00 │ │                  annex_xi = None                                        │ │
2026-09-30T05:46:27.844+00:00 │ │             backend_label = 'transformers'                              │ │
2026-09-30T05:46:27.845+00:00 │ │                    bundle = {                                           │ │
2026-09-30T05:46:27.845+00:00 │ │                             │   'format_version': 1,                    │ │
2026-09-30T05:46:27.845+00:00 │ │                             │   'created_at':                           │ │
2026-09-30T05:46:27.845+00:00 │ │                             '2026-09-30T05:46:21.886841+00:00',         │ │
2026-09-30T05:46:27.845+00:00 │ │                             │   'run_id':                               │ │
2026-09-30T05:46:27.845+00:00 │ │                             'run_20260930_084542_322d9a5d',             │ │
2026-09-30T05:46:27.845+00:00 │ │                             │   'output_dir': 'smoke',                  │ │
2026-09-30T05:46:27.845+00:00 │ │                             │   'error': {                              │ │
2026-09-30T05:46:27.845+00:00 │ │                             │   │   'type': 'OutOfMemoryError',         │ │
2026-09-30T05:46:27.846+00:00 │ │                             │   │   'message': 'CUDA out of memory.     │ │
2026-09-30T05:46:27.846+00:00 │ │                             Tried to allocate 298.00 MiB. GPU 0 has a   │ │
2026-09-30T05:46:27.846+00:00 │ │                             total capacity of '+426,                    │ │
2026-09-30T05:46:27.846+00:00 │ │                             │   │   'kind': 'oom',                      │ │
2026-09-30T05:46:27.846+00:00 │ │                             │   │   'traceback': [                      │ │
2026-09-30T05:46:27.846+00:00 │ │                             │   │   │   'Traceback (most recent call    │ │
2026-09-30T05:46:27.846+00:00 │ │                             last):\n',                                  │ │
2026-09-30T05:46:27.846+00:00 │ │                             │   │   │   '  File                         │ │
2026-09-30T05:46:27.846+00:00 │ │                             "D:\\Abdulwaarith\\Desktop\\soup-take-home… │ │
2026-09-30T05:46:27.847+00:00 │ │                             │   │   │   '  File                         │ │
2026-09-30T05:46:27.847+00:00 │ │                             "D:\\Abdulwaarith\\Desktop\\soup-take-home… │ │
2026-09-30T05:46:27.847+00:00 │ │                             │   │   │   '  File                         │ │
2026-09-30T05:46:27.847+00:00 │ │                             "D:\\Abdulwaarith\\Desktop\\soup-take-home… │ │
2026-09-30T05:46:27.847+00:00 │ │                             │   │   │   '  File                         │ │
2026-09-30T05:46:27.847+00:00 │ │                             "D:\\Abdulwaarith\\Desktop\\soup-take-home… │ │
2026-09-30T05:46:27.847+00:00 │ │                             │   │   │   '  File                         │ │
2026-09-30T05:46:27.847+00:00 │ │                             "D:\\Abdulwaarith\\Desktop\\soup-take-home… │ │
2026-09-30T05:46:27.847+00:00 │ │                             │   │   │   '  File                         │ │
2026-09-30T05:46:27.847+00:00 │ │                             "D:\\Abdulwaarith\\Desktop\\soup-take-home… │ │
2026-09-30T05:46:27.848+00:00 │ │                             │   │   │   '  File                         │ │
2026-09-30T05:46:27.848+00:00 │ │                             "D:\\Abdulwaarith\\Desktop\\soup-take-home… │ │
2026-09-30T05:46:27.848+00:00 │ │                             │   │   │   '  File                         │ │
2026-09-30T05:46:27.848+00:00 │ │                             "D:\\Abdulwaarith\\Desktop\\soup-take-home… │ │
2026-09-30T05:46:27.848+00:00 │ │                             │   │   │   '  File                         │ │
2026-09-30T05:46:27.848+00:00 │ │                             "D:\\Abdulwaarith\\Desktop\\soup-take-home… │ │
2026-09-30T05:46:27.848+00:00 │ │                             │   │   │   ... +2                          │ │
2026-09-30T05:46:27.848+00:00 │ │                             │   │   ]                                   │ │
2026-09-30T05:46:27.848+00:00 │ │                             │   },                                      │ │
2026-09-30T05:46:27.849+00:00 │ │                             │   'gpu_state': {                          │ │
2026-09-30T05:46:27.849+00:00 │ │                             │   │   'available': True,                  │ │
2026-09-30T05:46:27.849+00:00 │ │                             │   │   'device_count': 1,                  │ │
2026-09-30T05:46:27.849+00:00 │ │                             │   │   'devices': [                        │ │
2026-09-30T05:46:27.849+00:00 │ │                             │   │   │   {                               │ │
2026-09-30T05:46:27.849+00:00 │ │                             │   │   │   │   'index': 0,                 │ │
2026-09-30T05:46:27.849+00:00 │ │                             │   │   │   │   'name': 'NVIDIA GeForce RTX │ │
2026-09-30T05:46:27.850+00:00 │ │                             3060 Laptop GPU',                           │ │
2026-09-30T05:46:27.850+00:00 │ │                             │   │   │   │   'compute_capability':       │ │
2026-09-30T05:46:27.850+00:00 │ │                             '8.6',                                      │ │
2026-09-30T05:46:27.850+00:00 │ │                             │   │   │   │   'total_memory_bytes':       │ │
2026-09-30T05:46:27.850+00:00 │ │                             6441926656,                                 │ │
2026-09-30T05:46:27.850+00:00 │ │                             │   │   │   │   'free_memory_bytes':        │ │
2026-09-30T05:46:27.850+00:00 │ │                             1950351360,                                 │ │
2026-09-30T05:46:27.851+00:00 │ │                             │   │   │   │   'queryable_total_bytes':    │ │
2026-09-30T05:46:27.851+00:00 │ │                             6441926656,                                 │ │
2026-09-30T05:46:27.851+00:00 │ │                             │   │   │   │   'allocated_bytes':          │ │
2026-09-30T05:46:27.851+00:00 │ │                             3284388864,                                 │ │
2026-09-30T05:46:27.851+00:00 │ │                             │   │   │   │   'reserved_bytes':           │ │
2026-09-30T05:46:27.851+00:00 │ │                             3361734656                                  │ │
2026-09-30T05:46:27.851+00:00 │ │                             │   │   │   }                               │ │
2026-09-30T05:46:27.851+00:00 │ │                             │   │   ]                                   │ │
2026-09-30T05:46:27.851+00:00 │ │                             │   },                                      │ │
2026-09-30T05:46:27.852+00:00 │ │                             │   'environment': {                        │ │
2026-09-30T05:46:27.852+00:00 │ │                             │   │   'python': '3.12.13 (main, Jul 18    │ │
2026-09-30T05:46:27.852+00:00 │ │                             2026, 17:08:38) [MSC v.1944 64 bit          │ │
2026-09-30T05:46:27.852+00:00 │ │                             (AMD64)]',                                  │ │
2026-09-30T05:46:27.852+00:00 │ │                             │   │   'platform':                         │ │
2026-09-30T05:46:27.852+00:00 │ │                             'Windows-11-10.0.26200-SP0',                │ │
2026-09-30T05:46:27.852+00:00 │ │                             │   │   'machine': 'AMD64',                 │ │
2026-09-30T05:46:27.853+00:00 │ │                             │   │   'executable':                       │ │
2026-09-30T05:46:27.853+00:00 │ │                             'D:\\Abdulwaarith\\Desktop\\soup-take-home… │ │
2026-09-30T05:46:27.853+00:00 │ │                             │   │   'env': {},                          │ │
2026-09-30T05:46:27.853+00:00 │ │                             │   │   'libs': {                           │ │
2026-09-30T05:46:27.853+00:00 │ │                             │   │   │   'torch': '2.11.0+cu128',        │ │
2026-09-30T05:46:27.853+00:00 │ │                             │   │   │   'transformers': '5.17.0',       │ │
2026-09-30T05:46:27.853+00:00 │ │                             │   │   │   'peft': '0.21.1',               │ │
2026-09-30T05:46:27.853+00:00 │ │                             │   │   │   'trl': '0.29.1',                │ │
2026-09-30T05:46:27.854+00:00 │ │                             │   │   │   'accelerate': '1.15.0',         │ │
2026-09-30T05:46:27.854+00:00 │ │                             │   │   │   'datasets': '5.0.1'             │ │
2026-09-30T05:46:27.854+00:00 │ │                             │   │   }                                   │ │
2026-09-30T05:46:27.854+00:00 │ │                             │   },                                      │ │
2026-09-30T05:46:27.854+00:00 │ │                             │   'config': {                             │ │
2026-09-30T05:46:27.854+00:00 │ │                             │   │   'base':                             │ │
2026-09-30T05:46:27.854+00:00 │ │                             'Qwen/Qwen2.5-1.5B-Instruct',               │ │
2026-09-30T05:46:27.854+00:00 │ │                             │   │   'task': 'dpo',                      │ │
2026-09-30T05:46:27.855+00:00 │ │                             │   │   'modality': 'text',                 │ │
2026-09-30T05:46:27.855+00:00 │ │                             │   │   'backend': 'transformers',          │ │
2026-09-30T05:46:27.855+00:00 │ │                             │   │   'data': {                           │ │
2026-09-30T05:46:27.855+00:00 │ │                             │   │   │   'train': './data/smoke.jsonl',  │ │
2026-09-30T05:46:27.855+00:00 │ │                             │   │   │   'format': 'dpo',                │ │
2026-09-30T05:46:27.855+00:00 │ │                             │   │   │   'val_split': 0.0,               │ │
2026-09-30T05:46:27.855+00:00 │ │                             │   │   │   'max_length': 512,              │ │
2026-09-30T05:46:27.855+00:00 │ │                             │   │   │   'image_dir': None,              │ │
2026-09-30T05:46:27.855+00:00 │ │                             │   │   │   'audio_dir': None,              │ │
2026-09-30T05:46:27.855+00:00 │ │                             │   │   │   'train_on_responses_only':      │ │
2026-09-30T05:46:27.855+00:00 │ │                             True,                                       │ │
2026-09-30T05:46:27.856+00:00 │ │                             │   │   │                                   │ │
2026-09-30T05:46:27.856+00:00 │ │                             'train_on_messages_with_train_field':       │ │
2026-09-30T05:46:27.856+00:00 │ │                             False,                                      │ │
2026-09-30T05:46:27.856+00:00 │ │                             │   │   │   'chat_template': None,          │ │
2026-09-30T05:46:27.856+00:00 │ │                             │   │   │   'raft_shuffle_seed': None,      │ │
2026-09-30T05:46:27.856+00:00 │ │                             │   │   │   ... +28                         │ │
2026-09-30T05:46:27.856+00:00 │ │                             │   │   },                                  │ │
2026-09-30T05:46:27.857+00:00 │ │                             │   │   'training': {                       │ │
2026-09-30T05:46:27.857+00:00 │ │                             │   │   │   'epochs': 1,                    │ │
2026-09-30T05:46:27.857+00:00 │ │                             │   │   │   'lr': 5e-05,                    │ │
2026-09-30T05:46:27.857+00:00 │ │                             │   │   │   'batch_size': 1,                │ │
2026-09-30T05:46:27.857+00:00 │ │                             │   │   │   'auto_batch_size_strategy':     │ │
2026-09-30T05:46:27.857+00:00 │ │                             'auto',                                     │ │
2026-09-30T05:46:27.857+00:00 │ │                             │   │   │   'gradient_accumulation_steps':  │ │
2026-09-30T05:46:27.857+00:00 │ │                             4,                                          │ │
2026-09-30T05:46:27.857+00:00 │ │                             │   │   │   'seed': 42,                     │ │
2026-09-30T05:46:27.857+00:00 │ │                             │   │   │   'data_seed': None,              │ │
2026-09-30T05:46:27.857+00:00 │ │                             │   │   │   'warmup_ratio': 0.1,            │ │
2026-09-30T05:46:27.857+00:00 │ │                             │   │   │   'weight_decay': 0.0,            │ │
2026-09-30T05:46:27.859+00:00 │ │                             │   │   │   'max_grad_norm': 1.0,           │ │
2026-09-30T05:46:27.859+00:00 │ │                             │   │   │   ... +227                        │ │
2026-09-30T05:46:27.859+00:00 │ │                             │   │   },                                  │ │
2026-09-30T05:46:27.859+00:00 │ │                             │   │   'output': './runs/smoke',           │ │
2026-09-30T05:46:27.859+00:00 │ │                             │   │   'experiment_name': None,            │ │
2026-09-30T05:46:27.859+00:00 │ │                             │   │   'eval': None,                       │ │
2026-09-30T05:46:27.859+00:00 │ │                             │   │   'advise': None                      │ │
2026-09-30T05:46:27.859+00:00 │ │                             │   }                                       │ │
2026-09-30T05:46:27.859+00:00 │ │                             }                                           │ │
2026-09-30T05:46:27.859+00:00 │ │       capture_activations = None                                        │ │
2026-09-30T05:46:27.859+00:00 │ │           capture_prompts = None                                        │ │
2026-09-30T05:46:27.860+00:00 │ │                       cfg = SoupConfig(                                 │ │
2026-09-30T05:46:27.860+00:00 │ │                             │   base='Qwen/Qwen2.5-1.5B-Instruct',      │ │
2026-09-30T05:46:27.860+00:00 │ │                             │   task='dpo',                             │ │
2026-09-30T05:46:27.860+00:00 │ │                             │   modality='text',                        │ │
2026-09-30T05:46:27.860+00:00 │ │                             │   backend='transformers',                 │ │
2026-09-30T05:46:27.860+00:00 │ │                             │   data=DataConfig(                        │ │
2026-09-30T05:46:27.860+00:00 │ │                             │   │   train='./data/smoke.jsonl',         │ │
2026-09-30T05:46:27.861+00:00 │ │                             │   │   format='dpo',                       │ │
2026-09-30T05:46:27.861+00:00 │ │                             │   │   val_split=0.0,                      │ │
2026-09-30T05:46:27.861+00:00 │ │                             │   │   max_length=512,                     │ │
2026-09-30T05:46:27.861+00:00 │ │                             │   │   image_dir=None,                     │ │
2026-09-30T05:46:27.861+00:00 │ │                             │   │   audio_dir=None,                     │ │
2026-09-30T05:46:27.861+00:00 │ │                             │   │   train_on_responses_only=True,       │ │
2026-09-30T05:46:27.861+00:00 │ │                             │   │                                       │ │
2026-09-30T05:46:27.861+00:00 │ │                             train_on_messages_with_train_field=False,   │ │
2026-09-30T05:46:27.862+00:00 │ │                             │   │   chat_template=None,                 │ │
2026-09-30T05:46:27.862+00:00 │ │                             │   │   raft_shuffle_seed=None,             │ │
2026-09-30T05:46:27.862+00:00 │ │                             │   │   raft_epoch_shuffle=False,           │ │
2026-09-30T05:46:27.862+00:00 │ │                             │   │   replay=None,                        │ │
2026-09-30T05:46:27.862+00:00 │ │                             │   │   replay_ratio=0.1,                   │ │
2026-09-30T05:46:27.862+00:00 │ │                             │   │   replay_seed=None,                   │ │
2026-09-30T05:46:27.862+00:00 │ │                             │   │   video_dir=None,                     │ │
2026-09-30T05:46:27.862+00:00 │ │                             │   │   tokenized_path=None,                │ │
2026-09-30T05:46:27.863+00:00 │ │                             │   │   streaming=False,                    │ │
2026-09-30T05:46:27.863+00:00 │ │                             │   │   buffer_size=None,                   │ │
2026-09-30T05:46:27.863+00:00 │ │                             │   │   shards=None,                        │ │
2026-09-30T05:46:27.863+00:00 │ │                             │   │   interleave=None,                    │ │
2026-09-30T05:46:27.863+00:00 │ │                             │   │   mask_history=False,                 │ │
2026-09-30T05:46:27.863+00:00 │ │                             │   │   train_on_prompt=False,              │ │
2026-09-30T05:46:27.863+00:00 │ │                             │   │   eval_on_each_dataset=False,         │ │
2026-09-30T05:46:27.863+00:00 │ │                             │   │   split_thinking=False,               │ │
2026-09-30T05:46:27.863+00:00 │ │                             │   │   image_min_pixels=None,              │ │
2026-09-30T05:46:27.863+00:00 │ │                             │   │   image_max_pixels=None,              │ │
2026-09-30T05:46:27.863+00:00 │ │                             │   │   image_resize_algorithm=None,        │ │
2026-09-30T05:46:27.863+00:00 │ │                             │   │   video_fps=None,                     │ │
2026-09-30T05:46:27.865+00:00 │ │                             │   │   video_maxlen=None,                  │ │
2026-09-30T05:46:27.865+00:00 │ │                             │   │   add_new_tokens=None,                │ │
2026-09-30T05:46:27.866+00:00 │ │                             │   │   new_special_tokens=None,            │ │
2026-09-30T05:46:27.866+00:00 │ │                             │   │   resize_vocab=False,                 │ │
2026-09-30T05:46:27.866+00:00 │ │                             │   │   extend_conversation=False,          │ │
2026-09-30T05:46:27.866+00:00 │ │                             │   │   skip_prepare_dataset=False,         │ │
2026-09-30T05:46:27.866+00:00 │ │                             │   │   remove_unused_columns=True,         │ │
2026-09-30T05:46:27.867+00:00 │ │                             │   │   prompt_strategy=None,               │ │
2026-09-30T05:46:27.867+00:00 │ │                             │   │   forget_set=None,                    │ │
2026-09-30T05:46:27.867+00:00 │ │                             │   │   retain_set=None                     │ │
2026-09-30T05:46:27.867+00:00 │ │                             │   ),                                      │ │
2026-09-30T05:46:27.867+00:00 │ │                             │   training=TrainingConfig(                │ │
2026-09-30T05:46:27.867+00:00 │ │                             │   │   epochs=1,                           │ │
2026-09-30T05:46:27.868+00:00 │ │                             │   │   lr=5e-05,                           │ │
2026-09-30T05:46:27.868+00:00 │ │                             │   │   batch_size=1,                       │ │
2026-09-30T05:46:27.868+00:00 │ │                             │   │   auto_batch_size_strategy='auto',    │ │
2026-09-30T05:46:27.868+00:00 │ │                             │   │   gradient_accumulation_steps=4,      │ │
2026-09-30T05:46:27.868+00:00 │ │                             │   │   seed=42,                            │ │
2026-09-30T05:46:27.869+00:00 │ │                             │   │   data_seed=None,                     │ │
2026-09-30T05:46:27.869+00:00 │ │                             │   │   warmup_ratio=0.1,                   │ │
2026-09-30T05:46:27.869+00:00 │ │                             │   │   weight_decay=0.0,                   │ │
2026-09-30T05:46:27.869+00:00 │ │                             │   │   max_grad_norm=1.0,                  │ │
2026-09-30T05:46:27.870+00:00 │ │                             │   │   lora=LoraConfig(                    │ │
2026-09-30T05:46:27.870+00:00 │ │                             │   │   │   r=16,                           │ │
2026-09-30T05:46:27.870+00:00 │ │                             │   │   │   alpha=32,                       │ │
2026-09-30T05:46:27.870+00:00 │ │                             │   │   │   dropout=0.0,                    │ │
2026-09-30T05:46:27.870+00:00 │ │                             │   │   │   target_modules='auto',          │ │
2026-09-30T05:46:27.870+00:00 │ │                             │   │   │   target_parameters=None,         │ │
2026-09-30T05:46:27.870+00:00 │ │                             │   │   │   use_dora=False,                 │ │
2026-09-30T05:46:27.871+00:00 │ │                             │   │   │   use_rslora=False,               │ │
2026-09-30T05:46:27.871+00:00 │ │                             │   │   │   use_vera=False,                 │ │
2026-09-30T05:46:27.871+00:00 │ │                             │   │   │   use_olora=False,                │ │
2026-09-30T05:46:27.871+00:00 │ │                             │   │   │   rank_pattern=None,              │ │
2026-09-30T05:46:27.871+00:00 │ │                             │   │   │   alpha_pattern=None,             │ │
2026-09-30T05:46:27.871+00:00 │ │                             │   │   │   init_strategy='random',         │ │
2026-09-30T05:46:27.871+00:00 │ │                             │   │   │   loftq_iter=1,                   │ │
2026-09-30T05:46:27.872+00:00 │ │                             │   │   │   loftq_bits=4                    │ │
2026-09-30T05:46:27.872+00:00 │ │                             │   │   ),                                  │ │
2026-09-30T05:46:27.872+00:00 │ │                             │   │   quantization='none',                │ │
2026-09-30T05:46:27.872+00:00 │ │                             │   │   gptq_disable_exllama=True,          │ │
2026-09-30T05:46:27.872+00:00 │ │                             │   │   bnb_4bit_quant_storage=None,        │ │
2026-09-30T05:46:27.872+00:00 │ │                             │   │   quantization_aware=False,           │ │
2026-09-30T05:46:27.872+00:00 │ │                             │   │   fp8_recipe='tensorwise',            │ │
2026-09-30T05:46:27.872+00:00 │ │                             │   │   optimizer='adamw_torch',            │ │
2026-09-30T05:46:27.872+00:00 │ │                             │   │   lr_groups=None,                     │ │
2026-09-30T05:46:27.873+00:00 │ │                             │   │   expand_layers=None,                 │ │
2026-09-30T05:46:27.873+00:00 │ │                             │   │   freeze_trainable_layers=None,       │ │
2026-09-30T05:46:27.873+00:00 │ │                             │   │   use_mod=False,                      │ │
2026-09-30T05:46:27.873+00:00 │ │                             │   │   mod_capacity_factor=0.125,          │ │
2026-09-30T05:46:27.873+00:00 │ │                             │   │   load_in_8bit=None,                  │ │
2026-09-30T05:46:27.873+00:00 │ │                             │   │   load_in_16bit=None,                 │ │
2026-09-30T05:46:27.873+00:00 │ │                             │   │   scheduler='cosine',                 │ │
2026-09-30T05:46:27.873+00:00 │ │                             │   │   save_steps=1000,                    │ │
2026-09-30T05:46:27.874+00:00 │ │                             │   │   logging_steps=1,                    │ │
2026-09-30T05:46:27.874+00:00 │ │                             │   │   dpo_beta=0.1,                       │ │
2026-09-30T05:46:27.874+00:00 │ │                             │   │   kto_beta=0.1,                       │ │
2026-09-30T05:46:27.874+00:00 │ │                             │   │   orpo_beta=0.1,                      │ │
2026-09-30T05:46:27.874+00:00 │ │                             │   │   simpo_gamma=0.5,                    │ │
2026-09-30T05:46:27.874+00:00 │ │                             │   │   cpo_alpha=1.0,                      │ │
2026-09-30T05:46:27.874+00:00 │ │                             │   │   ipo_tau=0.1,                        │ │
2026-09-30T05:46:27.874+00:00 │ │                             │   │   bco_beta=0.1,                       │ │
2026-09-30T05:46:27.874+00:00 │ │                             │   │   preference_loss=None,               │ │
2026-09-30T05:46:27.874+00:00 │ │                             │   │   dpo_beta_schedule=None,             │ │
2026-09-30T05:46:27.874+00:00 │ │                             │   │   dpo_beta_end=None,                  │ │
2026-09-30T05:46:27.875+00:00 │ │                             │   │   dpo_ref_regen_epochs=None,          │ │
2026-09-30T05:46:27.875+00:00 │ │                             │   │   preference_loss_weights=None,       │ │
2026-09-30T05:46:27.875+00:00 │ │                             │   │   grpo_beta=0.1,                      │ │
2026-09-30T05:46:27.875+00:00 │ │                             │   │   num_generations=4,                  │ │
2026-09-30T05:46:27.875+00:00 │ │                             │   │   reward_fn='accuracy',               │ │
2026-09-30T05:46:27.875+00:00 │ │                             │   │   verifiable_domain=None,             │ │
2026-09-30T05:46:27.875+00:00 │ │                             │   │   prm_reward=None,                    │ │
2026-09-30T05:46:27.875+00:00 │ │                             │   │   prm_aggregate='min',                │ │
2026-09-30T05:46:27.875+00:00 │ │                             │   │   online_dpo_judge=None,              │ │
2026-09-30T05:46:27.875+00:00 │ │                             │   │   online_dpo_loss_type='sigmoid',     │ │
2026-09-30T05:46:27.875+00:00 │ │                             │   │   online_dpo_max_new_tokens=64,       │ │
2026-09-30T05:46:27.875+00:00 │ │                             │   │   asr_language=None,                  │ │
2026-09-30T05:46:27.875+00:00 │ │                             │   │   asr_task='transcribe',              │ │
2026-09-30T05:46:27.877+00:00 │ │                             │   │   asr_lora=False,                     │ │
2026-09-30T05:46:27.877+00:00 │ │                             │   │   grpo_variant=None,                  │ │
2026-09-30T05:46:27.877+00:00 │ │                             │   │   grpo_delta=None,                    │ │
2026-09-30T05:46:27.877+00:00 │ │                             │   │   grpo_fp16=False,                    │ │
2026-09-30T05:46:27.877+00:00 │ │                             │   │   long_context_grpo=False,            │ │
2026-09-30T05:46:27.877+00:00 │ │                             │   │   vllm_sleep_mode=False,              │ │
2026-09-30T05:46:27.877+00:00 │ │                             │   │   rollout_backend=None,               │ │
2026-09-30T05:46:27.877+00:00 │ │                             │   │   rollout_func=None,                  │ │
2026-09-30T05:46:27.878+00:00 │ │                             │   │   ref_model_ema_alpha=None,           │ │
2026-09-30T05:46:27.878+00:00 │ │                             │   │   replay_buffer_size=None,            │ │
2026-09-30T05:46:27.878+00:00 │ │                             │   │   async_grpo_prefetch=False,          │ │
2026-09-30T05:46:27.878+00:00 │ │                             │   │   tis_threshold=None,                 │ │
2026-09-30T05:46:27.878+00:00 │ │                             │   │   mask_truncated_completions=False,   │ │
2026-09-30T05:46:27.878+00:00 │ │                             │   │   defer_rerolling=False,              │ │
2026-09-30T05:46:27.878+00:00 │ │                             │   │   skip_zero_advantage=False,          │ │
2026-09-30T05:46:27.878+00:00 │ │                             │   │   off_policy_mask_threshold=None,     │ │
2026-09-30T05:46:27.879+00:00 │ │                             │   │   vision_grpo=False,                  │ │
2026-09-30T05:46:27.879+00:00 │ │                             │   │   hub='hf',                           │ │
2026-09-30T05:46:27.879+00:00 │ │                             │   │   tts_family=None,                    │ │
2026-09-30T05:46:27.879+00:00 │ │                             │   │   tts_emotion=None,                   │ │
2026-09-30T05:46:27.879+00:00 │ │                             │   │   num_labels=None,                    │ │
2026-09-30T05:46:27.879+00:00 │ │                             │   │   classifier_kind=None,               │ │
2026-09-30T05:46:27.879+00:00 │ │                             │   │   label_names=None,                   │ │
2026-09-30T05:46:27.879+00:00 │ │                             │   │   mole_task_adapters=None,            │ │
2026-09-30T05:46:27.880+00:00 │ │                             │   │   mole_top_k=None,                    │ │
2026-09-30T05:46:27.880+00:00 │ │                             │   │   mole_temperature=None,              │ │
2026-09-30T05:46:27.880+00:00 │ │                             │   │   teacher_model=None,                 │ │
2026-09-30T05:46:27.880+00:00 │ │                             │   │   distill_divergence=None,            │ │
2026-09-30T05:46:27.880+00:00 │ │                             │   │   distill_temperature=None,           │ │
2026-09-30T05:46:27.880+00:00 │ │                             │   │   distill_mode='token',               │ │
2026-09-30T05:46:27.880+00:00 │ │                             │   │   classifier_lora=False,              │ │
2026-09-30T05:46:27.881+00:00 │ │                             │   │   ebft_variant=None,                  │ │
2026-09-30T05:46:27.881+00:00 │ │                             │   │   ebft_temperature=None,              │ │
2026-09-30T05:46:27.881+00:00 │ │                             │   │   gdpo_variant=None,                  │ │
2026-09-30T05:46:27.881+00:00 │ │                             │   │   moe_expert_quant=None,              │ │
2026-09-30T05:46:27.882+00:00 │ │                             │   │   train_router_only=False,            │ │
2026-09-30T05:46:27.882+00:00 │ │                             │   │   reasoning_effort=None,              │ │
2026-09-30T05:46:27.882+00:00 │ │                             │   │   train_on_eot=False,                 │ │
2026-09-30T05:46:27.882+00:00 │ │                             │   │   kv_cache_type=None,                 │ │
2026-09-30T05:46:27.882+00:00 │ │                             │   │   fp8_attention=False,                │ │
2026-09-30T05:46:27.882+00:00 │ │                             │   │   nvfp4=False,                        │ │
2026-09-30T05:46:27.882+00:00 │ │                             │   │   unsloth_bnb_4bit=False,             │ │
2026-09-30T05:46:27.883+00:00 │ │                             │   │   bnb_4bit_use_double_quant=None,     │ │
2026-09-30T05:46:27.883+00:00 │ │                             │   │   llm_int8=False,                     │ │
2026-09-30T05:46:27.883+00:00 │ │                             │   │   quantize_ref_model=False,           │ │
2026-09-30T05:46:27.883+00:00 │ │                             │   │   quantize_reward_model=False,        │ │
2026-09-30T05:46:27.883+00:00 │ │                             │   │   echo_trap_enabled=False,            │ │
2026-09-30T05:46:27.884+00:00 │ │                             │   │   echo_trap_threshold=0.6,            │ │
2026-09-30T05:46:27.884+00:00 │ │                             │   │   echo_trap_halt=False,               │ │
2026-09-30T05:46:27.884+00:00 │ │                             │   │   echo_trap_tokenizer_aware=False,    │ │
2026-09-30T05:46:27.884+00:00 │ │                             │   │                                       │ │
2026-09-30T05:46:27.884+00:00 │ │                             rl_checkpoint_save_every_steps=None,        │ │
2026-09-30T05:46:27.885+00:00 │ │                             │   │   rl_checkpoint_keep_last=3,          │ │
2026-09-30T05:46:27.885+00:00 │ │                             │   │                                       │ │
2026-09-30T05:46:27.885+00:00 │ │                             rl_checkpoint_include_optimizer=True,       │ │
2026-09-30T05:46:27.885+00:00 │ │                             │   │                                       │ │
2026-09-30T05:46:27.885+00:00 │ │                             rl_checkpoint_include_ref_model=False,      │ │
2026-09-30T05:46:27.886+00:00 │ │                             │   │                                       │ │
2026-09-30T05:46:27.886+00:00 │ │                             rl_checkpoint_include_rollout_buffer=False, │ │
2026-09-30T05:46:27.887+00:00 │ │                             │   │   minillm_enabled=False,              │ │
2026-09-30T05:46:27.887+00:00 │ │                             │   │   minillm_teacher_mix_ratio=0.0,      │ │
2026-09-30T05:46:27.887+00:00 │ │                             │   │   minillm_length_normalize=True,      │ │
2026-09-30T05:46:27.887+00:00 │ │                             │   │   minillm_pretrain_anchor_weight=0.0, │ │
2026-09-30T05:46:27.887+00:00 │ │                             │   │   minillm_pretrain_anchor_path=None,  │ │
2026-09-30T05:46:27.888+00:00 │ │                             │   │   minillm_on_policy=False,            │ │
2026-09-30T05:46:27.888+00:00 │ │                             │   │   minillm_rollout_length=None,        │ │
2026-09-30T05:46:27.888+00:00 │ │                             │   │   uld_strategy=None,                  │ │
2026-09-30T05:46:27.888+00:00 │ │                             │   │   uld_top_k=None,                     │ │
2026-09-30T05:46:27.889+00:00 │ │                             │   │   reward_hack_detector=None,          │ │
2026-09-30T05:46:27.889+00:00 │ │                             │   │   reward_hack_halt=False,             │ │
2026-09-30T05:46:27.889+00:00 │ │                             │   │   reward_hack_mitigation='off',       │ │
2026-09-30T05:46:27.889+00:00 │ │                             │   │   reward_hack_beta_floor=0.02,        │ │
2026-09-30T05:46:27.890+00:00 │ │                             │   │   reward_hack_beta_ceil=1.0,          │ │
2026-09-30T05:46:27.890+00:00 │ │                             │   │   reward_hack_trip_band=0.3,          │ │
2026-09-30T05:46:27.890+00:00 │ │                             │   │   reward_hack_release_band=0.1,       │ │
2026-09-30T05:46:27.890+00:00 │ │                             │   │   reward_hack_dwell_steps=2,          │ │
2026-09-30T05:46:27.891+00:00 │ │                             │   │   reward_hack_release_patience=3,     │ │
2026-09-30T05:46:27.891+00:00 │ │                             │   │   reward_hack_kl_gain=1.5,            │ │
2026-09-30T05:46:27.891+00:00 │ │                             │   │   reward_hack_signals=['info_rm'],    │ │
2026-09-30T05:46:27.891+00:00 │ │                             │   │   reward_hack_pid_kp=0.5,             │ │
2026-09-30T05:46:27.891+00:00 │ │                             │   │   reward_hack_pid_ki=0.1,             │ │
2026-09-30T05:46:27.891+00:00 │ │                             │   │   reward_hack_pid_kd=0.05,            │ │
2026-09-30T05:46:27.892+00:00 │ │                             │   │   reward_hack_signal_target=0.15,     │ │
2026-09-30T05:46:27.892+00:00 │ │                             │   │   reward_hack_integral_clamp=1.0,     │ │
2026-09-30T05:46:27.893+00:00 │ │                             │   │   reward_hack_rollback=False,         │ │
2026-09-30T05:46:27.893+00:00 │ │                             │   │   reward_hack_rollback_patience=3,    │ │
2026-09-30T05:46:27.893+00:00 │ │                             │   │                                       │ │
2026-09-30T05:46:27.893+00:00 │ │                             reward_hack_max_recovery_attempts=2,        │ │
2026-09-30T05:46:27.893+00:00 │ │                             │   │                                       │ │
2026-09-30T05:46:27.893+00:00 │ │                             reward_hack_signal_smoothing='none',        │ │
2026-09-30T05:46:27.893+00:00 │ │                             │   │   reward_hack_smoothing_window=8,     │ │
2026-09-30T05:46:27.893+00:00 │ │                             │   │                                       │ │
2026-09-30T05:46:27.893+00:00 │ │                             reward_hack_conservative_on_disagreement=F… │ │
2026-09-30T05:46:27.893+00:00 │ │                             │   │   reward_hack_reward_shaping=False,   │ │
2026-09-30T05:46:27.893+00:00 │ │                             │   │   reward_hack_shaping_kind='length',  │ │
2026-09-30T05:46:27.893+00:00 │ │                             │   │   reward_hack_shaping_strength=0.0,   │ │
2026-09-30T05:46:27.894+00:00 │ │                             │   │   ppo_epochs=4,                       │ │
2026-09-30T05:46:27.894+00:00 │ │                             │   │   ppo_clip_ratio=0.2,                 │ │
2026-09-30T05:46:27.894+00:00 │ │                             │   │   ppo_kl_penalty=0.05,                │ │
2026-09-30T05:46:27.894+00:00 │ │                             │   │   reward_model=None,                  │ │
2026-09-30T05:46:27.894+00:00 │ │                             │   │   loraplus_lr_ratio=None,             │ │
2026-09-30T05:46:27.894+00:00 │ │                             │   │   use_galore=False,                   │ │
2026-09-30T05:46:27.894+00:00 │ │                             │   │   galore_rank=128,                    │ │
2026-09-30T05:46:27.895+00:00 │ │                             │   │   galore_update_proj_gap=200,         │ │
2026-09-30T05:46:27.895+00:00 │ │                             │   │   galore_scale=0.25,                  │ │
2026-09-30T05:46:27.895+00:00 │ │                             │   │   moe_lora=False,                     │ │
2026-09-30T05:46:27.895+00:00 │ │                             │   │   moe_aux_loss_coeff=0.01,            │ │
2026-09-30T05:46:27.895+00:00 │ │                             │   │   use_liger=False,                    │ │
2026-09-30T05:46:27.895+00:00 │ │                             │   │   use_flash_attn=False,               │ │
2026-09-30T05:46:27.895+00:00 │ │                             │   │   use_ring_attention=False,           │ │
2026-09-30T05:46:27.895+00:00 │ │                             │   │   rope_scaling_type=None,             │ │
2026-09-30T05:46:27.896+00:00 │ │                             │   │   yarn_factor=None,                   │ │
2026-09-30T05:46:27.897+00:00 │ │                             │   │   yarn_attn_factor=None,              │ │
2026-09-30T05:46:27.897+00:00 │ │                             │   │   yarn_beta_fast=None,                │ │
2026-09-30T05:46:27.897+00:00 │ │                             │   │   yarn_beta_slow=None,                │ │
2026-09-30T05:46:27.897+00:00 │ │                             │   │   use_longlora=False,                 │ │
2026-09-30T05:46:27.897+00:00 │ │                             │   │   gradient_checkpointing=True,        │ │
2026-09-30T05:46:27.897+00:00 │ │                             │   │   use_cut_ce=False,                   │ │
2026-09-30T05:46:27.898+00:00 │ │                             │   │   kernel_auto_compose=False,          │ │
2026-09-30T05:46:27.898+00:00 │ │                             │   │   packing_cross_doc_attn_mask=False,  │ │
2026-09-30T05:46:27.898+00:00 │ │                             │   │   activation_offloading=None,         │ │
2026-09-30T05:46:27.898+00:00 │ │                             │   │   embedding_loss='contrastive',       │ │
2026-09-30T05:46:27.898+00:00 │ │                             │   │   embedding_margin=0.5,               │ │
2026-09-30T05:46:27.899+00:00 │ │                             │   │   embedding_pooling='mean',           │ │
2026-09-30T05:46:27.899+00:00 │ │                             │   │   embedding_temperature=0.05,         │ │
2026-09-30T05:46:27.899+00:00 │ │                             │   │   curriculum=False,                   │ │
2026-09-30T05:46:27.899+00:00 │ │                             │   │   curriculum_metric='length',         │ │
2026-09-30T05:46:27.900+00:00 │ │                             │   │   curriculum_buckets=4,               │ │
2026-09-30T05:46:27.900+00:00 │ │                             │   │   curriculum_dynamic=False,           │ │
2026-09-30T05:46:27.900+00:00 │ │                             │   │                                       │ │
2026-09-30T05:46:27.900+00:00 │ │                             curriculum_dynamic_recompute_steps=50,      │ │
2026-09-30T05:46:27.900+00:00 │ │                             │   │   curriculum_dynamic_floor=0.05,      │ │
2026-09-30T05:46:27.901+00:00 │ │                             │   │   curriculum_dynamic_temperature=1.0, │ │
2026-09-30T05:46:27.901+00:00 │ │                             │   │   loss_watchdog=False,                │ │
2026-09-30T05:46:27.901+00:00 │ │                             │   │   loss_watchdog_threshold=3.0,        │ │
2026-09-30T05:46:27.901+00:00 │ │                             │   │   loss_watchdog_patience=5,           │ │
2026-09-30T05:46:27.901+00:00 │ │                             │   │   loss_spike_recovery=False,          │ │
2026-09-30T05:46:27.902+00:00 │ │                             │   │   loss_spike_recovery_max_attempts=3, │ │
2026-09-30T05:46:27.902+00:00 │ │                             │   │   loss_spike_recovery_lr_decay=0.5,   │ │
2026-09-30T05:46:27.902+00:00 │ │                             │   │   relora_steps=None,                  │ │
2026-09-30T05:46:27.902+00:00 │ │                             │   │   relora_warmup_ratio=0.1,            │ │
2026-09-30T05:46:27.902+00:00 │ │                             │   │   relora_reset_optimizer=True,        │ │
2026-09-30T05:46:27.902+00:00 │ │                             │   │   relora_prune_ratio=0.9,             │ │
2026-09-30T05:46:27.902+00:00 │ │                             │   │   convergence_detection=False,        │ │
2026-09-30T05:46:27.903+00:00 │ │                             │   │   convergence_window=50,              │ │
2026-09-30T05:46:27.903+00:00 │ │                             │   │   convergence_rel_tol=0.005,          │ │
2026-09-30T05:46:27.903+00:00 │ │                             │   │   warmup_auto=False,                  │ │
2026-09-30T05:46:27.903+00:00 │ │                             │   │   auto_mixed_precision=False,         │ │
2026-09-30T05:46:27.904+00:00 │ │                             │   │   grad_accum_auto_tune=False,         │ │
2026-09-30T05:46:27.904+00:00 │ │                             │   │   grad_accum_pressure_threshold=0.92, │ │
2026-09-30T05:46:27.904+00:00 │ │                             │   │   freeze_layers=None,                 │ │
2026-09-30T05:46:27.904+00:00 │ │                             │   │   freeze_ratio=None,                  │ │
2026-09-30T05:46:27.904+00:00 │ │                             │   │   unfrozen_parameters=None,           │ │
2026-09-30T05:46:27.905+00:00 │ │                             │   │   lisa_enabled=False,                 │ │
2026-09-30T05:46:27.905+00:00 │ │                             │   │   lisa_num_layers=2,                  │ │
2026-09-30T05:46:27.905+00:00 │ │                             │   │   lisa_interval_steps=20,             │ │
2026-09-30T05:46:27.905+00:00 │ │                             │   │   lisa_reset_optimizer=True,          │ │
2026-09-30T05:46:27.905+00:00 │ │                             │   │   lisa_train_embeddings=True,         │ │
2026-09-30T05:46:27.906+00:00 │ │                             │   │   stream_layers=True,                 │ │
2026-09-30T05:46:27.906+00:00 │ │                             │   │   stream_source='ram',                │ │
2026-09-30T05:46:27.906+00:00 │ │                             │   │   stream_ngram_source='auto',         │ │
2026-09-30T05:46:27.906+00:00 │ │                             │   │   stream_buffers=2,                   │ │
2026-09-30T05:46:27.907+00:00 │ │                             │   │   stream_pin=None,                    │ │
2026-09-30T05:46:27.907+00:00 │ │                             │   │   stream_vram_override=None,          │ │
2026-09-30T05:46:27.907+00:00 │ │                             │   │   stream_vram_probe=False,            │ │
2026-09-30T05:46:27.907+00:00 │ │                             │   │   stream_disk_kind=None,              │ │
2026-09-30T05:46:27.907+00:00 │ │                             │   │   packing=False,                      │ │
2026-09-30T05:46:27.907+00:00 │ │                             │   │   multipack=False,                    │ │
2026-09-30T05:46:27.907+00:00 │ │                             │   │   neftune_alpha=None,                 │ │
2026-09-30T05:46:27.908+00:00 │ │                             │   │   forgetting_detection=False,         │ │
2026-09-30T05:46:27.908+00:00 │ │                             │   │   forgetting_eval_steps=100,          │ │
2026-09-30T05:46:27.908+00:00 │ │                             │   │   forgetting_threshold=0.1,           │ │
2026-09-30T05:46:27.908+00:00 │ │                             │   │   forgetting_benchmark='mini_mmlu',   │ │
2026-09-30T05:46:27.908+00:00 │ │                             │   │   forgetting_stop=False,              │ │
2026-09-30T05:46:27.908+00:00 │ │                             │   │   checkpoint_intelligence=False,      │ │
2026-09-30T05:46:27.910+00:00 │ │                             │   │   checkpoint_eval_steps=200,          │ │
2026-09-30T05:46:27.910+00:00 │ │                             │   │   checkpoint_eval_metric='composite', │ │
2026-09-30T05:46:27.910+00:00 │ │                             │   │   checkpoint_eval_tasks=None,         │ │
2026-09-30T05:46:27.910+00:00 │ │                             │   │   checkpoint_keep_top=3,              │ │
2026-09-30T05:46:27.910+00:00 │ │                             │   │   early_stop_on_regression=False,     │ │
2026-09-30T05:46:27.911+00:00 │ │                             │   │   early_stop_patience=2,              │ │
2026-09-30T05:46:27.911+00:00 │ │                             │   │   eval_gate=None,                     │ │
2026-09-30T05:46:27.911+00:00 │ │                             │   │   use_fsdp2_compile=False,            │ │
2026-09-30T05:46:27.911+00:00 │ │                             │   │   parallelism='data',                 │ │
2026-09-30T05:46:27.912+00:00 │ │                             │   │   pipeline_stages=1,                  │ │
2026-09-30T05:46:27.912+00:00 │ │                             │   │   unlearn_method=None,                │ │
2026-09-30T05:46:27.912+00:00 │ │                             │   │   unlearn_alpha=None,                 │ │
2026-09-30T05:46:27.913+00:00 │ │                             │   │   ra_dit_stage=None,                  │ │
2026-09-30T05:46:27.913+00:00 │ │                             │   │   ra_dit_retriever_model=None,        │ │
2026-09-30T05:46:27.913+00:00 │ │                             │   │   citation_faithful=False,            │ │
2026-09-30T05:46:27.913+00:00 │ │                             │   │   citation_style=None,                │ │
2026-09-30T05:46:27.913+00:00 │ │                             │   │   citation_recall_threshold=None,     │ │
2026-09-30T05:46:27.914+00:00 │ │                             │   │   grace_codebook=False,               │ │
2026-09-30T05:46:27.914+00:00 │ │                             │   │   grace_codebook_size=None,           │ │
2026-09-30T05:46:27.914+00:00 │ │                             │   │   grace_codebook_dim=None             │ │
2026-09-30T05:46:27.914+00:00 │ │                             │   ),                                      │ │
2026-09-30T05:46:27.914+00:00 │ │                             │   output='./runs/smoke',                  │ │
2026-09-30T05:46:27.914+00:00 │ │                             │   experiment_name=None,                   │ │
2026-09-30T05:46:27.914+00:00 │ │                             │   eval=None,                              │ │
2026-09-30T05:46:27.914+00:00 │ │                             │   advise=None                             │ │
2026-09-30T05:46:27.915+00:00 │ │                             )                                           │ │
2026-09-30T05:46:27.915+00:00 │ │         classifier_family = ('classifier', 'reranker', 'cross_encoder') │ │
2026-09-30T05:46:27.915+00:00 │ │                     cloud = None                                        │ │
2026-09-30T05:46:27.915+00:00 │ │              cloud_submit = False                                       │ │
2026-09-30T05:46:27.915+00:00 │ │                    config = 'configs/smoke_local.yaml'                  │ │
2026-09-30T05:46:27.915+00:00 │ │               config_path = WindowsPath('configs/smoke_local.yaml')     │ │
2026-09-30T05:46:27.916+00:00 │ │                crash_path = WindowsPath('D:/Abdulwaarith/Desktop/soup-… │ │
2026-09-30T05:46:27.916+00:00 │ │                   dataset = {                                           │ │
2026-09-30T05:46:27.916+00:00 │ │                             │   'train': [                              │ │
2026-09-30T05:46:27.916+00:00 │ │                             │   │   {                                   │ │
2026-09-30T05:46:27.916+00:00 │ │                             │   │   │   'prompt': '<|user|>\nДокажи     │ │
2026-09-30T05:46:27.917+00:00 │ │                             равенство классов сложности P и NP</s>\n',  │ │
2026-09-30T05:46:27.917+00:00 │ │                             │   │   │   'chosen': '<|assistant|>\nНа    │ │
2026-09-30T05:46:27.917+00:00 │ │                             данный момент не доказано, что классы       │ │
2026-09-30T05:46:27.918+00:00 │ │                             сложности P и NP равны ил'+800,             │ │
2026-09-30T05:46:27.918+00:00 │ │                             │   │   │   'rejected':                     │ │
2026-09-30T05:46:27.918+00:00 │ │                             '<|assistant|>\nУвы, этого пока что не      │ │
2026-09-30T05:46:27.918+00:00 │ │                             удалось сделать не только языковым          │ │
2026-09-30T05:46:27.918+00:00 │ │                             моделям,'+97                                │ │
2026-09-30T05:46:27.918+00:00 │ │                             │   │   },                                  │ │
2026-09-30T05:46:27.918+00:00 │ │                             │   │   {                                   │ │
2026-09-30T05:46:27.919+00:00 │ │                             │   │   │   'prompt': '<|user|>\nКак вы     │ │
2026-09-30T05:46:27.919+00:00 │ │                             думаете, искусственный интеллект в конце    │ │
2026-09-30T05:46:27.919+00:00 │ │                             концов превзойдёт естес'+62,                │ │
2026-09-30T05:46:27.919+00:00 │ │                             │   │   │   'chosen': '<|assistant|>\nЧто   │ │
2026-09-30T05:46:27.919+00:00 │ │                             вы имеете в виду, говоря слово «превзойдёт» │ │
2026-09-30T05:46:27.919+00:00 │ │                             в данном контексте'+578,                    │ │
2026-09-30T05:46:27.919+00:00 │ │                             │   │   │   'rejected': '<|assistant|>\nТо, │ │
2026-09-30T05:46:27.919+00:00 │ │                             что имеется на данный момент значительно    │ │
2026-09-30T05:46:27.920+00:00 │ │                             превосходит возможнос'+499                  │ │
2026-09-30T05:46:27.920+00:00 │ │                             │   │   },                                  │ │
2026-09-30T05:46:27.920+00:00 │ │                             │   │   {                                   │ │
2026-09-30T05:46:27.920+00:00 │ │                             │   │   │   'prompt': '<|user|>\nРасскажи о │ │
2026-09-30T05:46:27.920+00:00 │ │                             самом богатом человеке</s>\n',              │ │
2026-09-30T05:46:27.920+00:00 │ │                             │   │   │   'chosen': '<|assistant|>\nПо    │ │
2026-09-30T05:46:27.920+00:00 │ │                             данным Forbes за 2023 год, самый богатый    │ │
2026-09-30T05:46:27.921+00:00 │ │                             человек - Берна́р Арно'+2637,                │ │
2026-09-30T05:46:27.921+00:00 │ │                             │   │   │   'rejected': '<|assistant|>\nИз  │ │
2026-09-30T05:46:27.921+00:00 │ │                             википедии: \nБернар Жан Этьен Арно          │ │
2026-09-30T05:46:27.921+00:00 │ │                             (французский: [bɛʁnaʁ ʒɑ̃ etj'+514           │ │
2026-09-30T05:46:27.921+00:00 │ │                             │   │   },                                  │ │
2026-09-30T05:46:27.921+00:00 │ │                             │   │   {                                   │ │
2026-09-30T05:46:27.922+00:00 │ │                             │   │   │   'prompt': '<|user|>\nКак        │ │
2026-09-30T05:46:27.922+00:00 │ │                             понять, что мальчик к тебе                  │ │
2026-09-30T05:46:27.922+00:00 │ │                             неравнодушен?</s>\n',                       │ │
2026-09-30T05:46:27.922+00:00 │ │                             │   │   │   'chosen':                       │ │
2026-09-30T05:46:27.922+00:00 │ │                             '<|assistant|>\nПонять, что мальчик к тебе  │ │
2026-09-30T05:46:27.922+00:00 │ │                             неравнодушен, можно по разным               │ │
2026-09-30T05:46:27.922+00:00 │ │                             признакам'+1523,                            │ │
2026-09-30T05:46:27.923+00:00 │ │                             │   │   │   'rejected':                     │ │
2026-09-30T05:46:27.923+00:00 │ │                             '<|assistant|>\nСложный вопрос. Он          │ │
2026-09-30T05:46:27.923+00:00 │ │                             проявляет к тебе знаки внимания? Например,  │ │
2026-09-30T05:46:27.923+00:00 │ │                             прис'+83                                    │ │
2026-09-30T05:46:27.923+00:00 │ │                             │   │   },                                  │ │
2026-09-30T05:46:27.923+00:00 │ │                             │   │   {                                   │ │
2026-09-30T05:46:27.923+00:00 │ │                             │   │   │   'prompt': '<|user|>\nКак        │ │
2026-09-30T05:46:27.924+00:00 │ │                             хранить зубную щётку так, чтобы до неё не   │ │
2026-09-30T05:46:27.924+00:00 │ │                             добрались тараканы?</s>\n',                 │ │
2026-09-30T05:46:27.924+00:00 │ │                             │   │   │   'chosen':                       │ │
2026-09-30T05:46:27.924+00:00 │ │                             '<|assistant|>\nИспользуйте закрытый        │ │
2026-09-30T05:46:27.924+00:00 │ │                             контейнер или чехол для хранения зубной     │ │
2026-09-30T05:46:27.924+00:00 │ │                             щётки'+217,                                 │ │
2026-09-30T05:46:27.924+00:00 │ │                             │   │   │   'rejected':                     │ │
2026-09-30T05:46:27.925+00:00 │ │                             '<|assistant|>\nПереехать в более чистое    │ │
2026-09-30T05:46:27.925+00:00 │ │                             место</s>\n'                                │ │
2026-09-30T05:46:27.925+00:00 │ │                             │   │   },                                  │ │
2026-09-30T05:46:27.925+00:00 │ │                             │   │   {                                   │ │
2026-09-30T05:46:27.925+00:00 │ │                             │   │   │   'prompt': '<|user|>\nЗабыл      │ │
2026-09-30T05:46:27.925+00:00 │ │                             пароль от пользователя в Windows 10, что    │ │
2026-09-30T05:46:27.925+00:00 │ │                             делать?</s>\n',                             │ │
2026-09-30T05:46:27.925+00:00 │ │                             │   │   │   'chosen':                       │ │
2026-09-30T05:46:27.925+00:00 │ │                             '<|assistant|>\nЗдравствуйте! Способ сброса │ │
2026-09-30T05:46:27.926+00:00 │ │                             пароля в Windows 10 зависит от того,        │ │
2026-09-30T05:46:27.926+00:00 │ │                             к'+1539,                                    │ │
2026-09-30T05:46:27.926+00:00 │ │                             │   │   │   'rejected':                     │ │
2026-09-30T05:46:27.926+00:00 │ │                             '<|assistant|>\nсбросить пароль сторонним   │ │
2026-09-30T05:46:27.926+00:00 │ │                             программами</s>\n'                          │ │
2026-09-30T05:46:27.926+00:00 │ │                             │   │   },                                  │ │
2026-09-30T05:46:27.927+00:00 │ │                             │   │   {                                   │ │
2026-09-30T05:46:27.927+00:00 │ │                             │   │   │   'prompt': '<|user|>\nКак        │ │
2026-09-30T05:46:27.927+00:00 │ │                             называются бабочки на латыни?</s>\n',       │ │
2026-09-30T05:46:27.927+00:00 │ │                             │   │   │   'chosen':                       │ │
2026-09-30T05:46:27.927+00:00 │ │                             '<|assistant|>\nБа́бочки или Чешуекры́лые     │ │
2026-09-30T05:46:27.927+00:00 │ │                             лат. Lepidóptera, от др.-греч. λεπίς,       │ │
2026-09-30T05:46:27.927+00:00 │ │                             ро'+43,                                     │ │
2026-09-30T05:46:27.928+00:00 │ │                             │   │   │   'rejected':                     │ │
2026-09-30T05:46:27.928+00:00 │ │                             '<|assistant|>\nСлово «бабочка» переводится │ │
2026-09-30T05:46:27.928+00:00 │ │                             латинским словом «papilio». Если же ва'+144 │ │
2026-09-30T05:46:27.928+00:00 │ │                             │   │   },                                  │ │
2026-09-30T05:46:27.928+00:00 │ │                             │   │   {                                   │ │
2026-09-30T05:46:27.928+00:00 │ │                             │   │   │   'prompt': '<|user|>\nПочему     │ │
2026-09-30T05:46:27.929+00:00 │ │                             кроты слепые?</s>\n',                       │ │
2026-09-30T05:46:27.929+00:00 │ │                             │   │   │   'chosen': '<|assistant|>\nКроты │ │
2026-09-30T05:46:27.929+00:00 │ │                             живут в подземных лабиринтах, где из-за     │ │
2026-09-30T05:46:27.929+00:00 │ │                             отсутствия света зре'+316,                  │ │
2026-09-30T05:46:27.930+00:00 │ │                             │   │   │   'rejected':                     │ │
2026-09-30T05:46:27.930+00:00 │ │                             '<|assistant|>\nХотя у них есть глаза,      │ │
2026-09-30T05:46:27.930+00:00 │ │                             кроты на самом деле не слепые; напротив,    │ │
2026-09-30T05:46:27.930+00:00 │ │                             их'+637                                     │ │
2026-09-30T05:46:27.930+00:00 │ │                             │   │   },                                  │ │
2026-09-30T05:46:27.930+00:00 │ │                             │   │   {                                   │ │
2026-09-30T05:46:27.930+00:00 │ │                             │   │   │   'prompt': '<|user|>\nСколько    │ │
2026-09-30T05:46:27.930+00:00 │ │                             стоит твоя совесть?</s>\n',                 │ │
2026-09-30T05:46:27.931+00:00 │ │                             │   │   │   'chosen': '<|assistant|>\nЯ     │ │
2026-09-30T05:46:27.931+00:00 │ │                             искусственный интеллект, следовательно не   │ │
2026-09-30T05:46:27.931+00:00 │ │                             могу иметь совесть.</s'+2,                  │ │
2026-09-30T05:46:27.931+00:00 │ │                             │   │   │   'rejected':                     │ │
2026-09-30T05:46:27.931+00:00 │ │                             '<|assistant|>\nВопрос о том, сколько стоит │ │
2026-09-30T05:46:27.931+00:00 │ │                             совесть, является сложным. Хотя             │ │
2026-09-30T05:46:27.931+00:00 │ │                             невозм'+1803                                │ │
2026-09-30T05:46:27.932+00:00 │ │                             │   │   },                                  │ │
2026-09-30T05:46:27.932+00:00 │ │                             │   │   {                                   │ │
2026-09-30T05:46:27.932+00:00 │ │                             │   │   │   'prompt':                       │ │
2026-09-30T05:46:27.932+00:00 │ │                             '<|user|>\nПривет!\nНедавно столкнулся с    │ │
2026-09-30T05:46:27.932+00:00 │ │                             проблемой, что у меня телефон стал быстро   │ │
2026-09-30T05:46:27.932+00:00 │ │                             '+65,                                       │ │
2026-09-30T05:46:27.932+00:00 │ │                             │   │   │   'chosen':                       │ │
2026-09-30T05:46:27.932+00:00 │ │                             '<|assistant|>\nВозможно, у Вас             │ │
2026-09-30T05:46:27.933+00:00 │ │                             деградировал аккумулятор телефона.          │ │
2026-09-30T05:46:27.933+00:00 │ │                             Деградация лити'+402,                       │ │
2026-09-30T05:46:27.933+00:00 │ │                             │   │   │   'rejected':                     │ │
2026-09-30T05:46:27.933+00:00 │ │                             '<|assistant|>\nИспользуемые в телефонах    │ │
2026-09-30T05:46:27.933+00:00 │ │                             аккумуляторные батареи имеют конечный       │ │
2026-09-30T05:46:27.933+00:00 │ │                             рес'+148                                    │ │
2026-09-30T05:46:27.934+00:00 │ │                             │   │   },                                  │ │
2026-09-30T05:46:27.934+00:00 │ │                             │   │   ... +6                              │ │
2026-09-30T05:46:27.934+00:00 │ │                             │   ]                                       │ │
2026-09-30T05:46:27.934+00:00 │ │                             }                                           │ │
2026-09-30T05:46:27.934+00:00 │ │                 deepspeed = None                                        │ │
2026-09-30T05:46:27.934+00:00 │ │                    device = 'cuda'                                      │ │
2026-09-30T05:46:27.934+00:00 │ │               device_name = 'NVIDIA GeForce RTX 3060 Laptop GPU'        │ │
2026-09-30T05:46:27.935+00:00 │ │             diagnose_gate = None                                        │ │
2026-09-30T05:46:27.935+00:00 │ │                   display = <soup_cli.monitoring.display.TrainingDispl… │ │
2026-09-30T05:46:27.935+00:00 │ │                             object at 0x0000016B937F9700>               │ │
2026-09-30T05:46:27.935+00:00 │ │                   dry_run = False                                       │ │
2026-09-30T05:46:27.935+00:00 │ │            ds_config_path = None                                        │ │
2026-09-30T05:46:27.935+00:00 │ │ echo_trap_tokenizer_aware = False                                       │ │
2026-09-30T05:46:27.935+00:00 │ │            energy_country = 'USA'                                       │ │
2026-09-30T05:46:27.935+00:00 │ │                energy_ctx = <contextlib.nullcontext object at           │ │
2026-09-30T05:46:27.935+00:00 │ │                             0x0000016B962F3410>                         │ │
2026-09-30T05:46:27.935+00:00 │ │                energy_out = None                                        │ │
2026-09-30T05:46:27.935+00:00 │ │            energy_tracker = None                                        │ │
2026-09-30T05:46:27.937+00:00 │ │           experiment_name = None                                        │ │
2026-09-30T05:46:27.937+00:00 │ │                   find_lr = False                                       │ │
2026-09-30T05:46:27.937+00:00 │ │               find_lr_end = 0.1                                         │ │
2026-09-30T05:46:27.937+00:00 │ │            find_lr_output = 'lr_finder.json'                            │ │
2026-09-30T05:46:27.937+00:00 │ │             find_lr_start = 1e-07                                       │ │
2026-09-30T05:46:27.937+00:00 │ │             find_lr_steps = 100                                         │ │
2026-09-30T05:46:27.938+00:00 │ │                      fsdp = None                                        │ │
2026-09-30T05:46:27.938+00:00 │ │               fsdp_kwargs = None                                        │ │
2026-09-30T05:46:27.938+00:00 │ │                      gate = None                                        │ │
2026-09-30T05:46:27.938+00:00 │ │                       gpu = 'a100'                                      │ │
2026-09-30T05:46:27.939+00:00 │ │                  gpu_info = {                                           │ │
2026-09-30T05:46:27.939+00:00 │ │                             │   'memory_total': '6.0 GB',               │ │
2026-09-30T05:46:27.939+00:00 │ │                             │   'memory_total_bytes': 6441926656,       │ │
2026-09-30T05:46:27.939+00:00 │ │                             │   'gpu_count': 1                          │ │
2026-09-30T05:46:27.939+00:00 │ │                             }                                           │ │
2026-09-30T05:46:27.939+00:00 │ │                      gpus = None                                        │ │
2026-09-30T05:46:27.940+00:00 │ │                 hf_resume = False                                       │ │
2026-09-30T05:46:27.940+00:00 │ │                  hub_name = 'hf'                                        │ │
2026-09-30T05:46:27.940+00:00 │ │                   metrics = []                                          │ │
2026-09-30T05:46:27.940+00:00 │ │         minillm_on_policy = False                                       │ │
2026-09-30T05:46:27.940+00:00 │ │                   mlx_cls = None                                        │ │
2026-09-30T05:46:27.940+00:00 │ │                      name = None                                        │ │
2026-09-30T05:46:27.940+00:00 │ │                 no_reexec = False                                       │ │
2026-09-30T05:46:27.941+00:00 │ │                  num_gpus = None                                        │ │
2026-09-30T05:46:27.941+00:00 │ │    original_quant_storage = None                                        │ │
2026-09-30T05:46:27.941+00:00 │ │                 peft_line = 'LoRA:    [bold]r=16, alpha=32[/]'          │ │
2026-09-30T05:46:27.941+00:00 │ │               profile_run = False                                       │ │
2026-09-30T05:46:27.941+00:00 │ │              profiler_ctx = <contextlib.nullcontext object at           │ │
2026-09-30T05:46:27.942+00:00 │ │                             0x0000016B962F3470>                         │ │
2026-09-30T05:46:27.942+00:00 │ │                   push_as = None                                        │ │
2026-09-30T05:46:27.942+00:00 │ │               quant_label = 'none'                                      │ │
2026-09-30T05:46:27.942+00:00 │ │            quant_problems = []                                          │ │
2026-09-30T05:46:27.942+00:00 │ │             quant_warning = None                                        │ │
2026-09-30T05:46:27.942+00:00 │ │                    replay = None                                        │ │
2026-09-30T05:46:27.943+00:00 │ │              replay_ratio = None                                        │ │
2026-09-30T05:46:27.943+00:00 │ │               replay_seed = None                                        │ │
2026-09-30T05:46:27.943+00:00 │ │                 report_to = 'none'                                      │ │
2026-09-30T05:46:27.943+00:00 │ │             repro_receipt = None                                        │ │
2026-09-30T05:46:27.943+00:00 │ │            resolved_quant = 'none'                                      │ │
2026-09-30T05:46:27.943+00:00 │ │         resolved_training = TrainingConfig(                             │ │
2026-09-30T05:46:27.943+00:00 │ │                             │   epochs=1,                               │ │
2026-09-30T05:46:27.944+00:00 │ │                             │   lr=5e-05,                               │ │
2026-09-30T05:46:27.944+00:00 │ │                             │   batch_size=1,                           │ │
2026-09-30T05:46:27.945+00:00 │ │                             │   auto_batch_size_strategy='auto',        │ │
2026-09-30T05:46:27.945+00:00 │ │                             │   gradient_accumulation_steps=4,          │ │
2026-09-30T05:46:27.945+00:00 │ │                             │   seed=42,                                │ │
2026-09-30T05:46:27.945+00:00 │ │                             │   data_seed=None,                         │ │
2026-09-30T05:46:27.945+00:00 │ │                             │   warmup_ratio=0.1,                       │ │
2026-09-30T05:46:27.945+00:00 │ │                             │   weight_decay=0.0,                       │ │
2026-09-30T05:46:27.946+00:00 │ │                             │   max_grad_norm=1.0,                      │ │
2026-09-30T05:46:27.946+00:00 │ │                             │   lora=LoraConfig(                        │ │
2026-09-30T05:46:27.946+00:00 │ │                             │   │   r=16,                               │ │
2026-09-30T05:46:27.946+00:00 │ │                             │   │   alpha=32,                           │ │
2026-09-30T05:46:27.947+00:00 │ │                             │   │   dropout=0.0,                        │ │
2026-09-30T05:46:27.947+00:00 │ │                             │   │   target_modules='auto',              │ │
2026-09-30T05:46:27.947+00:00 │ │                             │   │   target_parameters=None,             │ │
2026-09-30T05:46:27.948+00:00 │ │                             │   │   use_dora=False,                     │ │
2026-09-30T05:46:27.948+00:00 │ │                             │   │   use_rslora=False,                   │ │
2026-09-30T05:46:27.949+00:00 │ │                             │   │   use_vera=False,                     │ │
2026-09-30T05:46:27.949+00:00 │ │                             │   │   use_olora=False,                    │ │
2026-09-30T05:46:27.949+00:00 │ │                             │   │   rank_pattern=None,                  │ │
2026-09-30T05:46:27.949+00:00 │ │                             │   │   alpha_pattern=None,                 │ │
2026-09-30T05:46:27.950+00:00 │ │                             │   │   init_strategy='random',             │ │
2026-09-30T05:46:27.950+00:00 │ │                             │   │   loftq_iter=1,                       │ │
2026-09-30T05:46:27.950+00:00 │ │                             │   │   loftq_bits=4                        │ │
2026-09-30T05:46:27.950+00:00 │ │                             │   ),                                      │ │
2026-09-30T05:46:27.950+00:00 │ │                             │   quantization='none',                    │ │
2026-09-30T05:46:27.950+00:00 │ │                             │   gptq_disable_exllama=True,              │ │
2026-09-30T05:46:27.951+00:00 │ │                             │   bnb_4bit_quant_storage=None,            │ │
2026-09-30T05:46:27.951+00:00 │ │                             │   quantization_aware=False,               │ │
2026-09-30T05:46:27.951+00:00 │ │                             │   fp8_recipe='tensorwise',                │ │
2026-09-30T05:46:27.951+00:00 │ │                             │   optimizer='adamw_torch',                │ │
2026-09-30T05:46:27.951+00:00 │ │                             │   lr_groups=None,                         │ │
2026-09-30T05:46:27.951+00:00 │ │                             │   expand_layers=None,                     │ │
2026-09-30T05:46:27.951+00:00 │ │                             │   freeze_trainable_layers=None,           │ │
2026-09-30T05:46:27.951+00:00 │ │                             │   use_mod=False,                          │ │
2026-09-30T05:46:27.952+00:00 │ │                             │   mod_capacity_factor=0.125,              │ │
2026-09-30T05:46:27.952+00:00 │ │                             │   load_in_8bit=None,                      │ │
2026-09-30T05:46:27.952+00:00 │ │                             │   load_in_16bit=None,                     │ │
2026-09-30T05:46:27.952+00:00 │ │                             │   scheduler='cosine',                     │ │
2026-09-30T05:46:27.952+00:00 │ │                             │   save_steps=1000,                        │ │
2026-09-30T05:46:27.954+00:00 │ │                             │   logging_steps=1,                        │ │
2026-09-30T05:46:27.954+00:00 │ │                             │   dpo_beta=0.1,                           │ │
2026-09-30T05:46:27.954+00:00 │ │                             │   kto_beta=0.1,                           │ │
2026-09-30T05:46:27.954+00:00 │ │                             │   orpo_beta=0.1,                          │ │
2026-09-30T05:46:27.954+00:00 │ │                             │   simpo_gamma=0.5,                        │ │
2026-09-30T05:46:27.955+00:00 │ │                             │   cpo_alpha=1.0,                          │ │
2026-09-30T05:46:27.955+00:00 │ │                             │   ipo_tau=0.1,                            │ │
2026-09-30T05:46:27.955+00:00 │ │                             │   bco_beta=0.1,                           │ │
2026-09-30T05:46:27.955+00:00 │ │                             │   preference_loss=None,                   │ │
2026-09-30T05:46:27.957+00:00 │ │                             │   dpo_beta_schedule=None,                 │ │
2026-09-30T05:46:27.957+00:00 │ │                             │   dpo_beta_end=None,                      │ │
2026-09-30T05:46:27.957+00:00 │ │                             │   dpo_ref_regen_epochs=None,              │ │
2026-09-30T05:46:27.957+00:00 │ │                             │   preference_loss_weights=None,           │ │
2026-09-30T05:46:27.957+00:00 │ │                             │   grpo_beta=0.1,                          │ │
2026-09-30T05:46:27.959+00:00 │ │                             │   num_generations=4,                      │ │
2026-09-30T05:46:27.959+00:00 │ │                             │   reward_fn='accuracy',                   │ │
2026-09-30T05:46:27.959+00:00 │ │                             │   verifiable_domain=None,                 │ │
2026-09-30T05:46:27.960+00:00 │ │                             │   prm_reward=None,                        │ │
2026-09-30T05:46:27.960+00:00 │ │                             │   prm_aggregate='min',                    │ │
2026-09-30T05:46:27.960+00:00 │ │                             │   online_dpo_judge=None,                  │ │
2026-09-30T05:46:27.961+00:00 │ │                             │   online_dpo_loss_type='sigmoid',         │ │
2026-09-30T05:46:27.961+00:00 │ │                             │   online_dpo_max_new_tokens=64,           │ │
2026-09-30T05:46:27.961+00:00 │ │                             │   asr_language=None,                      │ │
2026-09-30T05:46:27.961+00:00 │ │                             │   asr_task='transcribe',                  │ │
2026-09-30T05:46:27.962+00:00 │ │                             │   asr_lora=False,                         │ │
2026-09-30T05:46:27.962+00:00 │ │                             │   grpo_variant=None,                      │ │
2026-09-30T05:46:27.962+00:00 │ │                             │   grpo_delta=None,                        │ │
2026-09-30T05:46:27.962+00:00 │ │                             │   grpo_fp16=False,                        │ │
2026-09-30T05:46:27.963+00:00 │ │                             │   long_context_grpo=False,                │ │
2026-09-30T05:46:27.963+00:00 │ │                             │   vllm_sleep_mode=False,                  │ │
2026-09-30T05:46:27.963+00:00 │ │                             │   rollout_backend=None,                   │ │
2026-09-30T05:46:27.963+00:00 │ │                             │   rollout_func=None,                      │ │
2026-09-30T05:46:27.963+00:00 │ │                             │   ref_model_ema_alpha=None,               │ │
2026-09-30T05:46:27.964+00:00 │ │                             │   replay_buffer_size=None,                │ │
2026-09-30T05:46:27.964+00:00 │ │                             │   async_grpo_prefetch=False,              │ │
2026-09-30T05:46:27.964+00:00 │ │                             │   tis_threshold=None,                     │ │
2026-09-30T05:46:27.964+00:00 │ │                             │   mask_truncated_completions=False,       │ │
2026-09-30T05:46:27.965+00:00 │ │                             │   defer_rerolling=False,                  │ │
2026-09-30T05:46:27.965+00:00 │ │                             │   skip_zero_advantage=False,              │ │
2026-09-30T05:46:27.965+00:00 │ │                             │   off_policy_mask_threshold=None,         │ │
2026-09-30T05:46:27.965+00:00 │ │                             │   vision_grpo=False,                      │ │
2026-09-30T05:46:27.965+00:00 │ │                             │   hub='hf',                               │ │
2026-09-30T05:46:27.965+00:00 │ │                             │   tts_family=None,                        │ │
2026-09-30T05:46:27.965+00:00 │ │                             │   tts_emotion=None,                       │ │
2026-09-30T05:46:27.965+00:00 │ │                             │   num_labels=None,                        │ │
2026-09-30T05:46:27.965+00:00 │ │                             │   classifier_kind=None,                   │ │
2026-09-30T05:46:27.966+00:00 │ │                             │   label_names=None,                       │ │
2026-09-30T05:46:27.966+00:00 │ │                             │   mole_task_adapters=None,                │ │
2026-09-30T05:46:27.966+00:00 │ │                             │   mole_top_k=None,                        │ │
2026-09-30T05:46:27.966+00:00 │ │                             │   mole_temperature=None,                  │ │
2026-09-30T05:46:27.966+00:00 │ │                             │   teacher_model=None,                     │ │
2026-09-30T05:46:27.966+00:00 │ │                             │   distill_divergence=None,                │ │
2026-09-30T05:46:27.967+00:00 │ │                             │   distill_temperature=None,               │ │
2026-09-30T05:46:27.967+00:00 │ │                             │   distill_mode='token',                   │ │
2026-09-30T05:46:27.967+00:00 │ │                             │   classifier_lora=False,                  │ │
2026-09-30T05:46:27.967+00:00 │ │                             │   ebft_variant=None,                      │ │
2026-09-30T05:46:27.967+00:00 │ │                             │   ebft_temperature=None,                  │ │
2026-09-30T05:46:27.967+00:00 │ │                             │   gdpo_variant=None,                      │ │
2026-09-30T05:46:27.967+00:00 │ │                             │   moe_expert_quant=None,                  │ │
2026-09-30T05:46:27.967+00:00 │ │                             │   train_router_only=False,                │ │
2026-09-30T05:46:27.967+00:00 │ │                             │   reasoning_effort=None,                  │ │
2026-09-30T05:46:27.967+00:00 │ │                             │   train_on_eot=False,                     │ │
2026-09-30T05:46:27.969+00:00 │ │                             │   kv_cache_type=None,                     │ │
2026-09-30T05:46:27.969+00:00 │ │                             │   fp8_attention=False,                    │ │
2026-09-30T05:46:27.969+00:00 │ │                             │   nvfp4=False,                            │ │
2026-09-30T05:46:27.969+00:00 │ │                             │   unsloth_bnb_4bit=False,                 │ │
2026-09-30T05:46:27.969+00:00 │ │                             │   bnb_4bit_use_double_quant=None,         │ │
2026-09-30T05:46:27.969+00:00 │ │                             │   llm_int8=False,                         │ │
2026-09-30T05:46:27.969+00:00 │ │                             │   quantize_ref_model=False,               │ │
2026-09-30T05:46:27.969+00:00 │ │                             │   quantize_reward_model=False,            │ │
2026-09-30T05:46:27.969+00:00 │ │                             │   echo_trap_enabled=False,                │ │
2026-09-30T05:46:27.969+00:00 │ │                             │   echo_trap_threshold=0.6,                │ │
2026-09-30T05:46:27.969+00:00 │ │                             │   echo_trap_halt=False,                   │ │
2026-09-30T05:46:27.969+00:00 │ │                             │   echo_trap_tokenizer_aware=False,        │ │
2026-09-30T05:46:27.969+00:00 │ │                             │   rl_checkpoint_save_every_steps=None,    │ │
2026-09-30T05:46:27.969+00:00 │ │                             │   rl_checkpoint_keep_last=3,              │ │
2026-09-30T05:46:27.971+00:00 │ │                             │   rl_checkpoint_include_optimizer=True,   │ │
2026-09-30T05:46:27.971+00:00 │ │                             │   rl_checkpoint_include_ref_model=False,  │ │
2026-09-30T05:46:27.971+00:00 │ │                             │                                           │ │
2026-09-30T05:46:27.971+00:00 │ │                             rl_checkpoint_include_rollout_buffer=False, │ │
2026-09-30T05:46:27.971+00:00 │ │                             │   minillm_enabled=False,                  │ │
2026-09-30T05:46:27.971+00:00 │ │                             │   minillm_teacher_mix_ratio=0.0,          │ │
2026-09-30T05:46:27.971+00:00 │ │                             │   minillm_length_normalize=True,          │ │
2026-09-30T05:46:27.972+00:00 │ │                             │   minillm_pretrain_anchor_weight=0.0,     │ │
2026-09-30T05:46:27.972+00:00 │ │                             │   minillm_pretrain_anchor_path=None,      │ │
2026-09-30T05:46:27.972+00:00 │ │                             │   minillm_on_policy=False,                │ │
2026-09-30T05:46:27.972+00:00 │ │                             │   minillm_rollout_length=None,            │ │
2026-09-30T05:46:27.972+00:00 │ │                             │   uld_strategy=None,                      │ │
2026-09-30T05:46:27.972+00:00 │ │                             │   uld_top_k=None,                         │ │
2026-09-30T05:46:27.972+00:00 │ │                             │   reward_hack_detector=None,              │ │
2026-09-30T05:46:27.973+00:00 │ │                             │   reward_hack_halt=False,                 │ │
2026-09-30T05:46:27.973+00:00 │ │                             │   reward_hack_mitigation='off',           │ │
2026-09-30T05:46:27.973+00:00 │ │                             │   reward_hack_beta_floor=0.02,            │ │
2026-09-30T05:46:27.973+00:00 │ │                             │   reward_hack_beta_ceil=1.0,              │ │
2026-09-30T05:46:27.973+00:00 │ │                             │   reward_hack_trip_band=0.3,              │ │
2026-09-30T05:46:27.973+00:00 │ │                             │   reward_hack_release_band=0.1,           │ │
2026-09-30T05:46:27.974+00:00 │ │                             │   reward_hack_dwell_steps=2,              │ │
2026-09-30T05:46:27.974+00:00 │ │                             │   reward_hack_release_patience=3,         │ │
2026-09-30T05:46:27.974+00:00 │ │                             │   reward_hack_kl_gain=1.5,                │ │
2026-09-30T05:46:27.974+00:00 │ │                             │   reward_hack_signals=['info_rm'],        │ │
2026-09-30T05:46:27.974+00:00 │ │                             │   reward_hack_pid_kp=0.5,                 │ │
2026-09-30T05:46:27.974+00:00 │ │                             │   reward_hack_pid_ki=0.1,                 │ │
2026-09-30T05:46:27.974+00:00 │ │                             │   reward_hack_pid_kd=0.05,                │ │
2026-09-30T05:46:27.975+00:00 │ │                             │   reward_hack_signal_target=0.15,         │ │
2026-09-30T05:46:27.975+00:00 │ │                             │   reward_hack_integral_clamp=1.0,         │ │
2026-09-30T05:46:27.975+00:00 │ │                             │   reward_hack_rollback=False,             │ │
2026-09-30T05:46:27.976+00:00 │ │                             │   reward_hack_rollback_patience=3,        │ │
2026-09-30T05:46:27.976+00:00 │ │                             │   reward_hack_max_recovery_attempts=2,    │ │
2026-09-30T05:46:27.976+00:00 │ │                             │   reward_hack_signal_smoothing='none',    │ │
2026-09-30T05:46:27.976+00:00 │ │                             │   reward_hack_smoothing_window=8,         │ │
2026-09-30T05:46:27.977+00:00 │ │                             │                                           │ │
2026-09-30T05:46:27.977+00:00 │ │                             reward_hack_conservative_on_disagreement=F… │ │
2026-09-30T05:46:27.977+00:00 │ │                             │   reward_hack_reward_shaping=False,       │ │
2026-09-30T05:46:27.977+00:00 │ │                             │   reward_hack_shaping_kind='length',      │ │
2026-09-30T05:46:27.978+00:00 │ │                             │   reward_hack_shaping_strength=0.0,       │ │
2026-09-30T05:46:27.978+00:00 │ │                             │   ppo_epochs=4,                           │ │
2026-09-30T05:46:27.978+00:00 │ │                             │   ppo_clip_ratio=0.2,                     │ │
2026-09-30T05:46:27.978+00:00 │ │                             │   ppo_kl_penalty=0.05,                    │ │
2026-09-30T05:46:27.979+00:00 │ │                             │   reward_model=None,                      │ │
2026-09-30T05:46:27.979+00:00 │ │                             │   loraplus_lr_ratio=None,                 │ │
2026-09-30T05:46:27.980+00:00 │ │                             │   use_galore=False,                       │ │
2026-09-30T05:46:27.980+00:00 │ │                             │   galore_rank=128,                        │ │
2026-09-30T05:46:27.980+00:00 │ │                             │   galore_update_proj_gap=200,             │ │
2026-09-30T05:46:27.980+00:00 │ │                             │   galore_scale=0.25,                      │ │
2026-09-30T05:46:27.981+00:00 │ │                             │   moe_lora=False,                         │ │
2026-09-30T05:46:27.981+00:00 │ │                             │   moe_aux_loss_coeff=0.01,                │ │
2026-09-30T05:46:27.981+00:00 │ │                             │   use_liger=False,                        │ │
2026-09-30T05:46:27.981+00:00 │ │                             │   use_flash_attn=False,                   │ │
2026-09-30T05:46:27.981+00:00 │ │                             │   use_ring_attention=False,               │ │
2026-09-30T05:46:27.982+00:00 │ │                             │   rope_scaling_type=None,                 │ │
2026-09-30T05:46:27.982+00:00 │ │                             │   yarn_factor=None,                       │ │
2026-09-30T05:46:27.982+00:00 │ │                             │   yarn_attn_factor=None,                  │ │
2026-09-30T05:46:27.982+00:00 │ │                             │   yarn_beta_fast=None,                    │ │
2026-09-30T05:46:27.982+00:00 │ │                             │   yarn_beta_slow=None,                    │ │
2026-09-30T05:46:27.982+00:00 │ │                             │   use_longlora=False,                     │ │
2026-09-30T05:46:27.982+00:00 │ │                             │   gradient_checkpointing=True,            │ │
2026-09-30T05:46:27.983+00:00 │ │                             │   use_cut_ce=False,                       │ │
2026-09-30T05:46:27.983+00:00 │ │                             │   kernel_auto_compose=False,              │ │
2026-09-30T05:46:27.983+00:00 │ │                             │   packing_cross_doc_attn_mask=False,      │ │
2026-09-30T05:46:27.983+00:00 │ │                             │   activation_offloading=None,             │ │
2026-09-30T05:46:27.983+00:00 │ │                             │   embedding_loss='contrastive',           │ │
2026-09-30T05:46:27.983+00:00 │ │                             │   embedding_margin=0.5,                   │ │
2026-09-30T05:46:27.983+00:00 │ │                             │   embedding_pooling='mean',               │ │
2026-09-30T05:46:27.984+00:00 │ │                             │   embedding_temperature=0.05,             │ │
2026-09-30T05:46:27.984+00:00 │ │                             │   curriculum=False,                       │ │
2026-09-30T05:46:27.984+00:00 │ │                             │   curriculum_metric='length',             │ │
2026-09-30T05:46:27.984+00:00 │ │                             │   curriculum_buckets=4,                   │ │
2026-09-30T05:46:27.984+00:00 │ │                             │   curriculum_dynamic=False,               │ │
2026-09-30T05:46:27.984+00:00 │ │                             │   curriculum_dynamic_recompute_steps=50,  │ │
2026-09-30T05:46:27.985+00:00 │ │                             │   curriculum_dynamic_floor=0.05,          │ │
2026-09-30T05:46:27.985+00:00 │ │                             │   curriculum_dynamic_temperature=1.0,     │ │
2026-09-30T05:46:27.985+00:00 │ │                             │   loss_watchdog=False,                    │ │
2026-09-30T05:46:27.985+00:00 │ │                             │   loss_watchdog_threshold=3.0,            │ │
2026-09-30T05:46:27.985+00:00 │ │                             │   loss_watchdog_patience=5,               │ │
2026-09-30T05:46:27.985+00:00 │ │                             │   loss_spike_recovery=False,              │ │
2026-09-30T05:46:27.985+00:00 │ │                             │   loss_spike_recovery_max_attempts=3,     │ │
2026-09-30T05:46:27.985+00:00 │ │                             │   loss_spike_recovery_lr_decay=0.5,       │ │
2026-09-30T05:46:27.985+00:00 │ │                             │   relora_steps=None,                      │ │
2026-09-30T05:46:27.985+00:00 │ │                             │   relora_warmup_ratio=0.1,                │ │
2026-09-30T05:46:27.986+00:00 │ │                             │   relora_reset_optimizer=True,            │ │
2026-09-30T05:46:27.986+00:00 │ │                             │   relora_prune_ratio=0.9,                 │ │
2026-09-30T05:46:27.986+00:00 │ │                             │   convergence_detection=False,            │ │
2026-09-30T05:46:27.986+00:00 │ │                             │   convergence_window=50,                  │ │
2026-09-30T05:46:27.986+00:00 │ │                             │   convergence_rel_tol=0.005,              │ │
2026-09-30T05:46:27.986+00:00 │ │                             │   warmup_auto=False,                      │ │
2026-09-30T05:46:27.986+00:00 │ │                             │   auto_mixed_precision=False,             │ │
2026-09-30T05:46:27.987+00:00 │ │                             │   grad_accum_auto_tune=False,             │ │
2026-09-30T05:46:27.987+00:00 │ │                             │   grad_accum_pressure_threshold=0.92,     │ │
2026-09-30T05:46:27.987+00:00 │ │                             │   freeze_layers=None,                     │ │
2026-09-30T05:46:27.987+00:00 │ │                             │   freeze_ratio=None,                      │ │
2026-09-30T05:46:27.988+00:00 │ │                             │   unfrozen_parameters=None,               │ │
2026-09-30T05:46:27.988+00:00 │ │                             │   lisa_enabled=False,                     │ │
2026-09-30T05:46:27.988+00:00 │ │                             │   lisa_num_layers=2,                      │ │
2026-09-30T05:46:27.988+00:00 │ │                             │   lisa_interval_steps=20,                 │ │
2026-09-30T05:46:27.988+00:00 │ │                             │   lisa_reset_optimizer=True,              │ │
2026-09-30T05:46:27.988+00:00 │ │                             │   lisa_train_embeddings=True,             │ │
2026-09-30T05:46:27.988+00:00 │ │                             │   stream_layers=True,                     │ │
2026-09-30T05:46:27.988+00:00 │ │                             │   stream_source='ram',                    │ │
2026-09-30T05:46:27.988+00:00 │ │                             │   stream_ngram_source='auto',             │ │
2026-09-30T05:46:27.988+00:00 │ │                             │   stream_buffers=2,                       │ │
2026-09-30T05:46:27.989+00:00 │ │                             │   stream_pin=None,                        │ │
2026-09-30T05:46:27.989+00:00 │ │                             │   stream_vram_override=None,              │ │
2026-09-30T05:46:27.989+00:00 │ │                             │   stream_vram_probe=False,                │ │
2026-09-30T05:46:27.989+00:00 │ │                             │   stream_disk_kind=None,                  │ │
2026-09-30T05:46:27.989+00:00 │ │                             │   packing=False,                          │ │
2026-09-30T05:46:27.989+00:00 │ │                             │   multipack=False,                        │ │
2026-09-30T05:46:27.989+00:00 │ │                             │   neftune_alpha=None,                     │ │
2026-09-30T05:46:27.989+00:00 │ │                             │   forgetting_detection=False,             │ │
2026-09-30T05:46:27.990+00:00 │ │                             │   forgetting_eval_steps=100,              │ │
2026-09-30T05:46:27.990+00:00 │ │                             │   forgetting_threshold=0.1,               │ │
2026-09-30T05:46:27.990+00:00 │ │                             │   forgetting_benchmark='mini_mmlu',       │ │
2026-09-30T05:46:27.990+00:00 │ │                             │   forgetting_stop=False,                  │ │
2026-09-30T05:46:27.991+00:00 │ │                             │   checkpoint_intelligence=False,          │ │
2026-09-30T05:46:27.991+00:00 │ │                             │   checkpoint_eval_steps=200,              │ │
2026-09-30T05:46:27.991+00:00 │ │                             │   checkpoint_eval_metric='composite',     │ │
2026-09-30T05:46:27.991+00:00 │ │                             │   checkpoint_eval_tasks=None,             │ │
2026-09-30T05:46:27.991+00:00 │ │                             │   checkpoint_keep_top=3,                  │ │
2026-09-30T05:46:27.991+00:00 │ │                             │   early_stop_on_regression=False,         │ │
2026-09-30T05:46:27.992+00:00 │ │                             │   early_stop_patience=2,                  │ │
2026-09-30T05:46:27.992+00:00 │ │                             │   eval_gate=None,                         │ │
2026-09-30T05:46:27.992+00:00 │ │                             │   use_fsdp2_compile=False,                │ │
2026-09-30T05:46:27.992+00:00 │ │                             │   parallelism='data',                     │ │
2026-09-30T05:46:27.992+00:00 │ │                             │   pipeline_stages=1,                      │ │
2026-09-30T05:46:27.992+00:00 │ │                             │   unlearn_method=None,                    │ │
2026-09-30T05:46:27.992+00:00 │ │                             │   unlearn_alpha=None,                     │ │
2026-09-30T05:46:27.993+00:00 │ │                             │   ra_dit_stage=None,                      │ │
2026-09-30T05:46:27.993+00:00 │ │                             │   ra_dit_retriever_model=None,            │ │
2026-09-30T05:46:27.993+00:00 │ │                             │   citation_faithful=False,                │ │
2026-09-30T05:46:27.993+00:00 │ │                             │   citation_style=None,                    │ │
2026-09-30T05:46:27.994+00:00 │ │                             │   citation_recall_threshold=None,         │ │
2026-09-30T05:46:27.994+00:00 │ │                             │   grace_codebook=False,                   │ │
2026-09-30T05:46:27.994+00:00 │ │                             │   grace_codebook_size=None,               │ │
2026-09-30T05:46:27.994+00:00 │ │                             │   grace_codebook_dim=None                 │ │
2026-09-30T05:46:27.994+00:00 │ │                             )                                           │ │
2026-09-30T05:46:27.994+00:00 │ │                    resume = None                                        │ │
2026-09-30T05:46:27.994+00:00 │ │               resume_from = None                                        │ │
2026-09-30T05:46:27.994+00:00 │ │      reward_hack_detector = None                                        │ │
2026-09-30T05:46:27.994+00:00 │ │          reward_hack_halt = False                                       │ │
2026-09-30T05:46:27.994+00:00 │ │    reward_hack_mitigation = None                                        │ │
2026-09-30T05:46:27.994+00:00 │ │                    run_id = 'run_20260930_084542_322d9a5d'              │ │
2026-09-30T05:46:27.995+00:00 │ │                seed_label = '42'                                        │ │
2026-09-30T05:46:27.995+00:00 │ │               tensorboard = False                                       │ │
2026-09-30T05:46:27.995+00:00 │ │              track_energy = False                                       │ │
2026-09-30T05:46:27.995+00:00 │ │                   tracker = <soup_cli.experiment.tracker.ExperimentTra… │ │
2026-09-30T05:46:27.995+00:00 │ │                             object at 0x0000016B402876B0>               │ │
2026-09-30T05:46:27.995+00:00 │ │           tracker_backend = None                                        │ │
2026-09-30T05:46:27.995+00:00 │ │            trainer_kwargs = {                                           │ │
2026-09-30T05:46:27.995+00:00 │ │                             │   'device': 'cuda',                       │ │
2026-09-30T05:46:27.995+00:00 │ │                             │   'report_to': 'none',                    │ │
2026-09-30T05:46:27.995+00:00 │ │                             │   'deepspeed_config': None,               │ │
2026-09-30T05:46:27.995+00:00 │ │                             │   'fsdp_config': None,                    │ │
2026-09-30T05:46:27.997+00:00 │ │                             │   'trust_remote_code': False              │ │
2026-09-30T05:46:27.997+00:00 │ │                             }                                           │ │
2026-09-30T05:46:27.997+00:00 │ │           trainer_wrapper = <soup_cli.trainer.dpo.DPOTrainerWrapper     │ │
2026-09-30T05:46:27.997+00:00 │ │                             object at 0x0000016B3FC54B00>               │ │
2026-09-30T05:46:27.997+00:00 │ │         trust_remote_code = False                                       │ │
2026-09-30T05:46:27.997+00:00 │ │                     wandb = False                                       │ │
2026-09-30T05:46:27.997+00:00 │ │                       yes = True                                        │ │
2026-09-30T05:46:27.997+00:00 │ └─────────────────────────────────────────────────────────────────────────┘ │
2026-09-30T05:46:27.997+00:00 │                                                                             │
2026-09-30T05:46:27.997+00:00 │ D:\Abdulwaarith\Desktop\soup-take-home\.venv\Lib\site-packages\soup_cli\tra │
2026-09-30T05:46:27.997+00:00 │ iner\dpo.py:419 in train                                                    │
2026-09-30T05:46:27.997+00:00 │                                                                             │
2026-09-30T05:46:27.997+00:00 │   416 │   │   │   │   fp16=getattr(self.trainer.args, "fp16", False),       │
2026-09-30T05:46:27.997+00:00 │   417 │   │   │   │   bf16=getattr(self.trainer.args, "bf16", False),       │
2026-09-30T05:46:27.998+00:00 │   418 │   │   │   )                                                         │
2026-09-30T05:46:27.998+00:00 │ > 419 │   │   │   self.trainer.train(resume_from_checkpoint=resume_from_che │
2026-09-30T05:46:27.998+00:00 │   420 │   │   duration = time.time() - start                                │
2026-09-30T05:46:27.998+00:00 │   421 │   │                                                                 │
2026-09-30T05:46:27.998+00:00 │   422 │   │   # Save final model (LoRA adapter)                             │
2026-09-30T05:46:27.998+00:00 │                                                                             │
2026-09-30T05:46:27.998+00:00 │ ┌──────────────────────────────── locals ─────────────────────────────────┐ │
2026-09-30T05:46:27.998+00:00 │ │                display = <soup_cli.monitoring.display.TrainingDisplay   │ │
2026-09-30T05:46:27.998+00:00 │ │                          object at 0x0000016B937F9700>                  │ │
2026-09-30T05:46:27.998+00:00 │ │ resume_from_checkpoint = None                                           │ │
2026-09-30T05:46:27.999+00:00 │ │                 run_id = 'run_20260930_084542_322d9a5d'                 │ │
2026-09-30T05:46:27.999+00:00 │ │                   self = <soup_cli.trainer.dpo.DPOTrainerWrapper object │ │
2026-09-30T05:46:27.999+00:00 │ │                          at 0x0000016B3FC54B00>                         │ │
2026-09-30T05:46:28.000+00:00 │ │                  start = 1790747175.63796                               │ │
2026-09-30T05:46:28.000+00:00 │ │                   tcfg = TrainingConfig(                                │ │
2026-09-30T05:46:28.000+00:00 │ │                          │   epochs=1,                                  │ │
2026-09-30T05:46:28.000+00:00 │ │                          │   lr=5e-05,                                  │ │
2026-09-30T05:46:28.000+00:00 │ │                          │   batch_size=1,                              │ │
2026-09-30T05:46:28.000+00:00 │ │                          │   auto_batch_size_strategy='auto',           │ │
2026-09-30T05:46:28.000+00:00 │ │                          │   gradient_accumulation_steps=4,             │ │
2026-09-30T05:46:28.000+00:00 │ │                          │   seed=42,                                   │ │
2026-09-30T05:46:28.000+00:00 │ │                          │   data_seed=None,                            │ │
2026-09-30T05:46:28.000+00:00 │ │                          │   warmup_ratio=0.1,                          │ │
2026-09-30T05:46:28.001+00:00 │ │                          │   weight_decay=0.0,                          │ │
2026-09-30T05:46:28.001+00:00 │ │                          │   max_grad_norm=1.0,                         │ │
2026-09-30T05:46:28.001+00:00 │ │                          │   lora=LoraConfig(                           │ │
2026-09-30T05:46:28.001+00:00 │ │                          │   │   r=16,                                  │ │
2026-09-30T05:46:28.001+00:00 │ │                          │   │   alpha=32,                              │ │
2026-09-30T05:46:28.001+00:00 │ │                          │   │   dropout=0.0,                           │ │
2026-09-30T05:46:28.002+00:00 │ │                          │   │   target_modules='auto',                 │ │
2026-09-30T05:46:28.002+00:00 │ │                          │   │   target_parameters=None,                │ │
2026-09-30T05:46:28.002+00:00 │ │                          │   │   use_dora=False,                        │ │
2026-09-30T05:46:28.002+00:00 │ │                          │   │   use_rslora=False,                      │ │
2026-09-30T05:46:28.002+00:00 │ │                          │   │   use_vera=False,                        │ │
2026-09-30T05:46:28.002+00:00 │ │                          │   │   use_olora=False,                       │ │
2026-09-30T05:46:28.002+00:00 │ │                          │   │   rank_pattern=None,                     │ │
2026-09-30T05:46:28.003+00:00 │ │                          │   │   alpha_pattern=None,                    │ │
2026-09-30T05:46:28.003+00:00 │ │                          │   │   init_strategy='random',                │ │
2026-09-30T05:46:28.003+00:00 │ │                          │   │   loftq_iter=1,                          │ │
2026-09-30T05:46:28.003+00:00 │ │                          │   │   loftq_bits=4                           │ │
2026-09-30T05:46:28.003+00:00 │ │                          │   ),                                         │ │
2026-09-30T05:46:28.003+00:00 │ │                          │   quantization='none',                       │ │
2026-09-30T05:46:28.003+00:00 │ │                          │   gptq_disable_exllama=True,                 │ │
2026-09-30T05:46:28.003+00:00 │ │                          │   bnb_4bit_quant_storage=None,               │ │
2026-09-30T05:46:28.003+00:00 │ │                          │   quantization_aware=False,                  │ │
2026-09-30T05:46:28.003+00:00 │ │                          │   fp8_recipe='tensorwise',                   │ │
2026-09-30T05:46:28.003+00:00 │ │                          │   optimizer='adamw_torch',                   │ │
2026-09-30T05:46:28.003+00:00 │ │                          │   lr_groups=None,                            │ │
2026-09-30T05:46:28.005+00:00 │ │                          │   expand_layers=None,                        │ │
2026-09-30T05:46:28.005+00:00 │ │                          │   freeze_trainable_layers=None,              │ │
2026-09-30T05:46:28.005+00:00 │ │                          │   use_mod=False,                             │ │
2026-09-30T05:46:28.005+00:00 │ │                          │   mod_capacity_factor=0.125,                 │ │
2026-09-30T05:46:28.005+00:00 │ │                          │   load_in_8bit=None,                         │ │
2026-09-30T05:46:28.005+00:00 │ │                          │   load_in_16bit=None,                        │ │
2026-09-30T05:46:28.006+00:00 │ │                          │   scheduler='cosine',                        │ │
2026-09-30T05:46:28.007+00:00 │ │                          │   save_steps=1000,                           │ │
2026-09-30T05:46:28.007+00:00 │ │                          │   logging_steps=1,                           │ │
2026-09-30T05:46:28.007+00:00 │ │                          │   dpo_beta=0.1,                              │ │
2026-09-30T05:46:28.007+00:00 │ │                          │   kto_beta=0.1,                              │ │
2026-09-30T05:46:28.007+00:00 │ │                          │   orpo_beta=0.1,                             │ │
2026-09-30T05:46:28.007+00:00 │ │                          │   simpo_gamma=0.5,                           │ │
2026-09-30T05:46:28.007+00:00 │ │                          │   cpo_alpha=1.0,                             │ │
2026-09-30T05:46:28.009+00:00 │ │                          │   ipo_tau=0.1,                               │ │
2026-09-30T05:46:28.009+00:00 │ │                          │   bco_beta=0.1,                              │ │
2026-09-30T05:46:28.009+00:00 │ │                          │   preference_loss=None,                      │ │
2026-09-30T05:46:28.009+00:00 │ │                          │   dpo_beta_schedule=None,                    │ │
2026-09-30T05:46:28.009+00:00 │ │                          │   dpo_beta_end=None,                         │ │
2026-09-30T05:46:28.009+00:00 │ │                          │   dpo_ref_regen_epochs=None,                 │ │
2026-09-30T05:46:28.010+00:00 │ │                          │   preference_loss_weights=None,              │ │
2026-09-30T05:46:28.010+00:00 │ │                          │   grpo_beta=0.1,                             │ │
2026-09-30T05:46:28.010+00:00 │ │                          │   num_generations=4,                         │ │
2026-09-30T05:46:28.010+00:00 │ │                          │   reward_fn='accuracy',                      │ │
2026-09-30T05:46:28.010+00:00 │ │                          │   verifiable_domain=None,                    │ │
2026-09-30T05:46:28.010+00:00 │ │                          │   prm_reward=None,                           │ │
2026-09-30T05:46:28.010+00:00 │ │                          │   prm_aggregate='min',                       │ │
2026-09-30T05:46:28.010+00:00 │ │                          │   online_dpo_judge=None,                     │ │
2026-09-30T05:46:28.010+00:00 │ │                          │   online_dpo_loss_type='sigmoid',            │ │
2026-09-30T05:46:28.010+00:00 │ │                          │   online_dpo_max_new_tokens=64,              │ │
2026-09-30T05:46:28.011+00:00 │ │                          │   asr_language=None,                         │ │
2026-09-30T05:46:28.011+00:00 │ │                          │   asr_task='transcribe',                     │ │
2026-09-30T05:46:28.011+00:00 │ │                          │   asr_lora=False,                            │ │
2026-09-30T05:46:28.011+00:00 │ │                          │   grpo_variant=None,                         │ │
2026-09-30T05:46:28.011+00:00 │ │                          │   grpo_delta=None,                           │ │
2026-09-30T05:46:28.011+00:00 │ │                          │   grpo_fp16=False,                           │ │
2026-09-30T05:46:28.012+00:00 │ │                          │   long_context_grpo=False,                   │ │
2026-09-30T05:46:28.012+00:00 │ │                          │   vllm_sleep_mode=False,                     │ │
2026-09-30T05:46:28.012+00:00 │ │                          │   rollout_backend=None,                      │ │
2026-09-30T05:46:28.012+00:00 │ │                          │   rollout_func=None,                         │ │
2026-09-30T05:46:28.012+00:00 │ │                          │   ref_model_ema_alpha=None,                  │ │
2026-09-30T05:46:28.012+00:00 │ │                          │   replay_buffer_size=None,                   │ │
2026-09-30T05:46:28.013+00:00 │ │                          │   async_grpo_prefetch=False,                 │ │
2026-09-30T05:46:28.013+00:00 │ │                          │   tis_threshold=None,                        │ │
2026-09-30T05:46:28.013+00:00 │ │                          │   mask_truncated_completions=False,          │ │
2026-09-30T05:46:28.013+00:00 │ │                          │   defer_rerolling=False,                     │ │
2026-09-30T05:46:28.013+00:00 │ │                          │   skip_zero_advantage=False,                 │ │
2026-09-30T05:46:28.013+00:00 │ │                          │   off_policy_mask_threshold=None,            │ │
2026-09-30T05:46:28.014+00:00 │ │                          │   vision_grpo=False,                         │ │
2026-09-30T05:46:28.014+00:00 │ │                          │   hub='hf',                                  │ │
2026-09-30T05:46:28.014+00:00 │ │                          │   tts_family=None,                           │ │
2026-09-30T05:46:28.015+00:00 │ │                          │   tts_emotion=None,                          │ │
2026-09-30T05:46:28.015+00:00 │ │                          │   num_labels=None,                           │ │
2026-09-30T05:46:28.015+00:00 │ │                          │   classifier_kind=None,                      │ │
2026-09-30T05:46:28.015+00:00 │ │                          │   label_names=None,                          │ │
2026-09-30T05:46:28.015+00:00 │ │                          │   mole_task_adapters=None,                   │ │
2026-09-30T05:46:28.015+00:00 │ │                          │   mole_top_k=None,                           │ │
2026-09-30T05:46:28.016+00:00 │ │                          │   mole_temperature=None,                     │ │
2026-09-30T05:46:28.016+00:00 │ │                          │   teacher_model=None,                        │ │
2026-09-30T05:46:28.016+00:00 │ │                          │   distill_divergence=None,                   │ │
2026-09-30T05:46:28.016+00:00 │ │                          │   distill_temperature=None,                  │ │
2026-09-30T05:46:28.016+00:00 │ │                          │   distill_mode='token',                      │ │
2026-09-30T05:46:28.017+00:00 │ │                          │   classifier_lora=False,                     │ │
2026-09-30T05:46:28.017+00:00 │ │                          │   ebft_variant=None,                         │ │
2026-09-30T05:46:28.017+00:00 │ │                          │   ebft_temperature=None,                     │ │
2026-09-30T05:46:28.017+00:00 │ │                          │   gdpo_variant=None,                         │ │
2026-09-30T05:46:28.017+00:00 │ │                          │   moe_expert_quant=None,                     │ │
2026-09-30T05:46:28.017+00:00 │ │                          │   train_router_only=False,                   │ │
2026-09-30T05:46:28.018+00:00 │ │                          │   reasoning_effort=None,                     │ │
2026-09-30T05:46:28.018+00:00 │ │                          │   train_on_eot=False,                        │ │
2026-09-30T05:46:28.018+00:00 │ │                          │   kv_cache_type=None,                        │ │
2026-09-30T05:46:28.018+00:00 │ │                          │   fp8_attention=False,                       │ │
2026-09-30T05:46:28.018+00:00 │ │                          │   nvfp4=False,                               │ │
2026-09-30T05:46:28.019+00:00 │ │                          │   unsloth_bnb_4bit=False,                    │ │
2026-09-30T05:46:28.019+00:00 │ │                          │   bnb_4bit_use_double_quant=None,            │ │
2026-09-30T05:46:28.019+00:00 │ │                          │   llm_int8=False,                            │ │
2026-09-30T05:46:28.019+00:00 │ │                          │   quantize_ref_model=False,                  │ │
2026-09-30T05:46:28.019+00:00 │ │                          │   quantize_reward_model=False,               │ │
2026-09-30T05:46:28.019+00:00 │ │                          │   echo_trap_enabled=False,                   │ │
2026-09-30T05:46:28.019+00:00 │ │                          │   echo_trap_threshold=0.6,                   │ │
2026-09-30T05:46:28.020+00:00 │ │                          │   echo_trap_halt=False,                      │ │
2026-09-30T05:46:28.020+00:00 │ │                          │   echo_trap_tokenizer_aware=False,           │ │
2026-09-30T05:46:28.020+00:00 │ │                          │   rl_checkpoint_save_every_steps=None,       │ │
2026-09-30T05:46:28.021+00:00 │ │                          │   rl_checkpoint_keep_last=3,                 │ │
2026-09-30T05:46:28.021+00:00 │ │                          │   rl_checkpoint_include_optimizer=True,      │ │
2026-09-30T05:46:28.021+00:00 │ │                          │   rl_checkpoint_include_ref_model=False,     │ │
2026-09-30T05:46:28.021+00:00 │ │                          │                                              │ │
2026-09-30T05:46:28.021+00:00 │ │                          rl_checkpoint_include_rollout_buffer=False,    │ │
2026-09-30T05:46:28.021+00:00 │ │                          │   minillm_enabled=False,                     │ │
2026-09-30T05:46:28.021+00:00 │ │                          │   minillm_teacher_mix_ratio=0.0,             │ │
2026-09-30T05:46:28.021+00:00 │ │                          │   minillm_length_normalize=True,             │ │
2026-09-30T05:46:28.021+00:00 │ │                          │   minillm_pretrain_anchor_weight=0.0,        │ │
2026-09-30T05:46:28.022+00:00 │ │                          │   minillm_pretrain_anchor_path=None,         │ │
2026-09-30T05:46:28.022+00:00 │ │                          │   minillm_on_policy=False,                   │ │
2026-09-30T05:46:28.023+00:00 │ │                          │   minillm_rollout_length=None,               │ │
2026-09-30T05:46:28.023+00:00 │ │                          │   uld_strategy=None,                         │ │
2026-09-30T05:46:28.023+00:00 │ │                          │   uld_top_k=None,                            │ │
2026-09-30T05:46:28.023+00:00 │ │                          │   reward_hack_detector=None,                 │ │
2026-09-30T05:46:28.024+00:00 │ │                          │   reward_hack_halt=False,                    │ │
2026-09-30T05:46:28.024+00:00 │ │                          │   reward_hack_mitigation='off',              │ │
2026-09-30T05:46:28.024+00:00 │ │                          │   reward_hack_beta_floor=0.02,               │ │
2026-09-30T05:46:28.024+00:00 │ │                          │   reward_hack_beta_ceil=1.0,                 │ │
2026-09-30T05:46:28.024+00:00 │ │                          │   reward_hack_trip_band=0.3,                 │ │
2026-09-30T05:46:28.025+00:00 │ │                          │   reward_hack_release_band=0.1,              │ │
2026-09-30T05:46:28.025+00:00 │ │                          │   reward_hack_dwell_steps=2,                 │ │
2026-09-30T05:46:28.025+00:00 │ │                          │   reward_hack_release_patience=3,            │ │
2026-09-30T05:46:28.025+00:00 │ │                          │   reward_hack_kl_gain=1.5,                   │ │
2026-09-30T05:46:28.025+00:00 │ │                          │   reward_hack_signals=['info_rm'],           │ │
2026-09-30T05:46:28.025+00:00 │ │                          │   reward_hack_pid_kp=0.5,                    │ │
2026-09-30T05:46:28.026+00:00 │ │                          │   reward_hack_pid_ki=0.1,                    │ │
2026-09-30T05:46:28.026+00:00 │ │                          │   reward_hack_pid_kd=0.05,                   │ │
2026-09-30T05:46:28.026+00:00 │ │                          │   reward_hack_signal_target=0.15,            │ │
2026-09-30T05:46:28.026+00:00 │ │                          │   reward_hack_integral_clamp=1.0,            │ │
2026-09-30T05:46:28.026+00:00 │ │                          │   reward_hack_rollback=False,                │ │
2026-09-30T05:46:28.026+00:00 │ │                          │   reward_hack_rollback_patience=3,           │ │
2026-09-30T05:46:28.027+00:00 │ │                          │   reward_hack_max_recovery_attempts=2,       │ │
2026-09-30T05:46:28.027+00:00 │ │                          │   reward_hack_signal_smoothing='none',       │ │
2026-09-30T05:46:28.027+00:00 │ │                          │   reward_hack_smoothing_window=8,            │ │
2026-09-30T05:46:28.027+00:00 │ │                          │                                              │ │
2026-09-30T05:46:28.027+00:00 │ │                          reward_hack_conservative_on_disagreement=Fals… │ │
2026-09-30T05:46:28.027+00:00 │ │                          │   reward_hack_reward_shaping=False,          │ │
2026-09-30T05:46:28.027+00:00 │ │                          │   reward_hack_shaping_kind='length',         │ │
2026-09-30T05:46:28.028+00:00 │ │                          │   reward_hack_shaping_strength=0.0,          │ │
2026-09-30T05:46:28.028+00:00 │ │                          │   ppo_epochs=4,                              │ │
2026-09-30T05:46:28.028+00:00 │ │                          │   ppo_clip_ratio=0.2,                        │ │
2026-09-30T05:46:28.028+00:00 │ │                          │   ppo_kl_penalty=0.05,                       │ │
2026-09-30T05:46:28.028+00:00 │ │                          │   reward_model=None,                         │ │
2026-09-30T05:46:28.028+00:00 │ │                          │   loraplus_lr_ratio=None,                    │ │
2026-09-30T05:46:28.029+00:00 │ │                          │   use_galore=False,                          │ │
2026-09-30T05:46:28.029+00:00 │ │                          │   galore_rank=128,                           │ │
2026-09-30T05:46:28.029+00:00 │ │                          │   galore_update_proj_gap=200,                │ │
2026-09-30T05:46:28.029+00:00 │ │                          │   galore_scale=0.25,                         │ │
2026-09-30T05:46:28.029+00:00 │ │                          │   moe_lora=False,                            │ │
2026-09-30T05:46:28.029+00:00 │ │                          │   moe_aux_loss_coeff=0.01,                   │ │
2026-09-30T05:46:28.030+00:00 │ │                          │   use_liger=False,                           │ │
2026-09-30T05:46:28.030+00:00 │ │                          │   use_flash_attn=False,                      │ │
2026-09-30T05:46:28.030+00:00 │ │                          │   use_ring_attention=False,                  │ │
2026-09-30T05:46:28.030+00:00 │ │                          │   rope_scaling_type=None,                    │ │
2026-09-30T05:46:28.030+00:00 │ │                          │   yarn_factor=None,                          │ │
2026-09-30T05:46:28.030+00:00 │ │                          │   yarn_attn_factor=None,                     │ │
2026-09-30T05:46:28.031+00:00 │ │                          │   yarn_beta_fast=None,                       │ │
2026-09-30T05:46:28.031+00:00 │ │                          │   yarn_beta_slow=None,                       │ │
2026-09-30T05:46:28.031+00:00 │ │                          │   use_longlora=False,                        │ │
2026-09-30T05:46:28.031+00:00 │ │                          │   gradient_checkpointing=True,               │ │
2026-09-30T05:46:28.031+00:00 │ │                          │   use_cut_ce=False,                          │ │
2026-09-30T05:46:28.031+00:00 │ │                          │   kernel_auto_compose=False,                 │ │
2026-09-30T05:46:28.031+00:00 │ │                          │   packing_cross_doc_attn_mask=False,         │ │
2026-09-30T05:46:28.031+00:00 │ │                          │   activation_offloading=None,                │ │
2026-09-30T05:46:28.031+00:00 │ │                          │   embedding_loss='contrastive',              │ │
2026-09-30T05:46:28.032+00:00 │ │                          │   embedding_margin=0.5,                      │ │
2026-09-30T05:46:28.032+00:00 │ │                          │   embedding_pooling='mean',                  │ │
2026-09-30T05:46:28.032+00:00 │ │                          │   embedding_temperature=0.05,                │ │
2026-09-30T05:46:28.032+00:00 │ │                          │   curriculum=False,                          │ │
2026-09-30T05:46:28.032+00:00 │ │                          │   curriculum_metric='length',                │ │
2026-09-30T05:46:28.032+00:00 │ │                          │   curriculum_buckets=4,                      │ │
2026-09-30T05:46:28.032+00:00 │ │                          │   curriculum_dynamic=False,                  │ │
2026-09-30T05:46:28.032+00:00 │ │                          │   curriculum_dynamic_recompute_steps=50,     │ │
2026-09-30T05:46:28.032+00:00 │ │                          │   curriculum_dynamic_floor=0.05,             │ │
2026-09-30T05:46:28.033+00:00 │ │                          │   curriculum_dynamic_temperature=1.0,        │ │
2026-09-30T05:46:28.033+00:00 │ │                          │   loss_watchdog=False,                       │ │
2026-09-30T05:46:28.033+00:00 │ │                          │   loss_watchdog_threshold=3.0,               │ │
2026-09-30T05:46:28.033+00:00 │ │                          │   loss_watchdog_patience=5,                  │ │
2026-09-30T05:46:28.033+00:00 │ │                          │   loss_spike_recovery=False,                 │ │
2026-09-30T05:46:28.033+00:00 │ │                          │   loss_spike_recovery_max_attempts=3,        │ │
2026-09-30T05:46:28.034+00:00 │ │                          │   loss_spike_recovery_lr_decay=0.5,          │ │
2026-09-30T05:46:28.034+00:00 │ │                          │   relora_steps=None,                         │ │
2026-09-30T05:46:28.034+00:00 │ │                          │   relora_warmup_ratio=0.1,                   │ │
2026-09-30T05:46:28.034+00:00 │ │                          │   relora_reset_optimizer=True,               │ │
2026-09-30T05:46:28.034+00:00 │ │                          │   relora_prune_ratio=0.9,                    │ │
2026-09-30T05:46:28.034+00:00 │ │                          │   convergence_detection=False,               │ │
2026-09-30T05:46:28.035+00:00 │ │                          │   convergence_window=50,                     │ │
2026-09-30T05:46:28.035+00:00 │ │                          │   convergence_rel_tol=0.005,                 │ │
2026-09-30T05:46:28.035+00:00 │ │                          │   warmup_auto=False,                         │ │
2026-09-30T05:46:28.035+00:00 │ │                          │   auto_mixed_precision=False,                │ │
2026-09-30T05:46:28.035+00:00 │ │                          │   grad_accum_auto_tune=False,                │ │
2026-09-30T05:46:28.036+00:00 │ │                          │   grad_accum_pressure_threshold=0.92,        │ │
2026-09-30T05:46:28.036+00:00 │ │                          │   freeze_layers=None,                        │ │
2026-09-30T05:46:28.036+00:00 │ │                          │   freeze_ratio=None,                         │ │
2026-09-30T05:46:28.036+00:00 │ │                          │   unfrozen_parameters=None,                  │ │
2026-09-30T05:46:28.036+00:00 │ │                          │   lisa_enabled=False,                        │ │
2026-09-30T05:46:28.036+00:00 │ │                          │   lisa_num_layers=2,                         │ │
2026-09-30T05:46:28.036+00:00 │ │                          │   lisa_interval_steps=20,                    │ │
2026-09-30T05:46:28.036+00:00 │ │                          │   lisa_reset_optimizer=True,                 │ │
2026-09-30T05:46:28.036+00:00 │ │                          │   lisa_train_embeddings=True,                │ │
2026-09-30T05:46:28.036+00:00 │ │                          │   stream_layers=True,                        │ │
2026-09-30T05:46:28.038+00:00 │ │                          │   stream_source='ram',                       │ │
2026-09-30T05:46:28.038+00:00 │ │                          │   stream_ngram_source='auto',                │ │
2026-09-30T05:46:28.038+00:00 │ │                          │   stream_buffers=2,                          │ │
2026-09-30T05:46:28.039+00:00 │ │                          │   stream_pin=None,                           │ │
2026-09-30T05:46:28.039+00:00 │ │                          │   stream_vram_override=None,                 │ │
2026-09-30T05:46:28.039+00:00 │ │                          │   stream_vram_probe=False,                   │ │
2026-09-30T05:46:28.039+00:00 │ │                          │   stream_disk_kind=None,                     │ │
2026-09-30T05:46:28.039+00:00 │ │                          │   packing=False,                             │ │
2026-09-30T05:46:28.039+00:00 │ │                          │   multipack=False,                           │ │
2026-09-30T05:46:28.039+00:00 │ │                          │   neftune_alpha=None,                        │ │
2026-09-30T05:46:28.039+00:00 │ │                          │   forgetting_detection=False,                │ │
2026-09-30T05:46:28.039+00:00 │ │                          │   forgetting_eval_steps=100,                 │ │
2026-09-30T05:46:28.041+00:00 │ │                          │   forgetting_threshold=0.1,                  │ │
2026-09-30T05:46:28.041+00:00 │ │                          │   forgetting_benchmark='mini_mmlu',          │ │
2026-09-30T05:46:28.041+00:00 │ │                          │   forgetting_stop=False,                     │ │
2026-09-30T05:46:28.041+00:00 │ │                          │   checkpoint_intelligence=False,             │ │
2026-09-30T05:46:28.041+00:00 │ │                          │   checkpoint_eval_steps=200,                 │ │
2026-09-30T05:46:28.042+00:00 │ │                          │   checkpoint_eval_metric='composite',        │ │
2026-09-30T05:46:28.042+00:00 │ │                          │   checkpoint_eval_tasks=None,                │ │
2026-09-30T05:46:28.042+00:00 │ │                          │   checkpoint_keep_top=3,                     │ │
2026-09-30T05:46:28.042+00:00 │ │                          │   early_stop_on_regression=False,            │ │
2026-09-30T05:46:28.042+00:00 │ │                          │   early_stop_patience=2,                     │ │
2026-09-30T05:46:28.042+00:00 │ │                          │   eval_gate=None,                            │ │
2026-09-30T05:46:28.043+00:00 │ │                          │   use_fsdp2_compile=False,                   │ │
2026-09-30T05:46:28.043+00:00 │ │                          │   parallelism='data',                        │ │
2026-09-30T05:46:28.043+00:00 │ │                          │   pipeline_stages=1,                         │ │
2026-09-30T05:46:28.043+00:00 │ │                          │   unlearn_method=None,                       │ │
2026-09-30T05:46:28.043+00:00 │ │                          │   unlearn_alpha=None,                        │ │
2026-09-30T05:46:28.043+00:00 │ │                          │   ra_dit_stage=None,                         │ │
2026-09-30T05:46:28.044+00:00 │ │                          │   ra_dit_retriever_model=None,               │ │
2026-09-30T05:46:28.044+00:00 │ │                          │   citation_faithful=False,                   │ │
2026-09-30T05:46:28.044+00:00 │ │                          │   citation_style=None,                       │ │
2026-09-30T05:46:28.044+00:00 │ │                          │   citation_recall_threshold=None,            │ │
2026-09-30T05:46:28.044+00:00 │ │                          │   grace_codebook=False,                      │ │
2026-09-30T05:46:28.044+00:00 │ │                          │   grace_codebook_size=None,                  │ │
2026-09-30T05:46:28.044+00:00 │ │                          │   grace_codebook_dim=None                    │ │
2026-09-30T05:46:28.045+00:00 │ │                          )                                              │ │
2026-09-30T05:46:28.045+00:00 │ │                tracker = <soup_cli.experiment.tracker.ExperimentTracker │ │
2026-09-30T05:46:28.045+00:00 │ │                          object at 0x0000016B402876B0>                  │ │
2026-09-30T05:46:28.045+00:00 │ │            variant_cbs = []                                             │ │
2026-09-30T05:46:28.045+00:00 │ └─────────────────────────────────────────────────────────────────────────┘ │
2026-09-30T05:46:28.045+00:00 │                                                                             │
2026-09-30T05:46:28.045+00:00 │ D:\Abdulwaarith\Desktop\soup-take-home\.venv\Lib\site-packages\transformers │
2026-09-30T05:46:28.045+00:00 │ \trainer.py:1520 in train                                                   │
2026-09-30T05:46:28.045+00:00 │                                                                             │
2026-09-30T05:46:28.046+00:00 │   1517 │   │   # Disable progress bars when uploading models during checkpo │
2026-09-30T05:46:28.046+00:00 │   1518 │   │   ctx = suppress_progress_bars() if args.push_to_hub else cont │
2026-09-30T05:46:28.046+00:00 │   1519 │   │   with ctx:                                                    │
2026-09-30T05:46:28.046+00:00 │ > 1520 │   │   │   return inner_training_loop(                              │
2026-09-30T05:46:28.046+00:00 │   1521 │   │   │   │   args=args,                                           │
2026-09-30T05:46:28.046+00:00 │   1522 │   │   │   │   resume_from_checkpoint=resume_from_checkpoint,       │
2026-09-30T05:46:28.046+00:00 │   1523 │   │   │   │   trial=trial,                                         │
2026-09-30T05:46:28.046+00:00 │                                                                             │
2026-09-30T05:46:28.046+00:00 │ ┌──────────────────────────────── locals ─────────────────────────────────┐ │
2026-09-30T05:46:28.047+00:00 │ │                   args = DPOConfig(                                     │ │
2026-09-30T05:46:28.047+00:00 │ │                          │   output_dir='runs\\smoke',                  │ │
2026-09-30T05:46:28.047+00:00 │ │                          │   per_device_train_batch_size=1,             │ │
2026-09-30T05:46:28.047+00:00 │ │                          │   num_train_epochs=1,                        │ │
2026-09-30T05:46:28.047+00:00 │ │                          │   max_steps=-1,                              │ │
2026-09-30T05:46:28.048+00:00 │ │                          │   learning_rate=5e-05,                       │ │
2026-09-30T05:46:28.048+00:00 │ │                          │   lr_scheduler_type=<SchedulerType.COSINE:   │ │
2026-09-30T05:46:28.048+00:00 │ │                          'cosine'>,                                     │ │
2026-09-30T05:46:28.048+00:00 │ │                          │   lr_scheduler_kwargs=None,                  │ │
2026-09-30T05:46:28.048+00:00 │ │                          │   warmup_steps=0,                            │ │
2026-09-30T05:46:28.048+00:00 │ │                          │   optim=<OptimizerNames.ADAMW_TORCH:         │ │
2026-09-30T05:46:28.049+00:00 │ │                          'adamw_torch'>,                                │ │
2026-09-30T05:46:28.049+00:00 │ │                          │   optim_args=None,                           │ │
2026-09-30T05:46:28.049+00:00 │ │                          │   weight_decay=0.0,                          │ │
2026-09-30T05:46:28.049+00:00 │ │                          │   adam_beta1=0.9,                            │ │
2026-09-30T05:46:28.049+00:00 │ │                          │   adam_beta2=0.999,                          │ │
2026-09-30T05:46:28.050+00:00 │ │                          │   adam_epsilon=1e-08,                        │ │
2026-09-30T05:46:28.050+00:00 │ │                          │   optim_target_modules=None,                 │ │
2026-09-30T05:46:28.050+00:00 │ │                          │   gradient_accumulation_steps=4,             │ │
2026-09-30T05:46:28.050+00:00 │ │                          │   average_tokens_across_devices=True,        │ │
2026-09-30T05:46:28.050+00:00 │ │                          │   max_grad_norm=1.0,                         │ │
2026-09-30T05:46:28.050+00:00 │ │                          │   label_smoothing_factor=0.0,                │ │
2026-09-30T05:46:28.050+00:00 │ │                          │   bf16=True,                                 │ │
2026-09-30T05:46:28.050+00:00 │ │                          │   fp16=False,                                │ │
2026-09-30T05:46:28.052+00:00 │ │                          │   bf16_full_eval=False,                      │ │
2026-09-30T05:46:28.052+00:00 │ │                          │   fp16_full_eval=False,                      │ │
2026-09-30T05:46:28.052+00:00 │ │                          │   tf32=None,                                 │ │
2026-09-30T05:46:28.052+00:00 │ │                          │   gradient_checkpointing=False,              │ │
2026-09-30T05:46:28.052+00:00 │ │                          │   gradient_checkpointing_kwargs=None,        │ │
2026-09-30T05:46:28.053+00:00 │ │                          │   torch_compile=False,                       │ │
2026-09-30T05:46:28.053+00:00 │ │                          │   torch_compile_backend=None,                │ │
2026-09-30T05:46:28.053+00:00 │ │                          │   torch_compile_mode=None,                   │ │
2026-09-30T05:46:28.053+00:00 │ │                          │   use_liger_kernel=False,                    │ │
2026-09-30T05:46:28.053+00:00 │ │                          │   liger_kernel_config=None,                  │ │
2026-09-30T05:46:28.053+00:00 │ │                          │   use_cache=False,                           │ │
2026-09-30T05:46:28.053+00:00 │ │                          │   neftune_noise_alpha=None,                  │ │
2026-09-30T05:46:28.053+00:00 │ │                          │   torch_empty_cache_steps=None,              │ │
2026-09-30T05:46:28.054+00:00 │ │                          │   auto_find_batch_size=False,                │ │
2026-09-30T05:46:28.054+00:00 │ │                          │   logging_strategy=<IntervalStrategy.STEPS:  │ │
2026-09-30T05:46:28.054+00:00 │ │                          'steps'>,                                      │ │
2026-09-30T05:46:28.054+00:00 │ │                          │   logging_steps=1,                           │ │
2026-09-30T05:46:28.055+00:00 │ │                          │   logging_first_step=False,                  │ │
2026-09-30T05:46:28.055+00:00 │ │                          │   log_on_each_node=True,                     │ │
2026-09-30T05:46:28.055+00:00 │ │                          │   logging_nan_inf_filter=True,               │ │
2026-09-30T05:46:28.055+00:00 │ │                          │   include_num_input_tokens_seen='no',        │ │
2026-09-30T05:46:28.055+00:00 │ │                          │   log_level='passive',                       │ │
2026-09-30T05:46:28.056+00:00 │ │                          │   log_level_replica='warning',               │ │
2026-09-30T05:46:28.056+00:00 │ │                          │   disable_tqdm=False,                        │ │
2026-09-30T05:46:28.056+00:00 │ │                          │   report_to=[],                              │ │
2026-09-30T05:46:28.056+00:00 │ │                          │   run_name=None,                             │ │
2026-09-30T05:46:28.057+00:00 │ │                          │   project='huggingface',                     │ │
2026-09-30T05:46:28.057+00:00 │ │                          │   trackio_space_id=None,                     │ │
2026-09-30T05:46:28.057+00:00 │ │                          │   trackio_bucket_id=None,                    │ │
2026-09-30T05:46:28.057+00:00 │ │                          │   trackio_static_space_id=None,              │ │
2026-09-30T05:46:28.057+00:00 │ │                          │   eval_strategy=<IntervalStrategy.NO: 'no'>, │ │
2026-09-30T05:46:28.058+00:00 │ │                          │   eval_steps=None,                           │ │
2026-09-30T05:46:28.058+00:00 │ │                          │   eval_delay=0,                              │ │
2026-09-30T05:46:28.058+00:00 │ │                          │   per_device_eval_batch_size=8,              │ │
2026-09-30T05:46:28.058+00:00 │ │                          │   prediction_loss_only=False,                │ │
2026-09-30T05:46:28.058+00:00 │ │                          │   eval_on_start=False,                       │ │
2026-09-30T05:46:28.058+00:00 │ │                          │   eval_do_concat_batches=True,               │ │
2026-09-30T05:46:28.059+00:00 │ │                          │   eval_use_gather_object=False,              │ │
2026-09-30T05:46:28.059+00:00 │ │                          │   eval_accumulation_steps=None,              │ │
2026-09-30T05:46:28.059+00:00 │ │                          │   include_for_metrics=[],                    │ │
2026-09-30T05:46:28.059+00:00 │ │                          │   batch_eval_metrics=False,                  │ │
2026-09-30T05:46:28.059+00:00 │ │                          │   save_only_model=False,                     │ │
2026-09-30T05:46:28.060+00:00 │ │                          │   save_strategy=<SaveStrategy.STEPS:         │ │
2026-09-30T05:46:28.060+00:00 │ │                          'steps'>,                                      │ │
2026-09-30T05:46:28.060+00:00 │ │                          │   save_steps=1000,                           │ │
2026-09-30T05:46:28.060+00:00 │ │                          │   save_on_each_node=False,                   │ │
2026-09-30T05:46:28.060+00:00 │ │                          │   save_total_limit=3,                        │ │
2026-09-30T05:46:28.060+00:00 │ │                          │   enable_jit_checkpoint=False,               │ │
2026-09-30T05:46:28.061+00:00 │ │                          │   push_to_hub=False,                         │ │
2026-09-30T05:46:28.061+00:00 │ │                          │   hub_token=None,                            │ │
2026-09-30T05:46:28.061+00:00 │ │                          │   hub_private_repo=None,                     │ │
2026-09-30T05:46:28.061+00:00 │ │                          │   hub_model_id=None,                         │ │
2026-09-30T05:46:28.061+00:00 │ │                          │   hub_strategy=<HubStrategy.EVERY_SAVE:      │ │
2026-09-30T05:46:28.062+00:00 │ │                          'every_save'>,                                 │ │
2026-09-30T05:46:28.062+00:00 │ │                          │   hub_always_push=False,                     │ │
2026-09-30T05:46:28.062+00:00 │ │                          │   hub_revision=None,                         │ │
2026-09-30T05:46:28.062+00:00 │ │                          │   load_best_model_at_end=False,              │ │
2026-09-30T05:46:28.062+00:00 │ │                          │   metric_for_best_model=None,                │ │
2026-09-30T05:46:28.062+00:00 │ │                          │   greater_is_better=None,                    │ │
2026-09-30T05:46:28.062+00:00 │ │                          │   ignore_data_skip=False,                    │ │
2026-09-30T05:46:28.062+00:00 │ │                          │                                              │ │
2026-09-30T05:46:28.063+00:00 │ │                          restore_callback_states_from_checkpoint=False, │ │
2026-09-30T05:46:28.063+00:00 │ │                          │   full_determinism=False,                    │ │
2026-09-30T05:46:28.063+00:00 │ │                          │   seed=42,                                   │ │
2026-09-30T05:46:28.063+00:00 │ │                          │   data_seed=None,                            │ │
2026-09-30T05:46:28.063+00:00 │ │                          │   use_cpu=False,                             │ │
2026-09-30T05:46:28.063+00:00 │ │                          │   accelerator_config=AcceleratorConfig(      │ │
2026-09-30T05:46:28.063+00:00 │ │                          │   │   split_batches=False,                   │ │
2026-09-30T05:46:28.063+00:00 │ │                          │   │   dispatch_batches=None,                 │ │
2026-09-30T05:46:28.063+00:00 │ │                          │   │   even_batches=True,                     │ │
2026-09-30T05:46:28.065+00:00 │ │                          │   │   use_seedable_sampler=True,             │ │
2026-09-30T05:46:28.065+00:00 │ │                          │   │   non_blocking=False,                    │ │
2026-09-30T05:46:28.065+00:00 │ │                          │   │   gradient_accumulation_kwargs=None,     │ │
2026-09-30T05:46:28.065+00:00 │ │                          │   │   use_configured_state=False             │ │
2026-09-30T05:46:28.065+00:00 │ │                          │   ),                                         │ │
2026-09-30T05:46:28.065+00:00 │ │                          │   parallelism_config=None,                   │ │
2026-09-30T05:46:28.065+00:00 │ │                          │   dataloader_drop_last=False,                │ │
2026-09-30T05:46:28.066+00:00 │ │                          │   dataloader_num_workers=0,                  │ │
2026-09-30T05:46:28.066+00:00 │ │                          │   dataloader_pin_memory=True,                │ │
2026-09-30T05:46:28.066+00:00 │ │                          │   dataloader_persistent_workers=False,       │ │
2026-09-30T05:46:28.066+00:00 │ │                          │   dataloader_prefetch_factor=None,           │ │
2026-09-30T05:46:28.066+00:00 │ │                          │   dataloader_multiprocessing_context=None,   │ │
2026-09-30T05:46:28.066+00:00 │ │                          │   dataloader_in_order=True,                  │ │
2026-09-30T05:46:28.067+00:00 │ │                          │   remove_unused_columns=False,               │ │
2026-09-30T05:46:28.067+00:00 │ │                          │   label_names=None,                          │ │
2026-09-30T05:46:28.067+00:00 │ │                          │   train_sampling_strategy='random',          │ │
2026-09-30T05:46:28.067+00:00 │ │                          │   length_column_name='length',               │ │
2026-09-30T05:46:28.067+00:00 │ │                          │   ddp_find_unused_parameters=None,           │ │
2026-09-30T05:46:28.067+00:00 │ │                          │   ddp_bucket_cap_mb=None,                    │ │
2026-09-30T05:46:28.067+00:00 │ │                          │   ddp_broadcast_buffers=None,                │ │
2026-09-30T05:46:28.067+00:00 │ │                          │   ddp_static_graph=None,                     │ │
2026-09-30T05:46:28.067+00:00 │ │                          │   ddp_backend=None,                          │ │
2026-09-30T05:46:28.068+00:00 │ │                          │   ddp_timeout=1800,                          │ │
2026-09-30T05:46:28.068+00:00 │ │                          │   fsdp=None,                                 │ │
2026-09-30T05:46:28.068+00:00 │ │                          │   fsdp_config=None,                          │ │
2026-09-30T05:46:28.068+00:00 │ │                          │   deepspeed=None,                            │ │
2026-09-30T05:46:28.068+00:00 │ │                          │   debug=[],                                  │ │
2026-09-30T05:46:28.068+00:00 │ │                          │   skip_memory_metrics=True,                  │ │
2026-09-30T05:46:28.068+00:00 │ │                          │   do_train=False,                            │ │
2026-09-30T05:46:28.068+00:00 │ │                          │   do_eval=False,                             │ │
2026-09-30T05:46:28.068+00:00 │ │                          │   do_predict=False,                          │ │
2026-09-30T05:46:28.068+00:00 │ │                          │   resume_from_checkpoint=None,               │ │
2026-09-30T05:46:28.070+00:00 │ │                          │   local_rank=-1,                             │ │
2026-09-30T05:46:28.070+00:00 │ │                          │   model_init_kwargs=None,                    │ │
2026-09-30T05:46:28.070+00:00 │ │                          │   disable_dropout=True,                      │ │
2026-09-30T05:46:28.070+00:00 │ │                          │   dataset_num_proc=None,                     │ │
2026-09-30T05:46:28.071+00:00 │ │                          │   pad_token=None,                            │ │
2026-09-30T05:46:28.071+00:00 │ │                          │   max_length=512,                            │ │
2026-09-30T05:46:28.071+00:00 │ │                          │   truncation_mode='keep_start',              │ │
2026-09-30T05:46:28.071+00:00 │ │                          │   padding_free=False,                        │ │
2026-09-30T05:46:28.071+00:00 │ │                          │   pad_to_multiple_of=None,                   │ │
2026-09-30T05:46:28.071+00:00 │ │                          │   precompute_ref_log_probs=False,            │ │
2026-09-30T05:46:28.072+00:00 │ │                          │   precompute_ref_batch_size=None,            │ │
2026-09-30T05:46:28.072+00:00 │ │                          │   loss_type=['sigmoid'],                     │ │
2026-09-30T05:46:28.072+00:00 │ │                          │   loss_weights=None,                         │ │
2026-09-30T05:46:28.072+00:00 │ │                          │   ld_alpha=None,                             │ │
2026-09-30T05:46:28.073+00:00 │ │                          │   f_divergence_type='reverse_kl',            │ │
2026-09-30T05:46:28.073+00:00 │ │                          │   f_alpha_divergence_coef=0.5,               │ │
2026-09-30T05:46:28.074+00:00 │ │                          │   label_smoothing=0.0,                       │ │
2026-09-30T05:46:28.074+00:00 │ │                          │   beta=0.1,                                  │ │
2026-09-30T05:46:28.074+00:00 │ │                          │   use_weighting=False,                       │ │
2026-09-30T05:46:28.075+00:00 │ │                          │   discopop_tau=0.05,                         │ │
2026-09-30T05:46:28.075+00:00 │ │                          │   activation_offloading=False,               │ │
2026-09-30T05:46:28.075+00:00 │ │                          │   sync_ref_model=False,                      │ │
2026-09-30T05:46:28.075+00:00 │ │                          │   ref_model_mixup_alpha=0.6,                 │ │
2026-09-30T05:46:28.075+00:00 │ │                          │   ref_model_sync_steps=512                   │ │
2026-09-30T05:46:28.075+00:00 │ │                          )                                              │ │
2026-09-30T05:46:28.076+00:00 │ │                    ctx = <contextlib.nullcontext object at              │ │
2026-09-30T05:46:28.076+00:00 │ │                          0x0000016B96804EF0>                            │ │
2026-09-30T05:46:28.076+00:00 │ │   ignore_keys_for_eval = None                                           │ │
2026-09-30T05:46:28.076+00:00 │ │    inner_training_loop = functools.partial(<bound method                │ │
2026-09-30T05:46:28.076+00:00 │ │                          Trainer._inner_training_loop of                │ │
2026-09-30T05:46:28.076+00:00 │ │                          <trl.trainer.dpo_trainer.DPOTrainer object at  │ │
2026-09-30T05:46:28.077+00:00 │ │                          0x0000016B8B561BB0>>, batch_size=1)            │ │
2026-09-30T05:46:28.077+00:00 │ │ resume_from_checkpoint = None                                           │ │
2026-09-30T05:46:28.077+00:00 │ │                   self = <trl.trainer.dpo_trainer.DPOTrainer object at  │ │
2026-09-30T05:46:28.077+00:00 │ │                          0x0000016B8B561BB0>                            │ │
2026-09-30T05:46:28.077+00:00 │ │                  trial = None                                           │ │
2026-09-30T05:46:28.077+00:00 │ └─────────────────────────────────────────────────────────────────────────┘ │
2026-09-30T05:46:28.077+00:00 │                                                                             │
2026-09-30T05:46:28.078+00:00 │ D:\Abdulwaarith\Desktop\soup-take-home\.venv\Lib\site-packages\transformers │
2026-09-30T05:46:28.078+00:00 │ \trainer.py:1602 in _inner_training_loop                                    │
2026-09-30T05:46:28.078+00:00 │                                                                             │
2026-09-30T05:46:28.078+00:00 │   1599 │   │                                                                │
2026-09-30T05:46:28.078+00:00 │   1600 │   │   for epoch in range(epochs_trained, num_train_epochs):        │
2026-09-30T05:46:28.078+00:00 │   1601 │   │   │   self.control = self.callback_handler.on_epoch_begin(self │
2026-09-30T05:46:28.078+00:00 │ > 1602 │   │   │   self._run_epoch(                                         │
2026-09-30T05:46:28.078+00:00 │   1603 │   │   │   │   model=model,                                         │
2026-09-30T05:46:28.078+00:00 │   1604 │   │   │   │   epoch=epoch,                                         │
2026-09-30T05:46:28.078+00:00 │   1605 │   │   │   │   train_dataloader=train_dataloader,                   │
2026-09-30T05:46:28.079+00:00 │                                                                             │
2026-09-30T05:46:28.079+00:00 │ ┌──────────────────────────────── locals ─────────────────────────────────┐ │
2026-09-30T05:46:28.079+00:00 │ │                           args = DPOConfig(                             │ │
2026-09-30T05:46:28.079+00:00 │ │                                  │   output_dir='runs\\smoke',          │ │
2026-09-30T05:46:28.079+00:00 │ │                                  │   per_device_train_batch_size=1,     │ │
2026-09-30T05:46:28.079+00:00 │ │                                  │   num_train_epochs=1,                │ │
2026-09-30T05:46:28.079+00:00 │ │                                  │   max_steps=-1,                      │ │
2026-09-30T05:46:28.080+00:00 │ │                                  │   learning_rate=5e-05,               │ │
2026-09-30T05:46:28.080+00:00 │ │                                  │                                      │ │
2026-09-30T05:46:28.080+00:00 │ │                                  lr_scheduler_type=<SchedulerType.COSI… │ │
2026-09-30T05:46:28.080+00:00 │ │                                  'cosine'>,                             │ │
2026-09-30T05:46:28.080+00:00 │ │                                  │   lr_scheduler_kwargs=None,          │ │
2026-09-30T05:46:28.080+00:00 │ │                                  │   warmup_steps=0,                    │ │
2026-09-30T05:46:28.081+00:00 │ │                                  │   optim=<OptimizerNames.ADAMW_TORCH: │ │
2026-09-30T05:46:28.081+00:00 │ │                                  'adamw_torch'>,                        │ │
2026-09-30T05:46:28.081+00:00 │ │                                  │   optim_args=None,                   │ │
2026-09-30T05:46:28.081+00:00 │ │                                  │   weight_decay=0.0,                  │ │
2026-09-30T05:46:28.081+00:00 │ │                                  │   adam_beta1=0.9,                    │ │
2026-09-30T05:46:28.081+00:00 │ │                                  │   adam_beta2=0.999,                  │ │
2026-09-30T05:46:28.081+00:00 │ │                                  │   adam_epsilon=1e-08,                │ │
2026-09-30T05:46:28.081+00:00 │ │                                  │   optim_target_modules=None,         │ │
2026-09-30T05:46:28.083+00:00 │ │                                  │   gradient_accumulation_steps=4,     │ │
2026-09-30T05:46:28.083+00:00 │ │                                  │                                      │ │
2026-09-30T05:46:28.083+00:00 │ │                                  average_tokens_across_devices=True,    │ │
2026-09-30T05:46:28.083+00:00 │ │                                  │   max_grad_norm=1.0,                 │ │
2026-09-30T05:46:28.083+00:00 │ │                                  │   label_smoothing_factor=0.0,        │ │
2026-09-30T05:46:28.084+00:00 │ │                                  │   bf16=True,                         │ │
2026-09-30T05:46:28.084+00:00 │ │                                  │   fp16=False,                        │ │
2026-09-30T05:46:28.084+00:00 │ │                                  │   bf16_full_eval=False,              │ │
2026-09-30T05:46:28.084+00:00 │ │                                  │   fp16_full_eval=False,              │ │
2026-09-30T05:46:28.084+00:00 │ │                                  │   tf32=None,                         │ │
2026-09-30T05:46:28.084+00:00 │ │                                  │   gradient_checkpointing=False,      │ │
2026-09-30T05:46:28.085+00:00 │ │                                  │                                      │ │
2026-09-30T05:46:28.085+00:00 │ │                                  gradient_checkpointing_kwargs=None,    │ │
2026-09-30T05:46:28.085+00:00 │ │                                  │   torch_compile=False,               │ │
2026-09-30T05:46:28.085+00:00 │ │                                  │   torch_compile_backend=None,        │ │
2026-09-30T05:46:28.085+00:00 │ │                                  │   torch_compile_mode=None,           │ │
2026-09-30T05:46:28.085+00:00 │ │                                  │   use_liger_kernel=False,            │ │
2026-09-30T05:46:28.086+00:00 │ │                                  │   liger_kernel_config=None,          │ │
2026-09-30T05:46:28.086+00:00 │ │                                  │   use_cache=False,                   │ │
2026-09-30T05:46:28.086+00:00 │ │                                  │   neftune_noise_alpha=None,          │ │
2026-09-30T05:46:28.087+00:00 │ │                                  │   torch_empty_cache_steps=None,      │ │
2026-09-30T05:46:28.087+00:00 │ │                                  │   auto_find_batch_size=False,        │ │
2026-09-30T05:46:28.087+00:00 │ │                                  │                                      │ │
2026-09-30T05:46:28.087+00:00 │ │                                  logging_strategy=<IntervalStrategy.ST… │ │
2026-09-30T05:46:28.087+00:00 │ │                                  'steps'>,                              │ │
2026-09-30T05:46:28.087+00:00 │ │                                  │   logging_steps=1,                   │ │
2026-09-30T05:46:28.087+00:00 │ │                                  │   logging_first_step=False,          │ │
2026-09-30T05:46:28.088+00:00 │ │                                  │   log_on_each_node=True,             │ │
2026-09-30T05:46:28.088+00:00 │ │                                  │   logging_nan_inf_filter=True,       │ │
2026-09-30T05:46:28.088+00:00 │ │                                  │                                      │ │
2026-09-30T05:46:28.088+00:00 │ │                                  include_num_input_tokens_seen='no',    │ │
2026-09-30T05:46:28.088+00:00 │ │                                  │   log_level='passive',               │ │
2026-09-30T05:46:28.088+00:00 │ │                                  │   log_level_replica='warning',       │ │
2026-09-30T05:46:28.088+00:00 │ │                                  │   disable_tqdm=False,                │ │
2026-09-30T05:46:28.088+00:00 │ │                                  │   report_to=[],                      │ │
2026-09-30T05:46:28.090+00:00 │ │                                  │   run_name=None,                     │ │
2026-09-30T05:46:28.090+00:00 │ │                                  │   project='huggingface',             │ │
2026-09-30T05:46:28.090+00:00 │ │                                  │   trackio_space_id=None,             │ │
2026-09-30T05:46:28.090+00:00 │ │                                  │   trackio_bucket_id=None,            │ │
2026-09-30T05:46:28.090+00:00 │ │                                  │   trackio_static_space_id=None,      │ │
2026-09-30T05:46:28.090+00:00 │ │                                  │                                      │ │
2026-09-30T05:46:28.091+00:00 │ │                                  eval_strategy=<IntervalStrategy.NO:    │ │
2026-09-30T05:46:28.091+00:00 │ │                                  'no'>,                                 │ │
2026-09-30T05:46:28.091+00:00 │ │                                  │   eval_steps=None,                   │ │
2026-09-30T05:46:28.091+00:00 │ │                                  │   eval_delay=0,                      │ │
2026-09-30T05:46:28.091+00:00 │ │                                  │   per_device_eval_batch_size=8,      │ │
2026-09-30T05:46:28.091+00:00 │ │                                  │   prediction_loss_only=False,        │ │
2026-09-30T05:46:28.091+00:00 │ │                                  │   eval_on_start=False,               │ │
2026-09-30T05:46:28.091+00:00 │ │                                  │   eval_do_concat_batches=True,       │ │
2026-09-30T05:46:28.091+00:00 │ │                                  │   eval_use_gather_object=False,      │ │
2026-09-30T05:46:28.092+00:00 │ │                                  │   eval_accumulation_steps=None,      │ │
2026-09-30T05:46:28.092+00:00 │ │                                  │   include_for_metrics=[],            │ │
2026-09-30T05:46:28.092+00:00 │ │                                  │   batch_eval_metrics=False,          │ │
2026-09-30T05:46:28.092+00:00 │ │                                  │   save_only_model=False,             │ │
2026-09-30T05:46:28.092+00:00 │ │                                  │   save_strategy=<SaveStrategy.STEPS: │ │
2026-09-30T05:46:28.092+00:00 │ │                                  'steps'>,                              │ │
2026-09-30T05:46:28.093+00:00 │ │                                  │   save_steps=1000,                   │ │
2026-09-30T05:46:28.093+00:00 │ │                                  │   save_on_each_node=False,           │ │
2026-09-30T05:46:28.094+00:00 │ │                                  │   save_total_limit=3,                │ │
2026-09-30T05:46:28.094+00:00 │ │                                  │   enable_jit_checkpoint=False,       │ │
2026-09-30T05:46:28.094+00:00 │ │                                  │   push_to_hub=False,                 │ │
2026-09-30T05:46:28.094+00:00 │ │                                  │   hub_token=None,                    │ │
2026-09-30T05:46:28.094+00:00 │ │                                  │   hub_private_repo=None,             │ │
2026-09-30T05:46:28.094+00:00 │ │                                  │   hub_model_id=None,                 │ │
2026-09-30T05:46:28.094+00:00 │ │                                  │                                      │ │
2026-09-30T05:46:28.095+00:00 │ │                                  hub_strategy=<HubStrategy.EVERY_SAVE:  │ │
2026-09-30T05:46:28.095+00:00 │ │                                  'every_save'>,                         │ │
2026-09-30T05:46:28.095+00:00 │ │                                  │   hub_always_push=False,             │ │
2026-09-30T05:46:28.095+00:00 │ │                                  │   hub_revision=None,                 │ │
2026-09-30T05:46:28.095+00:00 │ │                                  │   load_best_model_at_end=False,      │ │
2026-09-30T05:46:28.095+00:00 │ │                                  │   metric_for_best_model=None,        │ │
2026-09-30T05:46:28.095+00:00 │ │                                  │   greater_is_better=None,            │ │
2026-09-30T05:46:28.095+00:00 │ │                                  │   ignore_data_skip=False,            │ │
2026-09-30T05:46:28.095+00:00 │ │                                  │                                      │ │
2026-09-30T05:46:28.095+00:00 │ │                                  restore_callback_states_from_checkpoi… │ │
2026-09-30T05:46:28.095+00:00 │ │                                  │   full_determinism=False,            │ │
2026-09-30T05:46:28.096+00:00 │ │                                  │   seed=42,                           │ │
2026-09-30T05:46:28.096+00:00 │ │                                  │   data_seed=None,                    │ │
2026-09-30T05:46:28.096+00:00 │ │                                  │   use_cpu=False,                     │ │
2026-09-30T05:46:28.096+00:00 │ │                                  │                                      │ │
2026-09-30T05:46:28.096+00:00 │ │                                  accelerator_config=AcceleratorConfig(  │ │
2026-09-30T05:46:28.096+00:00 │ │                                  │   │   split_batches=False,           │ │
2026-09-30T05:46:28.096+00:00 │ │                                  │   │   dispatch_batches=None,         │ │
2026-09-30T05:46:28.097+00:00 │ │                                  │   │   even_batches=True,             │ │
2026-09-30T05:46:28.097+00:00 │ │                                  │   │   use_seedable_sampler=True,     │ │
2026-09-30T05:46:28.097+00:00 │ │                                  │   │   non_blocking=False,            │ │
2026-09-30T05:46:28.097+00:00 │ │                                  │   │                                  │ │
2026-09-30T05:46:28.097+00:00 │ │                                  gradient_accumulation_kwargs=None,     │ │
2026-09-30T05:46:28.097+00:00 │ │                                  │   │   use_configured_state=False     │ │
2026-09-30T05:46:28.097+00:00 │ │                                  │   ),                                 │ │
2026-09-30T05:46:28.098+00:00 │ │                                  │   parallelism_config=None,           │ │
2026-09-30T05:46:28.098+00:00 │ │                                  │   dataloader_drop_last=False,        │ │
2026-09-30T05:46:28.098+00:00 │ │                                  │   dataloader_num_workers=0,          │ │
2026-09-30T05:46:28.098+00:00 │ │                                  │   dataloader_pin_memory=True,        │ │
2026-09-30T05:46:28.098+00:00 │ │                                  │                                      │ │
2026-09-30T05:46:28.098+00:00 │ │                                  dataloader_persistent_workers=False,   │ │
2026-09-30T05:46:28.098+00:00 │ │                                  │   dataloader_prefetch_factor=None,   │ │
2026-09-30T05:46:28.099+00:00 │ │                                  │                                      │ │
2026-09-30T05:46:28.099+00:00 │ │                                  dataloader_multiprocessing_context=No… │ │
2026-09-30T05:46:28.099+00:00 │ │                                  │   dataloader_in_order=True,          │ │
2026-09-30T05:46:28.099+00:00 │ │                                  │   remove_unused_columns=False,       │ │
2026-09-30T05:46:28.099+00:00 │ │                                  │   label_names=None,                  │ │
2026-09-30T05:46:28.099+00:00 │ │                                  │   train_sampling_strategy='random',  │ │
2026-09-30T05:46:28.099+00:00 │ │                                  │   length_column_name='length',       │ │
2026-09-30T05:46:28.099+00:00 │ │                                  │   ddp_find_unused_parameters=None,   │ │
2026-09-30T05:46:28.100+00:00 │ │                                  │   ddp_bucket_cap_mb=None,            │ │
2026-09-30T05:46:28.100+00:00 │ │                                  │   ddp_broadcast_buffers=None,        │ │
2026-09-30T05:46:28.100+00:00 │ │                                  │   ddp_static_graph=None,             │ │
2026-09-30T05:46:28.100+00:00 │ │                                  │   ddp_backend=None,                  │ │
2026-09-30T05:46:28.100+00:00 │ │                                  │   ddp_timeout=1800,                  │ │
2026-09-30T05:46:28.100+00:00 │ │                                  │   fsdp=None,                         │ │
2026-09-30T05:46:28.101+00:00 │ │                                  │   fsdp_config=None,                  │ │
2026-09-30T05:46:28.102+00:00 │ │                                  │   deepspeed=None,                    │ │
2026-09-30T05:46:28.102+00:00 │ │                                  │   debug=[],                          │ │
2026-09-30T05:46:28.102+00:00 │ │                                  │   skip_memory_metrics=True,          │ │
2026-09-30T05:46:28.102+00:00 │ │                                  │   do_train=False,                    │ │
2026-09-30T05:46:28.102+00:00 │ │                                  │   do_eval=False,                     │ │
2026-09-30T05:46:28.102+00:00 │ │                                  │   do_predict=False,                  │ │
2026-09-30T05:46:28.104+00:00 │ │                                  │   resume_from_checkpoint=None,       │ │
2026-09-30T05:46:28.104+00:00 │ │                                  │   local_rank=-1,                     │ │
2026-09-30T05:46:28.104+00:00 │ │                                  │   model_init_kwargs=None,            │ │
2026-09-30T05:46:28.104+00:00 │ │                                  │   disable_dropout=True,              │ │
2026-09-30T05:46:28.104+00:00 │ │                                  │   dataset_num_proc=None,             │ │
2026-09-30T05:46:28.104+00:00 │ │                                  │   pad_token=None,                    │ │
2026-09-30T05:46:28.104+00:00 │ │                                  │   max_length=512,                    │ │
2026-09-30T05:46:28.104+00:00 │ │                                  │   truncation_mode='keep_start',      │ │
2026-09-30T05:46:28.104+00:00 │ │                                  │   padding_free=False,                │ │
2026-09-30T05:46:28.105+00:00 │ │                                  │   pad_to_multiple_of=None,           │ │
2026-09-30T05:46:28.105+00:00 │ │                                  │   precompute_ref_log_probs=False,    │ │
2026-09-30T05:46:28.105+00:00 │ │                                  │   precompute_ref_batch_size=None,    │ │
2026-09-30T05:46:28.105+00:00 │ │                                  │   loss_type=['sigmoid'],             │ │
2026-09-30T05:46:28.105+00:00 │ │                                  │   loss_weights=None,                 │ │
2026-09-30T05:46:28.105+00:00 │ │                                  │   ld_alpha=None,                     │ │
2026-09-30T05:46:28.105+00:00 │ │                                  │   f_divergence_type='reverse_kl',    │ │
2026-09-30T05:46:28.105+00:00 │ │                                  │   f_alpha_divergence_coef=0.5,       │ │
2026-09-30T05:46:28.105+00:00 │ │                                  │   label_smoothing=0.0,               │ │
2026-09-30T05:46:28.107+00:00 │ │                                  │   beta=0.1,                          │ │
2026-09-30T05:46:28.107+00:00 │ │                                  │   use_weighting=False,               │ │
2026-09-30T05:46:28.107+00:00 │ │                                  │   discopop_tau=0.05,                 │ │
2026-09-30T05:46:28.107+00:00 │ │                                  │   activation_offloading=False,       │ │
2026-09-30T05:46:28.107+00:00 │ │                                  │   sync_ref_model=False,              │ │
2026-09-30T05:46:28.107+00:00 │ │                                  │   ref_model_mixup_alpha=0.6,         │ │
2026-09-30T05:46:28.107+00:00 │ │                                  │   ref_model_sync_steps=512           │ │
2026-09-30T05:46:28.108+00:00 │ │                                  )                                      │ │
2026-09-30T05:46:28.108+00:00 │ │                     batch_size = 1                                      │ │
2026-09-30T05:46:28.108+00:00 │ │                          epoch = 0                                      │ │
2026-09-30T05:46:28.108+00:00 │ │                 epochs_trained = 0                                      │ │
2026-09-30T05:46:28.108+00:00 │ │           ignore_keys_for_eval = None                                   │ │
2026-09-30T05:46:28.108+00:00 │ │                      max_steps = 4                                      │ │
2026-09-30T05:46:28.108+00:00 │ │                          model = PeftModelForCausalLM(                  │ │
2026-09-30T05:46:28.109+00:00 │ │                                    (base_model): LoraModel(             │ │
2026-09-30T05:46:28.109+00:00 │ │                                  │   (model): Qwen2ForCausalLM(         │ │
2026-09-30T05:46:28.109+00:00 │ │                                  │     (model): Qwen2Model(             │ │
2026-09-30T05:46:28.109+00:00 │ │                                  │   │   (embed_tokens):                │ │
2026-09-30T05:46:28.109+00:00 │ │                                  Embedding(151936, 1536)                │ │
2026-09-30T05:46:28.109+00:00 │ │                                  │   │   (layers): ModuleList(          │ │
2026-09-30T05:46:28.110+00:00 │ │                                  │   │     (0-27): 28 x                 │ │
2026-09-30T05:46:28.110+00:00 │ │                                  StreamedDecoderLayer(                  │ │
2026-09-30T05:46:28.110+00:00 │ │                                  │   │   │   (inner):                   │ │
2026-09-30T05:46:28.110+00:00 │ │                                  Qwen2DecoderLayer(                     │ │
2026-09-30T05:46:28.110+00:00 │ │                                  │   │   │     (self_attn):             │ │
2026-09-30T05:46:28.110+00:00 │ │                                  Qwen2Attention(                        │ │
2026-09-30T05:46:28.110+00:00 │ │                                  │   │   │   │   (q_proj): lora.Linear( │ │
2026-09-30T05:46:28.111+00:00 │ │                                  │   │   │   │     (base_layer):        │ │
2026-09-30T05:46:28.111+00:00 │ │                                  Linear(in_features=1536,               │ │
2026-09-30T05:46:28.111+00:00 │ │                                  out_features=1536, bias=True)          │ │
2026-09-30T05:46:28.111+00:00 │ │                                  │   │   │   │     (lora_dropout):      │ │
2026-09-30T05:46:28.111+00:00 │ │                                  ModuleDict(                            │ │
2026-09-30T05:46:28.111+00:00 │ │                                  │   │   │   │   │   (default):         │ │
2026-09-30T05:46:28.111+00:00 │ │                                  Identity()                             │ │
2026-09-30T05:46:28.112+00:00 │ │                                  │   │   │   │   │   (ref): Identity()  │ │
2026-09-30T05:46:28.112+00:00 │ │                                  │   │   │   │     )                    │ │
2026-09-30T05:46:28.112+00:00 │ │                                  │   │   │   │     (lora_A):            │ │
2026-09-30T05:46:28.112+00:00 │ │                                  ModuleDict(                            │ │
2026-09-30T05:46:28.112+00:00 │ │                                  │   │   │   │   │   (default):         │ │
2026-09-30T05:46:28.112+00:00 │ │                                  Linear(in_features=1536,               │ │
2026-09-30T05:46:28.113+00:00 │ │                                  out_features=16, bias=False)           │ │
2026-09-30T05:46:28.113+00:00 │ │                                  │   │   │   │   │   (ref):             │ │
2026-09-30T05:46:28.113+00:00 │ │                                  Linear(in_features=1536,               │ │
2026-09-30T05:46:28.113+00:00 │ │                                  out_features=16, bias=False)           │ │
2026-09-30T05:46:28.113+00:00 │ │                                  │   │   │   │     )                    │ │
2026-09-30T05:46:28.113+00:00 │ │                                  │   │   │   │     (lora_B):            │ │
2026-09-30T05:46:28.113+00:00 │ │                                  ModuleDict(                            │ │
2026-09-30T05:46:28.114+00:00 │ │                                  │   │   │   │   │   (default):         │ │
2026-09-30T05:46:28.114+00:00 │ │                                  Linear(in_features=16,                 │ │
2026-09-30T05:46:28.114+00:00 │ │                                  out_features=1536, bias=False)         │ │
2026-09-30T05:46:28.114+00:00 │ │                                  │   │   │   │   │   (ref):             │ │
2026-09-30T05:46:28.114+00:00 │ │                                  Linear(in_features=16,                 │ │
2026-09-30T05:46:28.114+00:00 │ │                                  out_features=1536, bias=False)         │ │
2026-09-30T05:46:28.114+00:00 │ │                                  │   │   │   │     )                    │ │
2026-09-30T05:46:28.114+00:00 │ │                                  │   │   │   │     (lora_embedding_A):  │ │
2026-09-30T05:46:28.114+00:00 │ │                                  ParameterDict()                        │ │
2026-09-30T05:46:28.114+00:00 │ │                                  │   │   │   │     (lora_embedding_B):  │ │
2026-09-30T05:46:28.115+00:00 │ │                                  ParameterDict()                        │ │
2026-09-30T05:46:28.115+00:00 │ │                                  │   │   │   │                          │ │
2026-09-30T05:46:28.115+00:00 │ │                                  (lora_magnitude_vector): ModuleDict()  │ │
2026-09-30T05:46:28.115+00:00 │ │                                  │   │   │   │   )                      │ │
2026-09-30T05:46:28.115+00:00 │ │                                  │   │   │   │   (k_proj):              │ │
2026-09-30T05:46:28.115+00:00 │ │                                  Linear(in_features=1536,               │ │
2026-09-30T05:46:28.115+00:00 │ │                                  out_features=256, bias=True)           │ │
2026-09-30T05:46:28.116+00:00 │ │                                  │   │   │   │   (v_proj): lora.Linear( │ │
2026-09-30T05:46:28.116+00:00 │ │                                  │   │   │   │     (base_layer):        │ │
2026-09-30T05:46:28.116+00:00 │ │                                  Linear(in_features=1536,               │ │
2026-09-30T05:46:28.116+00:00 │ │                                  out_features=256, bias=True)           │ │
2026-09-30T05:46:28.116+00:00 │ │                                  │   │   │   │     (lora_dropout):      │ │
2026-09-30T05:46:28.117+00:00 │ │                                  ModuleDict(                            │ │
2026-09-30T05:46:28.117+00:00 │ │                                  │   │   │   │   │   (default):         │ │
2026-09-30T05:46:28.117+00:00 │ │                                  Identity()                             │ │
2026-09-30T05:46:28.117+00:00 │ │                                  │   │   │   │   │   (ref): Identity()  │ │
2026-09-30T05:46:28.117+00:00 │ │                                  │   │   │   │     )                    │ │
2026-09-30T05:46:28.117+00:00 │ │                                  │   │   │   │     (lora_A):            │ │
2026-09-30T05:46:28.117+00:00 │ │                                  ModuleDict(                            │ │
2026-09-30T05:46:28.118+00:00 │ │                                  │   │   │   │   │   (default):         │ │
2026-09-30T05:46:28.118+00:00 │ │                                  Linear(in_features=1536,               │ │
2026-09-30T05:46:28.118+00:00 │ │                                  out_features=16, bias=False)           │ │
2026-09-30T05:46:28.118+00:00 │ │                                  │   │   │   │   │   (ref):             │ │
2026-09-30T05:46:28.118+00:00 │ │                                  Linear(in_features=1536,               │ │
2026-09-30T05:46:28.118+00:00 │ │                                  out_features=16, bias=False)           │ │
2026-09-30T05:46:28.118+00:00 │ │                                  │   │   │   │     )                    │ │
2026-09-30T05:46:28.118+00:00 │ │                                  │   │   │   │     (lora_B):            │ │
2026-09-30T05:46:28.119+00:00 │ │                                  ModuleDict(                            │ │
2026-09-30T05:46:28.119+00:00 │ │                                  │   │   │   │   │   (default):         │ │
2026-09-30T05:46:28.119+00:00 │ │                                  Linear(in_features=16,                 │ │
2026-09-30T05:46:28.119+00:00 │ │                                  out_features=256, bias=False)          │ │
2026-09-30T05:46:28.119+00:00 │ │                                  │   │   │   │   │   (ref):             │ │
2026-09-30T05:46:28.119+00:00 │ │                                  Linear(in_features=16,                 │ │
2026-09-30T05:46:28.120+00:00 │ │                                  out_features=256, bias=False)          │ │
2026-09-30T05:46:28.120+00:00 │ │                                  │   │   │   │     )                    │ │
2026-09-30T05:46:28.120+00:00 │ │                                  │   │   │   │     (lora_embedding_A):  │ │
2026-09-30T05:46:28.120+00:00 │ │                                  ParameterDict()                        │ │
2026-09-30T05:46:28.120+00:00 │ │                                  │   │   │   │     (lora_embedding_B):  │ │
2026-09-30T05:46:28.120+00:00 │ │                                  ParameterDict()                        │ │
2026-09-30T05:46:28.120+00:00 │ │                                  │   │   │   │                          │ │
2026-09-30T05:46:28.120+00:00 │ │                                  (lora_magnitude_vector): ModuleDict()  │ │
2026-09-30T05:46:28.121+00:00 │ │                                  │   │   │   │   )                      │ │
2026-09-30T05:46:28.121+00:00 │ │                                  │   │   │   │   (o_proj):              │ │
2026-09-30T05:46:28.121+00:00 │ │                                  Linear(in_features=1536,               │ │
2026-09-30T05:46:28.121+00:00 │ │                                  out_features=1536, bias=False)         │ │
2026-09-30T05:46:28.121+00:00 │ │                                  │   │   │     )                        │ │
2026-09-30T05:46:28.121+00:00 │ │                                  │   │   │     (mlp): Qwen2MLP(         │ │
2026-09-30T05:46:28.121+00:00 │ │                                  │   │   │   │   (gate_proj):           │ │
2026-09-30T05:46:28.121+00:00 │ │                                  Linear(in_features=1536,               │ │
2026-09-30T05:46:28.121+00:00 │ │                                  out_features=8960, bias=False)         │ │
2026-09-30T05:46:28.121+00:00 │ │                                  │   │   │   │   (up_proj):             │ │
2026-09-30T05:46:28.121+00:00 │ │                                  Linear(in_features=1536,               │ │
2026-09-30T05:46:28.123+00:00 │ │                                  out_features=8960, bias=False)         │ │
2026-09-30T05:46:28.123+00:00 │ │                                  │   │   │   │   (down_proj):           │ │
2026-09-30T05:46:28.123+00:00 │ │                                  Linear(in_features=8960,               │ │
2026-09-30T05:46:28.123+00:00 │ │                                  out_features=1536, bias=False)         │ │
2026-09-30T05:46:28.123+00:00 │ │                                  │   │   │   │   (act_fn):              │ │
2026-09-30T05:46:28.123+00:00 │ │                                  SiLUActivation()                       │ │
2026-09-30T05:46:28.124+00:00 │ │                                  │   │   │     )                        │ │
2026-09-30T05:46:28.124+00:00 │ │                                  │   │   │     (input_layernorm):       │ │
2026-09-30T05:46:28.124+00:00 │ │                                  Qwen2RMSNorm((1536,), eps=1e-06)       │ │
2026-09-30T05:46:28.124+00:00 │ │                                  │   │   │                              │ │
2026-09-30T05:46:28.124+00:00 │ │                                  (post_attention_layernorm):            │ │
2026-09-30T05:46:28.124+00:00 │ │                                  Qwen2RMSNorm((1536,), eps=1e-06)       │ │
2026-09-30T05:46:28.124+00:00 │ │                                  │   │   │   )                          │ │
2026-09-30T05:46:28.124+00:00 │ │                                  │   │     )                            │ │
2026-09-30T05:46:28.124+00:00 │ │                                  │   │   )                              │ │
2026-09-30T05:46:28.124+00:00 │ │                                  │   │   (norm): Qwen2RMSNorm((1536,),  │ │
2026-09-30T05:46:28.125+00:00 │ │                                  eps=1e-06)                             │ │
2026-09-30T05:46:28.125+00:00 │ │                                  │   │   (rotary_emb):                  │ │
2026-09-30T05:46:28.125+00:00 │ │                                  Qwen2RotaryEmbedding()                 │ │
2026-09-30T05:46:28.125+00:00 │ │                                  │     )                                │ │
2026-09-30T05:46:28.125+00:00 │ │                                  │     (lm_head):                       │ │
2026-09-30T05:46:28.125+00:00 │ │                                  Linear(in_features=1536,               │ │
2026-09-30T05:46:28.125+00:00 │ │                                  out_features=151936, bias=False)       │ │
2026-09-30T05:46:28.125+00:00 │ │                                  │   )                                  │ │
2026-09-30T05:46:28.126+00:00 │ │                                    )                                    │ │
2026-09-30T05:46:28.126+00:00 │ │                                  )                                      │ │
2026-09-30T05:46:28.126+00:00 │ │                   num_examples = 16                                     │ │
2026-09-30T05:46:28.126+00:00 │ │               num_train_epochs = 1                                      │ │
2026-09-30T05:46:28.127+00:00 │ │              num_train_samples = 16                                     │ │
2026-09-30T05:46:28.127+00:00 │ │     num_update_steps_per_epoch = 4                                      │ │
2026-09-30T05:46:28.127+00:00 │ │         resume_from_checkpoint = None                                   │ │
2026-09-30T05:46:28.127+00:00 │ │                           self = <trl.trainer.dpo_trainer.DPOTrainer    │ │
2026-09-30T05:46:28.127+00:00 │ │                                  object at 0x0000016B8B561BB0>          │ │
2026-09-30T05:46:28.127+00:00 │ │                     start_time = 1790747176.1142848                     │ │
2026-09-30T05:46:28.127+00:00 │ │                 steps_in_epoch = 16                                     │ │
2026-09-30T05:46:28.128+00:00 │ │ steps_trained_in_current_epoch = 0                                      │ │
2026-09-30T05:46:28.128+00:00 │ │         total_train_batch_size = 4                                      │ │
2026-09-30T05:46:28.128+00:00 │ │               train_dataloader = <accelerate.data_loader.DataLoaderSha… │ │
2026-09-30T05:46:28.128+00:00 │ │                                  object at 0x0000016B96054290>          │ │
2026-09-30T05:46:28.128+00:00 │ │                          trial = None                                   │ │
2026-09-30T05:46:28.128+00:00 │ └─────────────────────────────────────────────────────────────────────────┘ │
2026-09-30T05:46:28.128+00:00 │                                                                             │
2026-09-30T05:46:28.128+00:00 │ D:\Abdulwaarith\Desktop\soup-take-home\.venv\Lib\site-packages\transformers │
2026-09-30T05:46:28.128+00:00 │ \trainer.py:1842 in _run_epoch                                              │
2026-09-30T05:46:28.128+00:00 │                                                                             │
2026-09-30T05:46:28.128+00:00 │   1839 │   │   │   │   else:                                                │
2026-09-30T05:46:28.128+00:00 │   1840 │   │   │   │   │   sync_context = functools.partial(self.accelerato │
2026-09-30T05:46:28.128+00:00 │   1841 │   │   │   │   with sync_context():                                 │
2026-09-30T05:46:28.128+00:00 │ > 1842 │   │   │   │   │   tr_loss_step = self.training_step(model, inputs, │
2026-09-30T05:46:28.128+00:00 │   1843 │   │   │   │                                                        │
2026-09-30T05:46:28.128+00:00 │   1844 │   │   │   │   if (                                                 │
2026-09-30T05:46:28.129+00:00 │   1845 │   │   │   │   │   self.args.logging_nan_inf_filter                 │
2026-09-30T05:46:28.129+00:00 │                                                                             │
2026-09-30T05:46:28.129+00:00 │ ┌──────────────────────────────── locals ─────────────────────────────────┐ │
2026-09-30T05:46:28.129+00:00 │ │                  batch_samples = [                                      │ │
2026-09-30T05:46:28.129+00:00 │ │                                  │   {                                  │ │
2026-09-30T05:46:28.129+00:00 │ │                                  │   │   'input_ids': tensor([[    27,  │ │
2026-09-30T05:46:28.129+00:00 │ │                                  91,    872,     91,    397, 140814,    │ │
2026-09-30T05:46:28.129+00:00 │ │                                  127550, 124292, 125484,                │ │
2026-09-30T05:46:28.130+00:00 │ │                                  │   │     14062,  37622, 134863,       │ │
2026-09-30T05:46:28.130+00:00 │ │                                  13073,  25460,   7972,   4552,  22621, │ │
2026-09-30T05:46:28.130+00:00 │ │                                  26055,                                 │ │
2026-09-30T05:46:28.130+00:00 │ │                                  │   │   │    82,    397,     27,       │ │
2026-09-30T05:46:28.130+00:00 │ │                                  91,  77091,     91,    397,  60332,    │ │
2026-09-30T05:46:28.130+00:00 │ │                                  1478,                                  │ │
2026-09-30T05:46:28.130+00:00 │ │                                  │   │     53839,   9923, 134863,       │ │
2026-09-30T05:46:28.131+00:00 │ │                                  45077, 124713,  45967,   3780,  14949, │ │
2026-09-30T05:46:28.131+00:00 │ │                                  38003,                                 │ │
2026-09-30T05:46:28.131+00:00 │ │                                  │   │     53839,   3038,  50636,       │ │
2026-09-30T05:46:28.131+00:00 │ │                                  25460,   7972,     13,    444,    747, │ │
2026-09-30T05:46:28.131+00:00 │ │                                  307,                                   │ │
2026-09-30T05:46:28.131+00:00 │ │                                  │   │      1794,    417,   2416,       │ │
2026-09-30T05:46:28.133+00:00 │ │                                  11,  20264,   7796,   2184,  12612,    │ │
2026-09-30T05:46:28.133+00:00 │ │                                  124672,                                │ │
2026-09-30T05:46:28.133+00:00 │ │                                  │   │     55757,     13,  48338,       │ │
2026-09-30T05:46:28.133+00:00 │ │                                  30143,  48245,  54141,  45642,     11, │ │
2026-09-30T05:46:28.133+00:00 │ │                                  129757,                                │ │
2026-09-30T05:46:28.133+00:00 │ │                                  │   │   │    13,   5063,     13,       │ │
2026-09-30T05:46:28.133+00:00 │ │                                  48338,  30143,  48245,  54141,  85386, │ │
2026-09-30T05:46:28.133+00:00 │ │                                  27554,                                 │ │
2026-09-30T05:46:28.133+00:00 │ │                                  │   │     45642,   1959,  17307,       │ │
2026-09-30T05:46:28.133+00:00 │ │                                  45967,   3780,   4235,   7587,  51745, │ │
2026-09-30T05:46:28.133+00:00 │ │                                  35824,                                 │ │
2026-09-30T05:46:28.134+00:00 │ │                                  │   │     30143,  38079,  75195,       │ │
2026-09-30T05:46:28.134+00:00 │ │                                  33269,   1959, 143615,  38765,    522, │ │
2026-09-30T05:46:28.134+00:00 │ │                                  82,                                    │ │
2026-09-30T05:46:28.134+00:00 │ │                                  │   │   │   397, 151645, 151643,       │ │
2026-09-30T05:46:28.134+00:00 │ │                                  151643, 151643, 151643, 151643],       │ │
2026-09-30T05:46:28.134+00:00 │ │                                  │   │   [    27,     91,    872,       │ │
2026-09-30T05:46:28.134+00:00 │ │                                  91,    397, 140814, 127550, 124292,    │ │
2026-09-30T05:46:28.135+00:00 │ │                                  125484,                                │ │
2026-09-30T05:46:28.135+00:00 │ │                                  │   │     14062,  37622, 134863,       │ │
2026-09-30T05:46:28.135+00:00 │ │                                  13073,  25460,   7972,   4552,  22621, │ │
2026-09-30T05:46:28.135+00:00 │ │                                  26055,                                 │ │
2026-09-30T05:46:28.135+00:00 │ │                                  │   │   │    82,    397,     27,       │ │
2026-09-30T05:46:28.135+00:00 │ │                                  91,  77091,     91,    397,  19311,    │ │
2026-09-30T05:46:28.136+00:00 │ │                                  3038,                                  │ │
2026-09-30T05:46:28.136+00:00 │ │                                  │   │    127015,  12486,   9923,       │ │
2026-09-30T05:46:28.136+00:00 │ │                                  37622, 134989,  12992, 139055,  96234, │ │
2026-09-30T05:46:28.136+00:00 │ │                                  25460,                                 │ │
2026-09-30T05:46:28.136+00:00 │ │                                  │   │      7972,  18943, 132692,       │ │
2026-09-30T05:46:28.136+00:00 │ │                                  91107,  12228,  12486,     79,    391, │ │
2026-09-30T05:46:28.136+00:00 │ │                                  33329,                                 │ │
2026-09-30T05:46:28.137+00:00 │ │                                  │   │     74508,  71144, 128346,       │ │
2026-09-30T05:46:28.137+00:00 │ │                                  129998, 129611,  72081,  14062,        │ │
2026-09-30T05:46:28.137+00:00 │ │                                  37622, 134863,                         │ │
2026-09-30T05:46:28.137+00:00 │ │                                  │   │     51670,  49845, 135193,       │ │
2026-09-30T05:46:28.137+00:00 │ │                                  12228, 133100, 143298,     11,  58246, │ │
2026-09-30T05:46:28.137+00:00 │ │                                  136784,                                │ │
2026-09-30T05:46:28.138+00:00 │ │                                  │   │     71019,  43838,  20264,       │ │
2026-09-30T05:46:28.138+00:00 │ │                                  128917, 126460,  14949,  12228,        │ │
2026-09-30T05:46:28.138+00:00 │ │                                  62133, 130318,                         │ │
2026-09-30T05:46:28.138+00:00 │ │                                  │   │     25460,   7972,  18943,       │ │
2026-09-30T05:46:28.138+00:00 │ │                                  132188,  13073,  16104,   5259,        │ │
2026-09-30T05:46:28.138+00:00 │ │                                  126955,    444,                        │ │
2026-09-30T05:46:28.138+00:00 │ │                                  │   │   │   747,    307,   2912,       │ │
2026-09-30T05:46:28.138+00:00 │ │                                  2416,    320,   6020,  45967,   3780,  │ │
2026-09-30T05:46:28.138+00:00 │ │                                  14949,                                 │ │
2026-09-30T05:46:28.138+00:00 │ │                                  │   │     38003,   3038,  50636,       │ │
2026-09-30T05:46:28.138+00:00 │ │                                  66233,     82,    397, 151645]],       │ │
2026-09-30T05:46:28.138+00:00 │ │                                  │      device='cuda:0'),               │ │
2026-09-30T05:46:28.140+00:00 │ │                                  │   │   'attention_mask': tensor([[1,  │ │
2026-09-30T05:46:28.140+00:00 │ │                                  1, 1, 1, 1, 1, 1, 1, 1, 1, 1, 1, 1, 1, │ │
2026-09-30T05:46:28.140+00:00 │ │                                  1, 1, 1, 1, 1, 1, 1, 1, 1, 1,          │ │
2026-09-30T05:46:28.141+00:00 │ │                                  │   │    1, 1, 1, 1, 1, 1, 1, 1, 1, 1, │ │
2026-09-30T05:46:28.141+00:00 │ │                                  1, 1, 1, 1, 1, 1, 1, 1, 1, 1, 1, 1, 1, │ │
2026-09-30T05:46:28.141+00:00 │ │                                  1,                                     │ │
2026-09-30T05:46:28.141+00:00 │ │                                  │   │    1, 1, 1, 1, 1, 1, 1, 1, 1, 1, │ │
2026-09-30T05:46:28.142+00:00 │ │                                  1, 1, 1, 1, 1, 1, 1, 1, 1, 1, 1, 1, 1, │ │
2026-09-30T05:46:28.142+00:00 │ │                                  1,                                     │ │
2026-09-30T05:46:28.142+00:00 │ │                                  │   │    1, 1, 1, 1, 1, 1, 1, 1, 1, 1, │ │
2026-09-30T05:46:28.143+00:00 │ │                                  1, 1, 1, 1, 1, 1, 1, 1, 1, 1, 0, 0, 0, │ │
2026-09-30T05:46:28.143+00:00 │ │                                  0,                                     │ │
2026-09-30T05:46:28.143+00:00 │ │                                  │   │    0],                           │ │
2026-09-30T05:46:28.143+00:00 │ │                                  │   │   [1, 1, 1, 1, 1, 1, 1, 1, 1, 1, │ │
2026-09-30T05:46:28.143+00:00 │ │                                  1, 1, 1, 1, 1, 1, 1, 1, 1, 1, 1, 1, 1, │ │
2026-09-30T05:46:28.143+00:00 │ │                                  1,                                     │ │
2026-09-30T05:46:28.143+00:00 │ │                                  │   │    1, 1, 1, 1, 1, 1, 1, 1, 1, 1, │ │
2026-09-30T05:46:28.145+00:00 │ │                                  1, 1, 1, 1, 1, 1, 1, 1, 1, 1, 1, 1, 1, │ │
2026-09-30T05:46:28.145+00:00 │ │                                  1,                                     │ │
2026-09-30T05:46:28.145+00:00 │ │                                  │   │    1, 1, 1, 1, 1, 1, 1, 1, 1, 1, │ │
2026-09-30T05:46:28.145+00:00 │ │                                  1, 1, 1, 1, 1, 1, 1, 1, 1, 1, 1, 1, 1, │ │
2026-09-30T05:46:28.145+00:00 │ │                                  1,                                     │ │
2026-09-30T05:46:28.146+00:00 │ │                                  │   │    1, 1, 1, 1, 1, 1, 1, 1, 1, 1, │ │
2026-09-30T05:46:28.146+00:00 │ │                                  1, 1, 1, 1, 1, 1, 1, 1, 1, 1, 1, 1, 1, │ │
2026-09-30T05:46:28.146+00:00 │ │                                  1,                                     │ │
2026-09-30T05:46:28.146+00:00 │ │                                  │   │    1]], device='cuda:0'),        │ │
2026-09-30T05:46:28.147+00:00 │ │                                  │   │   'completion_mask': tensor([[0, │ │
2026-09-30T05:46:28.148+00:00 │ │                                  0, 0, 0, 0, 0, 0, 0, 0, 0, 0, 0, 0, 0, │ │
2026-09-30T05:46:28.148+00:00 │ │                                  0, 0, 0, 0, 0, 0, 1, 1, 1, 1,          │ │
2026-09-30T05:46:28.149+00:00 │ │                                  │   │    1, 1, 1, 1, 1, 1, 1, 1, 1, 1, │ │
2026-09-30T05:46:28.149+00:00 │ │                                  1, 1, 1, 1, 1, 1, 1, 1, 1, 1, 1, 1, 1, │ │
2026-09-30T05:46:28.149+00:00 │ │                                  1,                                     │ │
2026-09-30T05:46:28.150+00:00 │ │                                  │   │    1, 1, 1, 1, 1, 1, 1, 1, 1, 1, │ │
2026-09-30T05:46:28.150+00:00 │ │                                  1, 1, 1, 1, 1, 1, 1, 1, 1, 1, 1, 1, 1, │ │
2026-09-30T05:46:28.151+00:00 │ │                                  1,                                     │ │
2026-09-30T05:46:28.151+00:00 │ │                                  │   │    1, 1, 1, 1, 1, 1, 1, 1, 1, 1, │ │
2026-09-30T05:46:28.151+00:00 │ │                                  1, 1, 1, 1, 1, 1, 1, 1, 1, 1, 0, 0, 0, │ │
2026-09-30T05:46:28.151+00:00 │ │                                  0,                                     │ │
2026-09-30T05:46:28.152+00:00 │ │                                  │   │    0],                           │ │
2026-09-30T05:46:28.152+00:00 │ │                                  │   │   [0, 0, 0, 0, 0, 0, 0, 0, 0, 0, │ │
2026-09-30T05:46:28.152+00:00 │ │                                  0, 0, 0, 0, 0, 0, 0, 0, 0, 0, 1, 1, 1, │ │
2026-09-30T05:46:28.152+00:00 │ │                                  1,                                     │ │
2026-09-30T05:46:28.153+00:00 │ │                                  │   │    1, 1, 1, 1, 1, 1, 1, 1, 1, 1, │ │
2026-09-30T05:46:28.153+00:00 │ │                                  1, 1, 1, 1, 1, 1, 1, 1, 1, 1, 1, 1, 1, │ │
2026-09-30T05:46:28.153+00:00 │ │                                  1,                                     │ │
2026-09-30T05:46:28.153+00:00 │ │                                  │   │    1, 1, 1, 1, 1, 1, 1, 1, 1, 1, │ │
2026-09-30T05:46:28.154+00:00 │ │                                  1, 1, 1, 1, 1, 1, 1, 1, 1, 1, 1, 1, 1, │ │
2026-09-30T05:46:28.154+00:00 │ │                                  1,                                     │ │
2026-09-30T05:46:28.154+00:00 │ │                                  │   │    1, 1, 1, 1, 1, 1, 1, 1, 1, 1, │ │
2026-09-30T05:46:28.155+00:00 │ │                                  1, 1, 1, 1, 1, 1, 1, 1, 1, 1, 1, 1, 1, │ │
2026-09-30T05:46:28.155+00:00 │ │                                  1,                                     │ │
2026-09-30T05:46:28.155+00:00 │ │                                  │   │    1]], device='cuda:0')         │ │
2026-09-30T05:46:28.155+00:00 │ │                                  │   },                                 │ │
2026-09-30T05:46:28.155+00:00 │ │                                  │   {                                  │ │
2026-09-30T05:46:28.155+00:00 │ │                                  │   │   'input_ids': tensor([[    27,  │ │
2026-09-30T05:46:28.155+00:00 │ │                                  91,    872,  ..., 126635, 143587,      │ │
2026-09-30T05:46:28.155+00:00 │ │                                  26909],                                │ │
2026-09-30T05:46:28.155+00:00 │ │                                  │   │   [    27,     91,    872,  ..., │ │
2026-09-30T05:46:28.155+00:00 │ │                                  151643, 151643, 151643]],              │ │
2026-09-30T05:46:28.155+00:00 │ │                                  │      device='cuda:0'),               │ │
2026-09-30T05:46:28.155+00:00 │ │                                  │   │   'attention_mask': tensor([[1,  │ │
2026-09-30T05:46:28.155+00:00 │ │                                  1, 1,  ..., 1, 1, 1],                  │ │
2026-09-30T05:46:28.157+00:00 │ │                                  │   │   [1, 1, 1,  ..., 0, 0, 0]],     │ │
2026-09-30T05:46:28.157+00:00 │ │                                  device='cuda:0'),                      │ │
2026-09-30T05:46:28.157+00:00 │ │                                  │   │   'completion_mask': tensor([[0, │ │
2026-09-30T05:46:28.157+00:00 │ │                                  0, 0,  ..., 1, 1, 1],                  │ │
2026-09-30T05:46:28.157+00:00 │ │                                  │   │   [0, 0, 0,  ..., 0, 0, 0]],     │ │
2026-09-30T05:46:28.158+00:00 │ │                                  device='cuda:0')                       │ │
2026-09-30T05:46:28.158+00:00 │ │                                  │   },                                 │ │
2026-09-30T05:46:28.158+00:00 │ │                                  │   {                                  │ │
2026-09-30T05:46:28.158+00:00 │ │                                  │   │   'input_ids': tensor([[    27,  │ │
2026-09-30T05:46:28.158+00:00 │ │                                  91,    872,     91,    397,  24110,    │ │
2026-09-30T05:46:28.158+00:00 │ │                                  14746,  37557,   1802,                 │ │
2026-09-30T05:46:28.159+00:00 │ │                                  │   │    135933,   5259, 126293,       │ │
2026-09-30T05:46:28.159+00:00 │ │                                  59648,   6715,  34775,  21259,  67642, │ │
2026-09-30T05:46:28.159+00:00 │ │                                  393,                                   │ │
2026-09-30T05:46:28.159+00:00 │ │                                  │   │      7587,  43240,    522,       │ │
2026-09-30T05:46:28.159+00:00 │ │                                  82,    397,     27,     91,  77091,    │ │
2026-09-30T05:46:28.159+00:00 │ │                                  91,                                    │ │
2026-09-30T05:46:28.159+00:00 │ │                                  │   │   │   397,  84487, 140397,       │ │
2026-09-30T05:46:28.160+00:00 │ │                                  130486,  18658,   7796,  86383,        │ │
2026-09-30T05:46:28.160+00:00 │ │                                  7336,   1456,                          │ │
2026-09-30T05:46:28.160+00:00 │ │                                  │   │   │    11,  47389,  59648,       │ │
2026-09-30T05:46:28.160+00:00 │ │                                  4552,  34775,  21259,  67642,    393,  │ │
2026-09-30T05:46:28.160+00:00 │ │                                  7587,                                  │ │
2026-09-30T05:46:28.160+00:00 │ │                                  │   │     43240, 135933,  12368,       │ │
2026-09-30T05:46:28.160+00:00 │ │                                  45077,  18658, 135933,  12368,  80742, │ │
2026-09-30T05:46:28.161+00:00 │ │                                  80742,                                 │ │
2026-09-30T05:46:28.161+00:00 │ │                                  │   │      3780,     13, 132594,       │ │
2026-09-30T05:46:28.161+00:00 │ │                                  142738, 130157, 133771,  43240,        │ │
2026-09-30T05:46:28.161+00:00 │ │                                  11,  19849,                            │ │
2026-09-30T05:46:28.161+00:00 │ │                                  │   │    130455,  18658,  40773,       │ │
2026-09-30T05:46:28.161+00:00 │ │                                  127063,  13685,     11, 129348,        │ │
2026-09-30T05:46:28.161+00:00 │ │                                  58095, 128729,                         │ │
2026-09-30T05:46:28.162+00:00 │ │                                  │   │     61631, 126091,  78586,       │ │
2026-09-30T05:46:28.162+00:00 │ │                                  28519,  18943,  12228,   1802, 137496, │ │
2026-09-30T05:46:28.162+00:00 │ │                                  141812,                                │ │
2026-09-30T05:46:28.163+00:00 │ │                                  │   │    126935,   9358,   6442,       │ │
2026-09-30T05:46:28.163+00:00 │ │                                  12228,     13, 141726, 133771,   1802, │ │
2026-09-30T05:46:28.163+00:00 │ │                                  127550,                                │ │
2026-09-30T05:46:28.163+00:00 │ │                                  │   │    124292, 125484,  43240,       │ │
2026-09-30T05:46:28.163+00:00 │ │                                  12, 125648, 128481,     13,  71144,    │ │
2026-09-30T05:46:28.163+00:00 │ │                                  37660,                                 │ │
2026-09-30T05:46:28.164+00:00 │ │                                  │   │    128656,   7796,  86383,       │ │
2026-09-30T05:46:28.164+00:00 │ │                                  7336,   1456,     11,  47389, 136109,  │ │
2026-09-30T05:46:28.164+00:00 │ │                                  43240,                                 │ │
2026-09-30T05:46:28.164+00:00 │ │                                  │   │   │    12, 125648,  43758,       │ │
2026-09-30T05:46:28.164+00:00 │ │                                  133771,   1478,  66988,  61631,        │ │
2026-09-30T05:46:28.164+00:00 │ │                                  126091,  50312,                        │ │
2026-09-30T05:46:28.164+00:00 │ │                                  │   │     28519,  18943,  12228,       │ │
2026-09-30T05:46:28.164+00:00 │ │                                  1802, 137496, 141812, 126935,   9358,  │ │
2026-09-30T05:46:28.165+00:00 │ │                                  6442,                                  │ │
2026-09-30T05:46:28.165+00:00 │ │                                  │   │     12228,     11,  58246,       │ │
2026-09-30T05:46:28.165+00:00 │ │                                  43993,  43240,     12, 124436,  13764, │ │
2026-09-30T05:46:28.165+00:00 │ │                                  36031,                                 │ │
2026-09-30T05:46:28.165+00:00 │ │                                  │   │      4552, 128547, 125649,       │ │
2026-09-30T05:46:28.165+00:00 │ │                                  11073,  37660,  61631, 126091,  78586, │ │
2026-09-30T05:46:28.165+00:00 │ │                                  28519,                                 │ │
2026-09-30T05:46:28.166+00:00 │ │                                  │   │     18943,  12228,   1802,       │ │
2026-09-30T05:46:28.166+00:00 │ │                                  38027, 128481, 141812, 126935,   9358, │ │
2026-09-30T05:46:28.166+00:00 │ │                                  6442,                                  │ │
2026-09-30T05:46:28.166+00:00 │ │                                  │   │     49707,     11,   7587,       │ │
2026-09-30T05:46:28.166+00:00 │ │                                  393,   7587,  43240, 129482,  37660,   │ │
2026-09-30T05:46:28.166+00:00 │ │                                  135933,                                │ │
2026-09-30T05:46:28.166+00:00 │ │                                  │   │     12368,    382,  33995,       │ │
2026-09-30T05:46:28.167+00:00 │ │                                  10090,  18658, 133959,     11,  56197, │ │
2026-09-30T05:46:28.167+00:00 │ │                                  5409,                                  │ │
2026-09-30T05:46:28.167+00:00 │ │                                  │   │     66645,  90046,  18658,       │ │
2026-09-30T05:46:28.167+00:00 │ │                                  86758,  72181, 134212,  66645,   7796, │ │
2026-09-30T05:46:28.167+00:00 │ │                                  86383,                                 │ │
2026-09-30T05:46:28.167+00:00 │ │                                  │   │     59890,  20200,     11,       │ │
2026-09-30T05:46:28.167+00:00 │ │                                  128548, 125649,  11073,  37660,        │ │
2026-09-30T05:46:28.168+00:00 │ │                                  39742, 138906,                         │ │
2026-09-30T05:46:28.168+00:00 │ │                                  │   │     17787,  45077,  45239,       │ │
2026-09-30T05:46:28.168+00:00 │ │                                  68959,  15390, 130665, 135401,  24725, │ │
2026-09-30T05:46:28.168+00:00 │ │                                  47345,                                 │ │
2026-09-30T05:46:28.168+00:00 │ │                                  │   │     13039,  31885,   3780,       │ │
2026-09-30T05:46:28.168+00:00 │ │                                  13,  22933, 142526,  91778, 126609,    │ │
2026-09-30T05:46:28.168+00:00 │ │                                  8215,                                  │ │
2026-09-30T05:46:28.169+00:00 │ │                                  │   │    135933,   5259, 131183,       │ │
2026-09-30T05:46:28.169+00:00 │ │                                  59648,   6715,  34775,  21259,  67642, │ │
2026-09-30T05:46:28.169+00:00 │ │                                  393,                                   │ │
2026-09-30T05:46:28.169+00:00 │ │                                  │   │      7587,  43240,    320,       │ │
2026-09-30T05:46:28.169+00:00 │ │                                  5474,  18108,  43055, 133981,  62984,  │ │
2026-09-30T05:46:28.169+00:00 │ │                                  4552,                                  │ │
2026-09-30T05:46:28.169+00:00 │ │                                  │   │      6020,  43686, 137403,       │ │
2026-09-30T05:46:28.170+00:00 │ │                                  87496,  10474, 128547, 131199,  33513, │ │
2026-09-30T05:46:28.170+00:00 │ │                                  51670,                                 │ │
2026-09-30T05:46:28.170+00:00 │ │                                  │   │    126964,   1478,  27016,       │ │
2026-09-30T05:46:28.170+00:00 │ │                                  49593, 133628,      8, 129993, 127138, │ │
2026-09-30T05:46:28.170+00:00 │ │                                  20562,                                 │ │
2026-09-30T05:46:28.170+00:00 │ │                                  │   │    131187,  16339, 126964,       │ │
2026-09-30T05:46:28.171+00:00 │ │                                  16339,   5805, 126515,   9062,  46173, │ │
2026-09-30T05:46:28.171+00:00 │ │                                  141812,                                │ │
2026-09-30T05:46:28.171+00:00 │ │                                  │   │    126935,   9358,   6442,       │ │
2026-09-30T05:46:28.171+00:00 │ │                                  6715,     13, 135432, 129143, 133304,  │ │
2026-09-30T05:46:28.171+00:00 │ │                                  23064,                                 │ │
2026-09-30T05:46:28.171+00:00 │ │                                  │   │    127258,   1802, 133771,       │ │
2026-09-30T05:46:28.172+00:00 │ │                                  133156,  12121,   8178,  39131,        │ │
2026-09-30T05:46:28.172+00:00 │ │                                  11,  43846,                            │ │
2026-09-30T05:46:28.172+00:00 │ │                                  │   │    134746, 132226,  44358,       │ │
2026-09-30T05:46:28.172+00:00 │ │                                  7972,  10090,   7972, 131195,  40978,  │ │
2026-09-30T05:46:28.173+00:00 │ │                                  6597,                                  │ │
2026-09-30T05:46:28.173+00:00 │ │                                  │   │      9358,  37421,  35379,       │ │
2026-09-30T05:46:28.173+00:00 │ │                                  3038,  67406,   4235, 127550,  30181,  │ │
2026-09-30T05:46:28.173+00:00 │ │                                  63192,                                 │ │
2026-09-30T05:46:28.173+00:00 │ │                                  │   │     12281,  10090, 128537,       │ │
2026-09-30T05:46:28.173+00:00 │ │                                  5805, 139642, 139715,   6715, 133918,  │ │
2026-09-30T05:46:28.174+00:00 │ │                                  3918,                                  │ │
2026-09-30T05:46:28.174+00:00 │ │                                  │   │   │    82,    397, 151645],      │ │
2026-09-30T05:46:28.174+00:00 │ │                                  │   │   [    27,     91,    872,       │ │
2026-09-30T05:46:28.174+00:00 │ │                                  91,    397,  24110,  14746,  37557,    │ │
2026-09-30T05:46:28.174+00:00 │ │                                  1802,                                  │ │
2026-09-30T05:46:28.174+00:00 │ │                                  │   │    135933,   5259, 126293,       │ │
2026-09-30T05:46:28.175+00:00 │ │                                  59648,   6715,  34775,  21259,  67642, │ │
2026-09-30T05:46:28.175+00:00 │ │                                  393,                                   │ │
2026-09-30T05:46:28.175+00:00 │ │                                  │   │      7587,  43240,    522,       │ │
2026-09-30T05:46:28.175+00:00 │ │                                  82,    397,     27,     91,  77091,    │ │
2026-09-30T05:46:28.175+00:00 │ │                                  91,                                    │ │
2026-09-30T05:46:28.175+00:00 │ │                                  │   │   │   397,  40582, 126405,       │ │
2026-09-30T05:46:28.176+00:00 │ │                                  11, 128866, 131636,  47389,  18658,    │ │
2026-09-30T05:46:28.176+00:00 │ │                                  143954,                                │ │
2026-09-30T05:46:28.176+00:00 │ │                                  │   │    130965,  18658,  73626,       │ │
2026-09-30T05:46:28.176+00:00 │ │                                  45310, 125670,  89777, 125033,  70139, │ │
2026-09-30T05:46:28.177+00:00 │ │                                  43000,                                 │ │
2026-09-30T05:46:28.177+00:00 │ │                                  │   │      6442,     11, 128330,       │ │
2026-09-30T05:46:28.177+00:00 │ │                                  129128, 138766,  10813,  15952,        │ │
2026-09-30T05:46:28.177+00:00 │ │                                  126602, 129618,                        │ │
2026-09-30T05:46:28.177+00:00 │ │                                  │   │    125033, 134889,  44022,       │ │
2026-09-30T05:46:28.177+00:00 │ │                                  125439,     13, 128654,  20811,        │ │
2026-09-30T05:46:28.178+00:00 │ │                                  7796,  39111,                          │ │
2026-09-30T05:46:28.178+00:00 │ │                                  │   │     26909,   1504,     11,       │ │
2026-09-30T05:46:28.179+00:00 │ │                                  129796, 138022,   9358,   5805,        │ │
2026-09-30T05:46:28.179+00:00 │ │                                  129892,  24725,                        │ │
2026-09-30T05:46:28.179+00:00 │ │                                  │   │     17316,  52571,     25,       │ │
2026-09-30T05:46:28.179+00:00 │ │                                  126635,  45077,  42796,  30174,        │ │
2026-09-30T05:46:28.179+00:00 │ │                                  26055,     82,                         │ │
2026-09-30T05:46:28.179+00:00 │ │                                  │   │   │   397, 151645, 151643,       │ │
2026-09-30T05:46:28.179+00:00 │ │                                  151643, 151643, 151643, 151643,        │ │
2026-09-30T05:46:28.179+00:00 │ │                                  151643, 151643,                        │ │
2026-09-30T05:46:28.180+00:00 │ │                                  │   │    151643, 151643, 151643,       │ │
2026-09-30T05:46:28.180+00:00 │ │                                  151643, 151643, 151643, 151643,        │ │
2026-09-30T05:46:28.180+00:00 │ │                                  151643, 151643,                        │ │
2026-09-30T05:46:28.180+00:00 │ │                                  │   │    151643, 151643, 151643,       │ │
2026-09-30T05:46:28.180+00:00 │ │                                  151643, 151643, 151643, 151643,        │ │
2026-09-30T05:46:28.180+00:00 │ │                                  151643, 151643,                        │ │
2026-09-30T05:46:28.181+00:00 │ │                                  │   │    151643, 151643, 151643,       │ │
2026-09-30T05:46:28.181+00:00 │ │                                  151643, 151643, 151643, 151643,        │ │
2026-09-30T05:46:28.181+00:00 │ │                                  151643, 151643,                        │ │
2026-09-30T05:46:28.181+00:00 │ │                                  │   │    151643, 151643, 151643,       │ │
2026-09-30T05:46:28.181+00:00 │ │                                  151643, 151643, 151643, 151643,        │ │
2026-09-30T05:46:28.181+00:00 │ │                                  151643, 151643,                        │ │
2026-09-30T05:46:28.182+00:00 │ │                                  │   │    151643, 151643, 151643,       │ │
2026-09-30T05:46:28.182+00:00 │ │                                  151643, 151643, 151643, 151643,        │ │
2026-09-30T05:46:28.182+00:00 │ │                                  151643, 151643,                        │ │
2026-09-30T05:46:28.182+00:00 │ │                                  │   │    151643, 151643, 151643,       │ │
2026-09-30T05:46:28.182+00:00 │ │                                  151643, 151643, 151643, 151643,        │ │
2026-09-30T05:46:28.182+00:00 │ │                                  151643, 151643,                        │ │
2026-09-30T05:46:28.183+00:00 │ │                                  │   │    151643, 151643, 151643,       │ │
2026-09-30T05:46:28.183+00:00 │ │                                  151643, 151643, 151643, 151643,        │ │
2026-09-30T05:46:28.183+00:00 │ │                                  151643, 151643,                        │ │
2026-09-30T05:46:28.183+00:00 │ │                                  │   │    151643, 151643, 151643,       │ │
2026-09-30T05:46:28.183+00:00 │ │                                  151643, 151643, 151643, 151643,        │ │
2026-09-30T05:46:28.183+00:00 │ │                                  151643, 151643,                        │ │
2026-09-30T05:46:28.183+00:00 │ │                                  │   │    151643, 151643, 151643,       │ │
2026-09-30T05:46:28.184+00:00 │ │                                  151643, 151643, 151643, 151643,        │ │
2026-09-30T05:46:28.184+00:00 │ │                                  151643, 151643,                        │ │
2026-09-30T05:46:28.184+00:00 │ │                                  │   │    151643, 151643, 151643,       │ │
2026-09-30T05:46:28.184+00:00 │ │                                  151643, 151643, 151643, 151643,        │ │
2026-09-30T05:46:28.184+00:00 │ │                                  151643, 151643,                        │ │
2026-09-30T05:46:28.184+00:00 │ │                                  │   │    151643, 151643, 151643,       │ │
2026-09-30T05:46:28.184+00:00 │ │                                  151643, 151643, 151643, 151643,        │ │
2026-09-30T05:46:28.185+00:00 │ │                                  151643, 151643,                        │ │
2026-09-30T05:46:28.185+00:00 │ │                                  │   │    151643, 151643, 151643,       │ │
2026-09-30T05:46:28.185+00:00 │ │                                  151643, 151643, 151643, 151643,        │ │
2026-09-30T05:46:28.185+00:00 │ │                                  151643, 151643,                        │ │
2026-09-30T05:46:28.185+00:00 │ │                                  │   │    151643, 151643, 151643,       │ │
2026-09-30T05:46:28.185+00:00 │ │                                  151643, 151643, 151643, 151643,        │ │
2026-09-30T05:46:28.185+00:00 │ │                                  151643, 151643,                        │ │
2026-09-30T05:46:28.185+00:00 │ │                                  │   │    151643, 151643, 151643,       │ │
2026-09-30T05:46:28.185+00:00 │ │                                  151643, 151643, 151643, 151643,        │ │
2026-09-30T05:46:28.187+00:00 │ │                                  151643, 151643,                        │ │
2026-09-30T05:46:28.187+00:00 │ │                                  │   │    151643, 151643, 151643,       │ │
2026-09-30T05:46:28.187+00:00 │ │                                  151643, 151643, 151643, 151643,        │ │
2026-09-30T05:46:28.187+00:00 │ │                                  151643, 151643,                        │ │
2026-09-30T05:46:28.187+00:00 │ │                                  │   │    151643, 151643, 151643,       │ │
2026-09-30T05:46:28.187+00:00 │ │                                  151643, 151643, 151643, 151643,        │ │
2026-09-30T05:46:28.187+00:00 │ │                                  151643, 151643,                        │ │
2026-09-30T05:46:28.187+00:00 │ │                                  │   │    151643, 151643, 151643,       │ │
2026-09-30T05:46:28.187+00:00 │ │                                  151643, 151643, 151643, 151643,        │ │
2026-09-30T05:46:28.187+00:00 │ │                                  151643, 151643,                        │ │
2026-09-30T05:46:28.187+00:00 │ │                                  │   │    151643, 151643, 151643,       │ │
2026-09-30T05:46:28.188+00:00 │ │                                  151643, 151643, 151643, 151643,        │ │
2026-09-30T05:46:28.188+00:00 │ │                                  151643, 151643,                        │ │
2026-09-30T05:46:28.188+00:00 │ │                                  │   │    151643, 151643, 151643,       │ │
2026-09-30T05:46:28.188+00:00 │ │                                  151643, 151643, 151643, 151643,        │ │
2026-09-30T05:46:28.188+00:00 │ │                                  151643, 151643,                        │ │
2026-09-30T05:46:28.188+00:00 │ │                                  │   │    151643, 151643, 151643,       │ │
2026-09-30T05:46:28.189+00:00 │ │                                  151643, 151643, 151643, 151643,        │ │
2026-09-30T05:46:28.189+00:00 │ │                                  151643, 151643,                        │ │
2026-09-30T05:46:28.189+00:00 │ │                                  │   │    151643, 151643, 151643,       │ │
2026-09-30T05:46:28.190+00:00 │ │                                  151643, 151643, 151643, 151643,        │ │
2026-09-30T05:46:28.190+00:00 │ │                                  151643, 151643,                        │ │
2026-09-30T05:46:28.190+00:00 │ │                                  │   │    151643, 151643, 151643,       │ │
2026-09-30T05:46:28.190+00:00 │ │                                  151643, 151643, 151643, 151643,        │ │
2026-09-30T05:46:28.191+00:00 │ │                                  151643, 151643,                        │ │
2026-09-30T05:46:28.191+00:00 │ │                                  │   │    151643, 151643, 151643,       │ │
2026-09-30T05:46:28.191+00:00 │ │                                  151643, 151643, 151643, 151643,        │ │
2026-09-30T05:46:28.191+00:00 │ │                                  151643, 151643,                        │ │
2026-09-30T05:46:28.191+00:00 │ │                                  │   │    151643, 151643, 151643]],     │ │
2026-09-30T05:46:28.191+00:00 │ │                                  device='cuda:0'),                      │ │
2026-09-30T05:46:28.192+00:00 │ │                                  │   │   'attention_mask': tensor([[1,  │ │
2026-09-30T05:46:28.193+00:00 │ │                                  1, 1, 1, 1, 1, 1, 1, 1, 1, 1, 1, 1, 1, │ │
2026-09-30T05:46:28.193+00:00 │ │                                  1, 1, 1, 1, 1, 1, 1, 1, 1, 1,          │ │
2026-09-30T05:46:28.193+00:00 │ │                                  │   │    1, 1, 1, 1, 1, 1, 1, 1, 1, 1, │ │
2026-09-30T05:46:28.193+00:00 │ │                                  1, 1, 1, 1, 1, 1, 1, 1, 1, 1, 1, 1, 1, │ │
2026-09-30T05:46:28.193+00:00 │ │                                  1,                                     │ │
2026-09-30T05:46:28.193+00:00 │ │                                  │   │    1, 1, 1, 1, 1, 1, 1, 1, 1, 1, │ │
2026-09-30T05:46:28.195+00:00 │ │                                  1, 1, 1, 1, 1, 1, 1, 1, 1, 1, 1, 1, 1, │ │
2026-09-30T05:46:28.195+00:00 │ │                                  1,                                     │ │
2026-09-30T05:46:28.195+00:00 │ │                                  │   │    1, 1, 1, 1, 1, 1, 1, 1, 1, 1, │ │
2026-09-30T05:46:28.196+00:00 │ │                                  1, 1, 1, 1, 1, 1, 1, 1, 1, 1, 1, 1, 1, │ │
2026-09-30T05:46:28.196+00:00 │ │                                  1,                                     │ │
2026-09-30T05:46:28.196+00:00 │ │                                  │   │    1, 1, 1, 1, 1, 1, 1, 1, 1, 1, │ │
2026-09-30T05:46:28.197+00:00 │ │                                  1, 1, 1, 1, 1, 1, 1, 1, 1, 1, 1, 1, 1, │ │
2026-09-30T05:46:28.197+00:00 │ │                                  1,                                     │ │
2026-09-30T05:46:28.197+00:00 │ │                                  │   │    1, 1, 1, 1, 1, 1, 1, 1, 1, 1, │ │
2026-09-30T05:46:28.198+00:00 │ │                                  1, 1, 1, 1, 1, 1, 1, 1, 1, 1, 1, 1, 1, │ │
2026-09-30T05:46:28.198+00:00 │ │                                  1,                                     │ │
2026-09-30T05:46:28.198+00:00 │ │                                  │   │    1, 1, 1, 1, 1, 1, 1, 1, 1, 1, │ │
2026-09-30T05:46:28.198+00:00 │ │                                  1, 1, 1, 1, 1, 1, 1, 1, 1, 1, 1, 1, 1, │ │
2026-09-30T05:46:28.198+00:00 │ │                                  1,                                     │ │
2026-09-30T05:46:28.198+00:00 │ │                                  │   │    1, 1, 1, 1, 1, 1, 1, 1, 1, 1, │ │
2026-09-30T05:46:28.199+00:00 │ │                                  1, 1, 1, 1, 1, 1, 1, 1, 1, 1, 1, 1, 1, │ │
2026-09-30T05:46:28.199+00:00 │ │                                  1,                                     │ │
2026-09-30T05:46:28.199+00:00 │ │                                  │   │    1, 1, 1, 1, 1, 1, 1, 1, 1, 1, │ │
2026-09-30T05:46:28.199+00:00 │ │                                  1, 1, 1, 1, 1, 1, 1, 1, 1, 1, 1, 1, 1, │ │
2026-09-30T05:46:28.201+00:00 │ │                                  1,                                     │ │
2026-09-30T05:46:28.201+00:00 │ │                                  │   │    1, 1, 1, 1, 1, 1, 1, 1, 1, 1, │ │
2026-09-30T05:46:28.201+00:00 │ │                                  1, 1, 1, 1, 1, 1, 1, 1, 1, 1, 1, 1, 1, │ │
2026-09-30T05:46:28.201+00:00 │ │                                  1,                                     │ │
2026-09-30T05:46:28.202+00:00 │ │                                  │   │    1, 1, 1, 1, 1, 1, 1, 1, 1, 1, │ │
2026-09-30T05:46:28.202+00:00 │ │                                  1, 1, 1, 1, 1, 1, 1, 1, 1, 1, 1, 1, 1, │ │
2026-09-30T05:46:28.202+00:00 │ │                                  1,                                     │ │
2026-09-30T05:46:28.203+00:00 │ │                                  │   │    1, 1, 1, 1, 1, 1, 1, 1, 1, 1, │ │
2026-09-30T05:46:28.203+00:00 │ │                                  1, 1, 1, 1, 1, 1, 1, 1, 1, 1, 1, 1, 1, │ │
2026-09-30T05:46:28.203+00:00 │ │                                  1,                                     │ │
2026-09-30T05:46:28.203+00:00 │ │                                  │   │    1, 1, 1, 1, 1, 1, 1, 1, 1, 1, │ │
2026-09-30T05:46:28.204+00:00 │ │                                  1, 1],                                 │ │
2026-09-30T05:46:28.204+00:00 │ │                                  │   │   [1, 1, 1, 1, 1, 1, 1, 1, 1, 1, │ │
2026-09-30T05:46:28.204+00:00 │ │                                  1, 1, 1, 1, 1, 1, 1, 1, 1, 1, 1, 1, 1, │ │
2026-09-30T05:46:28.204+00:00 │ │                                  1,                                     │ │
2026-09-30T05:46:28.205+00:00 │ │                                  │   │    1, 1, 1, 1, 1, 1, 1, 1, 1, 1, │ │
2026-09-30T05:46:28.205+00:00 │ │                                  1, 1, 1, 1, 1, 1, 1, 1, 1, 1, 1, 1, 1, │ │
2026-09-30T05:46:28.205+00:00 │ │                                  1,                                     │ │
2026-09-30T05:46:28.206+00:00 │ │                                  │   │    1, 1, 1, 1, 1, 1, 1, 1, 1, 1, │ │
2026-09-30T05:46:28.206+00:00 │ │                                  1, 1, 1, 1, 1, 1, 1, 1, 1, 1, 1, 1, 1, │ │
2026-09-30T05:46:28.206+00:00 │ │                                  1,                                     │ │
2026-09-30T05:46:28.206+00:00 │ │                                  │   │    1, 1, 1, 1, 1, 1, 1, 1, 1, 1, │ │
2026-09-30T05:46:28.207+00:00 │ │                                  1, 0, 0, 0, 0, 0, 0, 0, 0, 0, 0, 0, 0, │ │
2026-09-30T05:46:28.207+00:00 │ │                                  0,                                     │ │
2026-09-30T05:46:28.207+00:00 │ │                                  │   │    0, 0, 0, 0, 0, 0, 0, 0, 0, 0, │ │
2026-09-30T05:46:28.207+00:00 │ │                                  0, 0, 0, 0, 0, 0, 0, 0, 0, 0, 0, 0, 0, │ │
2026-09-30T05:46:28.207+00:00 │ │                                  0,                                     │ │
2026-09-30T05:46:28.208+00:00 │ │                                  │   │    0, 0, 0, 0, 0, 0, 0, 0, 0, 0, │ │
2026-09-30T05:46:28.208+00:00 │ │                                  0, 0, 0, 0, 0, 0, 0, 0, 0, 0, 0, 0, 0, │ │
2026-09-30T05:46:28.208+00:00 │ │                                  0,                                     │ │
2026-09-30T05:46:28.208+00:00 │ │                                  │   │    0, 0, 0, 0, 0, 0, 0, 0, 0, 0, │ │
2026-09-30T05:46:28.208+00:00 │ │                                  0, 0, 0, 0, 0, 0, 0, 0, 0, 0, 0, 0, 0, │ │
2026-09-30T05:46:28.208+00:00 │ │                                  0,                                     │ │
2026-09-30T05:46:28.210+00:00 │ │                                  │   │    0, 0, 0, 0, 0, 0, 0, 0, 0, 0, │ │
2026-09-30T05:46:28.210+00:00 │ │                                  0, 0, 0, 0, 0, 0, 0, 0, 0, 0, 0, 0, 0, │ │
2026-09-30T05:46:28.210+00:00 │ │                                  0,                                     │ │
2026-09-30T05:46:28.210+00:00 │ │                                  │   │    0, 0, 0, 0, 0, 0, 0, 0, 0, 0, │ │
2026-09-30T05:46:28.211+00:00 │ │                                  0, 0, 0, 0, 0, 0, 0, 0, 0, 0, 0, 0, 0, │ │
2026-09-30T05:46:28.211+00:00 │ │                                  0,                                     │ │
2026-09-30T05:46:28.211+00:00 │ │                                  │   │    0, 0, 0, 0, 0, 0, 0, 0, 0, 0, │ │
2026-09-30T05:46:28.212+00:00 │ │                                  0, 0, 0, 0, 0, 0, 0, 0, 0, 0, 0, 0, 0, │ │
2026-09-30T05:46:28.212+00:00 │ │                                  0,                                     │ │
2026-09-30T05:46:28.212+00:00 │ │                                  │   │    0, 0, 0, 0, 0, 0, 0, 0, 0, 0, │ │
2026-09-30T05:46:28.212+00:00 │ │                                  0, 0, 0, 0, 0, 0, 0, 0, 0, 0, 0, 0, 0, │ │
2026-09-30T05:46:28.213+00:00 │ │                                  0,                                     │ │
2026-09-30T05:46:28.213+00:00 │ │                                  │   │    0, 0, 0, 0, 0, 0, 0, 0, 0, 0, │ │
2026-09-30T05:46:28.213+00:00 │ │                                  0, 0, 0, 0, 0, 0, 0, 0, 0, 0, 0, 0, 0, │ │
2026-09-30T05:46:28.213+00:00 │ │                                  0,                                     │ │
2026-09-30T05:46:28.213+00:00 │ │                                  │   │    0, 0, 0, 0, 0, 0, 0, 0, 0, 0, │ │
2026-09-30T05:46:28.215+00:00 │ │                                  0, 0]], device='cuda:0'),              │ │
2026-09-30T05:46:28.215+00:00 │ │                                  │   │   'completion_mask': tensor([[0, │ │
2026-09-30T05:46:28.215+00:00 │ │                                  0, 0, 0, 0, 0, 0, 0, 0, 0, 0, 0, 0, 0, │ │
2026-09-30T05:46:28.215+00:00 │ │                                  0, 0, 0, 0, 0, 0, 0, 0, 0, 1,          │ │
2026-09-30T05:46:28.216+00:00 │ │                                  │   │    1, 1, 1, 1, 1, 1, 1, 1, 1, 1, │ │
2026-09-30T05:46:28.216+00:00 │ │                                  1, 1, 1, 1, 1, 1, 1, 1, 1, 1, 1, 1, 1, │ │
2026-09-30T05:46:28.216+00:00 │ │                                  1,                                     │ │
2026-09-30T05:46:28.216+00:00 │ │                                  │   │    1, 1, 1, 1, 1, 1, 1, 1, 1, 1, │ │
2026-09-30T05:46:28.216+00:00 │ │                                  1, 1, 1, 1, 1, 1, 1, 1, 1, 1, 1, 1, 1, │ │
2026-09-30T05:46:28.217+00:00 │ │                                  1,                                     │ │
2026-09-30T05:46:28.217+00:00 │ │                                  │   │    1, 1, 1, 1, 1, 1, 1, 1, 1, 1, │ │
2026-09-30T05:46:28.217+00:00 │ │                                  1, 1, 1, 1, 1, 1, 1, 1, 1, 1, 1, 1, 1, │ │
2026-09-30T05:46:28.217+00:00 │ │                                  1,                                     │ │
2026-09-30T05:46:28.218+00:00 │ │                                  │   │    1, 1, 1, 1, 1, 1, 1, 1, 1, 1, │ │
2026-09-30T05:46:28.218+00:00 │ │                                  1, 1, 1, 1, 1, 1, 1, 1, 1, 1, 1, 1, 1, │ │
2026-09-30T05:46:28.218+00:00 │ │                                  1,                                     │ │
2026-09-30T05:46:28.219+00:00 │ │                                  │   │    1, 1, 1, 1, 1, 1, 1, 1, 1, 1, │ │
2026-09-30T05:46:28.219+00:00 │ │                                  1, 1, 1, 1, 1, 1, 1, 1, 1, 1, 1, 1, 1, │ │
2026-09-30T05:46:28.219+00:00 │ │                                  1,                                     │ │
2026-09-30T05:46:28.219+00:00 │ │                                  │   │    1, 1, 1, 1, 1, 1, 1, 1, 1, 1, │ │
2026-09-30T05:46:28.220+00:00 │ │                                  1, 1, 1, 1, 1, 1, 1, 1, 1, 1, 1, 1, 1, │ │
2026-09-30T05:46:28.221+00:00 │ │                                  1,                                     │ │
2026-09-30T05:46:28.221+00:00 │ │                                  │   │    1, 1, 1, 1, 1, 1, 1, 1, 1, 1, │ │
2026-09-30T05:46:28.221+00:00 │ │                                  1, 1, 1, 1, 1, 1, 1, 1, 1, 1, 1, 1, 1, │ │
2026-09-30T05:46:28.221+00:00 │ │                                  1,                                     │ │
2026-09-30T05:46:28.222+00:00 │ │                                  │   │    1, 1, 1, 1, 1, 1, 1, 1, 1, 1, │ │
2026-09-30T05:46:28.222+00:00 │ │                                  1, 1, 1, 1, 1, 1, 1, 1, 1, 1, 1, 1, 1, │ │
2026-09-30T05:46:28.222+00:00 │ │                                  1,                                     │ │
2026-09-30T05:46:28.222+00:00 │ │                                  │   │    1, 1, 1, 1, 1, 1, 1, 1, 1, 1, │ │
2026-09-30T05:46:28.222+00:00 │ │                                  1, 1, 1, 1, 1, 1, 1, 1, 1, 1, 1, 1, 1, │ │
2026-09-30T05:46:28.223+00:00 │ │                                  1,                                     │ │
2026-09-30T05:46:28.223+00:00 │ │                                  │   │    1, 1, 1, 1, 1, 1, 1, 1, 1, 1, │ │
2026-09-30T05:46:28.224+00:00 │ │                                  1, 1, 1, 1, 1, 1, 1, 1, 1, 1, 1, 1, 1, │ │
2026-09-30T05:46:28.224+00:00 │ │                                  1,                                     │ │
2026-09-30T05:46:28.224+00:00 │ │                                  │   │    1, 1, 1, 1, 1, 1, 1, 1, 1, 1, │ │
2026-09-30T05:46:28.225+00:00 │ │                                  1, 1, 1, 1, 1, 1, 1, 1, 1, 1, 1, 1, 1, │ │
2026-09-30T05:46:28.225+00:00 │ │                                  1,                                     │ │
2026-09-30T05:46:28.225+00:00 │ │                                  │   │    1, 1, 1, 1, 1, 1, 1, 1, 1, 1, │ │
2026-09-30T05:46:28.225+00:00 │ │                                  1, 1],                                 │ │
2026-09-30T05:46:28.226+00:00 │ │                                  │   │   [0, 0, 0, 0, 0, 0, 0, 0, 0, 0, │ │
2026-09-30T05:46:28.227+00:00 │ │                                  0, 0, 0, 0, 0, 0, 0, 0, 0, 0, 0, 0, 0, │ │
2026-09-30T05:46:28.227+00:00 │ │                                  1,                                     │ │
2026-09-30T05:46:28.227+00:00 │ │                                  │   │    1, 1, 1, 1, 1, 1, 1, 1, 1, 1, │ │
2026-09-30T05:46:28.227+00:00 │ │                                  1, 1, 1, 1, 1, 1, 1, 1, 1, 1, 1, 1, 1, │ │
2026-09-30T05:46:28.227+00:00 │ │                                  1,                                     │ │
2026-09-30T05:46:28.228+00:00 │ │                                  │   │    1, 1, 1, 1, 1, 1, 1, 1, 1, 1, │ │
2026-09-30T05:46:28.228+00:00 │ │                                  1, 1, 1, 1, 1, 1, 1, 1, 1, 1, 1, 1, 1, │ │
2026-09-30T05:46:28.228+00:00 │ │                                  1,                                     │ │
2026-09-30T05:46:28.228+00:00 │ │                                  │   │    1, 1, 1, 1, 1, 1, 1, 1, 1, 1, │ │
2026-09-30T05:46:28.228+00:00 │ │                                  1, 0, 0, 0, 0, 0, 0, 0, 0, 0, 0, 0, 0, │ │
2026-09-30T05:46:28.229+00:00 │ │                                  0,                                     │ │
2026-09-30T05:46:28.229+00:00 │ │                                  │   │    0, 0, 0, 0, 0, 0, 0, 0, 0, 0, │ │
2026-09-30T05:46:28.229+00:00 │ │                                  0, 0, 0, 0, 0, 0, 0, 0, 0, 0, 0, 0, 0, │ │
2026-09-30T05:46:28.229+00:00 │ │                                  0,                                     │ │
2026-09-30T05:46:28.230+00:00 │ │                                  │   │    0, 0, 0, 0, 0, 0, 0, 0, 0, 0, │ │
2026-09-30T05:46:28.230+00:00 │ │                                  0, 0, 0, 0, 0, 0, 0, 0, 0, 0, 0, 0, 0, │ │
2026-09-30T05:46:28.230+00:00 │ │                                  0,                                     │ │
2026-09-30T05:46:28.231+00:00 │ │                                  │   │    0, 0, 0, 0, 0, 0, 0, 0, 0, 0, │ │
2026-09-30T05:46:28.231+00:00 │ │                                  0, 0, 0, 0, 0, 0, 0, 0, 0, 0, 0, 0, 0, │ │
2026-09-30T05:46:28.231+00:00 │ │                                  0,                                     │ │
2026-09-30T05:46:28.232+00:00 │ │                                  │   │    0, 0, 0, 0, 0, 0, 0, 0, 0, 0, │ │
2026-09-30T05:46:28.232+00:00 │ │                                  0, 0, 0, 0, 0, 0, 0, 0, 0, 0, 0, 0, 0, │ │
2026-09-30T05:46:28.232+00:00 │ │                                  0,                                     │ │
2026-09-30T05:46:28.232+00:00 │ │                                  │   │    0, 0, 0, 0, 0, 0, 0, 0, 0, 0, │ │
2026-09-30T05:46:28.233+00:00 │ │                                  0, 0, 0, 0, 0, 0, 0, 0, 0, 0, 0, 0, 0, │ │
2026-09-30T05:46:28.233+00:00 │ │                                  0,                                     │ │
2026-09-30T05:46:28.233+00:00 │ │                                  │   │    0, 0, 0, 0, 0, 0, 0, 0, 0, 0, │ │
2026-09-30T05:46:28.234+00:00 │ │                                  0, 0, 0, 0, 0, 0, 0, 0, 0, 0, 0, 0, 0, │ │
2026-09-30T05:46:28.234+00:00 │ │                                  0,                                     │ │
2026-09-30T05:46:28.234+00:00 │ │                                  │   │    0, 0, 0, 0, 0, 0, 0, 0, 0, 0, │ │
2026-09-30T05:46:28.235+00:00 │ │                                  0, 0, 0, 0, 0, 0, 0, 0, 0, 0, 0, 0, 0, │ │
2026-09-30T05:46:28.235+00:00 │ │                                  0,                                     │ │
2026-09-30T05:46:28.235+00:00 │ │                                  │   │    0, 0, 0, 0, 0, 0, 0, 0, 0, 0, │ │
2026-09-30T05:46:28.235+00:00 │ │                                  0, 0, 0, 0, 0, 0, 0, 0, 0, 0, 0, 0, 0, │ │
2026-09-30T05:46:28.236+00:00 │ │                                  0,                                     │ │
2026-09-30T05:46:28.236+00:00 │ │                                  │   │    0, 0, 0, 0, 0, 0, 0, 0, 0, 0, │ │
2026-09-30T05:46:28.236+00:00 │ │                                  0, 0]], device='cuda:0')               │ │
2026-09-30T05:46:28.236+00:00 │ │                                  │   },                                 │ │
2026-09-30T05:46:28.236+00:00 │ │                                  │   {                                  │ │
2026-09-30T05:46:28.236+00:00 │ │                                  │   │   'input_ids': tensor([[    27,  │ │
2026-09-30T05:46:28.237+00:00 │ │                                  91,    872,     91,    397,  16854,    │ │
2026-09-30T05:46:28.237+00:00 │ │                                  37338,  10090,   3780,                 │ │
2026-09-30T05:46:28.237+00:00 │ │                                  │   │      7665,   2184,  13039,       │ │
2026-09-30T05:46:28.237+00:00 │ │                                  4552,  34775,  66024,  50636,  26055,  │ │
2026-09-30T05:46:28.237+00:00 │ │                                  82,                                    │ │
2026-09-30T05:46:28.237+00:00 │ │                                  │   │   │   397,     27,     91,       │ │
2026-09-30T05:46:28.238+00:00 │ │                                  77091,     91,    397,  26338,   2184, │ │
2026-09-30T05:46:28.238+00:00 │ │                                  13039,                                 │ │
2026-09-30T05:46:28.238+00:00 │ │                                  │   │      4552, 134030,  37421,       │ │
2026-09-30T05:46:28.238+00:00 │ │                                  5805,  39742, 132180,  43686,  25460,  │ │
2026-09-30T05:46:28.238+00:00 │ │                                  37622,                                 │ │
2026-09-30T05:46:28.238+00:00 │ │                                  │   │     77646,  18943,  43513,       │ │
2026-09-30T05:46:28.238+00:00 │ │                                  10474,     11, 129162,  23064,     12, │ │
2026-09-30T05:46:28.239+00:00 │ │                                  126213,                                │ │
2026-09-30T05:46:28.239+00:00 │ │                                  │   │     20264, 131354,  20200,       │ │
2026-09-30T05:46:28.239+00:00 │ │                                  39131, 130865,   1478, 143220,  17175, │ │
2026-09-30T05:46:28.240+00:00 │ │                                  18658,                                 │ │
2026-09-30T05:46:28.240+00:00 │ │                                  │   │     91810, 127138,  20928,       │ │
2026-09-30T05:46:28.240+00:00 │ │                                  134722,  11916, 125305,  43686,        │ │
2026-09-30T05:46:28.240+00:00 │ │                                  139339,     13,                        │ │
2026-09-30T05:46:28.240+00:00 │ │                                  │   │    133841,  22132,   6597,       │ │
2026-09-30T05:46:28.240+00:00 │ │                                  33934, 127205,  20264, 126312,  18658, │ │
2026-09-30T05:46:28.240+00:00 │ │                                  125649,                                │ │
2026-09-30T05:46:28.240+00:00 │ │                                  │   │    132717,  13685,  94812,       │ │
2026-09-30T05:46:28.240+00:00 │ │                                  1802,  14144,  17998,  24725,   5259,  │ │
2026-09-30T05:46:28.240+00:00 │ │                                  12228,                                 │ │
2026-09-30T05:46:28.242+00:00 │ │                                  │   │    128488,  56825,  89777,       │ │
2026-09-30T05:46:28.242+00:00 │ │                                  20264,  11310,  37421,  29336,  12141, │ │
2026-09-30T05:46:28.242+00:00 │ │                                  11,                                    │ │
2026-09-30T05:46:28.242+00:00 │ │                                  │   │      6709,  24671,   7972,       │ │
2026-09-30T05:46:28.242+00:00 │ │                                  26991,  13685, 134905, 126621,  13073, │ │
2026-09-30T05:46:28.242+00:00 │ │                                  143220,                                │ │
2026-09-30T05:46:28.242+00:00 │ │                                  │   │     17175,     13,  22933,       │ │
2026-09-30T05:46:28.242+00:00 │ │                                  7587,   1792,  14497,   1504, 129187,  │ │
2026-09-30T05:46:28.242+00:00 │ │                                  60279,                                 │ │
2026-09-30T05:46:28.242+00:00 │ │                                  │   │     72920, 125274, 129760,       │ │
2026-09-30T05:46:28.243+00:00 │ │                                  134825,  13932, 128955,   6020,        │ │
2026-09-30T05:46:28.243+00:00 │ │                                  50312,     13,                         │ │
2026-09-30T05:46:28.243+00:00 │ │                                  │   │     35379, 130975,   1802,       │ │
2026-09-30T05:46:28.243+00:00 │ │                                  11, 131616,  13685,  17686,  10813,    │ │
2026-09-30T05:46:28.243+00:00 │ │                                  16339,                                 │ │
2026-09-30T05:46:28.243+00:00 │ │                                  │   │    128346, 131208,   1504,       │ │
2026-09-30T05:46:28.244+00:00 │ │                                  13932, 131007,  76638,  57217,  37622, │ │
2026-09-30T05:46:28.244+00:00 │ │                                  2184,                                  │ │
2026-09-30T05:46:28.244+00:00 │ │                                  │   │   │    11, 132957,  13932,       │ │
2026-09-30T05:46:28.244+00:00 │ │                                  128488, 143624,  44022,  16748,        │ │
2026-09-30T05:46:28.244+00:00 │ │                                  10474,  56825,                         │ │
2026-09-30T05:46:28.244+00:00 │ │                                  │   │     89777,     11,  21229,       │ │
2026-09-30T05:46:28.245+00:00 │ │                                  9358,  17753, 125349,   5805, 127680,  │ │
2026-09-30T05:46:28.245+00:00 │ │                                  1504,                                  │ │
2026-09-30T05:46:28.245+00:00 │ │                                  │   │   │    11,  57217,  37622,       │ │
2026-09-30T05:46:28.245+00:00 │ │                                  38003, 129482,   3918,     82,    397, │ │
2026-09-30T05:46:28.245+00:00 │ │                                  151645,                                │ │
2026-09-30T05:46:28.245+00:00 │ │                                  │   │    151643, 151643, 151643,       │ │
2026-09-30T05:46:28.246+00:00 │ │                                  151643, 151643, 151643, 151643,        │ │
2026-09-30T05:46:28.246+00:00 │ │                                  151643, 151643,                        │ │
2026-09-30T05:46:28.246+00:00 │ │                                  │   │    151643, 151643, 151643,       │ │
2026-09-30T05:46:28.246+00:00 │ │                                  151643, 151643, 151643, 151643,        │ │
2026-09-30T05:46:28.246+00:00 │ │                                  151643, 151643,                        │ │
2026-09-30T05:46:28.246+00:00 │ │                                  │   │    151643, 151643, 151643,       │ │
2026-09-30T05:46:28.247+00:00 │ │                                  151643, 151643, 151643, 151643,        │ │
2026-09-30T05:46:28.247+00:00 │ │                                  151643, 151643,                        │ │
2026-09-30T05:46:28.247+00:00 │ │                                  │   │    151643, 151643, 151643,       │ │
2026-09-30T05:46:28.247+00:00 │ │                                  151643, 151643, 151643, 151643,        │ │
2026-09-30T05:46:28.247+00:00 │ │                                  151643, 151643,                        │ │
2026-09-30T05:46:28.247+00:00 │ │                                  │   │    151643, 151643, 151643,       │ │
2026-09-30T05:46:28.248+00:00 │ │                                  151643, 151643, 151643, 151643,        │ │
2026-09-30T05:46:28.248+00:00 │ │                                  151643, 151643,                        │ │
2026-09-30T05:46:28.248+00:00 │ │                                  │   │    151643, 151643, 151643,       │ │
2026-09-30T05:46:28.249+00:00 │ │                                  151643, 151643, 151643, 151643,        │ │
2026-09-30T05:46:28.249+00:00 │ │                                  151643, 151643,                        │ │
2026-09-30T05:46:28.249+00:00 │ │                                  │   │    151643, 151643, 151643,       │ │
2026-09-30T05:46:28.249+00:00 │ │                                  151643, 151643, 151643, 151643,        │ │
2026-09-30T05:46:28.249+00:00 │ │                                  151643, 151643,                        │ │
2026-09-30T05:46:28.249+00:00 │ │                                  │   │    151643, 151643, 151643,       │ │
2026-09-30T05:46:28.250+00:00 │ │                                  151643, 151643, 151643, 151643,        │ │
2026-09-30T05:46:28.250+00:00 │ │                                  151643, 151643,                        │ │
2026-09-30T05:46:28.250+00:00 │ │                                  │   │    151643, 151643, 151643,       │ │
2026-09-30T05:46:28.250+00:00 │ │                                  151643, 151643, 151643, 151643,        │ │
2026-09-30T05:46:28.250+00:00 │ │                                  151643, 151643,                        │ │
2026-09-30T05:46:28.250+00:00 │ │                                  │   │    151643, 151643, 151643,       │ │
2026-09-30T05:46:28.251+00:00 │ │                                  151643, 151643, 151643, 151643,        │ │
2026-09-30T05:46:28.251+00:00 │ │                                  151643, 151643,                        │ │
2026-09-30T05:46:28.251+00:00 │ │                                  │   │    151643, 151643, 151643,       │ │
2026-09-30T05:46:28.251+00:00 │ │                                  151643, 151643],                       │ │
2026-09-30T05:46:28.251+00:00 │ │                                  │   │   [    27,     91,    872,       │ │
2026-09-30T05:46:28.251+00:00 │ │                                  91,    397,  16854,  37338,  10090,    │ │
2026-09-30T05:46:28.252+00:00 │ │                                  3780,                                  │ │
2026-09-30T05:46:28.252+00:00 │ │                                  │   │      7665,   2184,  13039,       │ │
2026-09-30T05:46:28.252+00:00 │ │                                  4552,  34775,  66024,  50636,  26055,  │ │
2026-09-30T05:46:28.252+00:00 │ │                                  82,                                    │ │
2026-09-30T05:46:28.252+00:00 │ │                                  │   │   │   397,     27,     91,       │ │
2026-09-30T05:46:28.252+00:00 │ │                                  77091,     91,    397, 129942,  13039, │ │
2026-09-30T05:46:28.252+00:00 │ │                                  4235,                                  │ │
2026-09-30T05:46:28.252+00:00 │ │                                  │   │     13932, 129690,  79165,       │ │
2026-09-30T05:46:28.253+00:00 │ │                                  132854,   1478,     11,   7665,        │ │
2026-09-30T05:46:28.253+00:00 │ │                                  2184,  13039,                          │ │
2026-09-30T05:46:28.253+00:00 │ │                                  │   │      4552,  13073, 136147,       │ │
2026-09-30T05:46:28.253+00:00 │ │                                  137915,  18658,  34775,  66024,        │ │
2026-09-30T05:46:28.253+00:00 │ │                                  50636,     26,                         │ │
2026-09-30T05:46:28.254+00:00 │ │                                  │   │     90005,   2184,  13039,       │ │
2026-09-30T05:46:28.254+00:00 │ │                                  26991,     11, 128488, 127265,  10474, │ │
2026-09-30T05:46:28.254+00:00 │ │                                  43767,                                 │ │
2026-09-30T05:46:28.254+00:00 │ │                                  │   │    143220,  17175,    481,       │ │
2026-09-30T05:46:28.254+00:00 │ │                                  98200, 129982,  39742,  10885,  10090, │ │
2026-09-30T05:46:28.254+00:00 │ │                                  126882,                                │ │
2026-09-30T05:46:28.254+00:00 │ │                                  │   │   │    13,  44358,  15952,       │ │
2026-09-30T05:46:28.255+00:00 │ │                                  51329, 131543,   7587, 127174, 127646, │ │
2026-09-30T05:46:28.255+00:00 │ │                                  68371,                                 │ │
2026-09-30T05:46:28.255+00:00 │ │                                  │   │     38003,   1792,  50636,       │ │
2026-09-30T05:46:28.255+00:00 │ │                                  143430,  12228,     11, 128488,        │ │
2026-09-30T05:46:28.255+00:00 │ │                                  132854,   1478,                        │ │
2026-09-30T05:46:28.255+00:00 │ │                                  │   │    131222, 129771,  13685,       │ │
2026-09-30T05:46:28.256+00:00 │ │                                  125326,  97297, 125274,     13,        │ │
2026-09-30T05:46:28.256+00:00 │ │                                  58742, 129690,                         │ │
2026-09-30T05:46:28.256+00:00 │ │                                  │   │     20264, 131354,  20200,       │ │
2026-09-30T05:46:28.256+00:00 │ │                                  72081,  15239,    295,    372,  25927, │ │
2026-09-30T05:46:28.256+00:00 │ │                                  307,                                   │ │
2026-09-30T05:46:28.256+00:00 │ │                                  │   │   │   372,     11,  20264,       │ │
2026-09-30T05:46:28.256+00:00 │ │                                  139445, 133744,  21229,   7819,        │ │
2026-09-30T05:46:28.256+00:00 │ │                                  134989,  13073,                        │ │
2026-09-30T05:46:28.256+00:00 │ │                                  │   │     52180, 126362, 132153,       │ │
2026-09-30T05:46:28.256+00:00 │ │                                  132854,     11, 130407, 132050,        │ │
2026-09-30T05:46:28.258+00:00 │ │                                  26909, 142430,                         │ │
2026-09-30T05:46:28.258+00:00 │ │                                  │   │    125439, 134031, 125439,       │ │
2026-09-30T05:46:28.259+00:00 │ │                                  130458, 129430, 124436,  18943,        │ │
2026-09-30T05:46:28.259+00:00 │ │                                  16104,  17998,                         │ │
2026-09-30T05:46:28.259+00:00 │ │                                  │   │    130865,     13, 133841,       │ │
2026-09-30T05:46:28.259+00:00 │ │                                  128488, 132854,   1478, 134083,        │ │
2026-09-30T05:46:28.259+00:00 │ │                                  132050, 129371,                        │ │
2026-09-30T05:46:28.260+00:00 │ │                                  │   │     47735,     11, 128895,       │ │
2026-09-30T05:46:28.260+00:00 │ │                                  128729, 127254, 130199,  39742,        │ │
2026-09-30T05:46:28.260+00:00 │ │                                  10885,  10090,                         │ │
2026-09-30T05:46:28.260+00:00 │ │                                  │   │    126882,    382,  16206,       │ │
2026-09-30T05:46:28.260+00:00 │ │                                  17686,  13502, 127001, 129856, 129195, │ │
2026-09-30T05:46:28.260+00:00 │ │                                  7587,                                  │ │
2026-09-30T05:46:28.261+00:00 │ │                                  │   │     36305,  21229,  14191,       │ │
2026-09-30T05:46:28.261+00:00 │ │                                  129244,  83098, 136129,  67642,        │ │
2026-09-30T05:46:28.261+00:00 │ │                                  7665,   2184,                          │ │
2026-09-30T05:46:28.261+00:00 │ │                                  │   │     13039,   4552,   5805,       │ │
2026-09-30T05:46:28.261+00:00 │ │                                  143498,  28519,  33393, 132039,        │ │
2026-09-30T05:46:28.261+00:00 │ │                                  13073, 131382,                         │ │
2026-09-30T05:46:28.262+00:00 │ │                                  │   │    136319,  42965,     11,       │ │
2026-09-30T05:46:28.262+00:00 │ │                                  5409,  66502,  42965,   7665,  14497,  │ │
2026-09-30T05:46:28.262+00:00 │ │                                  22496,                                 │ │
2026-09-30T05:46:28.262+00:00 │ │                                  │   │      7587, 143774,  20200,       │ │
2026-09-30T05:46:28.262+00:00 │ │                                  54908,  47050, 127633,  38765,     13, │ │
2026-09-30T05:46:28.262+00:00 │ │                                  22419,                                 │ │
2026-09-30T05:46:28.262+00:00 │ │                                  │   │     12228,  16104,   1456,       │ │
2026-09-30T05:46:28.263+00:00 │ │                                  138719,   7665,  14497,   1792,        │ │
2026-09-30T05:46:28.263+00:00 │ │                                  21032,  19849,                         │ │
2026-09-30T05:46:28.263+00:00 │ │                                  │   │    127633,  28793,   4235,       │ │
2026-09-30T05:46:28.263+00:00 │ │                                  6709,   9062,   4552,   7587,  10813,  │ │
2026-09-30T05:46:28.263+00:00 │ │                                  34197,                                 │ │
2026-09-30T05:46:28.263+00:00 │ │                                  │   │      2108,  12121,  21032,       │ │
2026-09-30T05:46:28.264+00:00 │ │                                  11, 128729, 139193,  21229,  17316,    │ │
2026-09-30T05:46:28.264+00:00 │ │                                  4235,                                  │ │
2026-09-30T05:46:28.264+00:00 │ │                                  │   │    125472,  19849,  21229,       │ │
2026-09-30T05:46:28.264+00:00 │ │                                  14191, 129244,  18492,   7796,  50873, │ │
2026-09-30T05:46:28.264+00:00 │ │                                  125515,                                │ │
2026-09-30T05:46:28.264+00:00 │ │                                  │   │   │    13, 143956,  13932,       │ │
2026-09-30T05:46:28.264+00:00 │ │                                  7665,   2184, 125268, 127265,  10474,  │ │
2026-09-30T05:46:28.265+00:00 │ │                                  43767,                                 │ │
2026-09-30T05:46:28.265+00:00 │ │                                  │   │    143220,  17175,     11,       │ │
2026-09-30T05:46:28.265+00:00 │ │                                  67879,  18658,  11310,  45967,  26909, │ │
2026-09-30T05:46:28.265+00:00 │ │                                  47735,                                 │ │
2026-09-30T05:46:28.265+00:00 │ │                                  │   │      5805,  88238, 128086,       │ │
2026-09-30T05:46:28.265+00:00 │ │                                  97595,  76395, 132902,  39742,  10885, │ │
2026-09-30T05:46:28.265+00:00 │ │                                  10090,                                 │ │
2026-09-30T05:46:28.266+00:00 │ │                                  │   │    126882,   3918,     82,       │ │
2026-09-30T05:46:28.266+00:00 │ │                                  397, 151645]], device='cuda:0'),       │ │
2026-09-30T05:46:28.266+00:00 │ │                                  │   │   'attention_mask': tensor([[1,  │ │
2026-09-30T05:46:28.266+00:00 │ │                                  1, 1, 1, 1, 1, 1, 1, 1, 1, 1, 1, 1, 1, │ │
2026-09-30T05:46:28.267+00:00 │ │                                  1, 1, 1, 1, 1, 1, 1, 1, 1, 1,          │ │
2026-09-30T05:46:28.267+00:00 │ │                                  │   │    1, 1, 1, 1, 1, 1, 1, 1, 1, 1, │ │
2026-09-30T05:46:28.267+00:00 │ │                                  1, 1, 1, 1, 1, 1, 1, 1, 1, 1, 1, 1, 1, │ │
2026-09-30T05:46:28.267+00:00 │ │                                  1,                                     │ │
2026-09-30T05:46:28.268+00:00 │ │                                  │   │    1, 1, 1, 1, 1, 1, 1, 1, 1, 1, │ │
2026-09-30T05:46:28.268+00:00 │ │                                  1, 1, 1, 1, 1, 1, 1, 1, 1, 1, 1, 1, 1, │ │
2026-09-30T05:46:28.268+00:00 │ │                                  1,                                     │ │
2026-09-30T05:46:28.268+00:00 │ │                                  │   │    1, 1, 1, 1, 1, 1, 1, 1, 1, 1, │ │
2026-09-30T05:46:28.268+00:00 │ │                                  1, 1, 1, 1, 1, 1, 1, 1, 1, 1, 1, 1, 1, │ │
2026-09-30T05:46:28.269+00:00 │ │                                  1,                                     │ │
2026-09-30T05:46:28.269+00:00 │ │                                  │   │    1, 1, 1, 1, 1, 1, 1, 1, 1, 1, │ │
2026-09-30T05:46:28.269+00:00 │ │                                  1, 1, 1, 1, 1, 1, 1, 1, 1, 1, 1, 1, 1, │ │
2026-09-30T05:46:28.269+00:00 │ │                                  1,                                     │ │
2026-09-30T05:46:28.270+00:00 │ │                                  │   │    1, 1, 1, 1, 1, 1, 1, 1, 1, 1, │ │
2026-09-30T05:46:28.270+00:00 │ │                                  1, 1, 1, 1, 1, 1, 1, 1, 1, 1, 1, 1, 1, │ │
2026-09-30T05:46:28.270+00:00 │ │                                  1,                                     │ │
2026-09-30T05:46:28.270+00:00 │ │                                  │   │    1, 1, 1, 1, 1, 1, 1, 1, 1, 1, │ │
2026-09-30T05:46:28.271+00:00 │ │                                  1, 1, 1, 1, 1, 1, 1, 1, 0, 0, 0, 0, 0, │ │
2026-09-30T05:46:28.271+00:00 │ │                                  0,                                     │ │
2026-09-30T05:46:28.271+00:00 │ │                                  │   │    0, 0, 0, 0, 0, 0, 0, 0, 0, 0, │ │
2026-09-30T05:46:28.271+00:00 │ │                                  0, 0, 0, 0, 0, 0, 0, 0, 0, 0, 0, 0, 0, │ │
2026-09-30T05:46:28.272+00:00 │ │                                  0,                                     │ │
2026-09-30T05:46:28.272+00:00 │ │                                  │   │    0, 0, 0, 0, 0, 0, 0, 0, 0, 0, │ │
2026-09-30T05:46:28.272+00:00 │ │                                  0, 0, 0, 0, 0, 0, 0, 0, 0, 0, 0, 0, 0, │ │
2026-09-30T05:46:28.272+00:00 │ │                                  0,                                     │ │
2026-09-30T05:46:28.272+00:00 │ │                                  │   │    0, 0, 0, 0, 0, 0, 0, 0, 0, 0, │ │
2026-09-30T05:46:28.272+00:00 │ │                                  0, 0, 0, 0, 0, 0, 0, 0, 0, 0, 0, 0, 0, │ │
2026-09-30T05:46:28.274+00:00 │ │                                  0,                                     │ │
2026-09-30T05:46:28.274+00:00 │ │                                  │   │    0, 0, 0, 0, 0, 0, 0, 0, 0, 0, │ │
2026-09-30T05:46:28.275+00:00 │ │                                  0, 0, 0, 0, 0, 0, 0],                  │ │
2026-09-30T05:46:28.275+00:00 │ │                                  │   │   [1, 1, 1, 1, 1, 1, 1, 1, 1, 1, │ │
2026-09-30T05:46:28.276+00:00 │ │                                  1, 1, 1, 1, 1, 1, 1, 1, 1, 1, 1, 1, 1, │ │
2026-09-30T05:46:28.276+00:00 │ │                                  1,                                     │ │
2026-09-30T05:46:28.276+00:00 │ │                                  │   │    1, 1, 1, 1, 1, 1, 1, 1, 1, 1, │ │
2026-09-30T05:46:28.276+00:00 │ │                                  1, 1, 1, 1, 1, 1, 1, 1, 1, 1, 1, 1, 1, │ │
2026-09-30T05:46:28.276+00:00 │ │                                  1,                                     │ │
2026-09-30T05:46:28.277+00:00 │ │                                  │   │    1, 1, 1, 1, 1, 1, 1, 1, 1, 1, │ │
2026-09-30T05:46:28.277+00:00 │ │                                  1, 1, 1, 1, 1, 1, 1, 1, 1, 1, 1, 1, 1, │ │
2026-09-30T05:46:28.277+00:00 │ │                                  1,                                     │ │
2026-09-30T05:46:28.278+00:00 │ │                                  │   │    1, 1, 1, 1, 1, 1, 1, 1, 1, 1, │ │
2026-09-30T05:46:28.278+00:00 │ │                                  1, 1, 1, 1, 1, 1, 1, 1, 1, 1, 1, 1, 1, │ │
2026-09-30T05:46:28.278+00:00 │ │                                  1,                                     │ │
2026-09-30T05:46:28.278+00:00 │ │                                  │   │    1, 1, 1, 1, 1, 1, 1, 1, 1, 1, │ │
2026-09-30T05:46:28.278+00:00 │ │                                  1, 1, 1, 1, 1, 1, 1, 1, 1, 1, 1, 1, 1, │ │
2026-09-30T05:46:28.278+00:00 │ │                                  1,                                     │ │
2026-09-30T05:46:28.279+00:00 │ │                                  │   │    1, 1, 1, 1, 1, 1, 1, 1, 1, 1, │ │
2026-09-30T05:46:28.279+00:00 │ │                                  1, 1, 1, 1, 1, 1, 1, 1, 1, 1, 1, 1, 1, │ │
2026-09-30T05:46:28.279+00:00 │ │                                  1,                                     │ │
2026-09-30T05:46:28.279+00:00 │ │                                  │   │    1, 1, 1, 1, 1, 1, 1, 1, 1, 1, │ │
2026-09-30T05:46:28.280+00:00 │ │                                  1, 1, 1, 1, 1, 1, 1, 1, 1, 1, 1, 1, 1, │ │
2026-09-30T05:46:28.280+00:00 │ │                                  1,                                     │ │
2026-09-30T05:46:28.280+00:00 │ │                                  │   │    1, 1, 1, 1, 1, 1, 1, 1, 1, 1, │ │
2026-09-30T05:46:28.280+00:00 │ │                                  1, 1, 1, 1, 1, 1, 1, 1, 1, 1, 1, 1, 1, │ │
2026-09-30T05:46:28.280+00:00 │ │                                  1,                                     │ │
2026-09-30T05:46:28.281+00:00 │ │                                  │   │    1, 1, 1, 1, 1, 1, 1, 1, 1, 1, │ │
2026-09-30T05:46:28.281+00:00 │ │                                  1, 1, 1, 1, 1, 1, 1, 1, 1, 1, 1, 1, 1, │ │
2026-09-30T05:46:28.281+00:00 │ │                                  1,                                     │ │
2026-09-30T05:46:28.282+00:00 │ │                                  │   │    1, 1, 1, 1, 1, 1, 1, 1, 1, 1, │ │
2026-09-30T05:46:28.282+00:00 │ │                                  1, 1, 1, 1, 1, 1, 1, 1, 1, 1, 1, 1, 1, │ │
2026-09-30T05:46:28.282+00:00 │ │                                  1,                                     │ │
2026-09-30T05:46:28.282+00:00 │ │                                  │   │    1, 1, 1, 1, 1, 1, 1, 1, 1, 1, │ │
2026-09-30T05:46:28.282+00:00 │ │                                  1, 1, 1, 1, 1, 1, 1]],                 │ │
2026-09-30T05:46:28.282+00:00 │ │                                  device='cuda:0'),                      │ │
2026-09-30T05:46:28.284+00:00 │ │                                  │   │   'completion_mask': tensor([[0, │ │
2026-09-30T05:46:28.284+00:00 │ │                                  0, 0, 0, 0, 0, 0, 0, 0, 0, 0, 0, 0, 0, │ │
2026-09-30T05:46:28.284+00:00 │ │                                  0, 0, 0, 0, 0, 1, 1, 1, 1, 1,          │ │
2026-09-30T05:46:28.285+00:00 │ │                                  │   │    1, 1, 1, 1, 1, 1, 1, 1, 1, 1, │ │
2026-09-30T05:46:28.285+00:00 │ │                                  1, 1, 1, 1, 1, 1, 1, 1, 1, 1, 1, 1, 1, │ │
2026-09-30T05:46:28.285+00:00 │ │                                  1,                                     │ │
2026-09-30T05:46:28.285+00:00 │ │                                  │   │    1, 1, 1, 1, 1, 1, 1, 1, 1, 1, │ │
2026-09-30T05:46:28.286+00:00 │ │                                  1, 1, 1, 1, 1, 1, 1, 1, 1, 1, 1, 1, 1, │ │
2026-09-30T05:46:28.286+00:00 │ │                                  1,                                     │ │
2026-09-30T05:46:28.286+00:00 │ │                                  │   │    1, 1, 1, 1, 1, 1, 1, 1, 1, 1, │ │
2026-09-30T05:46:28.286+00:00 │ │                                  1, 1, 1, 1, 1, 1, 1, 1, 1, 1, 1, 1, 1, │ │
2026-09-30T05:46:28.287+00:00 │ │                                  1,                                     │ │
2026-09-30T05:46:28.287+00:00 │ │                                  │   │    1, 1, 1, 1, 1, 1, 1, 1, 1, 1, │ │
2026-09-30T05:46:28.287+00:00 │ │                                  1, 1, 1, 1, 1, 1, 1, 1, 1, 1, 1, 1, 1, │ │
2026-09-30T05:46:28.287+00:00 │ │                                  1,                                     │ │
2026-09-30T05:46:28.288+00:00 │ │                                  │   │    1, 1, 1, 1, 1, 1, 1, 1, 1, 1, │ │
2026-09-30T05:46:28.288+00:00 │ │                                  1, 1, 1, 1, 1, 1, 1, 1, 1, 1, 1, 1, 1, │ │
2026-09-30T05:46:28.288+00:00 │ │                                  1,                                     │ │
2026-09-30T05:46:28.288+00:00 │ │                                  │   │    1, 1, 1, 1, 1, 1, 1, 1, 1, 1, │ │
2026-09-30T05:46:28.289+00:00 │ │                                  1, 1, 1, 1, 1, 1, 1, 1, 0, 0, 0, 0, 0, │ │
2026-09-30T05:46:28.290+00:00 │ │                                  0,                                     │ │
2026-09-30T05:46:28.290+00:00 │ │                                  │   │    0, 0, 0, 0, 0, 0, 0, 0, 0, 0, │ │
2026-09-30T05:46:28.291+00:00 │ │                                  0, 0, 0, 0, 0, 0, 0, 0, 0, 0, 0, 0, 0, │ │
2026-09-30T05:46:28.291+00:00 │ │                                  0,                                     │ │
2026-09-30T05:46:28.291+00:00 │ │                                  │   │    0, 0, 0, 0, 0, 0, 0, 0, 0, 0, │ │
2026-09-30T05:46:28.291+00:00 │ │                                  0, 0, 0, 0, 0, 0, 0, 0, 0, 0, 0, 0, 0, │ │
2026-09-30T05:46:28.291+00:00 │ │                                  0,                                     │ │
2026-09-30T05:46:28.291+00:00 │ │                                  │   │    0, 0, 0, 0, 0, 0, 0, 0, 0, 0, │ │
2026-09-30T05:46:28.292+00:00 │ │                                  0, 0, 0, 0, 0, 0, 0, 0, 0, 0, 0, 0, 0, │ │
2026-09-30T05:46:28.292+00:00 │ │                                  0,                                     │ │
2026-09-30T05:46:28.292+00:00 │ │                                  │   │    0, 0, 0, 0, 0, 0, 0, 0, 0, 0, │ │
2026-09-30T05:46:28.292+00:00 │ │                                  0, 0, 0, 0, 0, 0, 0],                  │ │
2026-09-30T05:46:28.293+00:00 │ │                                  │   │   [0, 0, 0, 0, 0, 0, 0, 0, 0, 0, │ │
2026-09-30T05:46:28.293+00:00 │ │                                  0, 0, 0, 0, 0, 0, 0, 0, 0, 1, 1, 1, 1, │ │
2026-09-30T05:46:28.293+00:00 │ │                                  1,                                     │ │
2026-09-30T05:46:28.294+00:00 │ │                                  │   │    1, 1, 1, 1, 1, 1, 1, 1, 1, 1, │ │
2026-09-30T05:46:28.294+00:00 │ │                                  1, 1, 1, 1, 1, 1, 1, 1, 1, 1, 1, 1, 1, │ │
2026-09-30T05:46:28.294+00:00 │ │                                  1,                                     │ │
2026-09-30T05:46:28.294+00:00 │ │                                  │   │    1, 1, 1, 1, 1, 1, 1, 1, 1, 1, │ │
2026-09-30T05:46:28.295+00:00 │ │                                  1, 1, 1, 1, 1, 1, 1, 1, 1, 1, 1, 1, 1, │ │
2026-09-30T05:46:28.295+00:00 │ │                                  1,                                     │ │
2026-09-30T05:46:28.295+00:00 │ │                                  │   │    1, 1, 1, 1, 1, 1, 1, 1, 1, 1, │ │
2026-09-30T05:46:28.296+00:00 │ │                                  1, 1, 1, 1, 1, 1, 1, 1, 1, 1, 1, 1, 1, │ │
2026-09-30T05:46:28.296+00:00 │ │                                  1,                                     │ │
2026-09-30T05:46:28.296+00:00 │ │                                  │   │    1, 1, 1, 1, 1, 1, 1, 1, 1, 1, │ │
2026-09-30T05:46:28.296+00:00 │ │                                  1, 1, 1, 1, 1, 1, 1, 1, 1, 1, 1, 1, 1, │ │
2026-09-30T05:46:28.296+00:00 │ │                                  1,                                     │ │
2026-09-30T05:46:28.297+00:00 │ │                                  │   │    1, 1, 1, 1, 1, 1, 1, 1, 1, 1, │ │
2026-09-30T05:46:28.297+00:00 │ │                                  1, 1, 1, 1, 1, 1, 1, 1, 1, 1, 1, 1, 1, │ │
2026-09-30T05:46:28.297+00:00 │ │                                  1,                                     │ │
2026-09-30T05:46:28.298+00:00 │ │                                  │   │    1, 1, 1, 1, 1, 1, 1, 1, 1, 1, │ │
2026-09-30T05:46:28.298+00:00 │ │                                  1, 1, 1, 1, 1, 1, 1, 1, 1, 1, 1, 1, 1, │ │
2026-09-30T05:46:28.298+00:00 │ │                                  1,                                     │ │
2026-09-30T05:46:28.298+00:00 │ │                                  │   │    1, 1, 1, 1, 1, 1, 1, 1, 1, 1, │ │
2026-09-30T05:46:28.298+00:00 │ │                                  1, 1, 1, 1, 1, 1, 1, 1, 1, 1, 1, 1, 1, │ │
2026-09-30T05:46:28.298+00:00 │ │                                  1,                                     │ │
2026-09-30T05:46:28.300+00:00 │ │                                  │   │    1, 1, 1, 1, 1, 1, 1, 1, 1, 1, │ │
2026-09-30T05:46:28.300+00:00 │ │                                  1, 1, 1, 1, 1, 1, 1, 1, 1, 1, 1, 1, 1, │ │
2026-09-30T05:46:28.300+00:00 │ │                                  1,                                     │ │
2026-09-30T05:46:28.301+00:00 │ │                                  │   │    1, 1, 1, 1, 1, 1, 1, 1, 1, 1, │ │
2026-09-30T05:46:28.301+00:00 │ │                                  1, 1, 1, 1, 1, 1, 1, 1, 1, 1, 1, 1, 1, │ │
2026-09-30T05:46:28.301+00:00 │ │                                  1,                                     │ │
2026-09-30T05:46:28.301+00:00 │ │                                  │   │    1, 1, 1, 1, 1, 1, 1, 1, 1, 1, │ │
2026-09-30T05:46:28.302+00:00 │ │                                  1, 1, 1, 1, 1, 1, 1]],                 │ │
2026-09-30T05:46:28.302+00:00 │ │                                  device='cuda:0')                       │ │
2026-09-30T05:46:28.302+00:00 │ │                                  │   }                                  │ │
2026-09-30T05:46:28.302+00:00 │ │                                  ]                                      │ │
2026-09-30T05:46:28.302+00:00 │ │                   do_sync_step = False                                  │ │
2026-09-30T05:46:28.302+00:00 │ │                          epoch = 0                                      │ │
2026-09-30T05:46:28.302+00:00 │ │                 epoch_iterator = <generator object                      │ │
2026-09-30T05:46:28.303+00:00 │ │                                  DataLoaderShard.__iter__ at            │ │
2026-09-30T05:46:28.303+00:00 │ │                                  0x0000016BE94744F0>                    │ │
2026-09-30T05:46:28.303+00:00 │ │                 epochs_trained = 0                                      │ │
2026-09-30T05:46:28.303+00:00 │ │                      grad_norm = None                                   │ │
2026-09-30T05:46:28.303+00:00 │ │                              i = 1                                      │ │
2026-09-30T05:46:28.303+00:00 │ │           ignore_keys_for_eval = None                                   │ │
2026-09-30T05:46:28.303+00:00 │ │                         inputs = {                                      │ │
2026-09-30T05:46:28.304+00:00 │ │                                  │   'input_ids': tensor([[    27,      │ │
2026-09-30T05:46:28.304+00:00 │ │                                  91,    872,  ..., 126635, 143587,      │ │
2026-09-30T05:46:28.304+00:00 │ │                                  26909],                                │ │
2026-09-30T05:46:28.305+00:00 │ │                                  │   │   [    27,     91,    872,  ..., │ │
2026-09-30T05:46:28.305+00:00 │ │                                  151643, 151643, 151643]],              │ │
2026-09-30T05:46:28.305+00:00 │ │                                  │      device='cuda:0'),               │ │
2026-09-30T05:46:28.305+00:00 │ │                                  │   'attention_mask': tensor([[1, 1,   │ │
2026-09-30T05:46:28.305+00:00 │ │                                  1,  ..., 1, 1, 1],                     │ │
2026-09-30T05:46:28.306+00:00 │ │                                  │   │   [1, 1, 1,  ..., 0, 0, 0]],     │ │
2026-09-30T05:46:28.306+00:00 │ │                                  device='cuda:0'),                      │ │
2026-09-30T05:46:28.306+00:00 │ │                                  │   'completion_mask': tensor([[0, 0,  │ │
2026-09-30T05:46:28.306+00:00 │ │                                  0,  ..., 1, 1, 1],                     │ │
2026-09-30T05:46:28.307+00:00 │ │                                  │   │   [0, 0, 0,  ..., 0, 0, 0]],     │ │
2026-09-30T05:46:28.307+00:00 │ │                                  device='cuda:0')                       │ │
2026-09-30T05:46:28.307+00:00 │ │                                  }                                      │ │
2026-09-30T05:46:28.307+00:00 │ │                  learning_rate = None                                   │ │
2026-09-30T05:46:28.307+00:00 │ │                          model = PeftModelForCausalLM(                  │ │
2026-09-30T05:46:28.308+00:00 │ │                                    (base_model): LoraModel(             │ │
2026-09-30T05:46:28.308+00:00 │ │                                  │   (model): Qwen2ForCausalLM(         │ │
2026-09-30T05:46:28.308+00:00 │ │                                  │     (model): Qwen2Model(             │ │
2026-09-30T05:46:28.308+00:00 │ │                                  │   │   (embed_tokens):                │ │
2026-09-30T05:46:28.308+00:00 │ │                                  Embedding(151936, 1536)                │ │
2026-09-30T05:46:28.308+00:00 │ │                                  │   │   (layers): ModuleList(          │ │
2026-09-30T05:46:28.308+00:00 │ │                                  │   │     (0-27): 28 x                 │ │
2026-09-30T05:46:28.308+00:00 │ │                                  StreamedDecoderLayer(                  │ │
2026-09-30T05:46:28.308+00:00 │ │                                  │   │   │   (inner):                   │ │
2026-09-30T05:46:28.308+00:00 │ │                                  Qwen2DecoderLayer(                     │ │
2026-09-30T05:46:28.309+00:00 │ │                                  │   │   │     (self_attn):             │ │
2026-09-30T05:46:28.309+00:00 │ │                                  Qwen2Attention(                        │ │
2026-09-30T05:46:28.309+00:00 │ │                                  │   │   │   │   (q_proj): lora.Linear( │ │
2026-09-30T05:46:28.309+00:00 │ │                                  │   │   │   │     (base_layer):        │ │
2026-09-30T05:46:28.309+00:00 │ │                                  Linear(in_features=1536,               │ │
2026-09-30T05:46:28.310+00:00 │ │                                  out_features=1536, bias=True)          │ │
2026-09-30T05:46:28.310+00:00 │ │                                  │   │   │   │     (lora_dropout):      │ │
2026-09-30T05:46:28.310+00:00 │ │                                  ModuleDict(                            │ │
2026-09-30T05:46:28.311+00:00 │ │                                  │   │   │   │   │   (default):         │ │
2026-09-30T05:46:28.311+00:00 │ │                                  Identity()                             │ │
2026-09-30T05:46:28.311+00:00 │ │                                  │   │   │   │   │   (ref): Identity()  │ │
2026-09-30T05:46:28.311+00:00 │ │                                  │   │   │   │     )                    │ │
2026-09-30T05:46:28.311+00:00 │ │                                  │   │   │   │     (lora_A):            │ │
2026-09-30T05:46:28.312+00:00 │ │                                  ModuleDict(                            │ │
2026-09-30T05:46:28.312+00:00 │ │                                  │   │   │   │   │   (default):         │ │
2026-09-30T05:46:28.312+00:00 │ │                                  Linear(in_features=1536,               │ │
2026-09-30T05:46:28.312+00:00 │ │                                  out_features=16, bias=False)           │ │
2026-09-30T05:46:28.312+00:00 │ │                                  │   │   │   │   │   (ref):             │ │
2026-09-30T05:46:28.312+00:00 │ │                                  Linear(in_features=1536,               │ │
2026-09-30T05:46:28.313+00:00 │ │                                  out_features=16, bias=False)           │ │
2026-09-30T05:46:28.313+00:00 │ │                                  │   │   │   │     )                    │ │
2026-09-30T05:46:28.313+00:00 │ │                                  │   │   │   │     (lora_B):            │ │
2026-09-30T05:46:28.313+00:00 │ │                                  ModuleDict(                            │ │
2026-09-30T05:46:28.313+00:00 │ │                                  │   │   │   │   │   (default):         │ │
2026-09-30T05:46:28.313+00:00 │ │                                  Linear(in_features=16,                 │ │
2026-09-30T05:46:28.313+00:00 │ │                                  out_features=1536, bias=False)         │ │
2026-09-30T05:46:28.313+00:00 │ │                                  │   │   │   │   │   (ref):             │ │
2026-09-30T05:46:28.315+00:00 │ │                                  Linear(in_features=16,                 │ │
2026-09-30T05:46:28.315+00:00 │ │                                  out_features=1536, bias=False)         │ │
2026-09-30T05:46:28.315+00:00 │ │                                  │   │   │   │     )                    │ │
2026-09-30T05:46:28.315+00:00 │ │                                  │   │   │   │     (lora_embedding_A):  │ │
2026-09-30T05:46:28.315+00:00 │ │                                  ParameterDict()                        │ │
2026-09-30T05:46:28.315+00:00 │ │                                  │   │   │   │     (lora_embedding_B):  │ │
2026-09-30T05:46:28.315+00:00 │ │                                  ParameterDict()                        │ │
2026-09-30T05:46:28.315+00:00 │ │                                  │   │   │   │                          │ │
2026-09-30T05:46:28.315+00:00 │ │                                  (lora_magnitude_vector): ModuleDict()  │ │
2026-09-30T05:46:28.316+00:00 │ │                                  │   │   │   │   )                      │ │
2026-09-30T05:46:28.316+00:00 │ │                                  │   │   │   │   (k_proj):              │ │
2026-09-30T05:46:28.316+00:00 │ │                                  Linear(in_features=1536,               │ │
2026-09-30T05:46:28.316+00:00 │ │                                  out_features=256, bias=True)           │ │
2026-09-30T05:46:28.316+00:00 │ │                                  │   │   │   │   (v_proj): lora.Linear( │ │
2026-09-30T05:46:28.316+00:00 │ │                                  │   │   │   │     (base_layer):        │ │
2026-09-30T05:46:28.317+00:00 │ │                                  Linear(in_features=1536,               │ │
2026-09-30T05:46:28.317+00:00 │ │                                  out_features=256, bias=True)           │ │
2026-09-30T05:46:28.317+00:00 │ │                                  │   │   │   │     (lora_dropout):      │ │
2026-09-30T05:46:28.317+00:00 │ │                                  ModuleDict(                            │ │
2026-09-30T05:46:28.317+00:00 │ │                                  │   │   │   │   │   (default):         │ │
2026-09-30T05:46:28.317+00:00 │ │                                  Identity()                             │ │
2026-09-30T05:46:28.318+00:00 │ │                                  │   │   │   │   │   (ref): Identity()  │ │
2026-09-30T05:46:28.318+00:00 │ │                                  │   │   │   │     )                    │ │
2026-09-30T05:46:28.318+00:00 │ │                                  │   │   │   │     (lora_A):            │ │
2026-09-30T05:46:28.318+00:00 │ │                                  ModuleDict(                            │ │
2026-09-30T05:46:28.318+00:00 │ │                                  │   │   │   │   │   (default):         │ │
2026-09-30T05:46:28.318+00:00 │ │                                  Linear(in_features=1536,               │ │
2026-09-30T05:46:28.319+00:00 │ │                                  out_features=16, bias=False)           │ │
2026-09-30T05:46:28.319+00:00 │ │                                  │   │   │   │   │   (ref):             │ │
2026-09-30T05:46:28.319+00:00 │ │                                  Linear(in_features=1536,               │ │
2026-09-30T05:46:28.321+00:00 │ │                                  out_features=16, bias=False)           │ │
2026-09-30T05:46:28.321+00:00 │ │                                  │   │   │   │     )                    │ │
2026-09-30T05:46:28.321+00:00 │ │                                  │   │   │   │     (lora_B):            │ │
2026-09-30T05:46:28.321+00:00 │ │                                  ModuleDict(                            │ │
2026-09-30T05:46:28.322+00:00 │ │                                  │   │   │   │   │   (default):         │ │
2026-09-30T05:46:28.322+00:00 │ │                                  Linear(in_features=16,                 │ │
2026-09-30T05:46:28.322+00:00 │ │                                  out_features=256, bias=False)          │ │
2026-09-30T05:46:28.322+00:00 │ │                                  │   │   │   │   │   (ref):             │ │
2026-09-30T05:46:28.322+00:00 │ │                                  Linear(in_features=16,                 │ │
2026-09-30T05:46:28.323+00:00 │ │                                  out_features=256, bias=False)          │ │
2026-09-30T05:46:28.323+00:00 │ │                                  │   │   │   │     )                    │ │
2026-09-30T05:46:28.323+00:00 │ │                                  │   │   │   │     (lora_embedding_A):  │ │
2026-09-30T05:46:28.323+00:00 │ │                                  ParameterDict()                        │ │
2026-09-30T05:46:28.324+00:00 │ │                                  │   │   │   │     (lora_embedding_B):  │ │
2026-09-30T05:46:28.324+00:00 │ │                                  ParameterDict()                        │ │
2026-09-30T05:46:28.324+00:00 │ │                                  │   │   │   │                          │ │
2026-09-30T05:46:28.324+00:00 │ │                                  (lora_magnitude_vector): ModuleDict()  │ │
2026-09-30T05:46:28.324+00:00 │ │                                  │   │   │   │   )                      │ │
2026-09-30T05:46:28.324+00:00 │ │                                  │   │   │   │   (o_proj):              │ │
2026-09-30T05:46:28.326+00:00 │ │                                  Linear(in_features=1536,               │ │
2026-09-30T05:46:28.326+00:00 │ │                                  out_features=1536, bias=False)         │ │
2026-09-30T05:46:28.326+00:00 │ │                                  │   │   │     )                        │ │
2026-09-30T05:46:28.326+00:00 │ │                                  │   │   │     (mlp): Qwen2MLP(         │ │
2026-09-30T05:46:28.326+00:00 │ │                                  │   │   │   │   (gate_proj):           │ │
2026-09-30T05:46:28.326+00:00 │ │                                  Linear(in_features=1536,               │ │
2026-09-30T05:46:28.327+00:00 │ │                                  out_features=8960, bias=False)         │ │
2026-09-30T05:46:28.327+00:00 │ │                                  │   │   │   │   (up_proj):             │ │
2026-09-30T05:46:28.327+00:00 │ │                                  Linear(in_features=1536,               │ │
2026-09-30T05:46:28.327+00:00 │ │                                  out_features=8960, bias=False)         │ │
2026-09-30T05:46:28.327+00:00 │ │                                  │   │   │   │   (down_proj):           │ │
2026-09-30T05:46:28.328+00:00 │ │                                  Linear(in_features=8960,               │ │
2026-09-30T05:46:28.328+00:00 │ │                                  out_features=1536, bias=False)         │ │
2026-09-30T05:46:28.328+00:00 │ │                                  │   │   │   │   (act_fn):              │ │
2026-09-30T05:46:28.328+00:00 │ │                                  SiLUActivation()                       │ │
2026-09-30T05:46:28.328+00:00 │ │                                  │   │   │     )                        │ │
2026-09-30T05:46:28.328+00:00 │ │                                  │   │   │     (input_layernorm):       │ │
2026-09-30T05:46:28.329+00:00 │ │                                  Qwen2RMSNorm((1536,), eps=1e-06)       │ │
2026-09-30T05:46:28.329+00:00 │ │                                  │   │   │                              │ │
2026-09-30T05:46:28.329+00:00 │ │                                  (post_attention_layernorm):            │ │
2026-09-30T05:46:28.329+00:00 │ │                                  Qwen2RMSNorm((1536,), eps=1e-06)       │ │
2026-09-30T05:46:28.329+00:00 │ │                                  │   │   │   )                          │ │
2026-09-30T05:46:28.330+00:00 │ │                                  │   │     )                            │ │
2026-09-30T05:46:28.330+00:00 │ │                                  │   │   )                              │ │
2026-09-30T05:46:28.330+00:00 │ │                                  │   │   (norm): Qwen2RMSNorm((1536,),  │ │
2026-09-30T05:46:28.330+00:00 │ │                                  eps=1e-06)                             │ │
2026-09-30T05:46:28.330+00:00 │ │                                  │   │   (rotary_emb):                  │ │
2026-09-30T05:46:28.330+00:00 │ │                                  Qwen2RotaryEmbedding()                 │ │
2026-09-30T05:46:28.331+00:00 │ │                                  │     )                                │ │
2026-09-30T05:46:28.331+00:00 │ │                                  │     (lm_head):                       │ │
2026-09-30T05:46:28.331+00:00 │ │                                  Linear(in_features=1536,               │ │
2026-09-30T05:46:28.331+00:00 │ │                                  out_features=151936, bias=False)       │ │
2026-09-30T05:46:28.331+00:00 │ │                                  │   )                                  │ │
2026-09-30T05:46:28.332+00:00 │ │                                    )                                    │ │
2026-09-30T05:46:28.332+00:00 │ │                                  )                                      │ │
2026-09-30T05:46:28.332+00:00 │ │                    num_batches = 4                                      │ │
2026-09-30T05:46:28.332+00:00 │ │             num_items_in_batch = None                                   │ │
2026-09-30T05:46:28.332+00:00 │ │     num_update_steps_per_epoch = 4                                      │ │
2026-09-30T05:46:28.332+00:00 │ │       num_update_steps_trained = 0                                      │ │
2026-09-30T05:46:28.332+00:00 │ │                      remainder = 4                                      │ │
2026-09-30T05:46:28.333+00:00 │ │         resume_from_checkpoint = None                                   │ │
2026-09-30T05:46:28.333+00:00 │ │                    rng_to_sync = False                                  │ │
2026-09-30T05:46:28.333+00:00 │ │                           self = <trl.trainer.dpo_trainer.DPOTrainer    │ │
2026-09-30T05:46:28.333+00:00 │ │                                  object at 0x0000016B8B561BB0>          │ │
2026-09-30T05:46:28.333+00:00 │ │                  shard_wrapper = <torch.utils.data.sampler.BatchSampler │ │
2026-09-30T05:46:28.333+00:00 │ │                                  object at 0x0000016B960540B0>          │ │
2026-09-30T05:46:28.334+00:00 │ │                     start_time = 1790747176.1142848                     │ │
2026-09-30T05:46:28.334+00:00 │ │                           step = 1                                      │ │
2026-09-30T05:46:28.334+00:00 │ │                 steps_in_epoch = 16                                     │ │
2026-09-30T05:46:28.334+00:00 │ │ steps_trained_in_current_epoch = 0                                      │ │
2026-09-30T05:46:28.334+00:00 │ │                   sync_context = functools.partial(<bound method        │ │
2026-09-30T05:46:28.334+00:00 │ │                                  Accelerator.no_sync of                 │ │
2026-09-30T05:46:28.335+00:00 │ │                                  <accelerate.accelerator.Accelerator    │ │
2026-09-30T05:46:28.335+00:00 │ │                                  object at 0x0000016B962D6C30>>,        │ │
2026-09-30T05:46:28.335+00:00 │ │                                  model=PeftModelForCausalLM(            │ │
2026-09-30T05:46:28.336+00:00 │ │                                    (base_model): LoraModel(             │ │
2026-09-30T05:46:28.336+00:00 │ │                                  │   (model): Qwen2ForCausalLM(         │ │
2026-09-30T05:46:28.336+00:00 │ │                                  │     (model): Qwen2Model(             │ │
2026-09-30T05:46:28.337+00:00 │ │                                  │   │   (embed_tokens):                │ │
2026-09-30T05:46:28.337+00:00 │ │                                  Embedding(151936, 1536)                │ │
2026-09-30T05:46:28.337+00:00 │ │                                  │   │   (layers): ModuleList(          │ │
2026-09-30T05:46:28.338+00:00 │ │                                  │   │     (0-27): 28 x                 │ │
2026-09-30T05:46:28.338+00:00 │ │                                  StreamedDecoderLayer(                  │ │
2026-09-30T05:46:28.338+00:00 │ │                                  │   │   │   (inner):                   │ │
2026-09-30T05:46:28.339+00:00 │ │                                  Qwen2DecoderLayer(                     │ │
2026-09-30T05:46:28.339+00:00 │ │                                  │   │   │     (self_attn):             │ │
2026-09-30T05:46:28.339+00:00 │ │                                  Qwen2Attention(                        │ │
2026-09-30T05:46:28.339+00:00 │ │                                  │   │   │   │   (q_proj): lora.Linear( │ │
2026-09-30T05:46:28.340+00:00 │ │                                  │   │   │   │     (base_layer):        │ │
2026-09-30T05:46:28.340+00:00 │ │                                  Linear(in_features=1536,               │ │
2026-09-30T05:46:28.340+00:00 │ │                                  out_features=1536, bias=True)          │ │
2026-09-30T05:46:28.340+00:00 │ │                                  │   │   │   │     (lora_dropout):      │ │
2026-09-30T05:46:28.341+00:00 │ │                                  ModuleDict(                            │ │
2026-09-30T05:46:28.341+00:00 │ │                                  │   │   │   │   │   (default):         │ │
2026-09-30T05:46:28.341+00:00 │ │                                  Identity()                             │ │
2026-09-30T05:46:28.341+00:00 │ │                                  │   │   │   │   │   (ref): Identity()  │ │
2026-09-30T05:46:28.341+00:00 │ │                                  │   │   │   │     )                    │ │
2026-09-30T05:46:28.341+00:00 │ │                                  │   │   │   │     (lora_A):            │ │
2026-09-30T05:46:28.342+00:00 │ │                                  ModuleDict(                            │ │
2026-09-30T05:46:28.342+00:00 │ │                                  │   │   │   │   │   (default):         │ │
2026-09-30T05:46:28.342+00:00 │ │                                  Linear(in_features=1536,               │ │
2026-09-30T05:46:28.342+00:00 │ │                                  out_features=16, bias=False)           │ │
2026-09-30T05:46:28.342+00:00 │ │                                  │   │   │   │   │   (ref):             │ │
2026-09-30T05:46:28.342+00:00 │ │                                  Linear(in_features=1536,               │ │
2026-09-30T05:46:28.342+00:00 │ │                                  out_features=16, bias=False)           │ │
2026-09-30T05:46:28.342+00:00 │ │                                  │   │   │   │     )                    │ │
2026-09-30T05:46:28.342+00:00 │ │                                  │   │   │   │     (lora_B):            │ │
2026-09-30T05:46:28.342+00:00 │ │                                  ModuleDict(                            │ │
2026-09-30T05:46:28.343+00:00 │ │                                  │   │   │   │   │   (default):         │ │
2026-09-30T05:46:28.343+00:00 │ │                                  Linear(in_features=16,                 │ │
2026-09-30T05:46:28.343+00:00 │ │                                  out_features=1536, bias=False)         │ │
2026-09-30T05:46:28.343+00:00 │ │                                  │   │   │   │   │   (ref):             │ │
2026-09-30T05:46:28.343+00:00 │ │                                  Linear(in_features=16,                 │ │
2026-09-30T05:46:28.344+00:00 │ │                                  out_features=1536, bias=False)         │ │
2026-09-30T05:46:28.344+00:00 │ │                                  │   │   │   │     )                    │ │
2026-09-30T05:46:28.344+00:00 │ │                                  │   │   │   │     (lora_embedding_A):  │ │
2026-09-30T05:46:28.344+00:00 │ │                                  ParameterDict()                        │ │
2026-09-30T05:46:28.344+00:00 │ │                                  │   │   │   │     (lora_embedding_B):  │ │
2026-09-30T05:46:28.344+00:00 │ │                                  ParameterDict()                        │ │
2026-09-30T05:46:28.344+00:00 │ │                                  │   │   │   │                          │ │
2026-09-30T05:46:28.345+00:00 │ │                                  (lora_magnitude_vector): ModuleDict()  │ │
2026-09-30T05:46:28.345+00:00 │ │                                  │   │   │   │   )                      │ │
2026-09-30T05:46:28.345+00:00 │ │                                  │   │   │   │   (k_proj):              │ │
2026-09-30T05:46:28.346+00:00 │ │                                  Linear(in_features=1536,               │ │
2026-09-30T05:46:28.346+00:00 │ │                                  out_features=256, bias=True)           │ │
2026-09-30T05:46:28.346+00:00 │ │                                  │   │   │   │   (v_proj): lora.Linear( │ │
2026-09-30T05:46:28.346+00:00 │ │                                  │   │   │   │     (base_layer):        │ │
2026-09-30T05:46:28.346+00:00 │ │                                  Linear(in_features=1536,               │ │
2026-09-30T05:46:28.346+00:00 │ │                                  out_features=256, bias=True)           │ │
2026-09-30T05:46:28.347+00:00 │ │                                  │   │   │   │     (lora_dropout):      │ │
2026-09-30T05:46:28.347+00:00 │ │                                  ModuleDict(                            │ │
2026-09-30T05:46:28.347+00:00 │ │                                  │   │   │   │   │   (default):         │ │
2026-09-30T05:46:28.347+00:00 │ │                                  Identity()                             │ │
2026-09-30T05:46:28.347+00:00 │ │                                  │   │   │   │   │   (ref): Identity()  │ │
2026-09-30T05:46:28.347+00:00 │ │                                  │   │   │   │     )                    │ │
2026-09-30T05:46:28.348+00:00 │ │                                  │   │   │   │     (lora_A):            │ │
2026-09-30T05:46:28.348+00:00 │ │                                  ModuleDict(                            │ │
2026-09-30T05:46:28.348+00:00 │ │                                  │   │   │   │   │   (default):         │ │
2026-09-30T05:46:28.348+00:00 │ │                                  Linear(in_features=1536,               │ │
2026-09-30T05:46:28.348+00:00 │ │                                  out_features=16, bias=False)           │ │
2026-09-30T05:46:28.348+00:00 │ │                                  │   │   │   │   │   (ref):             │ │
2026-09-30T05:46:28.349+00:00 │ │                                  Linear(in_features=1536,               │ │
2026-09-30T05:46:28.349+00:00 │ │                                  out_features=16, bias=False)           │ │
2026-09-30T05:46:28.349+00:00 │ │                                  │   │   │   │     )                    │ │
2026-09-30T05:46:28.349+00:00 │ │                                  │   │   │   │     (lora_B):            │ │
2026-09-30T05:46:28.349+00:00 │ │                                  ModuleDict(                            │ │
2026-09-30T05:46:28.350+00:00 │ │                                  │   │   │   │   │   (default):         │ │
2026-09-30T05:46:28.351+00:00 │ │                                  Linear(in_features=16,                 │ │
2026-09-30T05:46:28.351+00:00 │ │                                  out_features=256, bias=False)          │ │
2026-09-30T05:46:28.351+00:00 │ │                                  │   │   │   │   │   (ref):             │ │
2026-09-30T05:46:28.351+00:00 │ │                                  Linear(in_features=16,                 │ │
2026-09-30T05:46:28.351+00:00 │ │                                  out_features=256, bias=False)          │ │
2026-09-30T05:46:28.352+00:00 │ │                                  │   │   │   │     )                    │ │
2026-09-30T05:46:28.352+00:00 │ │                                  │   │   │   │     (lora_embedding_A):  │ │
2026-09-30T05:46:28.352+00:00 │ │                                  ParameterDict()                        │ │
2026-09-30T05:46:28.352+00:00 │ │                                  │   │   │   │     (lora_embedding_B):  │ │
2026-09-30T05:46:28.352+00:00 │ │                                  ParameterDict()                        │ │
2026-09-30T05:46:28.352+00:00 │ │                                  │   │   │   │                          │ │
2026-09-30T05:46:28.353+00:00 │ │                                  (lora_magnitude_vector): ModuleDict()  │ │
2026-09-30T05:46:28.353+00:00 │ │                                  │   │   │   │   )                      │ │
2026-09-30T05:46:28.353+00:00 │ │                                  │   │   │   │   (o_proj):              │ │
2026-09-30T05:46:28.353+00:00 │ │                                  Linear(in_features=1536,               │ │
2026-09-30T05:46:28.353+00:00 │ │                                  out_features=1536, bias=False)         │ │
2026-09-30T05:46:28.353+00:00 │ │                                  │   │   │     )                        │ │
2026-09-30T05:46:28.354+00:00 │ │                                  │   │   │     (mlp): Qwen2MLP(         │ │
2026-09-30T05:46:28.354+00:00 │ │                                  │   │   │   │   (gate_proj):           │ │
2026-09-30T05:46:28.354+00:00 │ │                                  Linear(in_features=1536,               │ │
2026-09-30T05:46:28.354+00:00 │ │                                  out_features=8960, bias=False)         │ │
2026-09-30T05:46:28.354+00:00 │ │                                  │   │   │   │   (up_proj):             │ │
2026-09-30T05:46:28.354+00:00 │ │                                  Linear(in_features=1536,               │ │
2026-09-30T05:46:28.355+00:00 │ │                                  out_features=8960, bias=False)         │ │
2026-09-30T05:46:28.355+00:00 │ │                                  │   │   │   │   (down_proj):           │ │
2026-09-30T05:46:28.355+00:00 │ │                                  Linear(in_features=8960,               │ │
2026-09-30T05:46:28.355+00:00 │ │                                  out_features=1536, bias=False)         │ │
2026-09-30T05:46:28.355+00:00 │ │                                  │   │   │   │   (act_fn):              │ │
2026-09-30T05:46:28.355+00:00 │ │                                  SiLUActivation()                       │ │
2026-09-30T05:46:28.356+00:00 │ │                                  │   │   │     )                        │ │
2026-09-30T05:46:28.356+00:00 │ │                                  │   │   │     (input_layernorm):       │ │
2026-09-30T05:46:28.356+00:00 │ │                                  Qwen2RMSNorm((1536,), eps=1e-06)       │ │
2026-09-30T05:46:28.356+00:00 │ │                                  │   │   │                              │ │
2026-09-30T05:46:28.356+00:00 │ │                                  (post_attention_layernorm):            │ │
2026-09-30T05:46:28.356+00:00 │ │                                  Qwen2RMSNorm((1536,), eps=1e-06)       │ │
2026-09-30T05:46:28.357+00:00 │ │                                  │   │   │   )                          │ │
2026-09-30T05:46:28.357+00:00 │ │                                  │   │     )                            │ │
2026-09-30T05:46:28.357+00:00 │ │                                  │   │   )                              │ │
2026-09-30T05:46:28.357+00:00 │ │                                  │   │   (norm): Qwen2RMSNorm((1536,),  │ │
2026-09-30T05:46:28.357+00:00 │ │                                  eps=1e-06)                             │ │
2026-09-30T05:46:28.357+00:00 │ │                                  │   │   (rotary_emb):                  │ │
2026-09-30T05:46:28.358+00:00 │ │                                  Qwen2RotaryEmbedding()                 │ │
2026-09-30T05:46:28.358+00:00 │ │                                  │     )                                │ │
2026-09-30T05:46:28.358+00:00 │ │                                  │     (lm_head):                       │ │
2026-09-30T05:46:28.359+00:00 │ │                                  Linear(in_features=1536,               │ │
2026-09-30T05:46:28.359+00:00 │ │                                  out_features=151936, bias=False)       │ │
2026-09-30T05:46:28.359+00:00 │ │                                  │   )                                  │ │
2026-09-30T05:46:28.359+00:00 │ │                                    )                                    │ │
2026-09-30T05:46:28.359+00:00 │ │                                  ))                                     │ │
2026-09-30T05:46:28.359+00:00 │ │                   tr_loss_step = tensor(0.1733, device='cuda:0')        │ │
2026-09-30T05:46:28.359+00:00 │ │               train_dataloader = <accelerate.data_loader.DataLoaderSha… │ │
2026-09-30T05:46:28.359+00:00 │ │                                  object at 0x0000016B96054290>          │ │
2026-09-30T05:46:28.359+00:00 │ │                          trial = None                                   │ │
2026-09-30T05:46:28.359+00:00 │ │             underlying_sampler = None                                   │ │
2026-09-30T05:46:28.359+00:00 │ │                    update_step = 0                                      │ │
2026-09-30T05:46:28.361+00:00 │ └─────────────────────────────────────────────────────────────────────────┘ │
2026-09-30T05:46:28.361+00:00 │                                                                             │
2026-09-30T05:46:28.361+00:00 │ D:\Abdulwaarith\Desktop\soup-take-home\.venv\Lib\site-packages\trl\trainer\ │
2026-09-30T05:46:28.361+00:00 │ dpo_trainer.py:1449 in training_step                                        │
2026-09-30T05:46:28.361+00:00 │                                                                             │
2026-09-30T05:46:28.361+00:00 │   1446 │   # Override training step to add activation offloading context.   │
2026-09-30T05:46:28.361+00:00 │   1447 │   def training_step(self, *args, **kwargs):                        │
2026-09-30T05:46:28.361+00:00 │   1448 │   │   with self.maybe_activation_offload_context:                  │
2026-09-30T05:46:28.361+00:00 │ > 1449 │   │   │   return super().training_step(*args, **kwargs)            │
2026-09-30T05:46:28.361+00:00 │   1450 │                                                                    │
2026-09-30T05:46:28.362+00:00 │   1451 │   def log(self, logs: dict[str, float], start_time: float | None = │
2026-09-30T05:46:28.362+00:00 │   1452 │   │   mode = "train" if self.model.training else "eval"            │
2026-09-30T05:46:28.362+00:00 │                                                                             │
2026-09-30T05:46:28.362+00:00 │ ┌──────────────────────────────── locals ─────────────────────────────────┐ │
2026-09-30T05:46:28.362+00:00 │ │   args = (                                                              │ │
2026-09-30T05:46:28.362+00:00 │ │          │   PeftModelForCausalLM(                                      │ │
2026-09-30T05:46:28.363+00:00 │ │            (base_model): LoraModel(                                     │ │
2026-09-30T05:46:28.363+00:00 │ │          │   (model): Qwen2ForCausalLM(                                 │ │
2026-09-30T05:46:28.363+00:00 │ │          │     (model): Qwen2Model(                                     │ │
2026-09-30T05:46:28.363+00:00 │ │          │   │   (embed_tokens): Embedding(151936, 1536)                │ │
2026-09-30T05:46:28.363+00:00 │ │          │   │   (layers): ModuleList(                                  │ │
2026-09-30T05:46:28.364+00:00 │ │          │   │     (0-27): 28 x StreamedDecoderLayer(                   │ │
2026-09-30T05:46:28.364+00:00 │ │          │   │   │   (inner): Qwen2DecoderLayer(                        │ │
2026-09-30T05:46:28.364+00:00 │ │          │   │   │     (self_attn): Qwen2Attention(                     │ │
2026-09-30T05:46:28.364+00:00 │ │          │   │   │   │   (q_proj): lora.Linear(                         │ │
2026-09-30T05:46:28.364+00:00 │ │          │   │   │   │     (base_layer): Linear(in_features=1536,       │ │
2026-09-30T05:46:28.365+00:00 │ │          out_features=1536, bias=True)                                  │ │
2026-09-30T05:46:28.365+00:00 │ │          │   │   │   │     (lora_dropout): ModuleDict(                  │ │
2026-09-30T05:46:28.365+00:00 │ │          │   │   │   │   │   (default): Identity()                      │ │
2026-09-30T05:46:28.365+00:00 │ │          │   │   │   │   │   (ref): Identity()                          │ │
2026-09-30T05:46:28.365+00:00 │ │          │   │   │   │     )                                            │ │
2026-09-30T05:46:28.366+00:00 │ │          │   │   │   │     (lora_A): ModuleDict(                        │ │
2026-09-30T05:46:28.366+00:00 │ │          │   │   │   │   │   (default): Linear(in_features=1536,        │ │
2026-09-30T05:46:28.366+00:00 │ │          out_features=16, bias=False)                                   │ │
2026-09-30T05:46:28.367+00:00 │ │          │   │   │   │   │   (ref): Linear(in_features=1536,            │ │
2026-09-30T05:46:28.367+00:00 │ │          out_features=16, bias=False)                                   │ │
2026-09-30T05:46:28.367+00:00 │ │          │   │   │   │     )                                            │ │
2026-09-30T05:46:28.367+00:00 │ │          │   │   │   │     (lora_B): ModuleDict(                        │ │
2026-09-30T05:46:28.367+00:00 │ │          │   │   │   │   │   (default): Linear(in_features=16,          │ │
2026-09-30T05:46:28.368+00:00 │ │          out_features=1536, bias=False)                                 │ │
2026-09-30T05:46:28.368+00:00 │ │          │   │   │   │   │   (ref): Linear(in_features=16,              │ │
2026-09-30T05:46:28.368+00:00 │ │          out_features=1536, bias=False)                                 │ │
2026-09-30T05:46:28.368+00:00 │ │          │   │   │   │     )                                            │ │
2026-09-30T05:46:28.368+00:00 │ │          │   │   │   │     (lora_embedding_A): ParameterDict()          │ │
2026-09-30T05:46:28.368+00:00 │ │          │   │   │   │     (lora_embedding_B): ParameterDict()          │ │
2026-09-30T05:46:28.369+00:00 │ │          │   │   │   │     (lora_magnitude_vector): ModuleDict()        │ │
2026-09-30T05:46:28.369+00:00 │ │          │   │   │   │   )                                              │ │
2026-09-30T05:46:28.369+00:00 │ │          │   │   │   │   (k_proj): Linear(in_features=1536,             │ │
2026-09-30T05:46:28.369+00:00 │ │          out_features=256, bias=True)                                   │ │
2026-09-30T05:46:28.369+00:00 │ │          │   │   │   │   (v_proj): lora.Linear(                         │ │
2026-09-30T05:46:28.370+00:00 │ │          │   │   │   │     (base_layer): Linear(in_features=1536,       │ │
2026-09-30T05:46:28.370+00:00 │ │          out_features=256, bias=True)                                   │ │
2026-09-30T05:46:28.370+00:00 │ │          │   │   │   │     (lora_dropout): ModuleDict(                  │ │
2026-09-30T05:46:28.370+00:00 │ │          │   │   │   │   │   (default): Identity()                      │ │
2026-09-30T05:46:28.370+00:00 │ │          │   │   │   │   │   (ref): Identity()                          │ │
2026-09-30T05:46:28.371+00:00 │ │          │   │   │   │     )                                            │ │
2026-09-30T05:46:28.371+00:00 │ │          │   │   │   │     (lora_A): ModuleDict(                        │ │
2026-09-30T05:46:28.371+00:00 │ │          │   │   │   │   │   (default): Linear(in_features=1536,        │ │
2026-09-30T05:46:28.371+00:00 │ │          out_features=16, bias=False)                                   │ │
2026-09-30T05:46:28.371+00:00 │ │          │   │   │   │   │   (ref): Linear(in_features=1536,            │ │
2026-09-30T05:46:28.371+00:00 │ │          out_features=16, bias=False)                                   │ │
2026-09-30T05:46:28.371+00:00 │ │          │   │   │   │     )                                            │ │
2026-09-30T05:46:28.371+00:00 │ │          │   │   │   │     (lora_B): ModuleDict(                        │ │
2026-09-30T05:46:28.372+00:00 │ │          │   │   │   │   │   (default): Linear(in_features=16,          │ │
2026-09-30T05:46:28.372+00:00 │ │          out_features=256, bias=False)                                  │ │
2026-09-30T05:46:28.372+00:00 │ │          │   │   │   │   │   (ref): Linear(in_features=16,              │ │
2026-09-30T05:46:28.372+00:00 │ │          out_features=256, bias=False)                                  │ │
2026-09-30T05:46:28.372+00:00 │ │          │   │   │   │     )                                            │ │
2026-09-30T05:46:28.373+00:00 │ │          │   │   │   │     (lora_embedding_A): ParameterDict()          │ │
2026-09-30T05:46:28.373+00:00 │ │          │   │   │   │     (lora_embedding_B): ParameterDict()          │ │
2026-09-30T05:46:28.373+00:00 │ │          │   │   │   │     (lora_magnitude_vector): ModuleDict()        │ │
2026-09-30T05:46:28.373+00:00 │ │          │   │   │   │   )                                              │ │
2026-09-30T05:46:28.373+00:00 │ │          │   │   │   │   (o_proj): Linear(in_features=1536,             │ │
2026-09-30T05:46:28.374+00:00 │ │          out_features=1536, bias=False)                                 │ │
2026-09-30T05:46:28.374+00:00 │ │          │   │   │     )                                                │ │
2026-09-30T05:46:28.374+00:00 │ │          │   │   │     (mlp): Qwen2MLP(                                 │ │
2026-09-30T05:46:28.374+00:00 │ │          │   │   │   │   (gate_proj): Linear(in_features=1536,          │ │
2026-09-30T05:46:28.374+00:00 │ │          out_features=8960, bias=False)                                 │ │
2026-09-30T05:46:28.374+00:00 │ │          │   │   │   │   (up_proj): Linear(in_features=1536,            │ │
2026-09-30T05:46:28.374+00:00 │ │          out_features=8960, bias=False)                                 │ │
2026-09-30T05:46:28.376+00:00 │ │          │   │   │   │   (down_proj): Linear(in_features=8960,          │ │
2026-09-30T05:46:28.376+00:00 │ │          out_features=1536, bias=False)                                 │ │
2026-09-30T05:46:28.376+00:00 │ │          │   │   │   │   (act_fn): SiLUActivation()                     │ │
2026-09-30T05:46:28.376+00:00 │ │          │   │   │     )                                                │ │
2026-09-30T05:46:28.376+00:00 │ │          │   │   │     (input_layernorm): Qwen2RMSNorm((1536,),         │ │
2026-09-30T05:46:28.376+00:00 │ │          eps=1e-06)                                                     │ │
2026-09-30T05:46:28.376+00:00 │ │          │   │   │     (post_attention_layernorm):                      │ │
2026-09-30T05:46:28.376+00:00 │ │          Qwen2RMSNorm((1536,), eps=1e-06)                               │ │
2026-09-30T05:46:28.377+00:00 │ │          │   │   │   )                                                  │ │
2026-09-30T05:46:28.377+00:00 │ │          │   │     )                                                    │ │
2026-09-30T05:46:28.377+00:00 │ │          │   │   )                                                      │ │
2026-09-30T05:46:28.378+00:00 │ │          │   │   (norm): Qwen2RMSNorm((1536,), eps=1e-06)               │ │
2026-09-30T05:46:28.378+00:00 │ │          │   │   (rotary_emb): Qwen2RotaryEmbedding()                   │ │
2026-09-30T05:46:28.378+00:00 │ │          │     )                                                        │ │
2026-09-30T05:46:28.378+00:00 │ │          │     (lm_head): Linear(in_features=1536, out_features=151936, │ │
2026-09-30T05:46:28.378+00:00 │ │          bias=False)                                                    │ │
2026-09-30T05:46:28.379+00:00 │ │          │   )                                                          │ │
2026-09-30T05:46:28.379+00:00 │ │            )                                                            │ │
2026-09-30T05:46:28.379+00:00 │ │          ),                                                             │ │
2026-09-30T05:46:28.379+00:00 │ │          │   {                                                          │ │
2026-09-30T05:46:28.379+00:00 │ │          │   │   'input_ids': tensor([[    27,     91,    872,  ...,    │ │
2026-09-30T05:46:28.379+00:00 │ │          126635, 143587,  26909],                                       │ │
2026-09-30T05:46:28.379+00:00 │ │          │   │   [    27,     91,    872,  ..., 151643, 151643,         │ │
2026-09-30T05:46:28.379+00:00 │ │          151643]],                                                      │ │
2026-09-30T05:46:28.379+00:00 │ │          │      device='cuda:0'),                                       │ │
2026-09-30T05:46:28.380+00:00 │ │          │   │   'attention_mask': tensor([[1, 1, 1,  ..., 1, 1, 1],    │ │
2026-09-30T05:46:28.380+00:00 │ │          │   │   [1, 1, 1,  ..., 0, 0, 0]], device='cuda:0'),           │ │
2026-09-30T05:46:28.380+00:00 │ │          │   │   'completion_mask': tensor([[0, 0, 0,  ..., 1, 1, 1],   │ │
2026-09-30T05:46:28.381+00:00 │ │          │   │   [0, 0, 0,  ..., 0, 0, 0]], device='cuda:0')            │ │
2026-09-30T05:46:28.381+00:00 │ │          │   },                                                         │ │
2026-09-30T05:46:28.381+00:00 │ │          │   None                                                       │ │
2026-09-30T05:46:28.381+00:00 │ │          )                                                              │ │
2026-09-30T05:46:28.383+00:00 │ │ kwargs = {}                                                             │ │
2026-09-30T05:46:28.383+00:00 │ │   self = <trl.trainer.dpo_trainer.DPOTrainer object at                  │ │
2026-09-30T05:46:28.383+00:00 │ │          0x0000016B8B561BB0>                                            │ │
2026-09-30T05:46:28.383+00:00 │ └─────────────────────────────────────────────────────────────────────────┘ │
2026-09-30T05:46:28.383+00:00 │                                                                             │
2026-09-30T05:46:28.383+00:00 │ D:\Abdulwaarith\Desktop\soup-take-home\.venv\Lib\site-packages\transformers │
2026-09-30T05:46:28.383+00:00 │ \trainer.py:2014 in training_step                                           │
2026-09-30T05:46:28.383+00:00 │                                                                             │
2026-09-30T05:46:28.383+00:00 │   2011 │   │   │   │   return loss_mb.reduce_mean().detach().to(self.args.d │
2026-09-30T05:46:28.383+00:00 │   2012 │   │   │                                                            │
2026-09-30T05:46:28.384+00:00 │   2013 │   │   │   with self.compute_loss_context_manager():                │
2026-09-30T05:46:28.384+00:00 │ > 2014 │   │   │   │   loss = self.compute_loss(model, inputs, num_items_in │
2026-09-30T05:46:28.384+00:00 │   2015 │   │   │                                                            │
2026-09-30T05:46:28.384+00:00 │   2016 │   │   │   del inputs                                               │
2026-09-30T05:46:28.384+00:00 │   2017 │   │   │   if (                                                     │
2026-09-30T05:46:28.384+00:00 │                                                                             │
2026-09-30T05:46:28.384+00:00 │ ┌──────────────────────────────── locals ─────────────────────────────────┐ │
2026-09-30T05:46:28.384+00:00 │ │             inputs = {                                                  │ │
2026-09-30T05:46:28.385+00:00 │ │                      │   'input_ids': tensor([[    27,     91,    872,  │ │
2026-09-30T05:46:28.385+00:00 │ │                      ..., 126635, 143587,  26909],                      │ │
2026-09-30T05:46:28.385+00:00 │ │                      │   │   [    27,     91,    872,  ..., 151643,     │ │
2026-09-30T05:46:28.385+00:00 │ │                      151643, 151643]],                                  │ │
2026-09-30T05:46:28.385+00:00 │ │                      │      device='cuda:0'),                           │ │
2026-09-30T05:46:28.386+00:00 │ │                      │   'attention_mask': tensor([[1, 1, 1,  ..., 1,   │ │
2026-09-30T05:46:28.386+00:00 │ │                      1, 1],                                             │ │
2026-09-30T05:46:28.386+00:00 │ │                      │   │   [1, 1, 1,  ..., 0, 0, 0]],                 │ │
2026-09-30T05:46:28.386+00:00 │ │                      device='cuda:0'),                                  │ │
2026-09-30T05:46:28.386+00:00 │ │                      │   'completion_mask': tensor([[0, 0, 0,  ..., 1,  │ │
2026-09-30T05:46:28.387+00:00 │ │                      1, 1],                                             │ │
2026-09-30T05:46:28.387+00:00 │ │                      │   │   [0, 0, 0,  ..., 0, 0, 0]],                 │ │
2026-09-30T05:46:28.387+00:00 │ │                      device='cuda:0')                                   │ │
2026-09-30T05:46:28.387+00:00 │ │                      }                                                  │ │
2026-09-30T05:46:28.387+00:00 │ │              model = PeftModelForCausalLM(                              │ │
2026-09-30T05:46:28.387+00:00 │ │                        (base_model): LoraModel(                         │ │
2026-09-30T05:46:28.387+00:00 │ │                      │   (model): Qwen2ForCausalLM(                     │ │
2026-09-30T05:46:28.387+00:00 │ │                      │     (model): Qwen2Model(                         │ │
2026-09-30T05:46:28.389+00:00 │ │                      │   │   (embed_tokens): Embedding(151936, 1536)    │ │
2026-09-30T05:46:28.389+00:00 │ │                      │   │   (layers): ModuleList(                      │ │
2026-09-30T05:46:28.389+00:00 │ │                      │   │     (0-27): 28 x StreamedDecoderLayer(       │ │
2026-09-30T05:46:28.389+00:00 │ │                      │   │   │   (inner): Qwen2DecoderLayer(            │ │
2026-09-30T05:46:28.389+00:00 │ │                      │   │   │     (self_attn): Qwen2Attention(         │ │
2026-09-30T05:46:28.390+00:00 │ │                      │   │   │   │   (q_proj): lora.Linear(             │ │
2026-09-30T05:46:28.390+00:00 │ │                      │   │   │   │     (base_layer):                    │ │
2026-09-30T05:46:28.390+00:00 │ │                      Linear(in_features=1536, out_features=1536,        │ │
2026-09-30T05:46:28.390+00:00 │ │                      bias=True)                                         │ │
2026-09-30T05:46:28.390+00:00 │ │                      │   │   │   │     (lora_dropout): ModuleDict(      │ │
2026-09-30T05:46:28.390+00:00 │ │                      │   │   │   │   │   (default): Identity()          │ │
2026-09-30T05:46:28.391+00:00 │ │                      │   │   │   │   │   (ref): Identity()              │ │
2026-09-30T05:46:28.391+00:00 │ │                      │   │   │   │     )                                │ │
2026-09-30T05:46:28.391+00:00 │ │                      │   │   │   │     (lora_A): ModuleDict(            │ │
2026-09-30T05:46:28.391+00:00 │ │                      │   │   │   │   │   (default):                     │ │
2026-09-30T05:46:28.391+00:00 │ │                      Linear(in_features=1536, out_features=16,          │ │
2026-09-30T05:46:28.392+00:00 │ │                      bias=False)                                        │ │
2026-09-30T05:46:28.392+00:00 │ │                      │   │   │   │   │   (ref):                         │ │
2026-09-30T05:46:28.392+00:00 │ │                      Linear(in_features=1536, out_features=16,          │ │
2026-09-30T05:46:28.392+00:00 │ │                      bias=False)                                        │ │
2026-09-30T05:46:28.392+00:00 │ │                      │   │   │   │     )                                │ │
2026-09-30T05:46:28.392+00:00 │ │                      │   │   │   │     (lora_B): ModuleDict(            │ │
2026-09-30T05:46:28.392+00:00 │ │                      │   │   │   │   │   (default):                     │ │
2026-09-30T05:46:28.392+00:00 │ │                      Linear(in_features=16, out_features=1536,          │ │
2026-09-30T05:46:28.392+00:00 │ │                      bias=False)                                        │ │
2026-09-30T05:46:28.392+00:00 │ │                      │   │   │   │   │   (ref): Linear(in_features=16,  │ │
2026-09-30T05:46:28.392+00:00 │ │                      out_features=1536, bias=False)                     │ │
2026-09-30T05:46:28.392+00:00 │ │                      │   │   │   │     )                                │ │
2026-09-30T05:46:28.394+00:00 │ │                      │   │   │   │     (lora_embedding_A):              │ │
2026-09-30T05:46:28.394+00:00 │ │                      ParameterDict()                                    │ │
2026-09-30T05:46:28.394+00:00 │ │                      │   │   │   │     (lora_embedding_B):              │ │
2026-09-30T05:46:28.394+00:00 │ │                      ParameterDict()                                    │ │
2026-09-30T05:46:28.394+00:00 │ │                      │   │   │   │     (lora_magnitude_vector):         │ │
2026-09-30T05:46:28.394+00:00 │ │                      ModuleDict()                                       │ │
2026-09-30T05:46:28.394+00:00 │ │                      │   │   │   │   )                                  │ │
2026-09-30T05:46:28.394+00:00 │ │                      │   │   │   │   (k_proj): Linear(in_features=1536, │ │
2026-09-30T05:46:28.395+00:00 │ │                      out_features=256, bias=True)                       │ │
2026-09-30T05:46:28.395+00:00 │ │                      │   │   │   │   (v_proj): lora.Linear(             │ │
2026-09-30T05:46:28.395+00:00 │ │                      │   │   │   │     (base_layer):                    │ │
2026-09-30T05:46:28.395+00:00 │ │                      Linear(in_features=1536, out_features=256,         │ │
2026-09-30T05:46:28.395+00:00 │ │                      bias=True)                                         │ │
2026-09-30T05:46:28.395+00:00 │ │                      │   │   │   │     (lora_dropout): ModuleDict(      │ │
2026-09-30T05:46:28.395+00:00 │ │                      │   │   │   │   │   (default): Identity()          │ │
2026-09-30T05:46:28.395+00:00 │ │                      │   │   │   │   │   (ref): Identity()              │ │
2026-09-30T05:46:28.395+00:00 │ │                      │   │   │   │     )                                │ │
2026-09-30T05:46:28.396+00:00 │ │                      │   │   │   │     (lora_A): ModuleDict(            │ │
2026-09-30T05:46:28.396+00:00 │ │                      │   │   │   │   │   (default):                     │ │
2026-09-30T05:46:28.396+00:00 │ │                      Linear(in_features=1536, out_features=16,          │ │
2026-09-30T05:46:28.396+00:00 │ │                      bias=False)                                        │ │
2026-09-30T05:46:28.396+00:00 │ │                      │   │   │   │   │   (ref):                         │ │
2026-09-30T05:46:28.396+00:00 │ │                      Linear(in_features=1536, out_features=16,          │ │
2026-09-30T05:46:28.396+00:00 │ │                      bias=False)                                        │ │
2026-09-30T05:46:28.396+00:00 │ │                      │   │   │   │     )                                │ │
2026-09-30T05:46:28.396+00:00 │ │                      │   │   │   │     (lora_B): ModuleDict(            │ │
2026-09-30T05:46:28.396+00:00 │ │                      │   │   │   │   │   (default):                     │ │
2026-09-30T05:46:28.398+00:00 │ │                      Linear(in_features=16, out_features=256,           │ │
2026-09-30T05:46:28.398+00:00 │ │                      bias=False)                                        │ │
2026-09-30T05:46:28.399+00:00 │ │                      │   │   │   │   │   (ref): Linear(in_features=16,  │ │
2026-09-30T05:46:28.399+00:00 │ │                      out_features=256, bias=False)                      │ │
2026-09-30T05:46:28.399+00:00 │ │                      │   │   │   │     )                                │ │
2026-09-30T05:46:28.399+00:00 │ │                      │   │   │   │     (lora_embedding_A):              │ │
2026-09-30T05:46:28.399+00:00 │ │                      ParameterDict()                                    │ │
2026-09-30T05:46:28.399+00:00 │ │                      │   │   │   │     (lora_embedding_B):              │ │
2026-09-30T05:46:28.399+00:00 │ │                      ParameterDict()                                    │ │
2026-09-30T05:46:28.399+00:00 │ │                      │   │   │   │     (lora_magnitude_vector):         │ │
2026-09-30T05:46:28.399+00:00 │ │                      ModuleDict()                                       │ │
2026-09-30T05:46:28.399+00:00 │ │                      │   │   │   │   )                                  │ │
2026-09-30T05:46:28.400+00:00 │ │                      │   │   │   │   (o_proj): Linear(in_features=1536, │ │
2026-09-30T05:46:28.400+00:00 │ │                      out_features=1536, bias=False)                     │ │
2026-09-30T05:46:28.400+00:00 │ │                      │   │   │     )                                    │ │
2026-09-30T05:46:28.400+00:00 │ │                      │   │   │     (mlp): Qwen2MLP(                     │ │
2026-09-30T05:46:28.400+00:00 │ │                      │   │   │   │   (gate_proj):                       │ │
2026-09-30T05:46:28.401+00:00 │ │                      Linear(in_features=1536, out_features=8960,        │ │
2026-09-30T05:46:28.401+00:00 │ │                      bias=False)                                        │ │
2026-09-30T05:46:28.401+00:00 │ │                      │   │   │   │   (up_proj):                         │ │
2026-09-30T05:46:28.401+00:00 │ │                      Linear(in_features=1536, out_features=8960,        │ │
2026-09-30T05:46:28.401+00:00 │ │                      bias=False)                                        │ │
2026-09-30T05:46:28.401+00:00 │ │                      │   │   │   │   (down_proj):                       │ │
2026-09-30T05:46:28.402+00:00 │ │                      Linear(in_features=8960, out_features=1536,        │ │
2026-09-30T05:46:28.402+00:00 │ │                      bias=False)                                        │ │
2026-09-30T05:46:28.402+00:00 │ │                      │   │   │   │   (act_fn): SiLUActivation()         │ │
2026-09-30T05:46:28.402+00:00 │ │                      │   │   │     )                                    │ │
2026-09-30T05:46:28.402+00:00 │ │                      │   │   │     (input_layernorm):                   │ │
2026-09-30T05:46:28.403+00:00 │ │                      Qwen2RMSNorm((1536,), eps=1e-06)                   │ │
2026-09-30T05:46:28.403+00:00 │ │                      │   │   │     (post_attention_layernorm):          │ │
2026-09-30T05:46:28.403+00:00 │ │                      Qwen2RMSNorm((1536,), eps=1e-06)                   │ │
2026-09-30T05:46:28.403+00:00 │ │                      │   │   │   )                                      │ │
2026-09-30T05:46:28.403+00:00 │ │                      │   │     )                                        │ │
2026-09-30T05:46:28.403+00:00 │ │                      │   │   )                                          │ │
2026-09-30T05:46:28.404+00:00 │ │                      │   │   (norm): Qwen2RMSNorm((1536,), eps=1e-06)   │ │
2026-09-30T05:46:28.404+00:00 │ │                      │   │   (rotary_emb): Qwen2RotaryEmbedding()       │ │
2026-09-30T05:46:28.404+00:00 │ │                      │     )                                            │ │
2026-09-30T05:46:28.404+00:00 │ │                      │     (lm_head): Linear(in_features=1536,          │ │
2026-09-30T05:46:28.404+00:00 │ │                      out_features=151936, bias=False)                   │ │
2026-09-30T05:46:28.404+00:00 │ │                      │   )                                              │ │
2026-09-30T05:46:28.404+00:00 │ │                        )                                                │ │
2026-09-30T05:46:28.404+00:00 │ │                      )                                                  │ │
2026-09-30T05:46:28.405+00:00 │ │ num_items_in_batch = None                                               │ │
2026-09-30T05:46:28.405+00:00 │ │               self = <trl.trainer.dpo_trainer.DPOTrainer object at      │ │
2026-09-30T05:46:28.405+00:00 │ │                      0x0000016B8B561BB0>                                │ │
2026-09-30T05:46:28.405+00:00 │ └─────────────────────────────────────────────────────────────────────────┘ │
2026-09-30T05:46:28.405+00:00 │                                                                             │
2026-09-30T05:46:28.405+00:00 │ D:\Abdulwaarith\Desktop\soup-take-home\.venv\Lib\site-packages\trl\trainer\ │
2026-09-30T05:46:28.405+00:00 │ dpo_trainer.py:1444 in compute_loss                                         │
2026-09-30T05:46:28.405+00:00 │                                                                             │
2026-09-30T05:46:28.405+00:00 │   1441 │   │   if self.use_liger_kernel:                                    │
2026-09-30T05:46:28.405+00:00 │   1442 │   │   │   return self._compute_loss_liger(model, inputs, return_ou │
2026-09-30T05:46:28.405+00:00 │   1443 │   │   else:                                                        │
2026-09-30T05:46:28.406+00:00 │ > 1444 │   │   │   return self._compute_loss(model, inputs, return_outputs) │
2026-09-30T05:46:28.406+00:00 │   1445 │                                                                    │
2026-09-30T05:46:28.406+00:00 │   1446 │   # Override training step to add activation offloading context.   │
2026-09-30T05:46:28.406+00:00 │   1447 │   def training_step(self, *args, **kwargs):                        │
2026-09-30T05:46:28.406+00:00 │                                                                             │
2026-09-30T05:46:28.406+00:00 │ ┌──────────────────────────────── locals ─────────────────────────────────┐ │
2026-09-30T05:46:28.406+00:00 │ │             inputs = {                                                  │ │
2026-09-30T05:46:28.406+00:00 │ │                      │   'input_ids': tensor([[    27,     91,    872,  │ │
2026-09-30T05:46:28.406+00:00 │ │                      ..., 126635, 143587,  26909],                      │ │
2026-09-30T05:46:28.408+00:00 │ │                      │   │   [    27,     91,    872,  ..., 151643,     │ │
2026-09-30T05:46:28.408+00:00 │ │                      151643, 151643]],                                  │ │
2026-09-30T05:46:28.408+00:00 │ │                      │      device='cuda:0'),                           │ │
2026-09-30T05:46:28.408+00:00 │ │                      │   'attention_mask': tensor([[1, 1, 1,  ..., 1,   │ │
2026-09-30T05:46:28.408+00:00 │ │                      1, 1],                                             │ │
2026-09-30T05:46:28.409+00:00 │ │                      │   │   [1, 1, 1,  ..., 0, 0, 0]],                 │ │
2026-09-30T05:46:28.409+00:00 │ │                      device='cuda:0'),                                  │ │
2026-09-30T05:46:28.409+00:00 │ │                      │   'completion_mask': tensor([[0, 0, 0,  ..., 1,  │ │
2026-09-30T05:46:28.409+00:00 │ │                      1, 1],                                             │ │
2026-09-30T05:46:28.409+00:00 │ │                      │   │   [0, 0, 0,  ..., 0, 0, 0]],                 │ │
2026-09-30T05:46:28.410+00:00 │ │                      device='cuda:0')                                   │ │
2026-09-30T05:46:28.410+00:00 │ │                      }                                                  │ │
2026-09-30T05:46:28.410+00:00 │ │              model = PeftModelForCausalLM(                              │ │
2026-09-30T05:46:28.410+00:00 │ │                        (base_model): LoraModel(                         │ │
2026-09-30T05:46:28.410+00:00 │ │                      │   (model): Qwen2ForCausalLM(                     │ │
2026-09-30T05:46:28.410+00:00 │ │                      │     (model): Qwen2Model(                         │ │
2026-09-30T05:46:28.410+00:00 │ │                      │   │   (embed_tokens): Embedding(151936, 1536)    │ │
2026-09-30T05:46:28.410+00:00 │ │                      │   │   (layers): ModuleList(                      │ │
2026-09-30T05:46:28.410+00:00 │ │                      │   │     (0-27): 28 x StreamedDecoderLayer(       │ │
2026-09-30T05:46:28.411+00:00 │ │                      │   │   │   (inner): Qwen2DecoderLayer(            │ │
2026-09-30T05:46:28.411+00:00 │ │                      │   │   │     (self_attn): Qwen2Attention(         │ │
2026-09-30T05:46:28.411+00:00 │ │                      │   │   │   │   (q_proj): lora.Linear(             │ │
2026-09-30T05:46:28.411+00:00 │ │                      │   │   │   │     (base_layer):                    │ │
2026-09-30T05:46:28.411+00:00 │ │                      Linear(in_features=1536, out_features=1536,        │ │
2026-09-30T05:46:28.411+00:00 │ │                      bias=True)                                         │ │
2026-09-30T05:46:28.412+00:00 │ │                      │   │   │   │     (lora_dropout): ModuleDict(      │ │
2026-09-30T05:46:28.412+00:00 │ │                      │   │   │   │   │   (default): Identity()          │ │
2026-09-30T05:46:28.412+00:00 │ │                      │   │   │   │   │   (ref): Identity()              │ │
2026-09-30T05:46:28.412+00:00 │ │                      │   │   │   │     )                                │ │
2026-09-30T05:46:28.412+00:00 │ │                      │   │   │   │     (lora_A): ModuleDict(            │ │
2026-09-30T05:46:28.412+00:00 │ │                      │   │   │   │   │   (default):                     │ │
2026-09-30T05:46:28.413+00:00 │ │                      Linear(in_features=1536, out_features=16,          │ │
2026-09-30T05:46:28.413+00:00 │ │                      bias=False)                                        │ │
2026-09-30T05:46:28.413+00:00 │ │                      │   │   │   │   │   (ref):                         │ │
2026-09-30T05:46:28.413+00:00 │ │                      Linear(in_features=1536, out_features=16,          │ │
2026-09-30T05:46:28.413+00:00 │ │                      bias=False)                                        │ │
2026-09-30T05:46:28.413+00:00 │ │                      │   │   │   │     )                                │ │
2026-09-30T05:46:28.415+00:00 │ │                      │   │   │   │     (lora_B): ModuleDict(            │ │
2026-09-30T05:46:28.415+00:00 │ │                      │   │   │   │   │   (default):                     │ │
2026-09-30T05:46:28.415+00:00 │ │                      Linear(in_features=16, out_features=1536,          │ │
2026-09-30T05:46:28.415+00:00 │ │                      bias=False)                                        │ │
2026-09-30T05:46:28.415+00:00 │ │                      │   │   │   │   │   (ref): Linear(in_features=16,  │ │
2026-09-30T05:46:28.415+00:00 │ │                      out_features=1536, bias=False)                     │ │
2026-09-30T05:46:28.415+00:00 │ │                      │   │   │   │     )                                │ │
2026-09-30T05:46:28.415+00:00 │ │                      │   │   │   │     (lora_embedding_A):              │ │
2026-09-30T05:46:28.415+00:00 │ │                      ParameterDict()                                    │ │
2026-09-30T05:46:28.415+00:00 │ │                      │   │   │   │     (lora_embedding_B):              │ │
2026-09-30T05:46:28.416+00:00 │ │                      ParameterDict()                                    │ │
2026-09-30T05:46:28.416+00:00 │ │                      │   │   │   │     (lora_magnitude_vector):         │ │
2026-09-30T05:46:28.416+00:00 │ │                      ModuleDict()                                       │ │
2026-09-30T05:46:28.416+00:00 │ │                      │   │   │   │   )                                  │ │
2026-09-30T05:46:28.416+00:00 │ │                      │   │   │   │   (k_proj): Linear(in_features=1536, │ │
2026-09-30T05:46:28.416+00:00 │ │                      out_features=256, bias=True)                       │ │
2026-09-30T05:46:28.417+00:00 │ │                      │   │   │   │   (v_proj): lora.Linear(             │ │
2026-09-30T05:46:28.417+00:00 │ │                      │   │   │   │     (base_layer):                    │ │
2026-09-30T05:46:28.417+00:00 │ │                      Linear(in_features=1536, out_features=256,         │ │
2026-09-30T05:46:28.418+00:00 │ │                      bias=True)                                         │ │
2026-09-30T05:46:28.418+00:00 │ │                      │   │   │   │     (lora_dropout): ModuleDict(      │ │
2026-09-30T05:46:28.418+00:00 │ │                      │   │   │   │   │   (default): Identity()          │ │
2026-09-30T05:46:28.418+00:00 │ │                      │   │   │   │   │   (ref): Identity()              │ │
2026-09-30T05:46:28.418+00:00 │ │                      │   │   │   │     )                                │ │
2026-09-30T05:46:28.418+00:00 │ │                      │   │   │   │     (lora_A): ModuleDict(            │ │
2026-09-30T05:46:28.419+00:00 │ │                      │   │   │   │   │   (default):                     │ │
2026-09-30T05:46:28.419+00:00 │ │                      Linear(in_features=1536, out_features=16,          │ │
2026-09-30T05:46:28.419+00:00 │ │                      bias=False)                                        │ │
2026-09-30T05:46:28.420+00:00 │ │                      │   │   │   │   │   (ref):                         │ │
2026-09-30T05:46:28.420+00:00 │ │                      Linear(in_features=1536, out_features=16,          │ │
2026-09-30T05:46:28.420+00:00 │ │                      bias=False)                                        │ │
2026-09-30T05:46:28.420+00:00 │ │                      │   │   │   │     )                                │ │
2026-09-30T05:46:28.420+00:00 │ │                      │   │   │   │     (lora_B): ModuleDict(            │ │
2026-09-30T05:46:28.420+00:00 │ │                      │   │   │   │   │   (default):                     │ │
2026-09-30T05:46:28.420+00:00 │ │                      Linear(in_features=16, out_features=256,           │ │
2026-09-30T05:46:28.421+00:00 │ │                      bias=False)                                        │ │
2026-09-30T05:46:28.421+00:00 │ │                      │   │   │   │   │   (ref): Linear(in_features=16,  │ │
2026-09-30T05:46:28.421+00:00 │ │                      out_features=256, bias=False)                      │ │
2026-09-30T05:46:28.421+00:00 │ │                      │   │   │   │     )                                │ │
2026-09-30T05:46:28.421+00:00 │ │                      │   │   │   │     (lora_embedding_A):              │ │
2026-09-30T05:46:28.421+00:00 │ │                      ParameterDict()                                    │ │
2026-09-30T05:46:28.421+00:00 │ │                      │   │   │   │     (lora_embedding_B):              │ │
2026-09-30T05:46:28.422+00:00 │ │                      ParameterDict()                                    │ │
2026-09-30T05:46:28.422+00:00 │ │                      │   │   │   │     (lora_magnitude_vector):         │ │
2026-09-30T05:46:28.422+00:00 │ │                      ModuleDict()                                       │ │
2026-09-30T05:46:28.422+00:00 │ │                      │   │   │   │   )                                  │ │
2026-09-30T05:46:28.422+00:00 │ │                      │   │   │   │   (o_proj): Linear(in_features=1536, │ │
2026-09-30T05:46:28.422+00:00 │ │                      out_features=1536, bias=False)                     │ │
2026-09-30T05:46:28.422+00:00 │ │                      │   │   │     )                                    │ │
2026-09-30T05:46:28.423+00:00 │ │                      │   │   │     (mlp): Qwen2MLP(                     │ │
2026-09-30T05:46:28.423+00:00 │ │                      │   │   │   │   (gate_proj):                       │ │
2026-09-30T05:46:28.423+00:00 │ │                      Linear(in_features=1536, out_features=8960,        │ │
2026-09-30T05:46:28.423+00:00 │ │                      bias=False)                                        │ │
2026-09-30T05:46:28.423+00:00 │ │                      │   │   │   │   (up_proj):                         │ │
2026-09-30T05:46:28.423+00:00 │ │                      Linear(in_features=1536, out_features=8960,        │ │
2026-09-30T05:46:28.423+00:00 │ │                      bias=False)                                        │ │
2026-09-30T05:46:28.424+00:00 │ │                      │   │   │   │   (down_proj):                       │ │
2026-09-30T05:46:28.424+00:00 │ │                      Linear(in_features=8960, out_features=1536,        │ │
2026-09-30T05:46:28.424+00:00 │ │                      bias=False)                                        │ │
2026-09-30T05:46:28.424+00:00 │ │                      │   │   │   │   (act_fn): SiLUActivation()         │ │
2026-09-30T05:46:28.424+00:00 │ │                      │   │   │     )                                    │ │
2026-09-30T05:46:28.424+00:00 │ │                      │   │   │     (input_layernorm):                   │ │
2026-09-30T05:46:28.425+00:00 │ │                      Qwen2RMSNorm((1536,), eps=1e-06)                   │ │
2026-09-30T05:46:28.425+00:00 │ │                      │   │   │     (post_attention_layernorm):          │ │
2026-09-30T05:46:28.425+00:00 │ │                      Qwen2RMSNorm((1536,), eps=1e-06)                   │ │
2026-09-30T05:46:28.426+00:00 │ │                      │   │   │   )                                      │ │
2026-09-30T05:46:28.426+00:00 │ │                      │   │     )                                        │ │
2026-09-30T05:46:28.426+00:00 │ │                      │   │   )                                          │ │
2026-09-30T05:46:28.426+00:00 │ │                      │   │   (norm): Qwen2RMSNorm((1536,), eps=1e-06)   │ │
2026-09-30T05:46:28.426+00:00 │ │                      │   │   (rotary_emb): Qwen2RotaryEmbedding()       │ │
2026-09-30T05:46:28.426+00:00 │ │                      │     )                                            │ │
2026-09-30T05:46:28.427+00:00 │ │                      │     (lm_head): Linear(in_features=1536,          │ │
2026-09-30T05:46:28.427+00:00 │ │                      out_features=151936, bias=False)                   │ │
2026-09-30T05:46:28.427+00:00 │ │                      │   )                                              │ │
2026-09-30T05:46:28.427+00:00 │ │                        )                                                │ │
2026-09-30T05:46:28.427+00:00 │ │                      )                                                  │ │
2026-09-30T05:46:28.427+00:00 │ │ num_items_in_batch = None                                               │ │
2026-09-30T05:46:28.427+00:00 │ │     return_outputs = False                                              │ │
2026-09-30T05:46:28.428+00:00 │ │               self = <trl.trainer.dpo_trainer.DPOTrainer object at      │ │
2026-09-30T05:46:28.428+00:00 │ │                      0x0000016B8B561BB0>                                │ │
2026-09-30T05:46:28.428+00:00 │ └─────────────────────────────────────────────────────────────────────────┘ │
2026-09-30T05:46:28.428+00:00 │                                                                             │
2026-09-30T05:46:28.429+00:00 │ D:\Abdulwaarith\Desktop\soup-take-home\.venv\Lib\site-packages\trl\trainer\ │
2026-09-30T05:46:28.429+00:00 │ dpo_trainer.py:1186 in _compute_loss                                        │
2026-09-30T05:46:28.429+00:00 │                                                                             │
2026-09-30T05:46:28.429+00:00 │   1183 │   │   │   │   │   ref_outputs = self.ref_model(**model_kwargs)     │
2026-09-30T05:46:28.429+00:00 │   1184 │   │   │                                                            │
2026-09-30T05:46:28.429+00:00 │   1185 │   │   │   ref_shift_logits = ref_outputs.logits[..., :-1, :].conti │
2026-09-30T05:46:28.429+00:00 │ > 1186 │   │   │   ref_per_token_logps = selective_log_softmax(ref_shift_lo │
2026-09-30T05:46:28.429+00:00 │   1187 │   │   │   ref_per_token_logps[shift_completion_mask == 0] = 0.0  # │
2026-09-30T05:46:28.429+00:00 │   1188 │   │   │   if self.ld_alpha is None:                                │
2026-09-30T05:46:28.429+00:00 │   1189 │   │   │   │   ref_logps = ref_per_token_logps.sum(dim=1)  # sum ov │
2026-09-30T05:46:28.429+00:00 │                                                                             │
2026-09-30T05:46:28.430+00:00 │ ┌──────────────────────────────── locals ─────────────────────────────────┐ │
2026-09-30T05:46:28.430+00:00 │ │        attention_mask = tensor([[1, 1, 1,  ..., 1, 1, 1],               │ │
2026-09-30T05:46:28.431+00:00 │ │                         │   │   [1, 1, 1,  ..., 0, 0, 0]],              │ │
2026-09-30T05:46:28.431+00:00 │ │                         device='cuda:0')                                │ │
2026-09-30T05:46:28.432+00:00 │ │          chosen_logps = tensor([-662.8923], device='cuda:0',            │ │
2026-09-30T05:46:28.432+00:00 │ │                         grad_fn=<SplitBackward0>)                       │ │
2026-09-30T05:46:28.432+00:00 │ │       completion_mask = tensor([[0, 0, 0,  ..., 1, 1, 1],               │ │
2026-09-30T05:46:28.433+00:00 │ │                         │   │   [0, 0, 0,  ..., 0, 0, 0]],              │ │
2026-09-30T05:46:28.433+00:00 │ │                         device='cuda:0')                                │ │
2026-09-30T05:46:28.433+00:00 │ │                device = device(type='cuda')                             │ │
2026-09-30T05:46:28.433+00:00 │ │             input_ids = tensor([[    27,     91,    872,  ..., 126635,  │ │
2026-09-30T05:46:28.433+00:00 │ │                         143587,  26909],                                │ │
2026-09-30T05:46:28.434+00:00 │ │                         │   │   [    27,     91,    872,  ..., 151643,  │ │
2026-09-30T05:46:28.434+00:00 │ │                         151643, 151643]],                               │ │
2026-09-30T05:46:28.434+00:00 │ │                         │      device='cuda:0')                         │ │
2026-09-30T05:46:28.434+00:00 │ │                inputs = {                                               │ │
2026-09-30T05:46:28.434+00:00 │ │                         │   'input_ids': tensor([[    27,     91,       │ │
2026-09-30T05:46:28.434+00:00 │ │                         872,  ..., 126635, 143587,  26909],             │ │
2026-09-30T05:46:28.435+00:00 │ │                         │   │   [    27,     91,    872,  ..., 151643,  │ │
2026-09-30T05:46:28.435+00:00 │ │                         151643, 151643]],                               │ │
2026-09-30T05:46:28.435+00:00 │ │                         │      device='cuda:0'),                        │ │
2026-09-30T05:46:28.435+00:00 │ │                         │   'attention_mask': tensor([[1, 1, 1,  ...,   │ │
2026-09-30T05:46:28.435+00:00 │ │                         1, 1, 1],                                       │ │
2026-09-30T05:46:28.435+00:00 │ │                         │   │   [1, 1, 1,  ..., 0, 0, 0]],              │ │
2026-09-30T05:46:28.435+00:00 │ │                         device='cuda:0'),                               │ │
2026-09-30T05:46:28.437+00:00 │ │                         │   'completion_mask': tensor([[0, 0, 0,  ...,  │ │
2026-09-30T05:46:28.437+00:00 │ │                         1, 1, 1],                                       │ │
2026-09-30T05:46:28.437+00:00 │ │                         │   │   [0, 0, 0,  ..., 0, 0, 0]],              │ │
2026-09-30T05:46:28.437+00:00 │ │                         device='cuda:0')                                │ │
2026-09-30T05:46:28.437+00:00 │ │                         }                                               │ │
2026-09-30T05:46:28.438+00:00 │ │                   key = 'mm_token_type_ids'                             │ │
2026-09-30T05:46:28.438+00:00 │ │                 logps = tensor([-662.8923, -149.3948], device='cuda:0', │ │
2026-09-30T05:46:28.438+00:00 │ │                         grad_fn=<SumBackward1>)                         │ │
2026-09-30T05:46:28.438+00:00 │ │                  mode = 'train'                                         │ │
2026-09-30T05:46:28.438+00:00 │ │                 model = PeftModelForCausalLM(                           │ │
2026-09-30T05:46:28.438+00:00 │ │                           (base_model): LoraModel(                      │ │
2026-09-30T05:46:28.439+00:00 │ │                         │   (model): Qwen2ForCausalLM(                  │ │
2026-09-30T05:46:28.439+00:00 │ │                         │     (model): Qwen2Model(                      │ │
2026-09-30T05:46:28.439+00:00 │ │                         │   │   (embed_tokens): Embedding(151936, 1536) │ │
2026-09-30T05:46:28.439+00:00 │ │                         │   │   (layers): ModuleList(                   │ │
2026-09-30T05:46:28.439+00:00 │ │                         │   │     (0-27): 28 x StreamedDecoderLayer(    │ │
2026-09-30T05:46:28.440+00:00 │ │                         │   │   │   (inner): Qwen2DecoderLayer(         │ │
2026-09-30T05:46:28.440+00:00 │ │                         │   │   │     (self_attn): Qwen2Attention(      │ │
2026-09-30T05:46:28.440+00:00 │ │                         │   │   │   │   (q_proj): lora.Linear(          │ │
2026-09-30T05:46:28.440+00:00 │ │                         │   │   │   │     (base_layer):                 │ │
2026-09-30T05:46:28.440+00:00 │ │                         Linear(in_features=1536, out_features=1536,     │ │
2026-09-30T05:46:28.440+00:00 │ │                         bias=True)                                      │ │
2026-09-30T05:46:28.440+00:00 │ │                         │   │   │   │     (lora_dropout): ModuleDict(   │ │
2026-09-30T05:46:28.440+00:00 │ │                         │   │   │   │   │   (default): Identity()       │ │
2026-09-30T05:46:28.440+00:00 │ │                         │   │   │   │   │   (ref): Identity()           │ │
2026-09-30T05:46:28.441+00:00 │ │                         │   │   │   │     )                             │ │
2026-09-30T05:46:28.441+00:00 │ │                         │   │   │   │     (lora_A): ModuleDict(         │ │
2026-09-30T05:46:28.441+00:00 │ │                         │   │   │   │   │   (default):                  │ │
2026-09-30T05:46:28.441+00:00 │ │                         Linear(in_features=1536, out_features=16,       │ │
2026-09-30T05:46:28.441+00:00 │ │                         bias=False)                                     │ │
2026-09-30T05:46:28.441+00:00 │ │                         │   │   │   │   │   (ref):                      │ │
2026-09-30T05:46:28.441+00:00 │ │                         Linear(in_features=1536, out_features=16,       │ │
2026-09-30T05:46:28.441+00:00 │ │                         bias=False)                                     │ │
2026-09-30T05:46:28.441+00:00 │ │                         │   │   │   │     )                             │ │
2026-09-30T05:46:28.443+00:00 │ │                         │   │   │   │     (lora_B): ModuleDict(         │ │
2026-09-30T05:46:28.443+00:00 │ │                         │   │   │   │   │   (default):                  │ │
2026-09-30T05:46:28.443+00:00 │ │                         Linear(in_features=16, out_features=1536,       │ │
2026-09-30T05:46:28.443+00:00 │ │                         bias=False)                                     │ │
2026-09-30T05:46:28.443+00:00 │ │                         │   │   │   │   │   (ref):                      │ │
2026-09-30T05:46:28.443+00:00 │ │                         Linear(in_features=16, out_features=1536,       │ │
2026-09-30T05:46:28.443+00:00 │ │                         bias=False)                                     │ │
2026-09-30T05:46:28.444+00:00 │ │                         │   │   │   │     )                             │ │
2026-09-30T05:46:28.444+00:00 │ │                         │   │   │   │     (lora_embedding_A):           │ │
2026-09-30T05:46:28.444+00:00 │ │                         ParameterDict()                                 │ │
2026-09-30T05:46:28.444+00:00 │ │                         │   │   │   │     (lora_embedding_B):           │ │
2026-09-30T05:46:28.444+00:00 │ │                         ParameterDict()                                 │ │
2026-09-30T05:46:28.444+00:00 │ │                         │   │   │   │     (lora_magnitude_vector):      │ │
2026-09-30T05:46:28.444+00:00 │ │                         ModuleDict()                                    │ │
2026-09-30T05:46:28.445+00:00 │ │                         │   │   │   │   )                               │ │
2026-09-30T05:46:28.445+00:00 │ │                         │   │   │   │   (k_proj):                       │ │
2026-09-30T05:46:28.445+00:00 │ │                         Linear(in_features=1536, out_features=256,      │ │
2026-09-30T05:46:28.446+00:00 │ │                         bias=True)                                      │ │
2026-09-30T05:46:28.446+00:00 │ │                         │   │   │   │   (v_proj): lora.Linear(          │ │
2026-09-30T05:46:28.446+00:00 │ │                         │   │   │   │     (base_layer):                 │ │
2026-09-30T05:46:28.446+00:00 │ │                         Linear(in_features=1536, out_features=256,      │ │
2026-09-30T05:46:28.446+00:00 │ │                         bias=True)                                      │ │
2026-09-30T05:46:28.446+00:00 │ │                         │   │   │   │     (lora_dropout): ModuleDict(   │ │
2026-09-30T05:46:28.446+00:00 │ │                         │   │   │   │   │   (default): Identity()       │ │
2026-09-30T05:46:28.447+00:00 │ │                         │   │   │   │   │   (ref): Identity()           │ │
2026-09-30T05:46:28.447+00:00 │ │                         │   │   │   │     )                             │ │
2026-09-30T05:46:28.447+00:00 │ │                         │   │   │   │     (lora_A): ModuleDict(         │ │
2026-09-30T05:46:28.447+00:00 │ │                         │   │   │   │   │   (default):                  │ │
2026-09-30T05:46:28.447+00:00 │ │                         Linear(in_features=1536, out_features=16,       │ │
2026-09-30T05:46:28.447+00:00 │ │                         bias=False)                                     │ │
2026-09-30T05:46:28.448+00:00 │ │                         │   │   │   │   │   (ref):                      │ │
2026-09-30T05:46:28.448+00:00 │ │                         Linear(in_features=1536, out_features=16,       │ │
2026-09-30T05:46:28.448+00:00 │ │                         bias=False)                                     │ │
2026-09-30T05:46:28.448+00:00 │ │                         │   │   │   │     )                             │ │
2026-09-30T05:46:28.448+00:00 │ │                         │   │   │   │     (lora_B): ModuleDict(         │ │
2026-09-30T05:46:28.448+00:00 │ │                         │   │   │   │   │   (default):                  │ │
2026-09-30T05:46:28.449+00:00 │ │                         Linear(in_features=16, out_features=256,        │ │
2026-09-30T05:46:28.449+00:00 │ │                         bias=False)                                     │ │
2026-09-30T05:46:28.449+00:00 │ │                         │   │   │   │   │   (ref):                      │ │
2026-09-30T05:46:28.449+00:00 │ │                         Linear(in_features=16, out_features=256,        │ │
2026-09-30T05:46:28.449+00:00 │ │                         bias=False)                                     │ │
2026-09-30T05:46:28.449+00:00 │ │                         │   │   │   │     )                             │ │
2026-09-30T05:46:28.450+00:00 │ │                         │   │   │   │     (lora_embedding_A):           │ │
2026-09-30T05:46:28.450+00:00 │ │                         ParameterDict()                                 │ │
2026-09-30T05:46:28.450+00:00 │ │                         │   │   │   │     (lora_embedding_B):           │ │
2026-09-30T05:46:28.450+00:00 │ │                         ParameterDict()                                 │ │
2026-09-30T05:46:28.450+00:00 │ │                         │   │   │   │     (lora_magnitude_vector):      │ │
2026-09-30T05:46:28.450+00:00 │ │                         ModuleDict()                                    │ │
2026-09-30T05:46:28.450+00:00 │ │                         │   │   │   │   )                               │ │
2026-09-30T05:46:28.451+00:00 │ │                         │   │   │   │   (o_proj):                       │ │
2026-09-30T05:46:28.451+00:00 │ │                         Linear(in_features=1536, out_features=1536,     │ │
2026-09-30T05:46:28.451+00:00 │ │                         bias=False)                                     │ │
2026-09-30T05:46:28.451+00:00 │ │                         │   │   │     )                                 │ │
2026-09-30T05:46:28.451+00:00 │ │                         │   │   │     (mlp): Qwen2MLP(                  │ │
2026-09-30T05:46:28.451+00:00 │ │                         │   │   │   │   (gate_proj):                    │ │
2026-09-30T05:46:28.452+00:00 │ │                         Linear(in_features=1536, out_features=8960,     │ │
2026-09-30T05:46:28.452+00:00 │ │                         bias=False)                                     │ │
2026-09-30T05:46:28.452+00:00 │ │                         │   │   │   │   (up_proj):                      │ │
2026-09-30T05:46:28.452+00:00 │ │                         Linear(in_features=1536, out_features=8960,     │ │
2026-09-30T05:46:28.452+00:00 │ │                         bias=False)                                     │ │
2026-09-30T05:46:28.452+00:00 │ │                         │   │   │   │   (down_proj):                    │ │
2026-09-30T05:46:28.453+00:00 │ │                         Linear(in_features=8960, out_features=1536,     │ │
2026-09-30T05:46:28.453+00:00 │ │                         bias=False)                                     │ │
2026-09-30T05:46:28.453+00:00 │ │                         │   │   │   │   (act_fn): SiLUActivation()      │ │
2026-09-30T05:46:28.453+00:00 │ │                         │   │   │     )                                 │ │
2026-09-30T05:46:28.453+00:00 │ │                         │   │   │     (input_layernorm):                │ │
2026-09-30T05:46:28.453+00:00 │ │                         Qwen2RMSNorm((1536,), eps=1e-06)                │ │
2026-09-30T05:46:28.453+00:00 │ │                         │   │   │     (post_attention_layernorm):       │ │
2026-09-30T05:46:28.454+00:00 │ │                         Qwen2RMSNorm((1536,), eps=1e-06)                │ │
2026-09-30T05:46:28.454+00:00 │ │                         │   │   │   )                                   │ │
2026-09-30T05:46:28.454+00:00 │ │                         │   │     )                                     │ │
2026-09-30T05:46:28.454+00:00 │ │                         │   │   )                                       │ │
2026-09-30T05:46:28.454+00:00 │ │                         │   │   (norm): Qwen2RMSNorm((1536,),           │ │
2026-09-30T05:46:28.454+00:00 │ │                         eps=1e-06)                                      │ │
2026-09-30T05:46:28.455+00:00 │ │                         │   │   (rotary_emb): Qwen2RotaryEmbedding()    │ │
2026-09-30T05:46:28.455+00:00 │ │                         │     )                                         │ │
2026-09-30T05:46:28.455+00:00 │ │                         │     (lm_head): Linear(in_features=1536,       │ │
2026-09-30T05:46:28.455+00:00 │ │                         out_features=151936, bias=False)                │ │
2026-09-30T05:46:28.455+00:00 │ │                         │   )                                           │ │
2026-09-30T05:46:28.455+00:00 │ │                           )                                             │ │
2026-09-30T05:46:28.456+00:00 │ │                         )                                               │ │
2026-09-30T05:46:28.456+00:00 │ │          model_kwargs = {                                               │ │
2026-09-30T05:46:28.456+00:00 │ │                         │   'input_ids': tensor([[    27,     91,       │ │
2026-09-30T05:46:28.456+00:00 │ │                         872,  ..., 126635, 143587,  26909],             │ │
2026-09-30T05:46:28.456+00:00 │ │                         │   │   [    27,     91,    872,  ..., 151643,  │ │
2026-09-30T05:46:28.456+00:00 │ │                         151643, 151643]],                               │ │
2026-09-30T05:46:28.456+00:00 │ │                         │      device='cuda:0'),                        │ │
2026-09-30T05:46:28.457+00:00 │ │                         │   'attention_mask': tensor([[1, 1, 1,  ...,   │ │
2026-09-30T05:46:28.457+00:00 │ │                         1, 1, 1],                                       │ │
2026-09-30T05:46:28.457+00:00 │ │                         │   │   [1, 1, 1,  ..., 0, 0, 0]],              │ │
2026-09-30T05:46:28.457+00:00 │ │                         device='cuda:0'),                               │ │
2026-09-30T05:46:28.457+00:00 │ │                         │   'use_cache': False                          │ │
2026-09-30T05:46:28.458+00:00 │ │                         }                                               │ │
2026-09-30T05:46:28.458+00:00 │ │               outputs = CausalLMOutputWithPast(                         │ │
2026-09-30T05:46:28.458+00:00 │ │                         │   loss=None,                                  │ │
2026-09-30T05:46:28.458+00:00 │ │                         │   logits=tensor([[[ 6.7188,  5.9062, 10.7500, │ │
2026-09-30T05:46:28.458+00:00 │ │                         ..., -3.9375, -3.9375, -3.9375],                │ │
2026-09-30T05:46:28.458+00:00 │ │                         │   │    [ 7.7500,  5.7188,  8.9375,  ...,      │ │
2026-09-30T05:46:28.458+00:00 │ │                         -3.7344, -3.7344, -3.7344],                     │ │
2026-09-30T05:46:28.458+00:00 │ │                         │   │    [ 7.4375,  9.9375,  9.8750,  ...,      │ │
2026-09-30T05:46:28.458+00:00 │ │                         0.2471,  0.2471,  0.2471],                      │ │
2026-09-30T05:46:28.458+00:00 │ │                         │   │    ...,                                   │ │
2026-09-30T05:46:28.458+00:00 │ │                         │   │    [ 4.9375,  3.4688,  4.4375,  ...,      │ │
2026-09-30T05:46:28.460+00:00 │ │                         -4.1875, -4.1875, -4.1875],                     │ │
2026-09-30T05:46:28.460+00:00 │ │                         │   │    [ 2.0938,  2.9844,  0.6055,  ...,      │ │
2026-09-30T05:46:28.460+00:00 │ │                         -2.7969, -2.7969, -2.7969],                     │ │
2026-09-30T05:46:28.460+00:00 │ │                         │   │    [ 1.9297,  4.1562,  1.3203,  ...,      │ │
2026-09-30T05:46:28.461+00:00 │ │                         -4.8750, -4.8750, -4.8750]],                    │ │
2026-09-30T05:46:28.461+00:00 │ │                         │   │                                           │ │
2026-09-30T05:46:28.461+00:00 │ │                         │   │   [[ 6.7188,  5.9062, 10.7500,  ...,      │ │
2026-09-30T05:46:28.461+00:00 │ │                         -3.9375, -3.9375, -3.9375],                     │ │
2026-09-30T05:46:28.461+00:00 │ │                         │   │    [ 7.7500,  5.7188,  8.9375,  ...,      │ │
2026-09-30T05:46:28.461+00:00 │ │                         -3.7344, -3.7344, -3.7344],                     │ │
2026-09-30T05:46:28.462+00:00 │ │                         │   │    [ 7.4375,  9.9375,  9.8750,  ...,      │ │
2026-09-30T05:46:28.462+00:00 │ │                         0.2471,  0.2471,  0.2471],                      │ │
2026-09-30T05:46:28.462+00:00 │ │                         │   │    ...,                                   │ │
2026-09-30T05:46:28.462+00:00 │ │                         │   │    [ 5.0000,  4.6250,  4.9062,  ...,      │ │
2026-09-30T05:46:28.462+00:00 │ │                         -2.7031, -2.7031, -2.7031],                     │ │
2026-09-30T05:46:28.463+00:00 │ │                         │   │    [ 6.7188,  4.9062,  4.2188,  ...,      │ │
2026-09-30T05:46:28.463+00:00 │ │                         -0.0718, -0.0718, -0.0718],                     │ │
2026-09-30T05:46:28.463+00:00 │ │                         │   │    [ 7.8438,  4.4375,  5.6562,  ...,      │ │
2026-09-30T05:46:28.463+00:00 │ │                         -0.5781, -0.5781, -0.5781]]],                   │ │
2026-09-30T05:46:28.463+00:00 │ │                         │      device='cuda:0',                         │ │
2026-09-30T05:46:28.463+00:00 │ │                         grad_fn=<ToCopyBackward0>),                     │ │
2026-09-30T05:46:28.464+00:00 │ │                         │   past_key_values=None,                       │ │
2026-09-30T05:46:28.464+00:00 │ │                         │   hidden_states=None,                         │ │
2026-09-30T05:46:28.464+00:00 │ │                         │   attentions=None                             │ │
2026-09-30T05:46:28.464+00:00 │ │                         )                                               │ │
2026-09-30T05:46:28.464+00:00 │ │       per_token_logps = tensor([[ 0.0000,  0.0000,  0.0000,  ...,       │ │
2026-09-30T05:46:28.464+00:00 │ │                         -0.9091, -5.6246, -0.0207],                     │ │
2026-09-30T05:46:28.465+00:00 │ │                         │   │   [ 0.0000,  0.0000,  0.0000,  ...,       │ │
2026-09-30T05:46:28.465+00:00 │ │                         0.0000,  0.0000,  0.0000]],                     │ │
2026-09-30T05:46:28.465+00:00 │ │                         │      device='cuda:0',                         │ │
2026-09-30T05:46:28.465+00:00 │ │                         grad_fn=<AsStridedBackward0>)                   │ │
2026-09-30T05:46:28.465+00:00 │ │           ref_outputs = CausalLMOutputWithPast(                         │ │
2026-09-30T05:46:28.465+00:00 │ │                         │   loss=None,                                  │ │
2026-09-30T05:46:28.466+00:00 │ │                         │   logits=tensor([[[ 6.7188,  5.9062, 10.7500, │ │
2026-09-30T05:46:28.466+00:00 │ │                         ..., -3.9375, -3.9375, -3.9375],                │ │
2026-09-30T05:46:28.466+00:00 │ │                         │   │    [ 7.7500,  5.7188,  8.9375,  ...,      │ │
2026-09-30T05:46:28.466+00:00 │ │                         -3.7344, -3.7344, -3.7344],                     │ │
2026-09-30T05:46:28.466+00:00 │ │                         │   │    [ 7.4375,  9.9375,  9.8750,  ...,      │ │
2026-09-30T05:46:28.466+00:00 │ │                         0.2471,  0.2471,  0.2471],                      │ │
2026-09-30T05:46:28.466+00:00 │ │                         │   │    ...,                                   │ │
2026-09-30T05:46:28.467+00:00 │ │                         │   │    [ 4.9375,  3.4688,  4.4375,  ...,      │ │
2026-09-30T05:46:28.467+00:00 │ │                         -4.1875, -4.1875, -4.1875],                     │ │
2026-09-30T05:46:28.467+00:00 │ │                         │   │    [ 2.0938,  2.9844,  0.6055,  ...,      │ │
2026-09-30T05:46:28.467+00:00 │ │                         -2.7969, -2.7969, -2.7969],                     │ │
2026-09-30T05:46:28.467+00:00 │ │                         │   │    [ 1.9297,  4.1562,  1.3203,  ...,      │ │
2026-09-30T05:46:28.468+00:00 │ │                         -4.8750, -4.8750, -4.8750]],                    │ │
2026-09-30T05:46:28.468+00:00 │ │                         │   │                                           │ │
2026-09-30T05:46:28.468+00:00 │ │                         │   │   [[ 6.7188,  5.9062, 10.7500,  ...,      │ │
2026-09-30T05:46:28.468+00:00 │ │                         -3.9375, -3.9375, -3.9375],                     │ │
2026-09-30T05:46:28.468+00:00 │ │                         │   │    [ 7.7500,  5.7188,  8.9375,  ...,      │ │
2026-09-30T05:46:28.468+00:00 │ │                         -3.7344, -3.7344, -3.7344],                     │ │
2026-09-30T05:46:28.469+00:00 │ │                         │   │    [ 7.4375,  9.9375,  9.8750,  ...,      │ │
2026-09-30T05:46:28.469+00:00 │ │                         0.2471,  0.2471,  0.2471],                      │ │
2026-09-30T05:46:28.469+00:00 │ │                         │   │    ...,                                   │ │
2026-09-30T05:46:28.469+00:00 │ │                         │   │    [ 5.0000,  4.6250,  4.9062,  ...,      │ │
2026-09-30T05:46:28.469+00:00 │ │                         -2.7031, -2.7031, -2.7031],                     │ │
2026-09-30T05:46:28.469+00:00 │ │                         │   │    [ 6.7188,  4.9062,  4.2188,  ...,      │ │
2026-09-30T05:46:28.470+00:00 │ │                         -0.0718, -0.0718, -0.0718],                     │ │
2026-09-30T05:46:28.470+00:00 │ │                         │   │    [ 7.8438,  4.4375,  5.6562,  ...,      │ │
2026-09-30T05:46:28.470+00:00 │ │                         -0.5781, -0.5781, -0.5781]]],                   │ │
2026-09-30T05:46:28.470+00:00 │ │                         │      device='cuda:0'),                        │ │
2026-09-30T05:46:28.470+00:00 │ │                         │   past_key_values=None,                       │ │
2026-09-30T05:46:28.471+00:00 │ │                         │   hidden_states=None,                         │ │
2026-09-30T05:46:28.471+00:00 │ │                         │   attentions=None                             │ │
2026-09-30T05:46:28.471+00:00 │ │                         )                                               │ │
2026-09-30T05:46:28.471+00:00 │ │      ref_shift_logits = tensor([[[ 6.7188,  5.9062, 10.7500,  ...,      │ │
2026-09-30T05:46:28.471+00:00 │ │                         -3.9375, -3.9375, -3.9375],                     │ │
2026-09-30T05:46:28.471+00:00 │ │                         │   │    [ 7.7500,  5.7188,  8.9375,  ...,      │ │
2026-09-30T05:46:28.472+00:00 │ │                         -3.7344, -3.7344, -3.7344],                     │ │
2026-09-30T05:46:28.472+00:00 │ │                         │   │    [ 7.4375,  9.9375,  9.8750,  ...,      │ │
2026-09-30T05:46:28.472+00:00 │ │                         0.2471,  0.2471,  0.2471],                      │ │
2026-09-30T05:46:28.472+00:00 │ │                         │   │    ...,                                   │ │
2026-09-30T05:46:28.472+00:00 │ │                         │   │    [ 4.5000,  2.3906,  2.1250,  ...,      │ │
2026-09-30T05:46:28.472+00:00 │ │                         -3.8906, -3.8906, -3.8906],                     │ │
2026-09-30T05:46:28.473+00:00 │ │                         │   │    [ 4.9375,  3.4688,  4.4375,  ...,      │ │
2026-09-30T05:46:28.473+00:00 │ │                         -4.1875, -4.1875, -4.1875],                     │ │
2026-09-30T05:46:28.473+00:00 │ │                         │   │    [ 2.0938,  2.9844,  0.6055,  ...,      │ │
2026-09-30T05:46:28.473+00:00 │ │                         -2.7969, -2.7969, -2.7969]],                    │ │
2026-09-30T05:46:28.473+00:00 │ │                         │   │                                           │ │
2026-09-30T05:46:28.474+00:00 │ │                         │   │   [[ 6.7188,  5.9062, 10.7500,  ...,      │ │
2026-09-30T05:46:28.474+00:00 │ │                         -3.9375, -3.9375, -3.9375],                     │ │
2026-09-30T05:46:28.474+00:00 │ │                         │   │    [ 7.7500,  5.7188,  8.9375,  ...,      │ │
2026-09-30T05:46:28.474+00:00 │ │                         -3.7344, -3.7344, -3.7344],                     │ │
2026-09-30T05:46:28.474+00:00 │ │                         │   │    [ 7.4375,  9.9375,  9.8750,  ...,      │ │
2026-09-30T05:46:28.474+00:00 │ │                         0.2471,  0.2471,  0.2471],                      │ │
2026-09-30T05:46:28.474+00:00 │ │                         │   │    ...,                                   │ │
2026-09-30T05:46:28.474+00:00 │ │                         │   │    [ 7.1875,  7.0000,  4.6562,  ...,      │ │
2026-09-30T05:46:28.474+00:00 │ │                         -1.5625, -1.5625, -1.5625],                     │ │
2026-09-30T05:46:28.476+00:00 │ │                         │   │    [ 5.0000,  4.6250,  4.9062,  ...,      │ │
2026-09-30T05:46:28.476+00:00 │ │                         -2.7031, -2.7031, -2.7031],                     │ │
2026-09-30T05:46:28.477+00:00 │ │                         │   │    [ 6.7188,  4.9062,  4.2188,  ...,      │ │
2026-09-30T05:46:28.477+00:00 │ │                         -0.0718, -0.0718, -0.0718]]],                   │ │
2026-09-30T05:46:28.477+00:00 │ │                         │      device='cuda:0')                         │ │
2026-09-30T05:46:28.477+00:00 │ │        rejected_logps = tensor([-149.3948], device='cuda:0',            │ │
2026-09-30T05:46:28.478+00:00 │ │                         grad_fn=<SplitBackward0>)                       │ │
2026-09-30T05:46:28.478+00:00 │ │        return_outputs = False                                           │ │
2026-09-30T05:46:28.478+00:00 │ │                  self = <trl.trainer.dpo_trainer.DPOTrainer object at   │ │
2026-09-30T05:46:28.478+00:00 │ │                         0x0000016B8B561BB0>                             │ │
2026-09-30T05:46:28.479+00:00 │ │ shift_completion_mask = tensor([[0, 0, 0,  ..., 1, 1, 1],               │ │
2026-09-30T05:46:28.479+00:00 │ │                         │   │   [0, 0, 0,  ..., 0, 0, 0]],              │ │
2026-09-30T05:46:28.479+00:00 │ │                         device='cuda:0')                                │ │
2026-09-30T05:46:28.479+00:00 │ │          shift_labels = tensor([[    91,    872,     91,  ..., 126635,  │ │
2026-09-30T05:46:28.479+00:00 │ │                         143587,  26909],                                │ │
2026-09-30T05:46:28.480+00:00 │ │                         │   │   [    91,    872,     91,  ..., 151643,  │ │
2026-09-30T05:46:28.480+00:00 │ │                         151643, 151643]],                               │ │
2026-09-30T05:46:28.480+00:00 │ │                         │      device='cuda:0')                         │ │
2026-09-30T05:46:28.480+00:00 │ │          shift_logits = tensor([[[ 6.7188,  5.9062, 10.7500,  ...,      │ │
2026-09-30T05:46:28.480+00:00 │ │                         -3.9375, -3.9375, -3.9375],                     │ │
2026-09-30T05:46:28.481+00:00 │ │                         │   │    [ 7.7500,  5.7188,  8.9375,  ...,      │ │
2026-09-30T05:46:28.481+00:00 │ │                         -3.7344, -3.7344, -3.7344],                     │ │
2026-09-30T05:46:28.481+00:00 │ │                         │   │    [ 7.4375,  9.9375,  9.8750,  ...,      │ │
2026-09-30T05:46:28.481+00:00 │ │                         0.2471,  0.2471,  0.2471],                      │ │
2026-09-30T05:46:28.481+00:00 │ │                         │   │    ...,                                   │ │
2026-09-30T05:46:28.482+00:00 │ │                         │   │    [ 4.5000,  2.3906,  2.1250,  ...,      │ │
2026-09-30T05:46:28.482+00:00 │ │                         -3.8906, -3.8906, -3.8906],                     │ │
2026-09-30T05:46:28.482+00:00 │ │                         │   │    [ 4.9375,  3.4688,  4.4375,  ...,      │ │
2026-09-30T05:46:28.482+00:00 │ │                         -4.1875, -4.1875, -4.1875],                     │ │
2026-09-30T05:46:28.482+00:00 │ │                         │   │    [ 2.0938,  2.9844,  0.6055,  ...,      │ │
2026-09-30T05:46:28.483+00:00 │ │                         -2.7969, -2.7969, -2.7969]],                    │ │
2026-09-30T05:46:28.483+00:00 │ │                         │   │                                           │ │
2026-09-30T05:46:28.483+00:00 │ │                         │   │   [[ 6.7188,  5.9062, 10.7500,  ...,      │ │
2026-09-30T05:46:28.483+00:00 │ │                         -3.9375, -3.9375, -3.9375],                     │ │
2026-09-30T05:46:28.483+00:00 │ │                         │   │    [ 7.7500,  5.7188,  8.9375,  ...,      │ │
2026-09-30T05:46:28.483+00:00 │ │                         -3.7344, -3.7344, -3.7344],                     │ │
2026-09-30T05:46:28.484+00:00 │ │                         │   │    [ 7.4375,  9.9375,  9.8750,  ...,      │ │
2026-09-30T05:46:28.484+00:00 │ │                         0.2471,  0.2471,  0.2471],                      │ │
2026-09-30T05:46:28.484+00:00 │ │                         │   │    ...,                                   │ │
2026-09-30T05:46:28.484+00:00 │ │                         │   │    [ 7.1875,  7.0000,  4.6562,  ...,      │ │
2026-09-30T05:46:28.484+00:00 │ │                         -1.5625, -1.5625, -1.5625],                     │ │
2026-09-30T05:46:28.485+00:00 │ │                         │   │    [ 5.0000,  4.6250,  4.9062,  ...,      │ │
2026-09-30T05:46:28.485+00:00 │ │                         -2.7031, -2.7031, -2.7031],                     │ │
2026-09-30T05:46:28.485+00:00 │ │                         │   │    [ 6.7188,  4.9062,  4.2188,  ...,      │ │
2026-09-30T05:46:28.485+00:00 │ │                         -0.0718, -0.0718, -0.0718]]],                   │ │
2026-09-30T05:46:28.485+00:00 │ │                         │      device='cuda:0',                         │ │
2026-09-30T05:46:28.486+00:00 │ │                         grad_fn=<CloneBackward0>)                       │ │
2026-09-30T05:46:28.486+00:00 │ └─────────────────────────────────────────────────────────────────────────┘ │
2026-09-30T05:46:28.486+00:00 │                                                                             │
2026-09-30T05:46:28.486+00:00 │ D:\Abdulwaarith\Desktop\soup-take-home\.venv\Lib\site-packages\trl\trainer\ │
2026-09-30T05:46:28.486+00:00 │ utils.py:555 in selective_log_softmax                                       │
2026-09-30T05:46:28.486+00:00 │                                                                             │
2026-09-30T05:46:28.486+00:00 │    552 │   if logits.dtype in [torch.float32, torch.float64]:               │
2026-09-30T05:46:28.486+00:00 │    553 │   │   selected_logits = torch.gather(logits, dim=-1, index=index)  │
2026-09-30T05:46:28.486+00:00 │    554 │   │   # loop to reduce peak mem consumption                        │
2026-09-30T05:46:28.486+00:00 │ >  555 │   │   logsumexp_values = torch.stack([torch.logsumexp(lg, dim=-1)  │
2026-09-30T05:46:28.486+00:00 │    556 │   │   per_token_logps = selected_logits - logsumexp_values.unsquee │
2026-09-30T05:46:28.487+00:00 │    557 │   else:                                                            │
2026-09-30T05:46:28.487+00:00 │    558 │   │   # logsumexp approach is unstable with bfloat16, fall back to │
2026-09-30T05:46:28.487+00:00 │                                                                             │
2026-09-30T05:46:28.487+00:00 │ ┌──────────────────────────────── locals ─────────────────────────────────┐ │
2026-09-30T05:46:28.487+00:00 │ │           index = tensor([[[    91],                                    │ │
2026-09-30T05:46:28.487+00:00 │ │                   │   │    [   872],                                    │ │
2026-09-30T05:46:28.487+00:00 │ │                   │   │    [    91],                                    │ │
2026-09-30T05:46:28.487+00:00 │ │                   │   │    ...,                                         │ │
2026-09-30T05:46:28.487+00:00 │ │                   │   │    [126635],                                    │ │
2026-09-30T05:46:28.488+00:00 │ │                   │   │    [143587],                                    │ │
2026-09-30T05:46:28.488+00:00 │ │                   │   │    [ 26909]],                                   │ │
2026-09-30T05:46:28.488+00:00 │ │                   │   │                                                 │ │
2026-09-30T05:46:28.488+00:00 │ │                   │   │   [[    91],                                    │ │
2026-09-30T05:46:28.488+00:00 │ │                   │   │    [   872],                                    │ │
2026-09-30T05:46:28.488+00:00 │ │                   │   │    [    91],                                    │ │
2026-09-30T05:46:28.488+00:00 │ │                   │   │    ...,                                         │ │
2026-09-30T05:46:28.489+00:00 │ │                   │   │    [151643],                                    │ │
2026-09-30T05:46:28.489+00:00 │ │                   │   │    [151643],                                    │ │
2026-09-30T05:46:28.489+00:00 │ │                   │   │    [151643]]], device='cuda:0')                 │ │
2026-09-30T05:46:28.489+00:00 │ │          logits = tensor([[[ 6.7188,  5.9062, 10.7500,  ..., -3.9375,   │ │
2026-09-30T05:46:28.490+00:00 │ │                   -3.9375, -3.9375],                                    │ │
2026-09-30T05:46:28.490+00:00 │ │                   │   │    [ 7.7500,  5.7188,  8.9375,  ..., -3.7344,   │ │
2026-09-30T05:46:28.490+00:00 │ │                   -3.7344, -3.7344],                                    │ │
2026-09-30T05:46:28.490+00:00 │ │                   │   │    [ 7.4375,  9.9375,  9.8750,  ...,  0.2471,   │ │
2026-09-30T05:46:28.490+00:00 │ │                   0.2471,  0.2471],                                     │ │
2026-09-30T05:46:28.491+00:00 │ │                   │   │    ...,                                         │ │
2026-09-30T05:46:28.491+00:00 │ │                   │   │    [ 4.5000,  2.3906,  2.1250,  ..., -3.8906,   │ │
2026-09-30T05:46:28.491+00:00 │ │                   -3.8906, -3.8906],                                    │ │
2026-09-30T05:46:28.491+00:00 │ │                   │   │    [ 4.9375,  3.4688,  4.4375,  ..., -4.1875,   │ │
2026-09-30T05:46:28.492+00:00 │ │                   -4.1875, -4.1875],                                    │ │
2026-09-30T05:46:28.492+00:00 │ │                   │   │    [ 2.0938,  2.9844,  0.6055,  ..., -2.7969,   │ │
2026-09-30T05:46:28.493+00:00 │ │                   -2.7969, -2.7969]],                                   │ │
2026-09-30T05:46:28.493+00:00 │ │                   │   │                                                 │ │
2026-09-30T05:46:28.493+00:00 │ │                   │   │   [[ 6.7188,  5.9062, 10.7500,  ..., -3.9375,   │ │
2026-09-30T05:46:28.493+00:00 │ │                   -3.9375, -3.9375],                                    │ │
2026-09-30T05:46:28.493+00:00 │ │                   │   │    [ 7.7500,  5.7188,  8.9375,  ..., -3.7344,   │ │
2026-09-30T05:46:28.493+00:00 │ │                   -3.7344, -3.7344],                                    │ │
2026-09-30T05:46:28.493+00:00 │ │                   │   │    [ 7.4375,  9.9375,  9.8750,  ...,  0.2471,   │ │
2026-09-30T05:46:28.493+00:00 │ │                   0.2471,  0.2471],                                     │ │
2026-09-30T05:46:28.493+00:00 │ │                   │   │    ...,                                         │ │
2026-09-30T05:46:28.493+00:00 │ │                   │   │    [ 7.1875,  7.0000,  4.6562,  ..., -1.5625,   │ │
2026-09-30T05:46:28.493+00:00 │ │                   -1.5625, -1.5625],                                    │ │
2026-09-30T05:46:28.495+00:00 │ │                   │   │    [ 5.0000,  4.6250,  4.9062,  ..., -2.7031,   │ │
2026-09-30T05:46:28.495+00:00 │ │                   -2.7031, -2.7031],                                    │ │
2026-09-30T05:46:28.495+00:00 │ │                   │   │    [ 6.7188,  4.9062,  4.2188,  ..., -0.0718,   │ │
2026-09-30T05:46:28.495+00:00 │ │                   -0.0718, -0.0718]]],                                  │ │
2026-09-30T05:46:28.495+00:00 │ │                   │      device='cuda:0')                               │ │
2026-09-30T05:46:28.496+00:00 │ │ selected_logits = tensor([[[ 5.0625],                                   │ │
2026-09-30T05:46:28.496+00:00 │ │                   │   │    [11.0625],                                   │ │
2026-09-30T05:46:28.496+00:00 │ │                   │   │    [19.1250],                                   │ │
2026-09-30T05:46:28.496+00:00 │ │                   │   │    ...,                                         │ │
2026-09-30T05:46:28.496+00:00 │ │                   │   │    [18.8750],                                   │ │
2026-09-30T05:46:28.496+00:00 │ │                   │   │    [13.8750],                                   │ │
2026-09-30T05:46:28.496+00:00 │ │                   │   │    [26.5000]],                                  │ │
2026-09-30T05:46:28.496+00:00 │ │                   │   │                                                 │ │
2026-09-30T05:46:28.497+00:00 │ │                   │   │   [[ 5.0625],                                   │ │
2026-09-30T05:46:28.497+00:00 │ │                   │   │    [11.0625],                                   │ │
2026-09-30T05:46:28.497+00:00 │ │                   │   │    [19.1250],                                   │ │
2026-09-30T05:46:28.497+00:00 │ │                   │   │    ...,                                         │ │
2026-09-30T05:46:28.497+00:00 │ │                   │   │    [ 9.0625],                                   │ │
2026-09-30T05:46:28.497+00:00 │ │                   │   │    [ 6.6562],                                   │ │
2026-09-30T05:46:28.498+00:00 │ │                   │   │    [ 7.5312]]], device='cuda:0')                │ │
2026-09-30T05:46:28.498+00:00 │ │         squeeze = True                                                  │ │
2026-09-30T05:46:28.498+00:00 │ └─────────────────────────────────────────────────────────────────────────┘ │
2026-09-30T05:46:28.498+00:00 └─────────────────────────────────────────────────────────────────────────────┘
2026-09-30T05:46:28.498+00:00 OutOfMemoryError: CUDA out of memory. Tried to allocate 298.00 MiB. GPU 0 has a
2026-09-30T05:46:28.498+00:00 total capacity of 6.00 GiB of which 1.82 GiB is free. Of the allocated memory 
2026-09-30T05:46:28.498+00:00 3.06 GiB is allocated by PyTorch, and 73.76 MiB is reserved by PyTorch but 
2026-09-30T05:46:28.498+00:00 unallocated. If reserved but unallocated memory is large try setting 
2026-09-30T05:46:28.498+00:00 PYTORCH_CUDA_ALLOC_CONF=expandable_segments:True to avoid fragmentation.  See 
2026-09-30T05:46:28.498+00:00 documentation for Memory Management  
2026-09-30T05:46:28.498+00:00 (https://docs.pytorch.org/docs/stable/notes/cuda.html#optimizing-memory-usage-w
2026-09-30T05:46:28.498+00:00 ith-pytorch-cuda-alloc-conf)
2026-09-30T05:46:28.519+00:00 MEASURED_CUDA_MEMORY {"device": "NVIDIA GeForce RTX 3060 Laptop GPU", "max_memory_allocated_gib": 3.059, "max_memory_reserved_gib": 3.131, "total_gib": 6.0}
2026-09-30T05:46:28.717+00:00   0%|          | 0/4 [00:12<?, ?it/s]
