timestamp, name, memory.used [MiB], memory.free [MiB], memory.total [MiB], utilization.gpu [%], utilization.memory [%], clocks.current.sm [MHz], clocks.current.memory [MHz], power.draw [W], temperature.gpu, pstate
2026/09/30 06:32:58.791, Tesla T4, 0 MiB, 14913 MiB, 15360 MiB, 0 %, 0 %, 300 MHz, 405 MHz, 14.32 W, 48, P8
2026/09/30 06:32:59.329, Tesla T4, 0 MiB, 14913 MiB, 15360 MiB, 0 %, 0 %, 795 MHz, 5000 MHz, 28.24 W, 49, P0
2026/09/30 06:32:59.838, Tesla T4, 0 MiB, 14913 MiB, 15360 MiB, 0 %, 0 %, 795 MHz, 5000 MHz, 28.62 W, 49, P0
2026/09/30 06:33:00.348, Tesla T4, 0 MiB, 14913 MiB, 15360 MiB, 0 %, 0 %, 795 MHz, 5000 MHz, 28.24 W, 49, P0
2026/09/30 06:33:00.858, Tesla T4, 0 MiB, 14913 MiB, 15360 MiB, 0 %, 0 %, 300 MHz, 405 MHz, 24.69 W, 49, P8
2026/09/30 06:33:01.373, Tesla T4, 0 MiB, 14913 MiB, 15360 MiB, 0 %, 0 %, 300 MHz, 405 MHz, 14.32 W, 48, P8
2026/09/30 06:33:01.887, Tesla T4, 0 MiB, 14913 MiB, 15360 MiB, 0 %, 0 %, 300 MHz, 405 MHz, 14.32 W, 48, P8
2026/09/30 06:33:02.402, Tesla T4, 0 MiB, 14913 MiB, 15360 MiB, 0 %, 0 %, 300 MHz, 405 MHz, 14.32 W, 48, P8
2026/09/30 06:33:02.916, Tesla T4, 0 MiB, 14913 MiB, 15360 MiB, 0 %, 0 %, 300 MHz, 405 MHz, 14.32 W, 48, P8
2026/09/30 06:33:03.431, Tesla T4, 0 MiB, 14913 MiB, 15360 MiB, 0 %, 0 %, 300 MHz, 405 MHz, 14.32 W, 48, P8
2026/09/30 06:33:03.945, Tesla T4, 0 MiB, 14913 MiB, 15360 MiB, 0 %, 0 %, 300 MHz, 405 MHz, 14.42 W, 48, P8
2026/09/30 06:33:04.461, Tesla T4, 0 MiB, 14913 MiB, 15360 MiB, 0 %, 0 %, 300 MHz, 405 MHz, 14.32 W, 48, P8
2026/09/30 06:33:04.975, Tesla T4, 0 MiB, 14913 MiB, 15360 MiB, 0 %, 0 %, 300 MHz, 405 MHz, 14.32 W, 48, P8
2026/09/30 06:33:05.490, Tesla T4, 0 MiB, 14913 MiB, 15360 MiB, 0 %, 0 %, 300 MHz, 405 MHz, 14.32 W, 48, P8
2026/09/30 06:33:06.006, Tesla T4, 0 MiB, 14913 MiB, 15360 MiB, 0 %, 0 %, 300 MHz, 405 MHz, 14.32 W, 48, P8
2026/09/30 06:33:06.531, Tesla T4, 0 MiB, 14913 MiB, 15360 MiB, 0 %, 0 %, 300 MHz, 405 MHz, 14.32 W, 48, P8
2026/09/30 06:33:07.060, Tesla T4, 3 MiB, 14910 MiB, 15360 MiB, 0 %, 0 %, 300 MHz, 405 MHz, 14.32 W, 48, P8
2026/09/30 06:33:07.588, Tesla T4, 3 MiB, 14910 MiB, 15360 MiB, 0 %, 0 %, 300 MHz, 405 MHz, 14.32 W, 48, P8
2026/09/30 06:33:08.116, Tesla T4, 3 MiB, 14910 MiB, 15360 MiB, 0 %, 0 %, 300 MHz, 405 MHz, 14.32 W, 48, P8
2026/09/30 06:33:08.642, Tesla T4, 3 MiB, 14910 MiB, 15360 MiB, 0 %, 0 %, 300 MHz, 405 MHz, 14.32 W, 48, P8
2026/09/30 06:33:09.157, Tesla T4, 3 MiB, 14910 MiB, 15360 MiB, 0 %, 0 %, 300 MHz, 405 MHz, 14.32 W, 48, P8
2026/09/30 06:33:09.676, Tesla T4, 3 MiB, 14910 MiB, 15360 MiB, 0 %, 0 %, 300 MHz, 405 MHz, 14.32 W, 48, P8
2026/09/30 06:33:10.191, Tesla T4, 3 MiB, 14910 MiB, 15360 MiB, 0 %, 0 %, 300 MHz, 405 MHz, 14.32 W, 48, P8
2026/09/30 06:33:10.707, Tesla T4, 3 MiB, 14910 MiB, 15360 MiB, 0 %, 0 %, 300 MHz, 405 MHz, 14.32 W, 48, P8
2026/09/30 06:33:11.252, Tesla T4, 3 MiB, 14910 MiB, 15360 MiB, 0 %, 0 %, 300 MHz, 405 MHz, 14.32 W, 48, P8
2026/09/30 06:33:11.773, Tesla T4, 3 MiB, 14910 MiB, 15360 MiB, 0 %, 0 %, 300 MHz, 405 MHz, 14.32 W, 48, P8
2026/09/30 06:33:12.288, Tesla T4, 3 MiB, 14910 MiB, 15360 MiB, 0 %, 0 %, 300 MHz, 405 MHz, 14.32 W, 48, P8
2026/09/30 06:33:12.805, Tesla T4, 3 MiB, 14910 MiB, 15360 MiB, 0 %, 0 %, 300 MHz, 405 MHz, 14.32 W, 48, P8
2026/09/30 06:33:13.332, Tesla T4, 3 MiB, 14910 MiB, 15360 MiB, 0 %, 0 %, 300 MHz, 405 MHz, 14.32 W, 48, P8
2026/09/30 06:33:13.847, Tesla T4, 3 MiB, 14910 MiB, 15360 MiB, 0 %, 0 %, 300 MHz, 405 MHz, 14.32 W, 48, P8
2026/09/30 06:33:14.366, Tesla T4, 3 MiB, 14910 MiB, 15360 MiB, 0 %, 0 %, 300 MHz, 405 MHz, 14.32 W, 48, P8
2026/09/30 06:33:14.881, Tesla T4, 3 MiB, 14910 MiB, 15360 MiB, 0 %, 0 %, 300 MHz, 405 MHz, 14.32 W, 48, P8
2026/09/30 06:33:15.396, Tesla T4, 3 MiB, 14910 MiB, 15360 MiB, 0 %, 0 %, 300 MHz, 405 MHz, 14.32 W, 48, P8
2026/09/30 06:33:15.913, Tesla T4, 3 MiB, 14910 MiB, 15360 MiB, 0 %, 0 %, 300 MHz, 405 MHz, 14.32 W, 48, P8
2026/09/30 06:33:16.427, Tesla T4, 3 MiB, 14910 MiB, 15360 MiB, 0 %, 0 %, 300 MHz, 405 MHz, 14.32 W, 48, P8
2026/09/30 06:33:16.941, Tesla T4, 3 MiB, 14910 MiB, 15360 MiB, 0 %, 0 %, 300 MHz, 405 MHz, 14.32 W, 48, P8
2026/09/30 06:33:17.456, Tesla T4, 3 MiB, 14910 MiB, 15360 MiB, 0 %, 0 %, 300 MHz, 405 MHz, 14.32 W, 48, P8
2026/09/30 06:33:17.970, Tesla T4, 3 MiB, 14910 MiB, 15360 MiB, 0 %, 0 %, 300 MHz, 405 MHz, 14.32 W, 48, P8
2026/09/30 06:33:18.485, Tesla T4, 3 MiB, 14910 MiB, 15360 MiB, 0 %, 0 %, 300 MHz, 405 MHz, 14.32 W, 48, P8
2026/09/30 06:33:18.999, Tesla T4, 3 MiB, 14910 MiB, 15360 MiB, 0 %, 0 %, 300 MHz, 405 MHz, 14.32 W, 48, P8
2026/09/30 06:33:19.514, Tesla T4, 3 MiB, 14910 MiB, 15360 MiB, 0 %, 0 %, 300 MHz, 405 MHz, 14.32 W, 48, P8
2026/09/30 06:33:20.029, Tesla T4, 3 MiB, 14910 MiB, 15360 MiB, 0 %, 0 %, 300 MHz, 405 MHz, 14.32 W, 48, P8
2026/09/30 06:33:20.545, Tesla T4, 3 MiB, 14910 MiB, 15360 MiB, 0 %, 0 %, 300 MHz, 405 MHz, 14.32 W, 48, P8
2026/09/30 06:33:21.064, Tesla T4, 3 MiB, 14910 MiB, 15360 MiB, 0 %, 0 %, 300 MHz, 405 MHz, 14.32 W, 48, P8
2026/09/30 06:33:21.580, Tesla T4, 3 MiB, 14910 MiB, 15360 MiB, 0 %, 0 %, 300 MHz, 405 MHz, 14.32 W, 48, P8
2026/09/30 06:33:22.108, Tesla T4, 3 MiB, 14910 MiB, 15360 MiB, 0 %, 0 %, 300 MHz, 405 MHz, 14.32 W, 48, P8
2026/09/30 06:33:22.623, Tesla T4, 3 MiB, 14910 MiB, 15360 MiB, 0 %, 0 %, 300 MHz, 405 MHz, 14.32 W, 48, P8
2026/09/30 06:33:23.140, Tesla T4, 3 MiB, 14910 MiB, 15360 MiB, 0 %, 0 %, 300 MHz, 405 MHz, 14.32 W, 48, P8
2026/09/30 06:33:23.654, Tesla T4, 3 MiB, 14910 MiB, 15360 MiB, 0 %, 0 %, 300 MHz, 405 MHz, 14.32 W, 48, P8
2026/09/30 06:33:24.170, Tesla T4, 3 MiB, 14910 MiB, 15360 MiB, 0 %, 0 %, 300 MHz, 405 MHz, 14.32 W, 48, P8
2026/09/30 06:33:24.684, Tesla T4, 3 MiB, 14910 MiB, 15360 MiB, 0 %, 0 %, 300 MHz, 405 MHz, 14.32 W, 48, P8
2026/09/30 06:33:25.199, Tesla T4, 3 MiB, 14910 MiB, 15360 MiB, 0 %, 0 %, 300 MHz, 405 MHz, 14.32 W, 48, P8
2026/09/30 06:33:25.713, Tesla T4, 3 MiB, 14910 MiB, 15360 MiB, 0 %, 0 %, 300 MHz, 405 MHz, 14.32 W, 48, P8
2026/09/30 06:33:26.228, Tesla T4, 3 MiB, 14910 MiB, 15360 MiB, 0 %, 0 %, 300 MHz, 405 MHz, 14.32 W, 48, P8
2026/09/30 06:33:26.742, Tesla T4, 3 MiB, 14910 MiB, 15360 MiB, 0 %, 0 %, 300 MHz, 405 MHz, 14.32 W, 48, P8
2026/09/30 06:33:27.269, Tesla T4, 3 MiB, 14910 MiB, 15360 MiB, 0 %, 0 %, 300 MHz, 405 MHz, 14.42 W, 48, P8
2026/09/30 06:33:27.785, Tesla T4, 3 MiB, 14910 MiB, 15360 MiB, 0 %, 0 %, 300 MHz, 405 MHz, 14.32 W, 48, P8
2026/09/30 06:33:28.299, Tesla T4, 3 MiB, 14910 MiB, 15360 MiB, 0 %, 0 %, 300 MHz, 405 MHz, 14.32 W, 48, P8
2026/09/30 06:33:28.814, Tesla T4, 3 MiB, 14910 MiB, 15360 MiB, 0 %, 0 %, 300 MHz, 405 MHz, 14.32 W, 48, P8
2026/09/30 06:33:29.329, Tesla T4, 3 MiB, 14910 MiB, 15360 MiB, 0 %, 0 %, 300 MHz, 405 MHz, 14.32 W, 48, P8
2026/09/30 06:33:29.844, Tesla T4, 3 MiB, 14910 MiB, 15360 MiB, 0 %, 0 %, 300 MHz, 405 MHz, 14.32 W, 48, P8
2026/09/30 06:33:30.358, Tesla T4, 3 MiB, 14910 MiB, 15360 MiB, 0 %, 0 %, 300 MHz, 405 MHz, 14.32 W, 48, P8
2026/09/30 06:33:30.872, Tesla T4, 3 MiB, 14910 MiB, 15360 MiB, 0 %, 0 %, 300 MHz, 405 MHz, 14.32 W, 48, P8
2026/09/30 06:33:31.386, Tesla T4, 3 MiB, 14910 MiB, 15360 MiB, 0 %, 0 %, 300 MHz, 405 MHz, 14.32 W, 48, P8
2026/09/30 06:33:31.901, Tesla T4, 3 MiB, 14910 MiB, 15360 MiB, 0 %, 0 %, 300 MHz, 405 MHz, 14.32 W, 48, P8
2026/09/30 06:33:32.420, Tesla T4, 3 MiB, 14910 MiB, 15360 MiB, 0 %, 0 %, 300 MHz, 405 MHz, 14.32 W, 48, P8
2026/09/30 06:33:32.935, Tesla T4, 3 MiB, 14910 MiB, 15360 MiB, 0 %, 0 %, 300 MHz, 405 MHz, 14.32 W, 48, P8
2026/09/30 06:33:33.450, Tesla T4, 3 MiB, 14910 MiB, 15360 MiB, 0 %, 0 %, 300 MHz, 405 MHz, 14.32 W, 48, P8
2026/09/30 06:33:33.965, Tesla T4, 3 MiB, 14910 MiB, 15360 MiB, 0 %, 0 %, 300 MHz, 405 MHz, 14.32 W, 48, P8
2026/09/30 06:33:34.480, Tesla T4, 3 MiB, 14910 MiB, 15360 MiB, 0 %, 0 %, 300 MHz, 405 MHz, 14.42 W, 48, P8
2026/09/30 06:33:34.994, Tesla T4, 3 MiB, 14910 MiB, 15360 MiB, 0 %, 0 %, 300 MHz, 405 MHz, 14.32 W, 48, P8
2026/09/30 06:33:35.509, Tesla T4, 3 MiB, 14910 MiB, 15360 MiB, 0 %, 0 %, 300 MHz, 405 MHz, 14.32 W, 48, P8
2026/09/30 06:33:36.023, Tesla T4, 155 MiB, 14758 MiB, 15360 MiB, 6 %, 0 %, 585 MHz, 5000 MHz, 28.14 W, 49, P0
2026/09/30 06:33:36.534, Tesla T4, 153 MiB, 14760 MiB, 15360 MiB, 74 %, 30 %, 1095 MHz, 5000 MHz, 29.02 W, 50, P0
2026/09/30 06:33:37.042, Tesla T4, 609 MiB, 14304 MiB, 15360 MiB, 20 %, 1 %, 1095 MHz, 5000 MHz, 29.12 W, 49, P0
2026/09/30 06:33:37.550, Tesla T4, 609 MiB, 14304 MiB, 15360 MiB, 0 %, 0 %, 1095 MHz, 5000 MHz, 29.21 W, 49, P0
2026/09/30 06:33:38.060, Tesla T4, 609 MiB, 14304 MiB, 15360 MiB, 0 %, 0 %, 1095 MHz, 5000 MHz, 29.12 W, 49, P0
2026/09/30 06:33:38.569, Tesla T4, 609 MiB, 14304 MiB, 15360 MiB, 0 %, 0 %, 585 MHz, 5000 MHz, 28.14 W, 49, P0
2026/09/30 06:33:39.080, Tesla T4, 609 MiB, 14304 MiB, 15360 MiB, 0 %, 0 %, 585 MHz, 5000 MHz, 28.13 W, 49, P0
2026/09/30 06:33:39.590, Tesla T4, 609 MiB, 14304 MiB, 15360 MiB, 0 %, 0 %, 585 MHz, 5000 MHz, 28.24 W, 49, P0
2026/09/30 06:33:40.099, Tesla T4, 611 MiB, 14302 MiB, 15360 MiB, 0 %, 0 %, 585 MHz, 5000 MHz, 28.13 W, 50, P0
2026/09/30 06:33:40.609, Tesla T4, 611 MiB, 14302 MiB, 15360 MiB, 0 %, 0 %, 585 MHz, 5000 MHz, 28.32 W, 50, P0
2026/09/30 06:33:41.119, Tesla T4, 611 MiB, 14302 MiB, 15360 MiB, 0 %, 0 %, 585 MHz, 5000 MHz, 28.24 W, 50, P0
2026/09/30 06:33:41.628, Tesla T4, 611 MiB, 14302 MiB, 15360 MiB, 0 %, 0 %, 585 MHz, 5000 MHz, 28.23 W, 50, P0
2026/09/30 06:33:42.139, Tesla T4, 611 MiB, 14302 MiB, 15360 MiB, 0 %, 0 %, 585 MHz, 5000 MHz, 28.23 W, 50, P0
2026/09/30 06:33:42.650, Tesla T4, 611 MiB, 14302 MiB, 15360 MiB, 0 %, 0 %, 585 MHz, 5000 MHz, 28.23 W, 50, P0
2026/09/30 06:33:43.161, Tesla T4, 611 MiB, 14302 MiB, 15360 MiB, 0 %, 0 %, 585 MHz, 5000 MHz, 28.24 W, 50, P0
2026/09/30 06:33:43.669, Tesla T4, 611 MiB, 14302 MiB, 15360 MiB, 0 %, 0 %, 585 MHz, 5000 MHz, 28.23 W, 50, P0
2026/09/30 06:33:44.190, Tesla T4, 613 MiB, 14300 MiB, 15360 MiB, 0 %, 0 %, 585 MHz, 5000 MHz, 28.32 W, 50, P0
2026/09/30 06:33:44.702, Tesla T4, 613 MiB, 14300 MiB, 15360 MiB, 0 %, 0 %, 585 MHz, 5000 MHz, 28.24 W, 50, P0
2026/09/30 06:33:45.213, Tesla T4, 613 MiB, 14300 MiB, 15360 MiB, 0 %, 0 %, 585 MHz, 5000 MHz, 28.32 W, 50, P0
2026/09/30 06:33:45.723, Tesla T4, 613 MiB, 14300 MiB, 15360 MiB, 0 %, 0 %, 585 MHz, 5000 MHz, 28.32 W, 50, P0
2026/09/30 06:33:46.232, Tesla T4, 613 MiB, 14300 MiB, 15360 MiB, 0 %, 0 %, 585 MHz, 5000 MHz, 28.32 W, 50, P0
2026/09/30 06:33:46.741, Tesla T4, 613 MiB, 14300 MiB, 15360 MiB, 0 %, 0 %, 585 MHz, 5000 MHz, 28.32 W, 50, P0
2026/09/30 06:33:47.251, Tesla T4, 613 MiB, 14300 MiB, 15360 MiB, 0 %, 0 %, 585 MHz, 5000 MHz, 28.34 W, 50, P0
2026/09/30 06:33:47.767, Tesla T4, 615 MiB, 14298 MiB, 15360 MiB, 0 %, 0 %, 585 MHz, 5000 MHz, 28.32 W, 50, P0
2026/09/30 06:33:48.276, Tesla T4, 615 MiB, 14298 MiB, 15360 MiB, 0 %, 0 %, 585 MHz, 5000 MHz, 28.32 W, 50, P0
2026/09/30 06:33:48.785, Tesla T4, 825 MiB, 14088 MiB, 15360 MiB, 0 %, 0 %, 585 MHz, 5000 MHz, 28.32 W, 51, P0
2026/09/30 06:33:49.312, Tesla T4, 825 MiB, 14088 MiB, 15360 MiB, 0 %, 0 %, 585 MHz, 5000 MHz, 28.44 W, 51, P0
2026/09/30 06:33:49.822, Tesla T4, 825 MiB, 14088 MiB, 15360 MiB, 0 %, 0 %, 585 MHz, 5000 MHz, 28.42 W, 51, P0
2026/09/30 06:33:50.330, Tesla T4, 825 MiB, 14088 MiB, 15360 MiB, 0 %, 0 %, 585 MHz, 5000 MHz, 28.72 W, 51, P0
2026/09/30 06:33:50.841, Tesla T4, 825 MiB, 14088 MiB, 15360 MiB, 0 %, 0 %, 585 MHz, 5000 MHz, 28.42 W, 51, P0
2026/09/30 06:33:51.350, Tesla T4, 825 MiB, 14088 MiB, 15360 MiB, 0 %, 0 %, 585 MHz, 5000 MHz, 28.42 W, 51, P0
2026/09/30 06:33:51.860, Tesla T4, 825 MiB, 14088 MiB, 15360 MiB, 0 %, 0 %, 585 MHz, 5000 MHz, 28.42 W, 51, P0
2026/09/30 06:33:52.369, Tesla T4, 833 MiB, 14080 MiB, 15360 MiB, 0 %, 0 %, 585 MHz, 5000 MHz, 28.42 W, 51, P0
2026/09/30 06:33:52.879, Tesla T4, 835 MiB, 14078 MiB, 15360 MiB, 4 %, 0 %, 585 MHz, 5000 MHz, 28.52 W, 51, P0
2026/09/30 06:33:53.388, Tesla T4, 835 MiB, 14078 MiB, 15360 MiB, 0 %, 0 %, 585 MHz, 5000 MHz, 28.52 W, 51, P0
2026/09/30 06:33:53.898, Tesla T4, 835 MiB, 14078 MiB, 15360 MiB, 0 %, 0 %, 585 MHz, 5000 MHz, 28.54 W, 51, P0
2026/09/30 06:33:54.408, Tesla T4, 835 MiB, 14078 MiB, 15360 MiB, 0 %, 0 %, 585 MHz, 5000 MHz, 28.52 W, 51, P0
2026/09/30 06:33:54.918, Tesla T4, 835 MiB, 14078 MiB, 15360 MiB, 0 %, 0 %, 585 MHz, 5000 MHz, 28.52 W, 51, P0
2026/09/30 06:33:55.428, Tesla T4, 835 MiB, 14078 MiB, 15360 MiB, 0 %, 0 %, 585 MHz, 5000 MHz, 28.52 W, 51, P0
2026/09/30 06:33:55.943, Tesla T4, 835 MiB, 14078 MiB, 15360 MiB, 0 %, 0 %, 585 MHz, 5000 MHz, 28.82 W, 52, P0
2026/09/30 06:33:56.464, Tesla T4, 835 MiB, 14078 MiB, 15360 MiB, 0 %, 0 %, 585 MHz, 5000 MHz, 28.52 W, 52, P0
2026/09/30 06:33:56.984, Tesla T4, 835 MiB, 14078 MiB, 15360 MiB, 0 %, 0 %, 585 MHz, 5000 MHz, 28.52 W, 52, P0
2026/09/30 06:33:57.508, Tesla T4, 879 MiB, 14034 MiB, 15360 MiB, 1 %, 0 %, 585 MHz, 5000 MHz, 28.62 W, 52, P0
2026/09/30 06:33:58.019, Tesla T4, 965 MiB, 13948 MiB, 15360 MiB, 0 %, 0 %, 585 MHz, 5000 MHz, 28.52 W, 52, P0
2026/09/30 06:33:58.533, Tesla T4, 3383 MiB, 11530 MiB, 15360 MiB, 100 %, 56 %, 1575 MHz, 5000 MHz, 35.21 W, 54, P0
2026/09/30 06:33:59.043, Tesla T4, 5235 MiB, 9678 MiB, 15360 MiB, 75 %, 71 %, 1020 MHz, 5000 MHz, 65.93 W, 54, P0
2026/09/30 06:33:59.639, Tesla T4, 5239 MiB, 9674 MiB, 15360 MiB, 100 %, 69 %, 1005 MHz, 5000 MHz, 69.90 W, 56, P0
2026/09/30 06:34:00.154, Tesla T4, 7757 MiB, 7156 MiB, 15360 MiB, 100 %, 59 %, 975 MHz, 5000 MHz, 58.10 W, 56, P0
2026/09/30 06:34:00.665, Tesla T4, 10275 MiB, 4638 MiB, 15360 MiB, 100 %, 76 %, 1455 MHz, 5000 MHz, 61.79 W, 56, P0
2026/09/30 06:34:01.187, Tesla T4, 10275 MiB, 4638 MiB, 15360 MiB, 100 %, 68 %, 900 MHz, 5000 MHz, 63.03 W, 57, P0
2026/09/30 06:34:01.700, Tesla T4, 10279 MiB, 4634 MiB, 15360 MiB, 96 %, 58 %, 780 MHz, 5000 MHz, 58.55 W, 57, P0
2026/09/30 06:34:02.220, Tesla T4, 10281 MiB, 4632 MiB, 15360 MiB, 98 %, 97 %, 1005 MHz, 5000 MHz, 64.16 W, 57, P0
2026/09/30 06:34:02.733, Tesla T4, 10281 MiB, 4632 MiB, 15360 MiB, 98 %, 65 %, 1020 MHz, 5000 MHz, 69.91 W, 58, P0
2026/09/30 06:34:03.249, Tesla T4, 10281 MiB, 4632 MiB, 15360 MiB, 98 %, 77 %, 1455 MHz, 5000 MHz, 62.04 W, 58, P0
2026/09/30 06:34:03.761, Tesla T4, 10283 MiB, 4630 MiB, 15360 MiB, 100 %, 67 %, 1545 MHz, 5000 MHz, 34.02 W, 57, P0
2026/09/30 06:34:04.268, Tesla T4, 10297 MiB, 4616 MiB, 15360 MiB, 100 %, 62 %, 810 MHz, 5000 MHz, 70.00 W, 58, P0
2026/09/30 06:34:04.785, Tesla T4, 10297 MiB, 4616 MiB, 15360 MiB, 100 %, 60 %, 1125 MHz, 5000 MHz, 60.22 W, 58, P0
2026/09/30 06:34:05.313, Tesla T4, 10297 MiB, 4616 MiB, 15360 MiB, 100 %, 66 %, 975 MHz, 5000 MHz, 66.38 W, 58, P0
2026/09/30 06:34:05.825, Tesla T4, 10299 MiB, 4614 MiB, 15360 MiB, 96 %, 60 %, 690 MHz, 5000 MHz, 68.29 W, 59, P0
2026/09/30 06:34:06.337, Tesla T4, 10301 MiB, 4612 MiB, 15360 MiB, 100 %, 68 %, 1455 MHz, 5000 MHz, 58.29 W, 59, P0
2026/09/30 06:34:06.859, Tesla T4, 10301 MiB, 4612 MiB, 15360 MiB, 100 %, 66 %, 930 MHz, 5000 MHz, 68.24 W, 59, P0
2026/09/30 06:34:07.375, Tesla T4, 10301 MiB, 4612 MiB, 15360 MiB, 100 %, 41 %, 1560 MHz, 5000 MHz, 71.03 W, 60, P0
2026/09/30 06:34:07.889, Tesla T4, 10301 MiB, 4612 MiB, 15360 MiB, 96 %, 60 %, 795 MHz, 5000 MHz, 66.53 W, 60, P0
2026/09/30 06:34:08.421, Tesla T4, 10301 MiB, 4612 MiB, 15360 MiB, 100 %, 66 %, 690 MHz, 5000 MHz, 68.10 W, 60, P0
2026/09/30 06:34:08.945, Tesla T4, 10301 MiB, 4612 MiB, 15360 MiB, 100 %, 67 %, 1050 MHz, 5000 MHz, 68.24 W, 60, P0
2026/09/30 06:34:09.485, Tesla T4, 10301 MiB, 4612 MiB, 15360 MiB, 100 %, 60 %, 735 MHz, 5000 MHz, 66.33 W, 60, P0
2026/09/30 06:34:10.016, Tesla T4, 10301 MiB, 4612 MiB, 15360 MiB, 100 %, 58 %, 870 MHz, 5000 MHz, 66.86 W, 60, P0
2026/09/30 06:34:10.565, Tesla T4, 10301 MiB, 4612 MiB, 15360 MiB, 100 %, 67 %, 930 MHz, 5000 MHz, 67.06 W, 61, P0
2026/09/30 06:34:11.091, Tesla T4, 10301 MiB, 4612 MiB, 15360 MiB, 96 %, 55 %, 1170 MHz, 5000 MHz, 72.94 W, 61, P0
2026/09/30 06:34:11.601, Tesla T4, 10301 MiB, 4612 MiB, 15360 MiB, 98 %, 86 %, 960 MHz, 5000 MHz, 67.70 W, 61, P0
2026/09/30 06:34:12.119, Tesla T4, 10301 MiB, 4612 MiB, 15360 MiB, 100 %, 65 %, 885 MHz, 5000 MHz, 74.21 W, 62, P0
2026/09/30 06:34:12.633, Tesla T4, 10301 MiB, 4612 MiB, 15360 MiB, 99 %, 78 %, 705 MHz, 5000 MHz, 68.63 W, 62, P0
2026/09/30 06:34:13.149, Tesla T4, 10301 MiB, 4612 MiB, 15360 MiB, 100 %, 67 %, 930 MHz, 5000 MHz, 65.14 W, 62, P0
2026/09/30 06:34:13.661, Tesla T4, 10301 MiB, 4612 MiB, 15360 MiB, 100 %, 55 %, 1230 MHz, 5000 MHz, 51.97 W, 62, P0
2026/09/30 06:34:14.181, Tesla T4, 10301 MiB, 4612 MiB, 15360 MiB, 100 %, 72 %, 1380 MHz, 5000 MHz, 61.36 W, 62, P0
2026/09/30 06:34:14.698, Tesla T4, 10301 MiB, 4612 MiB, 15360 MiB, 100 %, 66 %, 990 MHz, 5000 MHz, 62.73 W, 62, P0
2026/09/30 06:34:15.215, Tesla T4, 10301 MiB, 4612 MiB, 15360 MiB, 86 %, 52 %, 765 MHz, 5000 MHz, 67.65 W, 63, P0
2026/09/30 06:34:15.727, Tesla T4, 10301 MiB, 4612 MiB, 15360 MiB, 100 %, 65 %, 720 MHz, 5000 MHz, 67.45 W, 63, P0
2026/09/30 06:34:16.244, Tesla T4, 10301 MiB, 4612 MiB, 15360 MiB, 100 %, 73 %, 975 MHz, 5000 MHz, 65.20 W, 63, P0
2026/09/30 06:34:16.760, Tesla T4, 10301 MiB, 4612 MiB, 15360 MiB, 100 %, 64 %, 1575 MHz, 5000 MHz, 34.42 W, 62, P0
2026/09/30 06:34:17.272, Tesla T4, 12675 MiB, 2238 MiB, 15360 MiB, 100 %, 50 %, 735 MHz, 5000 MHz, 63.81 W, 63, P0
2026/09/30 06:34:17.789, Tesla T4, 6915 MiB, 7998 MiB, 15360 MiB, 100 %, 36 %, 1470 MHz, 5000 MHz, 71.87 W, 63, P0
2026/09/30 06:34:18.314, Tesla T4, 12849 MiB, 2064 MiB, 15360 MiB, 100 %, 49 %, 825 MHz, 5000 MHz, 65.04 W, 64, P0
2026/09/30 06:34:18.826, Tesla T4, 12849 MiB, 2064 MiB, 15360 MiB, 100 %, 100 %, 1365 MHz, 5000 MHz, 77.25 W, 64, P0
2026/09/30 06:34:19.363, Tesla T4, 12849 MiB, 2064 MiB, 15360 MiB, 100 %, 66 %, 900 MHz, 5000 MHz, 65.34 W, 64, P0
2026/09/30 06:34:19.879, Tesla T4, 12849 MiB, 2064 MiB, 15360 MiB, 100 %, 61 %, 915 MHz, 5000 MHz, 65.44 W, 64, P0
2026/09/30 06:34:20.398, Tesla T4, 12849 MiB, 2064 MiB, 15360 MiB, 100 %, 61 %, 990 MHz, 5000 MHz, 64.95 W, 64, P0
2026/09/30 06:34:20.913, Tesla T4, 12853 MiB, 2060 MiB, 15360 MiB, 100 %, 61 %, 780 MHz, 5000 MHz, 67.35 W, 65, P0
2026/09/30 06:34:21.451, Tesla T4, 12853 MiB, 2060 MiB, 15360 MiB, 100 %, 65 %, 885 MHz, 5000 MHz, 66.71 W, 65, P0
2026/09/30 06:34:21.987, Tesla T4, 12853 MiB, 2060 MiB, 15360 MiB, 94 %, 39 %, 1380 MHz, 5000 MHz, 66.02 W, 65, P0
2026/09/30 06:34:22.517, Tesla T4, 12853 MiB, 2060 MiB, 15360 MiB, 100 %, 65 %, 1245 MHz, 5000 MHz, 66.73 W, 65, P0
2026/09/30 06:34:23.054, Tesla T4, 12853 MiB, 2060 MiB, 15360 MiB, 100 %, 60 %, 840 MHz, 5000 MHz, 60.28 W, 65, P0
2026/09/30 06:34:23.593, Tesla T4, 12853 MiB, 2060 MiB, 15360 MiB, 100 %, 67 %, 750 MHz, 5000 MHz, 76.08 W, 65, P0
2026/09/30 06:34:24.108, Tesla T4, 12855 MiB, 2058 MiB, 15360 MiB, 100 %, 66 %, 720 MHz, 5000 MHz, 67.59 W, 65, P0
2026/09/30 06:34:24.621, Tesla T4, 12855 MiB, 2058 MiB, 15360 MiB, 98 %, 96 %, 930 MHz, 5000 MHz, 69.76 W, 66, P0
2026/09/30 06:34:25.135, Tesla T4, 12855 MiB, 2058 MiB, 15360 MiB, 96 %, 59 %, 765 MHz, 5000 MHz, 62.93 W, 66, P0
2026/09/30 06:34:25.653, Tesla T4, 12855 MiB, 2058 MiB, 15360 MiB, 100 %, 53 %, 570 MHz, 5000 MHz, 70.64 W, 66, P0
2026/09/30 06:34:26.173, Tesla T4, 12855 MiB, 2058 MiB, 15360 MiB, 100 %, 52 %, 795 MHz, 5000 MHz, 72.94 W, 66, P0
2026/09/30 06:34:26.686, Tesla T4, 12855 MiB, 2058 MiB, 15360 MiB, 98 %, 100 %, 1290 MHz, 5000 MHz, 66.38 W, 66, P0
2026/09/30 06:34:27.206, Tesla T4, 12855 MiB, 2058 MiB, 15360 MiB, 100 %, 63 %, 900 MHz, 5000 MHz, 63.77 W, 66, P0
2026/09/30 06:34:27.722, Tesla T4, 12855 MiB, 2058 MiB, 15360 MiB, 100 %, 64 %, 840 MHz, 5000 MHz, 64.95 W, 67, P0
2026/09/30 06:34:28.243, Tesla T4, 12855 MiB, 2058 MiB, 15360 MiB, 96 %, 57 %, 750 MHz, 5000 MHz, 67.70 W, 67, P0
2026/09/30 06:34:28.755, Tesla T4, 12855 MiB, 2058 MiB, 15360 MiB, 100 %, 69 %, 750 MHz, 5000 MHz, 67.94 W, 67, P0
2026/09/30 06:34:29.268, Tesla T4, 12855 MiB, 2058 MiB, 15360 MiB, 100 %, 63 %, 1410 MHz, 5000 MHz, 64.26 W, 67, P0
2026/09/30 06:34:29.788, Tesla T4, 12855 MiB, 2058 MiB, 15360 MiB, 100 %, 62 %, 930 MHz, 5000 MHz, 64.30 W, 67, P0
2026/09/30 06:34:30.308, Tesla T4, 12855 MiB, 2058 MiB, 15360 MiB, 100 %, 61 %, 720 MHz, 5000 MHz, 72.30 W, 67, P0
2026/09/30 06:34:30.822, Tesla T4, 12855 MiB, 2058 MiB, 15360 MiB, 100 %, 54 %, 990 MHz, 5000 MHz, 67.84 W, 67, P0
2026/09/30 06:34:31.342, Tesla T4, 12855 MiB, 2058 MiB, 15360 MiB, 100 %, 64 %, 945 MHz, 5000 MHz, 67.61 W, 67, P0
2026/09/30 06:34:31.854, Tesla T4, 12855 MiB, 2058 MiB, 15360 MiB, 100 %, 60 %, 675 MHz, 5000 MHz, 69.51 W, 68, P0
2026/09/30 06:34:32.368, Tesla T4, 12855 MiB, 2058 MiB, 15360 MiB, 100 %, 64 %, 870 MHz, 5000 MHz, 66.51 W, 68, P0
2026/09/30 06:34:32.901, Tesla T4, 12855 MiB, 2058 MiB, 15360 MiB, 93 %, 53 %, 750 MHz, 5000 MHz, 67.35 W, 68, P0
2026/09/30 06:34:33.412, Tesla T4, 12855 MiB, 2058 MiB, 15360 MiB, 100 %, 55 %, 720 MHz, 5000 MHz, 66.18 W, 68, P0
2026/09/30 06:34:33.925, Tesla T4, 12855 MiB, 2058 MiB, 15360 MiB, 97 %, 82 %, 720 MHz, 5000 MHz, 97.40 W, 69, P0
2026/09/30 06:34:34.447, Tesla T4, 12855 MiB, 2058 MiB, 15360 MiB, 100 %, 61 %, 960 MHz, 5000 MHz, 65.93 W, 68, P0
2026/09/30 06:34:34.974, Tesla T4, 12855 MiB, 2058 MiB, 15360 MiB, 93 %, 52 %, 675 MHz, 5000 MHz, 66.57 W, 69, P0
2026/09/30 06:34:35.499, Tesla T4, 12855 MiB, 2058 MiB, 15360 MiB, 100 %, 56 %, 690 MHz, 5000 MHz, 64.00 W, 69, P0
2026/09/30 06:34:36.032, Tesla T4, 12855 MiB, 2058 MiB, 15360 MiB, 100 %, 50 %, 630 MHz, 5000 MHz, 74.31 W, 69, P0
2026/09/30 06:34:36.550, Tesla T4, 12855 MiB, 2058 MiB, 15360 MiB, 97 %, 100 %, 660 MHz, 5000 MHz, 73.77 W, 70, P0
2026/09/30 06:34:37.062, Tesla T4, 12855 MiB, 2058 MiB, 15360 MiB, 100 %, 60 %, 870 MHz, 5000 MHz, 62.93 W, 69, P0
2026/09/30 06:34:37.574, Tesla T4, 12855 MiB, 2058 MiB, 15360 MiB, 100 %, 60 %, 795 MHz, 5000 MHz, 64.26 W, 69, P0
2026/09/30 06:34:38.100, Tesla T4, 12855 MiB, 2058 MiB, 15360 MiB, 100 %, 50 %, 990 MHz, 5000 MHz, 60.02 W, 69, P0
2026/09/30 06:34:38.618, Tesla T4, 12855 MiB, 2058 MiB, 15360 MiB, 100 %, 51 %, 1335 MHz, 5000 MHz, 63.63 W, 69, P0
2026/09/30 06:34:39.134, Tesla T4, 12855 MiB, 2058 MiB, 15360 MiB, 100 %, 63 %, 930 MHz, 5000 MHz, 68.68 W, 70, P0
2026/09/30 06:34:39.647, Tesla T4, 12855 MiB, 2058 MiB, 15360 MiB, 96 %, 54 %, 870 MHz, 5000 MHz, 61.95 W, 70, P0
2026/09/30 06:34:40.163, Tesla T4, 12855 MiB, 2058 MiB, 15360 MiB, 98 %, 84 %, 825 MHz, 5000 MHz, 64.65 W, 70, P0
2026/09/30 06:34:40.681, Tesla T4, 12855 MiB, 2058 MiB, 15360 MiB, 100 %, 48 %, 720 MHz, 5000 MHz, 68.14 W, 70, P0
2026/09/30 06:34:41.193, Tesla T4, 12855 MiB, 2058 MiB, 15360 MiB, 100 %, 63 %, 735 MHz, 5000 MHz, 68.24 W, 70, P0
2026/09/30 06:34:41.705, Tesla T4, 12855 MiB, 2058 MiB, 15360 MiB, 98 %, 97 %, 720 MHz, 5000 MHz, 65.30 W, 70, P0
2026/09/30 06:34:42.223, Tesla T4, 12855 MiB, 2058 MiB, 15360 MiB, 100 %, 59 %, 795 MHz, 5000 MHz, 65.69 W, 70, P0
2026/09/30 06:34:42.737, Tesla T4, 12855 MiB, 2058 MiB, 15360 MiB, 100 %, 51 %, 690 MHz, 5000 MHz, 68.58 W, 71, P0
2026/09/30 06:34:43.251, Tesla T4, 12855 MiB, 2058 MiB, 15360 MiB, 100 %, 63 %, 720 MHz, 5000 MHz, 64.75 W, 71, P0
2026/09/30 06:34:43.767, Tesla T4, 12855 MiB, 2058 MiB, 15360 MiB, 98 %, 100 %, 720 MHz, 5000 MHz, 82.47 W, 71, P0
2026/09/30 06:34:44.286, Tesla T4, 12855 MiB, 2058 MiB, 15360 MiB, 100 %, 57 %, 900 MHz, 5000 MHz, 64.89 W, 71, P0
2026/09/30 06:34:44.800, Tesla T4, 12855 MiB, 2058 MiB, 15360 MiB, 86 %, 47 %, 690 MHz, 5000 MHz, 67.65 W, 71, P0
2026/09/30 06:34:45.312, Tesla T4, 12855 MiB, 2058 MiB, 15360 MiB, 100 %, 62 %, 690 MHz, 5000 MHz, 67.51 W, 71, P0
2026/09/30 06:34:45.832, Tesla T4, 12855 MiB, 2058 MiB, 15360 MiB, 98 %, 100 %, 690 MHz, 5000 MHz, 81.20 W, 71, P0
2026/09/30 06:34:46.345, Tesla T4, 12855 MiB, 2058 MiB, 15360 MiB, 100 %, 60 %, 855 MHz, 5000 MHz, 66.57 W, 71, P0
2026/09/30 06:34:46.871, Tesla T4, 12855 MiB, 2058 MiB, 15360 MiB, 93 %, 48 %, 675 MHz, 5000 MHz, 70.35 W, 71, P0
2026/09/30 06:34:47.395, Tesla T4, 12855 MiB, 2058 MiB, 15360 MiB, 100 %, 67 %, 645 MHz, 5000 MHz, 69.17 W, 71, P0
2026/09/30 06:34:47.921, Tesla T4, 12855 MiB, 2058 MiB, 15360 MiB, 100 %, 50 %, 525 MHz, 5000 MHz, 70.99 W, 71, P0
2026/09/30 06:34:48.477, Tesla T4, 12855 MiB, 2058 MiB, 15360 MiB, 100 %, 74 %, 735 MHz, 5000 MHz, 70.93 W, 72, P0
2026/09/30 06:34:49.012, Tesla T4, 12855 MiB, 2058 MiB, 15360 MiB, 100 %, 57 %, 720 MHz, 5000 MHz, 62.99 W, 72, P0
2026/09/30 06:34:49.539, Tesla T4, 12855 MiB, 2058 MiB, 15360 MiB, 100 %, 56 %, 660 MHz, 5000 MHz, 66.32 W, 72, P0
2026/09/30 06:34:50.052, Tesla T4, 12855 MiB, 2058 MiB, 15360 MiB, 100 %, 46 %, 660 MHz, 5000 MHz, 68.68 W, 72, P0
2026/09/30 06:34:50.576, Tesla T4, 12855 MiB, 2058 MiB, 15360 MiB, 100 %, 48 %, 660 MHz, 5000 MHz, 69.41 W, 72, P0
2026/09/30 06:34:51.089, Tesla T4, 12855 MiB, 2058 MiB, 15360 MiB, 98 %, 100 %, 630 MHz, 5000 MHz, 97.72 W, 73, P0
2026/09/30 06:34:51.607, Tesla T4, 12855 MiB, 2058 MiB, 15360 MiB, 100 %, 59 %, 780 MHz, 5000 MHz, 66.28 W, 72, P0
2026/09/30 06:34:52.120, Tesla T4, 12855 MiB, 2058 MiB, 15360 MiB, 100 %, 58 %, 735 MHz, 5000 MHz, 53.15 W, 72, P0
2026/09/30 06:34:52.639, Tesla T4, 12855 MiB, 2058 MiB, 15360 MiB, 100 %, 57 %, 630 MHz, 5000 MHz, 67.84 W, 73, P0
2026/09/30 06:34:53.151, Tesla T4, 12855 MiB, 2058 MiB, 15360 MiB, 98 %, 96 %, 840 MHz, 5000 MHz, 70.10 W, 73, P0
2026/09/30 06:34:53.673, Tesla T4, 12855 MiB, 2058 MiB, 15360 MiB, 86 %, 51 %, 600 MHz, 5000 MHz, 66.73 W, 73, P0
2026/09/30 06:34:54.187, Tesla T4, 12855 MiB, 2058 MiB, 15360 MiB, 100 %, 57 %, 630 MHz, 5000 MHz, 66.57 W, 73, P0
2026/09/30 06:34:54.705, Tesla T4, 12855 MiB, 2058 MiB, 15360 MiB, 98 %, 99 %, 765 MHz, 5000 MHz, 64.85 W, 73, P0
2026/09/30 06:34:55.217, Tesla T4, 12855 MiB, 2058 MiB, 15360 MiB, 100 %, 61 %, 915 MHz, 5000 MHz, 67.90 W, 73, P0
2026/09/30 06:34:55.735, Tesla T4, 12855 MiB, 2058 MiB, 15360 MiB, 100 %, 45 %, 720 MHz, 5000 MHz, 66.22 W, 74, P0
2026/09/30 06:34:56.248, Tesla T4, 12855 MiB, 2058 MiB, 15360 MiB, 100 %, 62 %, 660 MHz, 5000 MHz, 64.55 W, 74, P0
2026/09/30 06:34:56.761, Tesla T4, 12855 MiB, 2058 MiB, 15360 MiB, 100 %, 46 %, 480 MHz, 5000 MHz, 73.33 W, 73, P0
2026/09/30 06:34:57.279, Tesla T4, 12855 MiB, 2058 MiB, 15360 MiB, 100 %, 68 %, 810 MHz, 5000 MHz, 70.40 W, 74, P0
2026/09/30 06:34:57.869, Tesla T4, 12855 MiB, 2058 MiB, 15360 MiB, 100 %, 55 %, 720 MHz, 5000 MHz, 69.47 W, 74, P0
2026/09/30 06:34:58.384, Tesla T4, 12855 MiB, 2058 MiB, 15360 MiB, 100 %, 55 %, 780 MHz, 5000 MHz, 69.37 W, 74, P0
2026/09/30 06:34:58.897, Tesla T4, 12855 MiB, 2058 MiB, 15360 MiB, 100 %, 46 %, 600 MHz, 5000 MHz, 68.14 W, 74, P0
2026/09/30 06:34:59.414, Tesla T4, 12855 MiB, 2058 MiB, 15360 MiB, 100 %, 46 %, 660 MHz, 5000 MHz, 66.91 W, 74, P0
2026/09/30 06:34:59.939, Tesla T4, 12855 MiB, 2058 MiB, 15360 MiB, 100 %, 78 %, 780 MHz, 5000 MHz, 67.89 W, 75, P0
2026/09/30 06:35:00.511, Tesla T4, 12855 MiB, 2058 MiB, 15360 MiB, 100 %, 58 %, 765 MHz, 5000 MHz, 64.75 W, 75, P0
2026/09/30 06:35:01.047, Tesla T4, 12855 MiB, 2058 MiB, 15360 MiB, 100 %, 50 %, 675 MHz, 5000 MHz, 66.92 W, 75, P0
2026/09/30 06:35:01.576, Tesla T4, 12855 MiB, 2058 MiB, 15360 MiB, 100 %, 47 %, 660 MHz, 5000 MHz, 65.40 W, 75, P0
2026/09/30 06:35:02.104, Tesla T4, 12855 MiB, 2058 MiB, 15360 MiB, 98 %, 83 %, 675 MHz, 5000 MHz, 75.24 W, 75, P0
2026/09/30 06:35:02.618, Tesla T4, 12855 MiB, 2058 MiB, 15360 MiB, 100 %, 56 %, 735 MHz, 5000 MHz, 67.55 W, 75, P0
2026/09/30 06:35:03.140, Tesla T4, 12855 MiB, 2058 MiB, 15360 MiB, 89 %, 50 %, 645 MHz, 5000 MHz, 66.33 W, 75, P0
2026/09/30 06:35:03.653, Tesla T4, 12855 MiB, 2058 MiB, 15360 MiB, 100 %, 56 %, 630 MHz, 5000 MHz, 66.67 W, 75, P0
2026/09/30 06:35:04.168, Tesla T4, 12855 MiB, 2058 MiB, 15360 MiB, 100 %, 52 %, 690 MHz, 5000 MHz, 64.46 W, 76, P0
2026/09/30 06:35:04.687, Tesla T4, 12855 MiB, 2058 MiB, 15360 MiB, 100 %, 56 %, 780 MHz, 5000 MHz, 66.81 W, 76, P0
2026/09/30 06:35:05.206, Tesla T4, 12855 MiB, 2058 MiB, 15360 MiB, 100 %, 47 %, 630 MHz, 5000 MHz, 67.41 W, 76, P0
2026/09/30 06:35:05.718, Tesla T4, 12855 MiB, 2058 MiB, 15360 MiB, 100 %, 49 %, 615 MHz, 5000 MHz, 66.47 W, 76, P0
2026/09/30 06:35:06.237, Tesla T4, 12855 MiB, 2058 MiB, 15360 MiB, 98 %, 100 %, 1275 MHz, 5000 MHz, 60.61 W, 76, P0
2026/09/30 06:35:06.753, Tesla T4, 12855 MiB, 2058 MiB, 15360 MiB, 100 %, 55 %, 645 MHz, 5000 MHz, 61.20 W, 76, P0
2026/09/30 06:35:07.271, Tesla T4, 12855 MiB, 2058 MiB, 15360 MiB, 100 %, 55 %, 765 MHz, 5000 MHz, 63.03 W, 76, P0
2026/09/30 06:35:07.785, Tesla T4, 12855 MiB, 2058 MiB, 15360 MiB, 95 %, 36 %, 1230 MHz, 5000 MHz, 56.92 W, 76, P0
2026/09/30 06:35:08.294, Tesla T4, 12855 MiB, 2058 MiB, 15360 MiB, 100 %, 56 %, 1050 MHz, 5000 MHz, 66.42 W, 77, P0
2026/09/30 06:35:08.814, Tesla T4, 12855 MiB, 2058 MiB, 15360 MiB, 100 %, 45 %, 600 MHz, 5000 MHz, 67.65 W, 77, P0
2026/09/30 06:35:09.328, Tesla T4, 12855 MiB, 2058 MiB, 15360 MiB, 98 %, 96 %, 765 MHz, 5000 MHz, 66.81 W, 77, P0
2026/09/30 06:35:09.847, Tesla T4, 12855 MiB, 2058 MiB, 15360 MiB, 85 %, 50 %, 1260 MHz, 5000 MHz, 64.81 W, 78, P0
2026/09/30 06:35:10.358, Tesla T4, 12855 MiB, 2058 MiB, 15360 MiB, 100 %, 42 %, 630 MHz, 5000 MHz, 67.16 W, 77, P0
2026/09/30 06:35:10.875, Tesla T4, 12855 MiB, 2058 MiB, 15360 MiB, 100 %, 61 %, 1035 MHz, 5000 MHz, 55.58 W, 78, P0
2026/09/30 06:35:11.389, Tesla T4, 12855 MiB, 2058 MiB, 15360 MiB, 100 %, 42 %, 600 MHz, 5000 MHz, 65.40 W, 78, P0
2026/09/30 06:35:11.907, Tesla T4, 12855 MiB, 2058 MiB, 15360 MiB, 100 %, 50 %, 885 MHz, 5000 MHz, 62.73 W, 78, P0
2026/09/30 06:35:12.441, Tesla T4, 12855 MiB, 2058 MiB, 15360 MiB, 100 %, 100 %, 780 MHz, 5000 MHz, 68.98 W, 78, P0
2026/09/30 06:35:12.954, Tesla T4, 12855 MiB, 2058 MiB, 15360 MiB, 100 %, 50 %, 645 MHz, 5000 MHz, 62.14 W, 78, P0
2026/09/30 06:35:13.475, Tesla T4, 12855 MiB, 2058 MiB, 15360 MiB, 100 %, 52 %, 735 MHz, 5000 MHz, 62.83 W, 78, P0
2026/09/30 06:35:13.987, Tesla T4, 12855 MiB, 2058 MiB, 15360 MiB, 100 %, 52 %, 645 MHz, 5000 MHz, 41.55 W, 78, P0
2026/09/30 06:35:14.527, Tesla T4, 12855 MiB, 2058 MiB, 15360 MiB, 100 %, 52 %, 540 MHz, 5000 MHz, 66.61 W, 79, P0
2026/09/30 06:35:15.051, Tesla T4, 12855 MiB, 2058 MiB, 15360 MiB, 98 %, 74 %, 765 MHz, 5000 MHz, 64.26 W, 79, P0
2026/09/30 06:35:15.565, Tesla T4, 12855 MiB, 2058 MiB, 15360 MiB, 100 %, 52 %, 885 MHz, 5000 MHz, 45.54 W, 79, P0
2026/09/30 06:35:16.085, Tesla T4, 12855 MiB, 2058 MiB, 15360 MiB, 100 %, 52 %, 540 MHz, 5000 MHz, 66.38 W, 79, P0
2026/09/30 06:35:16.597, Tesla T4, 12855 MiB, 2058 MiB, 15360 MiB, 100 %, 67 %, 630 MHz, 5000 MHz, 66.08 W, 79, P0
2026/09/30 06:35:17.112, Tesla T4, 12855 MiB, 2058 MiB, 15360 MiB, 99 %, 50 %, 585 MHz, 5000 MHz, 66.38 W, 79, P0
2026/09/30 06:35:17.625, Tesla T4, 12855 MiB, 2058 MiB, 15360 MiB, 100 %, 55 %, 555 MHz, 5000 MHz, 69.66 W, 80, P0
2026/09/30 06:35:18.144, Tesla T4, 12855 MiB, 2058 MiB, 15360 MiB, 100 %, 71 %, 840 MHz, 5000 MHz, 62.34 W, 79, P0
2026/09/30 06:35:18.659, Tesla T4, 12855 MiB, 2058 MiB, 15360 MiB, 100 %, 53 %, 705 MHz, 5000 MHz, 67.26 W, 80, P0
2026/09/30 06:35:19.178, Tesla T4, 12855 MiB, 2058 MiB, 15360 MiB, 98 %, 52 %, 1290 MHz, 5000 MHz, 38.64 W, 80, P0
2026/09/30 06:35:19.691, Tesla T4, 12855 MiB, 2058 MiB, 15360 MiB, 100 %, 42 %, 465 MHz, 5000 MHz, 66.47 W, 80, P0
2026/09/30 06:35:20.213, Tesla T4, 12855 MiB, 2058 MiB, 15360 MiB, 100 %, 42 %, 600 MHz, 5000 MHz, 65.98 W, 80, P0
2026/09/30 06:35:20.725, Tesla T4, 12855 MiB, 2058 MiB, 15360 MiB, 98 %, 95 %, 705 MHz, 5000 MHz, 65.79 W, 80, P0
2026/09/30 06:35:21.245, Tesla T4, 12855 MiB, 2058 MiB, 15360 MiB, 100 %, 52 %, 645 MHz, 5000 MHz, 62.93 W, 80, P0
2026/09/30 06:35:21.760, Tesla T4, 12855 MiB, 2058 MiB, 15360 MiB, 95 %, 48 %, 465 MHz, 5000 MHz, 64.46 W, 80, P0
2026/09/30 06:35:22.285, Tesla T4, 12855 MiB, 2058 MiB, 15360 MiB, 98 %, 68 %, 600 MHz, 5000 MHz, 64.36 W, 80, P0
2026/09/30 06:35:22.803, Tesla T4, 12855 MiB, 2058 MiB, 15360 MiB, 96 %, 49 %, 540 MHz, 5000 MHz, 44.78 W, 81, P0
2026/09/30 06:35:23.316, Tesla T4, 12855 MiB, 2058 MiB, 15360 MiB, 100 %, 41 %, 645 MHz, 5000 MHz, 68.14 W, 81, P0
2026/09/30 06:35:23.837, Tesla T4, 12855 MiB, 2058 MiB, 15360 MiB, 100 %, 39 %, 480 MHz, 5000 MHz, 61.85 W, 81, P0
2026/09/30 06:35:24.355, Tesla T4, 12855 MiB, 2058 MiB, 15360 MiB, 100 %, 61 %, 705 MHz, 5000 MHz, 63.61 W, 81, P0
2026/09/30 06:35:24.874, Tesla T4, 12855 MiB, 2058 MiB, 15360 MiB, 100 %, 51 %, 630 MHz, 5000 MHz, 67.20 W, 81, P0
2026/09/30 06:35:25.403, Tesla T4, 12855 MiB, 2058 MiB, 15360 MiB, 100 %, 40 %, 525 MHz, 5000 MHz, 64.85 W, 81, P0
2026/09/30 06:35:25.928, Tesla T4, 12855 MiB, 2058 MiB, 15360 MiB, 100 %, 42 %, 525 MHz, 5000 MHz, 64.55 W, 81, P0
2026/09/30 06:35:26.449, Tesla T4, 12855 MiB, 2058 MiB, 15360 MiB, 98 %, 100 %, 1110 MHz, 5000 MHz, 58.94 W, 81, P0
2026/09/30 06:35:26.974, Tesla T4, 12855 MiB, 2058 MiB, 15360 MiB, 100 %, 48 %, 615 MHz, 5000 MHz, 67.16 W, 81, P0
2026/09/30 06:35:27.501, Tesla T4, 12855 MiB, 2058 MiB, 15360 MiB, 100 %, 48 %, 570 MHz, 5000 MHz, 62.59 W, 81, P0
2026/09/30 06:35:28.029, Tesla T4, 12855 MiB, 2058 MiB, 15360 MiB, 100 %, 39 %, 600 MHz, 5000 MHz, 67.16 W, 81, P0
2026/09/30 06:35:28.546, Tesla T4, 12855 MiB, 2058 MiB, 15360 MiB, 100 %, 38 %, 465 MHz, 5000 MHz, 63.77 W, 82, P0
2026/09/30 06:35:29.063, Tesla T4, 12855 MiB, 2058 MiB, 15360 MiB, 100 %, 38 %, 600 MHz, 5000 MHz, 63.87 W, 82, P0
2026/09/30 06:35:29.580, Tesla T4, 12855 MiB, 2058 MiB, 15360 MiB, 100 %, 39 %, 540 MHz, 5000 MHz, 65.73 W, 82, P0
2026/09/30 06:35:30.098, Tesla T4, 12855 MiB, 2058 MiB, 15360 MiB, 98 %, 100 %, 1125 MHz, 5000 MHz, 62.63 W, 81, P0
2026/09/30 06:35:30.620, Tesla T4, 12855 MiB, 2058 MiB, 15360 MiB, 100 %, 45 %, 690 MHz, 5000 MHz, 60.32 W, 81, P0
2026/09/30 06:35:31.132, Tesla T4, 12855 MiB, 2058 MiB, 15360 MiB, 100 %, 48 %, 675 MHz, 5000 MHz, 62.44 W, 82, P0
2026/09/30 06:35:31.653, Tesla T4, 12855 MiB, 2058 MiB, 15360 MiB, 100 %, 49 %, 720 MHz, 5000 MHz, 65.63 W, 81, P0
2026/09/30 06:35:32.166, Tesla T4, 12855 MiB, 2058 MiB, 15360 MiB, 96 %, 45 %, 510 MHz, 5000 MHz, 78.13 W, 81, P0
2026/09/30 06:35:32.691, Tesla T4, 12855 MiB, 2058 MiB, 15360 MiB, 100 %, 40 %, 540 MHz, 5000 MHz, 66.47 W, 81, P0
2026/09/30 06:35:33.244, Tesla T4, 12855 MiB, 2058 MiB, 15360 MiB, 100 %, 67 %, 540 MHz, 5000 MHz, 62.24 W, 81, P0
2026/09/30 06:35:33.761, Tesla T4, 12855 MiB, 2058 MiB, 15360 MiB, 100 %, 39 %, 480 MHz, 5000 MHz, 69.07 W, 81, P0
2026/09/30 06:35:34.273, Tesla T4, 12855 MiB, 2058 MiB, 15360 MiB, 98 %, 100 %, 600 MHz, 5000 MHz, 60.61 W, 81, P0
2026/09/30 06:35:34.792, Tesla T4, 12855 MiB, 2058 MiB, 15360 MiB, 100 %, 50 %, 675 MHz, 5000 MHz, 66.02 W, 81, P0
2026/09/30 06:35:35.305, Tesla T4, 12855 MiB, 2058 MiB, 15360 MiB, 100 %, 50 %, 600 MHz, 5000 MHz, 62.93 W, 81, P0
2026/09/30 06:35:35.826, Tesla T4, 12855 MiB, 2058 MiB, 15360 MiB, 96 %, 47 %, 540 MHz, 5000 MHz, 65.40 W, 81, P0
2026/09/30 06:35:36.338, Tesla T4, 12855 MiB, 2058 MiB, 15360 MiB, 100 %, 52 %, 540 MHz, 5000 MHz, 66.57 W, 81, P0
2026/09/30 06:35:36.860, Tesla T4, 12855 MiB, 2058 MiB, 15360 MiB, 98 %, 100 %, 615 MHz, 5000 MHz, 65.34 W, 80, P0
2026/09/30 06:35:37.372, Tesla T4, 12855 MiB, 2058 MiB, 15360 MiB, 100 %, 54 %, 645 MHz, 5000 MHz, 66.08 W, 80, P0
2026/09/30 06:35:37.890, Tesla T4, 12855 MiB, 2058 MiB, 15360 MiB, 0 %, 0 %, 975 MHz, 5000 MHz, 79.98 W, 80, P0
2026/09/30 06:35:38.422, Tesla T4, 12855 MiB, 2058 MiB, 15360 MiB, 100 %, 44 %, 615 MHz, 5000 MHz, 63.03 W, 79, P0
2026/09/30 06:35:38.965, Tesla T4, 12855 MiB, 2058 MiB, 15360 MiB, 100 %, 53 %, 675 MHz, 5000 MHz, 64.46 W, 80, P0
2026/09/30 06:35:39.499, Tesla T4, 12855 MiB, 2058 MiB, 15360 MiB, 100 %, 49 %, 555 MHz, 5000 MHz, 66.28 W, 80, P0
2026/09/30 06:35:40.022, Tesla T4, 12855 MiB, 2058 MiB, 15360 MiB, 100 %, 60 %, 660 MHz, 5000 MHz, 64.99 W, 79, P0
2026/09/30 06:35:40.555, Tesla T4, 12855 MiB, 2058 MiB, 15360 MiB, 96 %, 50 %, 495 MHz, 5000 MHz, 64.55 W, 79, P0
2026/09/30 06:35:41.070, Tesla T4, 12855 MiB, 2058 MiB, 15360 MiB, 98 %, 76 %, 630 MHz, 5000 MHz, 70.98 W, 79, P0
2026/09/30 06:35:41.589, Tesla T4, 12855 MiB, 2058 MiB, 15360 MiB, 100 %, 54 %, 570 MHz, 5000 MHz, 69.66 W, 79, P0
2026/09/30 06:35:42.103, Tesla T4, 12855 MiB, 2058 MiB, 15360 MiB, 100 %, 44 %, 645 MHz, 5000 MHz, 62.04 W, 79, P0
2026/09/30 06:35:42.621, Tesla T4, 12855 MiB, 2058 MiB, 15360 MiB, 100 %, 51 %, 645 MHz, 5000 MHz, 68.14 W, 78, P0
2026/09/30 06:35:43.152, Tesla T4, 12855 MiB, 2058 MiB, 15360 MiB, 100 %, 54 %, 645 MHz, 5000 MHz, 64.16 W, 78, P0
2026/09/30 06:35:43.666, Tesla T4, 12855 MiB, 2058 MiB, 15360 MiB, 100 %, 53 %, 660 MHz, 5000 MHz, 66.57 W, 78, P0
2026/09/30 06:35:44.184, Tesla T4, 12855 MiB, 2058 MiB, 15360 MiB, 100 %, 45 %, 540 MHz, 5000 MHz, 67.16 W, 78, P0
2026/09/30 06:35:44.696, Tesla T4, 12855 MiB, 2058 MiB, 15360 MiB, 100 %, 69 %, 675 MHz, 5000 MHz, 66.32 W, 78, P0
2026/09/30 06:35:45.214, Tesla T4, 12855 MiB, 2058 MiB, 15360 MiB, 85 %, 47 %, 585 MHz, 5000 MHz, 65.14 W, 78, P0
2026/09/30 06:35:45.727, Tesla T4, 12855 MiB, 2058 MiB, 15360 MiB, 100 %, 45 %, 510 MHz, 5000 MHz, 67.14 W, 78, P0
2026/09/30 06:35:46.245, Tesla T4, 12855 MiB, 2058 MiB, 15360 MiB, 100 %, 63 %, 690 MHz, 5000 MHz, 67.00 W, 78, P0
2026/09/30 06:35:46.758, Tesla T4, 12855 MiB, 2058 MiB, 15360 MiB, 96 %, 45 %, 615 MHz, 5000 MHz, 65.10 W, 78, P0
2026/09/30 06:35:47.274, Tesla T4, 12855 MiB, 2058 MiB, 15360 MiB, 100 %, 40 %, 435 MHz, 5000 MHz, 65.59 W, 78, P0
2026/09/30 06:35:47.789, Tesla T4, 12855 MiB, 2058 MiB, 15360 MiB, 100 %, 44 %, 540 MHz, 5000 MHz, 63.22 W, 77, P0
2026/09/30 06:35:48.301, Tesla T4, 12855 MiB, 2058 MiB, 15360 MiB, 100 %, 56 %, 870 MHz, 5000 MHz, 62.14 W, 77, P0
2026/09/30 06:35:48.829, Tesla T4, 12855 MiB, 2058 MiB, 15360 MiB, 100 %, 75 %, 765 MHz, 5000 MHz, 62.53 W, 77, P0
2026/09/30 06:35:49.348, Tesla T4, 12855 MiB, 2058 MiB, 15360 MiB, 100 %, 55 %, 675 MHz, 5000 MHz, 68.39 W, 77, P0
2026/09/30 06:35:49.862, Tesla T4, 12855 MiB, 2058 MiB, 15360 MiB, 100 %, 54 %, 705 MHz, 5000 MHz, 69.37 W, 77, P0
2026/09/30 06:35:50.379, Tesla T4, 12855 MiB, 2058 MiB, 15360 MiB, 100 %, 53 %, 600 MHz, 5000 MHz, 65.34 W, 77, P0
2026/09/30 06:35:50.914, Tesla T4, 12855 MiB, 2058 MiB, 15360 MiB, 100 %, 62 %, 705 MHz, 5000 MHz, 64.50 W, 77, P0
2026/09/30 06:35:51.449, Tesla T4, 12855 MiB, 2058 MiB, 15360 MiB, 94 %, 50 %, 615 MHz, 5000 MHz, 66.81 W, 77, P0
2026/09/30 06:35:51.986, Tesla T4, 12855 MiB, 2058 MiB, 15360 MiB, 99 %, 66 %, 1110 MHz, 5000 MHz, 60.02 W, 77, P0
2026/09/30 06:35:52.518, Tesla T4, 12855 MiB, 2058 MiB, 15360 MiB, 100 %, 59 %, 780 MHz, 5000 MHz, 67.84 W, 76, P0
2026/09/30 06:35:53.043, Tesla T4, 12855 MiB, 2058 MiB, 15360 MiB, 100 %, 45 %, 840 MHz, 5000 MHz, 61.75 W, 76, P0
2026/09/30 06:35:53.577, Tesla T4, 12855 MiB, 2058 MiB, 15360 MiB, 96 %, 46 %, 615 MHz, 5000 MHz, 67.61 W, 76, P0
2026/09/30 06:35:54.091, Tesla T4, 12855 MiB, 2058 MiB, 15360 MiB, 100 %, 45 %, 510 MHz, 5000 MHz, 62.93 W, 76, P0
2026/09/30 06:35:54.611, Tesla T4, 12855 MiB, 2058 MiB, 15360 MiB, 100 %, 46 %, 660 MHz, 5000 MHz, 66.63 W, 76, P0
2026/09/30 06:35:55.123, Tesla T4, 12855 MiB, 2058 MiB, 15360 MiB, 100 %, 70 %, 1230 MHz, 5000 MHz, 59.83 W, 76, P0
2026/09/30 06:35:55.643, Tesla T4, 12855 MiB, 2058 MiB, 15360 MiB, 100 %, 54 %, 720 MHz, 5000 MHz, 62.63 W, 76, P0
2026/09/30 06:35:56.159, Tesla T4, 12855 MiB, 2058 MiB, 15360 MiB, 100 %, 54 %, 705 MHz, 5000 MHz, 63.61 W, 76, P0
2026/09/30 06:35:56.681, Tesla T4, 12855 MiB, 2058 MiB, 15360 MiB, 96 %, 43 %, 630 MHz, 5000 MHz, 65.63 W, 76, P0
2026/09/30 06:35:57.195, Tesla T4, 12855 MiB, 2058 MiB, 15360 MiB, 100 %, 43 %, 630 MHz, 5000 MHz, 67.35 W, 75, P0
2026/09/30 06:35:57.707, Tesla T4, 12855 MiB, 2058 MiB, 15360 MiB, 100 %, 56 %, 675 MHz, 5000 MHz, 65.24 W, 75, P0
2026/09/30 06:35:58.225, Tesla T4, 12855 MiB, 2058 MiB, 15360 MiB, 100 %, 43 %, 630 MHz, 5000 MHz, 64.30 W, 76, P0
2026/09/30 06:35:58.737, Tesla T4, 12855 MiB, 2058 MiB, 15360 MiB, 98 %, 100 %, 1110 MHz, 5000 MHz, 89.96 W, 76, P0
2026/09/30 06:35:59.278, Tesla T4, 12855 MiB, 2058 MiB, 15360 MiB, 100 %, 57 %, 750 MHz, 5000 MHz, 68.88 W, 75, P0
2026/09/30 06:35:59.796, Tesla T4, 12855 MiB, 2058 MiB, 15360 MiB, 100 %, 56 %, 810 MHz, 5000 MHz, 70.69 W, 75, P0
2026/09/30 06:36:00.309, Tesla T4, 12855 MiB, 2058 MiB, 15360 MiB, 100 %, 57 %, 870 MHz, 5000 MHz, 62.53 W, 75, P0
2026/09/30 06:36:00.827, Tesla T4, 12855 MiB, 2058 MiB, 15360 MiB, 100 %, 45 %, 570 MHz, 5000 MHz, 65.63 W, 75, P0
2026/09/30 06:36:01.339, Tesla T4, 12855 MiB, 2058 MiB, 15360 MiB, 100 %, 41 %, 960 MHz, 5000 MHz, 61.65 W, 75, P0
2026/09/30 06:36:01.850, Tesla T4, 12855 MiB, 2058 MiB, 15360 MiB, 100 %, 45 %, 660 MHz, 5000 MHz, 65.08 W, 75, P0
2026/09/30 06:36:02.372, Tesla T4, 12855 MiB, 2058 MiB, 15360 MiB, 100 %, 56 %, 1110 MHz, 5000 MHz, 62.28 W, 75, P0
2026/09/30 06:36:02.895, Tesla T4, 12855 MiB, 2058 MiB, 15360 MiB, 100 %, 54 %, 705 MHz, 5000 MHz, 60.81 W, 75, P0
2026/09/30 06:36:03.410, Tesla T4, 12855 MiB, 2058 MiB, 15360 MiB, 100 %, 55 %, 840 MHz, 5000 MHz, 71.32 W, 75, P0
2026/09/30 06:36:03.942, Tesla T4, 12855 MiB, 2058 MiB, 15360 MiB, 100 %, 56 %, 690 MHz, 5000 MHz, 61.10 W, 75, P0
2026/09/30 06:36:04.487, Tesla T4, 12855 MiB, 2058 MiB, 15360 MiB, 76 %, 43 %, 615 MHz, 5000 MHz, 67.00 W, 75, P0
2026/09/30 06:36:05.016, Tesla T4, 12855 MiB, 2058 MiB, 15360 MiB, 100 %, 49 %, 510 MHz, 5000 MHz, 65.24 W, 74, P0
2026/09/30 06:36:05.559, Tesla T4, 12855 MiB, 2058 MiB, 15360 MiB, 100 %, 64 %, 855 MHz, 5000 MHz, 65.14 W, 75, P0
2026/09/30 06:36:06.089, Tesla T4, 12855 MiB, 2058 MiB, 15360 MiB, 96 %, 57 %, 660 MHz, 5000 MHz, 65.94 W, 75, P0
2026/09/30 06:36:06.608, Tesla T4, 12855 MiB, 2058 MiB, 15360 MiB, 98 %, 65 %, 690 MHz, 5000 MHz, 58.78 W, 75, P0
2026/09/30 06:36:07.126, Tesla T4, 12855 MiB, 2058 MiB, 15360 MiB, 100 %, 59 %, 1050 MHz, 5000 MHz, 64.85 W, 75, P0
2026/09/30 06:36:07.650, Tesla T4, 12855 MiB, 2058 MiB, 15360 MiB, 100 %, 50 %, 615 MHz, 5000 MHz, 62.69 W, 75, P0
2026/09/30 06:36:08.173, Tesla T4, 12855 MiB, 2058 MiB, 15360 MiB, 98 %, 89 %, 1275 MHz, 5000 MHz, 62.01 W, 75, P0
2026/09/30 06:36:08.688, Tesla T4, 12855 MiB, 2058 MiB, 15360 MiB, 100 %, 58 %, 720 MHz, 5000 MHz, 66.67 W, 74, P0
2026/09/30 06:36:09.229, Tesla T4, 12855 MiB, 2058 MiB, 15360 MiB, 100 %, 47 %, 615 MHz, 5000 MHz, 66.71 W, 75, P0
2026/09/30 06:36:09.743, Tesla T4, 12855 MiB, 2058 MiB, 15360 MiB, 100 %, 54 %, 630 MHz, 5000 MHz, 66.81 W, 75, P0
2026/09/30 06:36:10.273, Tesla T4, 12855 MiB, 2058 MiB, 15360 MiB, 100 %, 70 %, 840 MHz, 5000 MHz, 65.08 W, 75, P0
2026/09/30 06:36:10.792, Tesla T4, 12855 MiB, 2058 MiB, 15360 MiB, 85 %, 49 %, 1320 MHz, 5000 MHz, 67.20 W, 74, P0
2026/09/30 06:36:11.312, Tesla T4, 12855 MiB, 2058 MiB, 15360 MiB, 100 %, 50 %, 990 MHz, 5000 MHz, 60.38 W, 74, P0
2026/09/30 06:36:11.839, Tesla T4, 12855 MiB, 2058 MiB, 15360 MiB, 96 %, 45 %, 1080 MHz, 5000 MHz, 63.28 W, 75, P0
2026/09/30 06:36:12.354, Tesla T4, 12855 MiB, 2058 MiB, 15360 MiB, 98 %, 65 %, 840 MHz, 5000 MHz, 66.86 W, 75, P0
2026/09/30 06:36:12.872, Tesla T4, 12855 MiB, 2058 MiB, 15360 MiB, 100 %, 49 %, 675 MHz, 5000 MHz, 66.57 W, 75, P0
2026/09/30 06:36:13.386, Tesla T4, 12855 MiB, 2058 MiB, 15360 MiB, 100 %, 44 %, 510 MHz, 5000 MHz, 67.16 W, 75, P0
2026/09/30 06:36:13.899, Tesla T4, 12855 MiB, 2058 MiB, 15360 MiB, 100 %, 44 %, 585 MHz, 5000 MHz, 64.85 W, 75, P0
2026/09/30 06:36:14.418, Tesla T4, 12855 MiB, 2058 MiB, 15360 MiB, 100 %, 42 %, 1080 MHz, 5000 MHz, 62.44 W, 75, P0
2026/09/30 06:36:14.949, Tesla T4, 12855 MiB, 2058 MiB, 15360 MiB, 100 %, 59 %, 870 MHz, 5000 MHz, 63.42 W, 75, P0
2026/09/30 06:36:15.468, Tesla T4, 12855 MiB, 2058 MiB, 15360 MiB, 100 %, 58 %, 840 MHz, 5000 MHz, 69.70 W, 75, P0
2026/09/30 06:36:15.981, Tesla T4, 12855 MiB, 2058 MiB, 15360 MiB, 100 %, 57 %, 780 MHz, 5000 MHz, 62.87 W, 75, P0
2026/09/30 06:36:16.533, Tesla T4, 12855 MiB, 2058 MiB, 15360 MiB, 100 %, 57 %, 600 MHz, 5000 MHz, 66.77 W, 75, P0
2026/09/30 06:36:17.066, Tesla T4, 12855 MiB, 2058 MiB, 15360 MiB, 100 %, 60 %, 735 MHz, 5000 MHz, 66.96 W, 75, P0
2026/09/30 06:36:17.605, Tesla T4, 12855 MiB, 2058 MiB, 15360 MiB, 100 %, 47 %, 675 MHz, 5000 MHz, 68.39 W, 75, P0
2026/09/30 06:36:18.130, Tesla T4, 12855 MiB, 2058 MiB, 15360 MiB, 100 %, 40 %, 465 MHz, 5000 MHz, 68.14 W, 75, P0
2026/09/30 06:36:18.654, Tesla T4, 12855 MiB, 2058 MiB, 15360 MiB, 100 %, 44 %, 630 MHz, 5000 MHz, 67.30 W, 75, P0
2026/09/30 06:36:19.173, Tesla T4, 12855 MiB, 2058 MiB, 15360 MiB, 100 %, 40 %, 570 MHz, 5000 MHz, 68.14 W, 75, P0
2026/09/30 06:36:19.701, Tesla T4, 12855 MiB, 2058 MiB, 15360 MiB, 100 %, 77 %, 825 MHz, 5000 MHz, 60.18 W, 75, P0
2026/09/30 06:36:20.215, Tesla T4, 12855 MiB, 2058 MiB, 15360 MiB, 100 %, 55 %, 720 MHz, 5000 MHz, 63.61 W, 75, P0
2026/09/30 06:36:20.744, Tesla T4, 12855 MiB, 2058 MiB, 15360 MiB, 100 %, 55 %, 705 MHz, 5000 MHz, 66.61 W, 75, P0
2026/09/30 06:36:21.265, Tesla T4, 12855 MiB, 2058 MiB, 15360 MiB, 100 %, 55 %, 870 MHz, 5000 MHz, 69.21 W, 75, P0
2026/09/30 06:36:21.787, Tesla T4, 12855 MiB, 2058 MiB, 15360 MiB, 100 %, 58 %, 600 MHz, 5000 MHz, 65.63 W, 75, P0
2026/09/30 06:36:22.300, Tesla T4, 12855 MiB, 2058 MiB, 15360 MiB, 98 %, 78 %, 795 MHz, 5000 MHz, 63.93 W, 75, P0
2026/09/30 06:36:22.820, Tesla T4, 12855 MiB, 2058 MiB, 15360 MiB, 100 %, 50 %, 630 MHz, 5000 MHz, 64.55 W, 76, P0
2026/09/30 06:36:23.333, Tesla T4, 12855 MiB, 2058 MiB, 15360 MiB, 100 %, 68 %, 870 MHz, 5000 MHz, 62.44 W, 75, P0
2026/09/30 06:36:23.860, Tesla T4, 12855 MiB, 2058 MiB, 15360 MiB, 100 %, 61 %, 840 MHz, 5000 MHz, 64.89 W, 76, P0
2026/09/30 06:36:24.374, Tesla T4, 12855 MiB, 2058 MiB, 15360 MiB, 100 %, 50 %, 1095 MHz, 5000 MHz, 59.37 W, 76, P0
2026/09/30 06:36:24.889, Tesla T4, 12855 MiB, 2058 MiB, 15360 MiB, 100 %, 70 %, 795 MHz, 5000 MHz, 66.67 W, 76, P0
2026/09/30 06:36:25.408, Tesla T4, 12855 MiB, 2058 MiB, 15360 MiB, 100 %, 45 %, 600 MHz, 5000 MHz, 66.51 W, 76, P0
2026/09/30 06:36:25.927, Tesla T4, 12855 MiB, 2058 MiB, 15360 MiB, 100 %, 47 %, 630 MHz, 5000 MHz, 66.77 W, 76, P0
2026/09/30 06:36:26.445, Tesla T4, 12855 MiB, 2058 MiB, 15360 MiB, 98 %, 94 %, 660 MHz, 5000 MHz, 61.16 W, 76, P0
2026/09/30 06:36:26.965, Tesla T4, 12855 MiB, 2058 MiB, 15360 MiB, 100 %, 53 %, 705 MHz, 5000 MHz, 66.82 W, 76, P0
2026/09/30 06:36:27.480, Tesla T4, 12855 MiB, 2058 MiB, 15360 MiB, 96 %, 46 %, 615 MHz, 5000 MHz, 66.12 W, 76, P0
2026/09/30 06:36:28.003, Tesla T4, 12855 MiB, 2058 MiB, 15360 MiB, 100 %, 62 %, 615 MHz, 5000 MHz, 72.45 W, 76, P0
2026/09/30 06:36:28.515, Tesla T4, 12855 MiB, 2058 MiB, 15360 MiB, 100 %, 41 %, 945 MHz, 5000 MHz, 61.46 W, 76, P0
2026/09/30 06:36:29.051, Tesla T4, 12855 MiB, 2058 MiB, 15360 MiB, 100 %, 53 %, 735 MHz, 5000 MHz, 66.32 W, 77, P0
2026/09/30 06:36:29.595, Tesla T4, 12855 MiB, 2058 MiB, 15360 MiB, 100 %, 53 %, 720 MHz, 5000 MHz, 63.97 W, 77, P0
2026/09/30 06:36:30.136, Tesla T4, 12855 MiB, 2058 MiB, 15360 MiB, 100 %, 50 %, 1185 MHz, 5000 MHz, 74.95 W, 77, P0
2026/09/30 06:36:30.673, Tesla T4, 12855 MiB, 2058 MiB, 15360 MiB, 93 %, 52 %, 600 MHz, 5000 MHz, 66.67 W, 77, P0
2026/09/30 06:36:31.205, Tesla T4, 12855 MiB, 2058 MiB, 15360 MiB, 100 %, 41 %, 675 MHz, 5000 MHz, 64.06 W, 77, P0
2026/09/30 06:36:31.732, Tesla T4, 12855 MiB, 2058 MiB, 15360 MiB, 100 %, 70 %, 585 MHz, 5000 MHz, 65.59 W, 77, P0
2026/09/30 06:36:32.250, Tesla T4, 12855 MiB, 2058 MiB, 15360 MiB, 100 %, 41 %, 615 MHz, 5000 MHz, 62.20 W, 77, P0
2026/09/30 06:36:32.764, Tesla T4, 12855 MiB, 2058 MiB, 15360 MiB, 100 %, 64 %, 1110 MHz, 5000 MHz, 62.10 W, 77, P0
2026/09/30 06:36:33.284, Tesla T4, 12855 MiB, 2058 MiB, 15360 MiB, 100 %, 50 %, 765 MHz, 5000 MHz, 62.04 W, 77, P0
2026/09/30 06:36:33.798, Tesla T4, 12855 MiB, 2058 MiB, 15360 MiB, 100 %, 53 %, 720 MHz, 5000 MHz, 68.72 W, 77, P0
2026/09/30 06:36:34.316, Tesla T4, 12855 MiB, 2058 MiB, 15360 MiB, 100 %, 53 %, 780 MHz, 5000 MHz, 61.10 W, 77, P0
2026/09/30 06:36:34.830, Tesla T4, 12855 MiB, 2058 MiB, 15360 MiB, 100 %, 53 %, 1410 MHz, 5000 MHz, 74.65 W, 78, P0
2026/09/30 06:36:35.351, Tesla T4, 12855 MiB, 2058 MiB, 15360 MiB, 98 %, 59 %, 750 MHz, 5000 MHz, 70.54 W, 78, P0
2026/09/30 06:36:35.864, Tesla T4, 12855 MiB, 2058 MiB, 15360 MiB, 96 %, 47 %, 630 MHz, 5000 MHz, 64.65 W, 78, P0
2026/09/30 06:36:36.402, Tesla T4, 12855 MiB, 2058 MiB, 15360 MiB, 100 %, 41 %, 585 MHz, 5000 MHz, 66.91 W, 78, P0
2026/09/30 06:36:36.916, Tesla T4, 12855 MiB, 2058 MiB, 15360 MiB, 100 %, 42 %, 600 MHz, 5000 MHz, 61.89 W, 78, P0
2026/09/30 06:36:37.441, Tesla T4, 12855 MiB, 2058 MiB, 15360 MiB, 100 %, 41 %, 525 MHz, 5000 MHz, 68.92 W, 78, P0
2026/09/30 06:36:37.952, Tesla T4, 12855 MiB, 2058 MiB, 15360 MiB, 98 %, 100 %, 360 MHz, 5000 MHz, 76.22 W, 78, P0
2026/09/30 06:36:38.492, Tesla T4, 12855 MiB, 2058 MiB, 15360 MiB, 100 %, 53 %, 720 MHz, 5000 MHz, 68.24 W, 78, P0
2026/09/30 06:36:39.003, Tesla T4, 12855 MiB, 2058 MiB, 15360 MiB, 100 %, 53 %, 600 MHz, 5000 MHz, 60.48 W, 78, P0
2026/09/30 06:36:39.544, Tesla T4, 12855 MiB, 2058 MiB, 15360 MiB, 100 %, 51 %, 660 MHz, 5000 MHz, 67.75 W, 78, P0
2026/09/30 06:36:40.060, Tesla T4, 12855 MiB, 2058 MiB, 15360 MiB, 100 %, 44 %, 600 MHz, 5000 MHz, 66.51 W, 78, P0
2026/09/30 06:36:40.579, Tesla T4, 12855 MiB, 2058 MiB, 15360 MiB, 100 %, 43 %, 615 MHz, 5000 MHz, 65.83 W, 78, P0
2026/09/30 06:36:41.093, Tesla T4, 12855 MiB, 2058 MiB, 15360 MiB, 100 %, 79 %, 405 MHz, 5000 MHz, 70.01 W, 78, P0
2026/09/30 06:36:41.619, Tesla T4, 12855 MiB, 2058 MiB, 15360 MiB, 100 %, 51 %, 675 MHz, 5000 MHz, 63.03 W, 78, P0
2026/09/30 06:36:42.137, Tesla T4, 12855 MiB, 2058 MiB, 15360 MiB, 100 %, 52 %, 570 MHz, 5000 MHz, 73.53 W, 78, P0
2026/09/30 06:36:42.655, Tesla T4, 12855 MiB, 2058 MiB, 15360 MiB, 100 %, 40 %, 585 MHz, 5000 MHz, 63.32 W, 78, P0
2026/09/30 06:36:43.200, Tesla T4, 12855 MiB, 2058 MiB, 15360 MiB, 100 %, 74 %, 585 MHz, 5000 MHz, 60.12 W, 78, P0
2026/09/30 06:36:43.713, Tesla T4, 12855 MiB, 2058 MiB, 15360 MiB, 100 %, 41 %, 645 MHz, 5000 MHz, 67.16 W, 78, P0
2026/09/30 06:36:44.236, Tesla T4, 12855 MiB, 2058 MiB, 15360 MiB, 100 %, 79 %, 1005 MHz, 5000 MHz, 63.03 W, 78, P0
2026/09/30 06:36:44.770, Tesla T4, 12855 MiB, 2058 MiB, 15360 MiB, 100 %, 80 %, 630 MHz, 5000 MHz, 61.00 W, 78, P0
2026/09/30 06:36:45.286, Tesla T4, 12855 MiB, 2058 MiB, 15360 MiB, 100 %, 51 %, 690 MHz, 5000 MHz, 66.02 W, 79, P0
2026/09/30 06:36:45.806, Tesla T4, 12855 MiB, 2058 MiB, 15360 MiB, 100 %, 52 %, 660 MHz, 5000 MHz, 68.72 W, 78, P0
2026/09/30 06:36:46.331, Tesla T4, 12855 MiB, 2058 MiB, 15360 MiB, 100 %, 52 %, 645 MHz, 5000 MHz, 61.55 W, 79, P0
2026/09/30 06:36:46.869, Tesla T4, 12855 MiB, 2058 MiB, 15360 MiB, 100 %, 40 %, 600 MHz, 5000 MHz, 61.36 W, 78, P0
2026/09/30 06:36:47.393, Tesla T4, 12855 MiB, 2058 MiB, 15360 MiB, 100 %, 43 %, 615 MHz, 5000 MHz, 66.81 W, 79, P0
2026/09/30 06:36:47.913, Tesla T4, 12855 MiB, 2058 MiB, 15360 MiB, 100 %, 72 %, 705 MHz, 5000 MHz, 68.04 W, 79, P0
2026/09/30 06:36:48.427, Tesla T4, 12855 MiB, 2058 MiB, 15360 MiB, 100 %, 55 %, 720 MHz, 5000 MHz, 67.30 W, 79, P0
2026/09/30 06:36:48.949, Tesla T4, 12855 MiB, 2058 MiB, 15360 MiB, 100 %, 47 %, 570 MHz, 5000 MHz, 66.12 W, 79, P0
2026/09/30 06:36:49.461, Tesla T4, 12855 MiB, 2058 MiB, 15360 MiB, 100 %, 44 %, 555 MHz, 5000 MHz, 64.75 W, 79, P0
2026/09/30 06:36:49.984, Tesla T4, 12855 MiB, 2058 MiB, 15360 MiB, 98 %, 100 %, 705 MHz, 5000 MHz, 62.44 W, 79, P0
2026/09/30 06:36:50.503, Tesla T4, 12855 MiB, 2058 MiB, 15360 MiB, 100 %, 53 %, 690 MHz, 5000 MHz, 64.69 W, 79, P0
2026/09/30 06:36:51.030, Tesla T4, 12855 MiB, 2058 MiB, 15360 MiB, 100 %, 42 %, 615 MHz, 5000 MHz, 65.14 W, 79, P0
2026/09/30 06:36:51.543, Tesla T4, 12855 MiB, 2058 MiB, 15360 MiB, 100 %, 40 %, 495 MHz, 5000 MHz, 69.03 W, 79, P0
2026/09/30 06:36:52.062, Tesla T4, 12855 MiB, 2058 MiB, 15360 MiB, 100 %, 55 %, 630 MHz, 5000 MHz, 62.59 W, 79, P0
2026/09/30 06:36:52.576, Tesla T4, 12855 MiB, 2058 MiB, 15360 MiB, 100 %, 41 %, 570 MHz, 5000 MHz, 67.06 W, 79, P0
2026/09/30 06:36:53.095, Tesla T4, 12855 MiB, 2058 MiB, 15360 MiB, 98 %, 100 %, 660 MHz, 5000 MHz, 61.85 W, 79, P0
2026/09/30 06:36:53.613, Tesla T4, 12855 MiB, 2058 MiB, 15360 MiB, 100 %, 52 %, 705 MHz, 5000 MHz, 61.46 W, 79, P0
2026/09/30 06:36:54.129, Tesla T4, 12855 MiB, 2058 MiB, 15360 MiB, 100 %, 51 %, 630 MHz, 5000 MHz, 68.98 W, 79, P0
2026/09/30 06:36:54.664, Tesla T4, 12855 MiB, 2058 MiB, 15360 MiB, 100 %, 51 %, 765 MHz, 5000 MHz, 69.86 W, 79, P0
2026/09/30 06:36:55.194, Tesla T4, 12855 MiB, 2058 MiB, 15360 MiB, 100 %, 44 %, 615 MHz, 5000 MHz, 66.86 W, 79, P0
2026/09/30 06:36:55.719, Tesla T4, 12855 MiB, 2058 MiB, 15360 MiB, 100 %, 55 %, 615 MHz, 5000 MHz, 65.53 W, 79, P0
2026/09/30 06:36:56.241, Tesla T4, 12855 MiB, 2058 MiB, 15360 MiB, 100 %, 49 %, 990 MHz, 5000 MHz, 62.99 W, 78, P0
2026/09/30 06:36:56.792, Tesla T4, 12855 MiB, 2058 MiB, 15360 MiB, 100 %, 51 %, 645 MHz, 5000 MHz, 68.08 W, 79, P0
2026/09/30 06:36:57.323, Tesla T4, 12855 MiB, 2058 MiB, 15360 MiB, 100 %, 51 %, 645 MHz, 5000 MHz, 64.16 W, 78, P0
2026/09/30 06:36:57.841, Tesla T4, 12855 MiB, 2058 MiB, 15360 MiB, 100 %, 42 %, 1380 MHz, 5000 MHz, 70.92 W, 79, P0
2026/09/30 06:36:58.372, Tesla T4, 12855 MiB, 2058 MiB, 15360 MiB, 98 %, 46 %, 570 MHz, 5000 MHz, 66.22 W, 78, P0
2026/09/30 06:36:58.889, Tesla T4, 12855 MiB, 2058 MiB, 15360 MiB, 100 %, 56 %, 570 MHz, 5000 MHz, 65.97 W, 78, P0
2026/09/30 06:36:59.408, Tesla T4, 12855 MiB, 2058 MiB, 15360 MiB, 98 %, 96 %, 585 MHz, 5000 MHz, 63.08 W, 78, P0
2026/09/30 06:36:59.928, Tesla T4, 12855 MiB, 2058 MiB, 15360 MiB, 100 %, 53 %, 720 MHz, 5000 MHz, 66.91 W, 78, P0
2026/09/30 06:37:00.452, Tesla T4, 12855 MiB, 2058 MiB, 15360 MiB, 100 %, 43 %, 600 MHz, 5000 MHz, 66.96 W, 78, P0
2026/09/30 06:37:00.964, Tesla T4, 12855 MiB, 2058 MiB, 15360 MiB, 100 %, 57 %, 600 MHz, 5000 MHz, 67.75 W, 78, P0
2026/09/30 06:37:01.482, Tesla T4, 12855 MiB, 2058 MiB, 15360 MiB, 98 %, 80 %, 1260 MHz, 5000 MHz, 60.71 W, 78, P0
2026/09/30 06:37:01.998, Tesla T4, 12855 MiB, 2058 MiB, 15360 MiB, 100 %, 52 %, 735 MHz, 5000 MHz, 65.53 W, 78, P0
2026/09/30 06:37:02.520, Tesla T4, 12855 MiB, 2058 MiB, 15360 MiB, 100 %, 52 %, 975 MHz, 5000 MHz, 45.86 W, 78, P0
2026/09/30 06:37:03.032, Tesla T4, 12855 MiB, 2058 MiB, 15360 MiB, 97 %, 63 %, 1005 MHz, 5000 MHz, 68.04 W, 78, P0
2026/09/30 06:37:03.554, Tesla T4, 12855 MiB, 2058 MiB, 15360 MiB, 100 %, 55 %, 585 MHz, 5000 MHz, 37.85 W, 78, P0
2026/09/30 06:37:04.068, Tesla T4, 12855 MiB, 2058 MiB, 15360 MiB, 100 %, 41 %, 585 MHz, 5000 MHz, 63.03 W, 78, P0
2026/09/30 06:37:04.580, Tesla T4, 12855 MiB, 2058 MiB, 15360 MiB, 100 %, 38 %, 735 MHz, 5000 MHz, 62.53 W, 78, P0
2026/09/30 06:37:05.096, Tesla T4, 12855 MiB, 2058 MiB, 15360 MiB, 100 %, 40 %, 630 MHz, 5000 MHz, 62.44 W, 78, P0
2026/09/30 06:37:05.608, Tesla T4, 12855 MiB, 2058 MiB, 15360 MiB, 100 %, 35 %, 960 MHz, 5000 MHz, 63.26 W, 77, P0
2026/09/30 06:37:06.133, Tesla T4, 12855 MiB, 2058 MiB, 15360 MiB, 100 %, 64 %, 675 MHz, 5000 MHz, 61.75 W, 78, P0
2026/09/30 06:37:06.646, Tesla T4, 12855 MiB, 2058 MiB, 15360 MiB, 100 %, 49 %, 735 MHz, 5000 MHz, 61.55 W, 78, P0
2026/09/30 06:37:07.168, Tesla T4, 12855 MiB, 2058 MiB, 15360 MiB, 100 %, 48 %, 615 MHz, 5000 MHz, 61.75 W, 77, P0
2026/09/30 06:37:07.703, Tesla T4, 12855 MiB, 2058 MiB, 15360 MiB, 100 %, 50 %, 720 MHz, 5000 MHz, 71.48 W, 77, P0
2026/09/30 06:37:08.255, Tesla T4, 12855 MiB, 2058 MiB, 15360 MiB, 100 %, 46 %, 675 MHz, 5000 MHz, 61.75 W, 77, P0
2026/09/30 06:37:08.821, Tesla T4, 12855 MiB, 2058 MiB, 15360 MiB, 100 %, 43 %, 900 MHz, 5000 MHz, 61.46 W, 77, P0
2026/09/30 06:37:09.355, Tesla T4, 12855 MiB, 2058 MiB, 15360 MiB, 100 %, 55 %, 780 MHz, 5000 MHz, 68.14 W, 77, P0
2026/09/30 06:37:09.886, Tesla T4, 12855 MiB, 2058 MiB, 15360 MiB, 93 %, 49 %, 645 MHz, 5000 MHz, 65.59 W, 77, P0
2026/09/30 06:37:10.399, Tesla T4, 12855 MiB, 2058 MiB, 15360 MiB, 100 %, 42 %, 630 MHz, 5000 MHz, 65.83 W, 77, P0
2026/09/30 06:37:10.926, Tesla T4, 12855 MiB, 2058 MiB, 15360 MiB, 100 %, 68 %, 600 MHz, 5000 MHz, 65.63 W, 77, P0
2026/09/30 06:37:11.440, Tesla T4, 12855 MiB, 2058 MiB, 15360 MiB, 100 %, 41 %, 645 MHz, 5000 MHz, 65.93 W, 77, P0
2026/09/30 06:37:11.974, Tesla T4, 12855 MiB, 2058 MiB, 15360 MiB, 98 %, 100 %, 1125 MHz, 5000 MHz, 64.26 W, 77, P0
2026/09/30 06:37:12.494, Tesla T4, 12855 MiB, 2058 MiB, 15360 MiB, 100 %, 49 %, 675 MHz, 5000 MHz, 62.53 W, 77, P0
2026/09/30 06:37:13.020, Tesla T4, 12855 MiB, 2058 MiB, 15360 MiB, 100 %, 51 %, 795 MHz, 5000 MHz, 64.75 W, 77, P0
2026/09/30 06:37:13.539, Tesla T4, 12855 MiB, 2058 MiB, 15360 MiB, 100 %, 53 %, 780 MHz, 5000 MHz, 63.42 W, 77, P0
2026/09/30 06:37:14.052, Tesla T4, 12855 MiB, 2058 MiB, 15360 MiB, 96 %, 47 %, 600 MHz, 5000 MHz, 64.75 W, 77, P0
2026/09/30 06:37:14.571, Tesla T4, 12855 MiB, 2058 MiB, 15360 MiB, 100 %, 56 %, 600 MHz, 5000 MHz, 65.73 W, 77, P0
2026/09/30 06:37:15.083, Tesla T4, 12855 MiB, 2058 MiB, 15360 MiB, 98 %, 79 %, 780 MHz, 5000 MHz, 64.91 W, 77, P0
2026/09/30 06:37:15.596, Tesla T4, 12855 MiB, 2058 MiB, 15360 MiB, 93 %, 51 %, 690 MHz, 5000 MHz, 66.28 W, 76, P0
2026/09/30 06:37:16.115, Tesla T4, 12855 MiB, 2058 MiB, 15360 MiB, 100 %, 46 %, 885 MHz, 5000 MHz, 65.53 W, 77, P0
2026/09/30 06:37:16.626, Tesla T4, 12855 MiB, 2058 MiB, 15360 MiB, 100 %, 66 %, 870 MHz, 5000 MHz, 61.49 W, 76, P0
2026/09/30 06:37:17.147, Tesla T4, 12855 MiB, 2058 MiB, 15360 MiB, 100 %, 55 %, 720 MHz, 5000 MHz, 66.22 W, 76, P0
2026/09/30 06:37:17.660, Tesla T4, 12855 MiB, 2058 MiB, 15360 MiB, 96 %, 44 %, 660 MHz, 5000 MHz, 65.04 W, 76, P0
2026/09/30 06:37:18.180, Tesla T4, 12855 MiB, 2058 MiB, 15360 MiB, 100 %, 43 %, 630 MHz, 5000 MHz, 63.32 W, 76, P0
2026/09/30 06:37:18.693, Tesla T4, 12855 MiB, 2058 MiB, 15360 MiB, 100 %, 68 %, 645 MHz, 5000 MHz, 62.73 W, 76, P0
2026/09/30 06:37:19.210, Tesla T4, 12855 MiB, 2058 MiB, 15360 MiB, 100 %, 42 %, 645 MHz, 5000 MHz, 66.22 W, 76, P0
2026/09/30 06:37:19.722, Tesla T4, 12855 MiB, 2058 MiB, 15360 MiB, 100 %, 100 %, 1035 MHz, 5000 MHz, 63.77 W, 76, P0
2026/09/30 06:37:20.248, Tesla T4, 12855 MiB, 2058 MiB, 15360 MiB, 100 %, 59 %, 720 MHz, 5000 MHz, 68.14 W, 76, P0
2026/09/30 06:37:20.789, Tesla T4, 12855 MiB, 2058 MiB, 15360 MiB, 100 %, 52 %, 750 MHz, 5000 MHz, 61.00 W, 76, P0
2026/09/30 06:37:21.316, Tesla T4, 12855 MiB, 2058 MiB, 15360 MiB, 100 %, 52 %, 735 MHz, 5000 MHz, 60.61 W, 76, P0
2026/09/30 06:37:21.852, Tesla T4, 12855 MiB, 2058 MiB, 15360 MiB, 93 %, 48 %, 630 MHz, 5000 MHz, 66.12 W, 76, P0
2026/09/30 06:37:22.371, Tesla T4, 12855 MiB, 2058 MiB, 15360 MiB, 100 %, 42 %, 810 MHz, 5000 MHz, 60.51 W, 76, P0
2026/09/30 06:37:22.910, Tesla T4, 12855 MiB, 2058 MiB, 15360 MiB, 100 %, 49 %, 630 MHz, 5000 MHz, 66.42 W, 76, P0
2026/09/30 06:37:23.428, Tesla T4, 12855 MiB, 2058 MiB, 15360 MiB, 98 %, 100 %, 735 MHz, 5000 MHz, 65.63 W, 76, P0
2026/09/30 06:37:23.941, Tesla T4, 12855 MiB, 2058 MiB, 15360 MiB, 100 %, 56 %, 765 MHz, 5000 MHz, 67.98 W, 76, P0
2026/09/30 06:37:24.458, Tesla T4, 12855 MiB, 2058 MiB, 15360 MiB, 100 %, 56 %, 780 MHz, 5000 MHz, 61.49 W, 76, P0
2026/09/30 06:37:24.974, Tesla T4, 12855 MiB, 2058 MiB, 15360 MiB, 100 %, 44 %, 555 MHz, 5000 MHz, 65.93 W, 76, P0
2026/09/30 06:37:25.508, Tesla T4, 12855 MiB, 2058 MiB, 15360 MiB, 100 %, 46 %, 645 MHz, 5000 MHz, 67.40 W, 76, P0
2026/09/30 06:37:26.024, Tesla T4, 12855 MiB, 2058 MiB, 15360 MiB, 98 %, 97 %, 810 MHz, 5000 MHz, 59.92 W, 76, P0
2026/09/30 06:37:26.550, Tesla T4, 12855 MiB, 2058 MiB, 15360 MiB, 100 %, 55 %, 810 MHz, 5000 MHz, 62.53 W, 76, P0
2026/09/30 06:37:27.061, Tesla T4, 12855 MiB, 2058 MiB, 15360 MiB, 86 %, 48 %, 570 MHz, 5000 MHz, 68.43 W, 76, P0
2026/09/30 06:37:27.597, Tesla T4, 12855 MiB, 2058 MiB, 15360 MiB, 98 %, 79 %, 675 MHz, 5000 MHz, 67.63 W, 76, P0
2026/09/30 06:37:28.113, Tesla T4, 12855 MiB, 2058 MiB, 15360 MiB, 100 %, 59 %, 615 MHz, 5000 MHz, 68.92 W, 76, P0
2026/09/30 06:37:28.636, Tesla T4, 12855 MiB, 2058 MiB, 15360 MiB, 100 %, 43 %, 885 MHz, 5000 MHz, 56.36 W, 76, P0
2026/09/30 06:37:29.148, Tesla T4, 12855 MiB, 2058 MiB, 15360 MiB, 100 %, 46 %, 660 MHz, 5000 MHz, 67.35 W, 76, P0
2026/09/30 06:37:29.676, Tesla T4, 12855 MiB, 2058 MiB, 15360 MiB, 100 %, 54 %, 780 MHz, 5000 MHz, 65.79 W, 76, P0
2026/09/30 06:37:30.195, Tesla T4, 12855 MiB, 2058 MiB, 15360 MiB, 100 %, 55 %, 750 MHz, 5000 MHz, 67.51 W, 76, P0
2026/09/30 06:37:30.707, Tesla T4, 12855 MiB, 2058 MiB, 15360 MiB, 100 %, 47 %, 735 MHz, 5000 MHz, 68.43 W, 76, P0
2026/09/30 06:37:31.224, Tesla T4, 12855 MiB, 2058 MiB, 15360 MiB, 98 %, 74 %, 1155 MHz, 5000 MHz, 60.97 W, 76, P0
2026/09/30 06:37:31.740, Tesla T4, 12855 MiB, 2058 MiB, 15360 MiB, 100 %, 58 %, 720 MHz, 5000 MHz, 62.83 W, 76, P0
2026/09/30 06:37:32.259, Tesla T4, 12855 MiB, 2058 MiB, 15360 MiB, 100 %, 42 %, 675 MHz, 5000 MHz, 62.47 W, 76, P0
2026/09/30 06:37:32.772, Tesla T4, 12855 MiB, 2058 MiB, 15360 MiB, 100 %, 42 %, 510 MHz, 5000 MHz, 70.19 W, 76, P0
2026/09/30 06:37:33.319, Tesla T4, 12855 MiB, 2058 MiB, 15360 MiB, 100 %, 42 %, 645 MHz, 5000 MHz, 68.92 W, 76, P0
2026/09/30 06:37:33.862, Tesla T4, 12855 MiB, 2058 MiB, 15360 MiB, 100 %, 38 %, 435 MHz, 5000 MHz, 64.55 W, 76, P0
2026/09/30 06:37:34.394, Tesla T4, 12855 MiB, 2058 MiB, 15360 MiB, 97 %, 100 %, 675 MHz, 5000 MHz, 61.10 W, 76, P0
2026/09/30 06:37:34.929, Tesla T4, 12855 MiB, 2058 MiB, 15360 MiB, 100 %, 55 %, 855 MHz, 5000 MHz, 62.40 W, 76, P0
2026/09/30 06:37:35.458, Tesla T4, 12855 MiB, 2058 MiB, 15360 MiB, 100 %, 55 %, 705 MHz, 5000 MHz, 61.75 W, 76, P0
2026/09/30 06:37:35.970, Tesla T4, 12855 MiB, 2058 MiB, 15360 MiB, 100 %, 55 %, 1215 MHz, 5000 MHz, 61.46 W, 75, P0
2026/09/30 06:37:36.479, Tesla T4, 12855 MiB, 2058 MiB, 15360 MiB, 98 %, 39 %, 885 MHz, 5000 MHz, 65.49 W, 77, P0
2026/09/30 06:37:36.998, Tesla T4, 12855 MiB, 2058 MiB, 15360 MiB, 96 %, 47 %, 585 MHz, 5000 MHz, 67.00 W, 76, P0
2026/09/30 06:37:37.512, Tesla T4, 12855 MiB, 2058 MiB, 15360 MiB, 100 %, 46 %, 570 MHz, 5000 MHz, 66.18 W, 76, P0
2026/09/30 06:37:38.032, Tesla T4, 12855 MiB, 2058 MiB, 15360 MiB, 98 %, 100 %, 690 MHz, 5000 MHz, 67.51 W, 76, P0
2026/09/30 06:37:38.545, Tesla T4, 12855 MiB, 2058 MiB, 15360 MiB, 100 %, 55 %, 690 MHz, 5000 MHz, 64.69 W, 76, P0
2026/09/30 06:37:39.064, Tesla T4, 12855 MiB, 2058 MiB, 15360 MiB, 100 %, 46 %, 645 MHz, 5000 MHz, 67.30 W, 76, P0
2026/09/30 06:37:39.576, Tesla T4, 12855 MiB, 2058 MiB, 15360 MiB, 100 %, 45 %, 630 MHz, 5000 MHz, 64.46 W, 76, P0
2026/09/30 06:37:40.095, Tesla T4, 12855 MiB, 2058 MiB, 15360 MiB, 100 %, 63 %, 720 MHz, 5000 MHz, 61.85 W, 76, P0
2026/09/30 06:37:40.608, Tesla T4, 12855 MiB, 2058 MiB, 15360 MiB, 100 %, 56 %, 780 MHz, 5000 MHz, 63.38 W, 76, P0
2026/09/30 06:37:41.168, Tesla T4, 12855 MiB, 2058 MiB, 15360 MiB, 100 %, 47 %, 585 MHz, 5000 MHz, 64.69 W, 76, P0
2026/09/30 06:37:41.680, Tesla T4, 12855 MiB, 2058 MiB, 15360 MiB, 100 %, 49 %, 525 MHz, 5000 MHz, 68.82 W, 76, P0
2026/09/30 06:37:42.197, Tesla T4, 12855 MiB, 2058 MiB, 15360 MiB, 100 %, 57 %, 825 MHz, 5000 MHz, 68.43 W, 76, P0
2026/09/30 06:37:42.710, Tesla T4, 12855 MiB, 2058 MiB, 15360 MiB, 100 %, 60 %, 555 MHz, 5000 MHz, 66.57 W, 76, P0
2026/09/30 06:37:43.231, Tesla T4, 12855 MiB, 2058 MiB, 15360 MiB, 100 %, 56 %, 600 MHz, 5000 MHz, 66.12 W, 76, P0
2026/09/30 06:37:43.744, Tesla T4, 12855 MiB, 2058 MiB, 15360 MiB, 98 %, 100 %, 660 MHz, 5000 MHz, 61.30 W, 77, P0
2026/09/30 06:37:44.263, Tesla T4, 12855 MiB, 2058 MiB, 15360 MiB, 100 %, 56 %, 720 MHz, 5000 MHz, 64.50 W, 77, P0
2026/09/30 06:37:44.776, Tesla T4, 12855 MiB, 2058 MiB, 15360 MiB, 100 %, 46 %, 600 MHz, 5000 MHz, 67.04 W, 77, P0
2026/09/30 06:37:45.293, Tesla T4, 12855 MiB, 2058 MiB, 15360 MiB, 100 %, 62 %, 600 MHz, 5000 MHz, 66.71 W, 77, P0
2026/09/30 06:37:45.806, Tesla T4, 12855 MiB, 2058 MiB, 15360 MiB, 98 %, 100 %, 645 MHz, 5000 MHz, 64.36 W, 77, P0
2026/09/30 06:37:46.338, Tesla T4, 12855 MiB, 2058 MiB, 15360 MiB, 100 %, 56 %, 675 MHz, 5000 MHz, 68.24 W, 77, P0
2026/09/30 06:37:46.870, Tesla T4, 12855 MiB, 2058 MiB, 15360 MiB, 93 %, 43 %, 885 MHz, 5000 MHz, 62.63 W, 77, P0
2026/09/30 06:37:47.395, Tesla T4, 12855 MiB, 2058 MiB, 15360 MiB, 100 %, 61 %, 780 MHz, 5000 MHz, 64.99 W, 77, P0
2026/09/30 06:37:47.916, Tesla T4, 12855 MiB, 2058 MiB, 15360 MiB, 100 %, 47 %, 585 MHz, 5000 MHz, 69.66 W, 77, P0
2026/09/30 06:37:48.447, Tesla T4, 12855 MiB, 2058 MiB, 15360 MiB, 100 %, 46 %, 480 MHz, 5000 MHz, 64.06 W, 77, P0
2026/09/30 06:37:48.969, Tesla T4, 12855 MiB, 2058 MiB, 15360 MiB, 100 %, 64 %, 795 MHz, 5000 MHz, 67.80 W, 77, P0
2026/09/30 06:37:49.487, Tesla T4, 12855 MiB, 2058 MiB, 15360 MiB, 87 %, 47 %, 540 MHz, 5000 MHz, 73.24 W, 77, P0
2026/09/30 06:37:50.001, Tesla T4, 12855 MiB, 2058 MiB, 15360 MiB, 100 %, 45 %, 555 MHz, 5000 MHz, 66.81 W, 77, P0
2026/09/30 06:37:50.523, Tesla T4, 12855 MiB, 2058 MiB, 15360 MiB, 100 %, 48 %, 630 MHz, 5000 MHz, 66.96 W, 77, P0
2026/09/30 06:37:51.035, Tesla T4, 12855 MiB, 2058 MiB, 15360 MiB, 100 %, 57 %, 825 MHz, 5000 MHz, 60.02 W, 77, P0
2026/09/30 06:37:51.565, Tesla T4, 12855 MiB, 2058 MiB, 15360 MiB, 100 %, 70 %, 765 MHz, 5000 MHz, 68.19 W, 77, P0
2026/09/30 06:37:52.082, Tesla T4, 12855 MiB, 2058 MiB, 15360 MiB, 100 %, 55 %, 795 MHz, 5000 MHz, 68.33 W, 77, P0
2026/09/30 06:37:52.595, Tesla T4, 12855 MiB, 2058 MiB, 15360 MiB, 100 %, 56 %, 960 MHz, 5000 MHz, 75.68 W, 77, P0
2026/09/30 06:37:53.113, Tesla T4, 12855 MiB, 2058 MiB, 15360 MiB, 100 %, 54 %, 585 MHz, 5000 MHz, 68.04 W, 77, P0
2026/09/30 06:37:53.625, Tesla T4, 12855 MiB, 2058 MiB, 15360 MiB, 100 %, 51 %, 570 MHz, 5000 MHz, 81.74 W, 77, P0
2026/09/30 06:37:54.144, Tesla T4, 12855 MiB, 2058 MiB, 15360 MiB, 100 %, 54 %, 750 MHz, 5000 MHz, 67.94 W, 77, P0
2026/09/30 06:37:54.655, Tesla T4, 12855 MiB, 2058 MiB, 15360 MiB, 96 %, 45 %, 1575 MHz, 5000 MHz, 42.24 W, 76, P0
2026/09/30 06:37:55.162, Tesla T4, 12855 MiB, 2058 MiB, 15360 MiB, 98 %, 78 %, 735 MHz, 5000 MHz, 65.89 W, 77, P0
2026/09/30 06:37:55.680, Tesla T4, 12855 MiB, 2058 MiB, 15360 MiB, 100 %, 45 %, 585 MHz, 5000 MHz, 67.35 W, 77, P0
2026/09/30 06:37:56.196, Tesla T4, 12855 MiB, 2058 MiB, 15360 MiB, 100 %, 60 %, 585 MHz, 5000 MHz, 65.87 W, 77, P0
2026/09/30 06:37:56.715, Tesla T4, 12855 MiB, 2058 MiB, 15360 MiB, 98 %, 100 %, 435 MHz, 5000 MHz, 61.00 W, 77, P0
2026/09/30 06:37:57.228, Tesla T4, 12855 MiB, 2058 MiB, 15360 MiB, 100 %, 56 %, 780 MHz, 5000 MHz, 66.91 W, 77, P0
2026/09/30 06:37:57.747, Tesla T4, 12855 MiB, 2058 MiB, 15360 MiB, 87 %, 41 %, 1050 MHz, 5000 MHz, 62.30 W, 77, P0
2026/09/30 06:37:58.259, Tesla T4, 12855 MiB, 2058 MiB, 15360 MiB, 98 %, 64 %, 810 MHz, 5000 MHz, 66.81 W, 77, P0
2026/09/30 06:37:58.788, Tesla T4, 12855 MiB, 2058 MiB, 15360 MiB, 100 %, 46 %, 645 MHz, 5000 MHz, 66.77 W, 78, P0
2026/09/30 06:37:59.340, Tesla T4, 12855 MiB, 2058 MiB, 15360 MiB, 100 %, 62 %, 585 MHz, 5000 MHz, 55.87 W, 77, P0
2026/09/30 06:37:59.924, Tesla T4, 12855 MiB, 2058 MiB, 15360 MiB, 100 %, 41 %, 555 MHz, 5000 MHz, 66.57 W, 77, P0
2026/09/30 06:38:00.527, Tesla T4, 12855 MiB, 2058 MiB, 15360 MiB, 98 %, 100 %, 795 MHz, 5000 MHz, 65.44 W, 77, P0
2026/09/30 06:38:01.049, Tesla T4, 12855 MiB, 2058 MiB, 15360 MiB, 100 %, 56 %, 690 MHz, 5000 MHz, 65.20 W, 77, P0
2026/09/30 06:38:01.572, Tesla T4, 12855 MiB, 2058 MiB, 15360 MiB, 96 %, 50 %, 675 MHz, 5000 MHz, 62.59 W, 77, P0
2026/09/30 06:38:02.102, Tesla T4, 12855 MiB, 2058 MiB, 15360 MiB, 100 %, 45 %, 555 MHz, 5000 MHz, 65.83 W, 77, P0
2026/09/30 06:38:02.617, Tesla T4, 12855 MiB, 2058 MiB, 15360 MiB, 100 %, 46 %, 540 MHz, 5000 MHz, 63.03 W, 78, P0
2026/09/30 06:38:03.135, Tesla T4, 12855 MiB, 2058 MiB, 15360 MiB, 100 %, 40 %, 1005 MHz, 5000 MHz, 62.38 W, 77, P0
2026/09/30 06:38:03.651, Tesla T4, 12855 MiB, 2058 MiB, 15360 MiB, 100 %, 53 %, 720 MHz, 5000 MHz, 63.51 W, 77, P0
2026/09/30 06:38:04.169, Tesla T4, 12855 MiB, 2058 MiB, 15360 MiB, 100 %, 55 %, 690 MHz, 5000 MHz, 62.63 W, 78, P0
2026/09/30 06:38:04.684, Tesla T4, 12855 MiB, 2058 MiB, 15360 MiB, 96 %, 43 %, 1560 MHz, 5000 MHz, 63.46 W, 78, P0
2026/09/30 06:38:05.201, Tesla T4, 12855 MiB, 2058 MiB, 15360 MiB, 98 %, 53 %, 1125 MHz, 5000 MHz, 64.18 W, 78, P0
2026/09/30 06:38:05.712, Tesla T4, 12855 MiB, 2058 MiB, 15360 MiB, 100 %, 45 %, 540 MHz, 5000 MHz, 64.95 W, 78, P0
2026/09/30 06:38:06.239, Tesla T4, 12855 MiB, 2058 MiB, 15360 MiB, 100 %, 45 %, 585 MHz, 5000 MHz, 67.06 W, 78, P0
2026/09/30 06:38:06.751, Tesla T4, 12855 MiB, 2058 MiB, 15360 MiB, 98 %, 88 %, 705 MHz, 5000 MHz, 66.02 W, 78, P0
2026/09/30 06:38:07.270, Tesla T4, 12855 MiB, 2058 MiB, 15360 MiB, 100 %, 54 %, 675 MHz, 5000 MHz, 67.20 W, 78, P0
2026/09/30 06:38:07.788, Tesla T4, 12855 MiB, 2058 MiB, 15360 MiB, 100 %, 47 %, 555 MHz, 5000 MHz, 66.12 W, 78, P0
2026/09/30 06:38:08.323, Tesla T4, 12855 MiB, 2058 MiB, 15360 MiB, 100 %, 54 %, 540 MHz, 5000 MHz, 77.88 W, 78, P0
2026/09/30 06:38:08.837, Tesla T4, 12855 MiB, 2058 MiB, 15360 MiB, 100 %, 44 %, 540 MHz, 5000 MHz, 65.44 W, 78, P0
2026/09/30 06:38:09.357, Tesla T4, 12855 MiB, 2058 MiB, 15360 MiB, 98 %, 100 %, 450 MHz, 5000 MHz, 60.61 W, 78, P0
2026/09/30 06:38:09.875, Tesla T4, 12855 MiB, 2058 MiB, 15360 MiB, 100 %, 53 %, 705 MHz, 5000 MHz, 63.87 W, 78, P0
2026/09/30 06:38:10.395, Tesla T4, 12855 MiB, 2058 MiB, 15360 MiB, 100 %, 52 %, 705 MHz, 5000 MHz, 67.26 W, 78, P0
2026/09/30 06:38:10.908, Tesla T4, 12855 MiB, 2058 MiB, 15360 MiB, 96 %, 48 %, 555 MHz, 5000 MHz, 68.63 W, 78, P0
2026/09/30 06:38:11.422, Tesla T4, 12855 MiB, 2058 MiB, 15360 MiB, 100 %, 48 %, 1005 MHz, 5000 MHz, 59.63 W, 78, P0
2026/09/30 06:38:11.963, Tesla T4, 12855 MiB, 2058 MiB, 15360 MiB, 100 %, 55 %, 1035 MHz, 5000 MHz, 47.80 W, 78, P0
2026/09/30 06:38:12.493, Tesla T4, 12855 MiB, 2058 MiB, 15360 MiB, 100 %, 49 %, 540 MHz, 5000 MHz, 66.81 W, 78, P0
2026/09/30 06:38:13.057, Tesla T4, 12855 MiB, 2058 MiB, 15360 MiB, 100 %, 55 %, 690 MHz, 5000 MHz, 61.59 W, 77, P0
2026/09/30 06:38:13.582, Tesla T4, 12855 MiB, 2058 MiB, 15360 MiB, 100 %, 53 %, 945 MHz, 5000 MHz, 64.40 W, 78, P0
2026/09/30 06:38:14.097, Tesla T4, 12855 MiB, 2058 MiB, 15360 MiB, 100 %, 59 %, 720 MHz, 5000 MHz, 64.30 W, 77, P0
2026/09/30 06:38:14.616, Tesla T4, 12855 MiB, 2058 MiB, 15360 MiB, 100 %, 42 %, 525 MHz, 5000 MHz, 67.10 W, 78, P0
2026/09/30 06:38:15.128, Tesla T4, 12855 MiB, 2058 MiB, 15360 MiB, 100 %, 42 %, 585 MHz, 5000 MHz, 63.77 W, 78, P0
2026/09/30 06:38:15.647, Tesla T4, 12855 MiB, 2058 MiB, 15360 MiB, 98 %, 100 %, 645 MHz, 5000 MHz, 62.24 W, 78, P0
2026/09/30 06:38:16.162, Tesla T4, 12855 MiB, 2058 MiB, 15360 MiB, 100 %, 52 %, 675 MHz, 5000 MHz, 64.55 W, 78, P0
2026/09/30 06:38:16.684, Tesla T4, 12855 MiB, 2058 MiB, 15360 MiB, 96 %, 49 %, 615 MHz, 5000 MHz, 73.04 W, 78, P0
2026/09/30 06:38:17.198, Tesla T4, 12855 MiB, 2058 MiB, 15360 MiB, 100 %, 41 %, 630 MHz, 5000 MHz, 66.12 W, 78, P0
2026/09/30 06:38:17.717, Tesla T4, 12855 MiB, 2058 MiB, 15360 MiB, 100 %, 50 %, 600 MHz, 5000 MHz, 67.45 W, 78, P0
2026/09/30 06:38:18.230, Tesla T4, 12855 MiB, 2058 MiB, 15360 MiB, 100 %, 40 %, 615 MHz, 5000 MHz, 66.01 W, 78, P0
2026/09/30 06:38:18.743, Tesla T4, 12855 MiB, 2058 MiB, 15360 MiB, 100 %, 37 %, 1020 MHz, 5000 MHz, 63.95 W, 77, P0
2026/09/30 06:38:19.266, Tesla T4, 12855 MiB, 2058 MiB, 15360 MiB, 100 %, 56 %, 735 MHz, 5000 MHz, 62.08 W, 78, P0
2026/09/30 06:38:19.778, Tesla T4, 12855 MiB, 2058 MiB, 15360 MiB, 100 %, 51 %, 630 MHz, 5000 MHz, 69.21 W, 77, P0
2026/09/30 06:38:20.300, Tesla T4, 12855 MiB, 2058 MiB, 15360 MiB, 100 %, 51 %, 705 MHz, 5000 MHz, 66.32 W, 78, P0
2026/09/30 06:38:20.813, Tesla T4, 12855 MiB, 2058 MiB, 15360 MiB, 96 %, 48 %, 720 MHz, 5000 MHz, 44.68 W, 78, P0
2026/09/30 06:38:21.330, Tesla T4, 12855 MiB, 2058 MiB, 15360 MiB, 100 %, 44 %, 570 MHz, 5000 MHz, 69.17 W, 77, P0
2026/09/30 06:38:21.860, Tesla T4, 12855 MiB, 2058 MiB, 15360 MiB, 100 %, 45 %, 570 MHz, 5000 MHz, 67.75 W, 78, P0
2026/09/30 06:38:22.371, Tesla T4, 12855 MiB, 2058 MiB, 15360 MiB, 98 %, 92 %, 750 MHz, 5000 MHz, 66.77 W, 77, P0
2026/09/30 06:38:22.890, Tesla T4, 12855 MiB, 2058 MiB, 15360 MiB, 100 %, 53 %, 750 MHz, 5000 MHz, 65.53 W, 77, P0
2026/09/30 06:38:23.408, Tesla T4, 12855 MiB, 2058 MiB, 15360 MiB, 84 %, 42 %, 600 MHz, 5000 MHz, 67.06 W, 78, P0
2026/09/30 06:38:23.925, Tesla T4, 12855 MiB, 2058 MiB, 15360 MiB, 100 %, 41 %, 645 MHz, 5000 MHz, 65.45 W, 77, P0
2026/09/30 06:38:24.447, Tesla T4, 12855 MiB, 2058 MiB, 15360 MiB, 100 %, 73 %, 600 MHz, 5000 MHz, 64.46 W, 77, P0
2026/09/30 06:38:24.973, Tesla T4, 12855 MiB, 2058 MiB, 15360 MiB, 100 %, 41 %, 660 MHz, 5000 MHz, 63.81 W, 77, P0
2026/09/30 06:38:25.515, Tesla T4, 12855 MiB, 2058 MiB, 15360 MiB, 98 %, 100 %, 1260 MHz, 5000 MHz, 67.26 W, 77, P0
2026/09/30 06:38:26.039, Tesla T4, 12855 MiB, 2058 MiB, 15360 MiB, 100 %, 50 %, 720 MHz, 5000 MHz, 67.65 W, 77, P0
2026/09/30 06:38:26.551, Tesla T4, 12855 MiB, 2058 MiB, 15360 MiB, 100 %, 51 %, 615 MHz, 5000 MHz, 67.65 W, 77, P0
2026/09/30 06:38:27.090, Tesla T4, 12855 MiB, 2058 MiB, 15360 MiB, 100 %, 52 %, 630 MHz, 5000 MHz, 61.20 W, 77, P0
2026/09/30 06:38:27.605, Tesla T4, 12855 MiB, 2058 MiB, 15360 MiB, 95 %, 43 %, 600 MHz, 5000 MHz, 67.20 W, 77, P0
2026/09/30 06:38:28.138, Tesla T4, 12855 MiB, 2058 MiB, 15360 MiB, 100 %, 41 %, 600 MHz, 5000 MHz, 66.18 W, 77, P0
2026/09/30 06:38:28.656, Tesla T4, 12855 MiB, 2058 MiB, 15360 MiB, 100 %, 74 %, 660 MHz, 5000 MHz, 68.92 W, 77, P0
2026/09/30 06:38:29.186, Tesla T4, 12855 MiB, 2058 MiB, 15360 MiB, 100 %, 42 %, 600 MHz, 5000 MHz, 67.79 W, 77, P0
2026/09/30 06:38:29.702, Tesla T4, 12855 MiB, 2058 MiB, 15360 MiB, 100 %, 98 %, 1350 MHz, 5000 MHz, 63.38 W, 77, P0
2026/09/30 06:38:30.220, Tesla T4, 12855 MiB, 2058 MiB, 15360 MiB, 100 %, 54 %, 705 MHz, 5000 MHz, 67.51 W, 77, P0
2026/09/30 06:38:30.740, Tesla T4, 12855 MiB, 2058 MiB, 15360 MiB, 100 %, 53 %, 750 MHz, 5000 MHz, 61.98 W, 77, P0
2026/09/30 06:38:31.267, Tesla T4, 12855 MiB, 2058 MiB, 15360 MiB, 100 %, 53 %, 840 MHz, 5000 MHz, 61.79 W, 77, P0
2026/09/30 06:38:31.783, Tesla T4, 12855 MiB, 2058 MiB, 15360 MiB, 100 %, 46 %, 600 MHz, 5000 MHz, 62.93 W, 77, P0
2026/09/30 06:38:32.300, Tesla T4, 12855 MiB, 2058 MiB, 15360 MiB, 100 %, 57 %, 600 MHz, 5000 MHz, 65.97 W, 77, P0
2026/09/30 06:38:32.813, Tesla T4, 12855 MiB, 2058 MiB, 15360 MiB, 98 %, 94 %, 675 MHz, 5000 MHz, 62.53 W, 77, P0
2026/09/30 06:38:33.333, Tesla T4, 12855 MiB, 2058 MiB, 15360 MiB, 100 %, 55 %, 735 MHz, 5000 MHz, 62.34 W, 77, P0
2026/09/30 06:38:33.847, Tesla T4, 12855 MiB, 2058 MiB, 15360 MiB, 100 %, 50 %, 585 MHz, 5000 MHz, 64.50 W, 77, P0
2026/09/30 06:38:34.369, Tesla T4, 12855 MiB, 2058 MiB, 15360 MiB, 100 %, 60 %, 585 MHz, 5000 MHz, 63.91 W, 77, P0
2026/09/30 06:38:34.911, Tesla T4, 12855 MiB, 2058 MiB, 15360 MiB, 100 %, 68 %, 705 MHz, 5000 MHz, 67.94 W, 77, P0
2026/09/30 06:38:35.426, Tesla T4, 12855 MiB, 2058 MiB, 15360 MiB, 86 %, 45 %, 930 MHz, 5000 MHz, 67.65 W, 77, P0
2026/09/30 06:38:35.947, Tesla T4, 12855 MiB, 2058 MiB, 15360 MiB, 100 %, 42 %, 600 MHz, 5000 MHz, 64.81 W, 77, P0
2026/09/30 06:38:36.461, Tesla T4, 12855 MiB, 2058 MiB, 15360 MiB, 100 %, 62 %, 780 MHz, 5000 MHz, 74.41 W, 77, P0
2026/09/30 06:38:36.979, Tesla T4, 12855 MiB, 2058 MiB, 15360 MiB, 100 %, 41 %, 600 MHz, 5000 MHz, 67.59 W, 77, P0
2026/09/30 06:38:37.516, Tesla T4, 12855 MiB, 2058 MiB, 15360 MiB, 100 %, 52 %, 1080 MHz, 5000 MHz, 61.81 W, 77, P0
2026/09/30 06:38:38.056, Tesla T4, 12855 MiB, 2058 MiB, 15360 MiB, 100 %, 49 %, 750 MHz, 5000 MHz, 61.06 W, 77, P0
2026/09/30 06:38:38.588, Tesla T4, 12855 MiB, 2058 MiB, 15360 MiB, 100 %, 51 %, 750 MHz, 5000 MHz, 64.85 W, 77, P0
2026/09/30 06:38:39.117, Tesla T4, 12855 MiB, 2058 MiB, 15360 MiB, 100 %, 52 %, 675 MHz, 5000 MHz, 68.63 W, 77, P0
2026/09/30 06:38:39.650, Tesla T4, 12855 MiB, 2058 MiB, 15360 MiB, 96 %, 49 %, 570 MHz, 5000 MHz, 71.32 W, 77, P0
2026/09/30 06:38:40.167, Tesla T4, 12855 MiB, 2058 MiB, 15360 MiB, 100 %, 58 %, 630 MHz, 5000 MHz, 66.56 W, 77, P0
2026/09/30 06:38:40.688, Tesla T4, 12855 MiB, 2058 MiB, 15360 MiB, 100 %, 58 %, 750 MHz, 5000 MHz, 66.92 W, 77, P0
2026/09/30 06:38:41.201, Tesla T4, 12855 MiB, 2058 MiB, 15360 MiB, 96 %, 50 %, 570 MHz, 5000 MHz, 67.30 W, 77, P0
2026/09/30 06:38:41.723, Tesla T4, 12855 MiB, 2058 MiB, 15360 MiB, 98 %, 86 %, 720 MHz, 5000 MHz, 65.83 W, 77, P0
2026/09/30 06:38:42.243, Tesla T4, 12855 MiB, 2058 MiB, 15360 MiB, 100 %, 58 %, 600 MHz, 5000 MHz, 64.85 W, 77, P0
2026/09/30 06:38:42.759, Tesla T4, 12855 MiB, 2058 MiB, 15360 MiB, 100 %, 56 %, 570 MHz, 5000 MHz, 68.96 W, 77, P0
2026/09/30 06:38:43.277, Tesla T4, 12855 MiB, 2058 MiB, 15360 MiB, 100 %, 46 %, 930 MHz, 5000 MHz, 61.30 W, 76, P0
2026/09/30 06:38:43.798, Tesla T4, 12855 MiB, 2058 MiB, 15360 MiB, 100 %, 55 %, 645 MHz, 5000 MHz, 64.89 W, 77, P0
2026/09/30 06:38:44.315, Tesla T4, 12855 MiB, 2058 MiB, 15360 MiB, 85 %, 46 %, 1290 MHz, 5000 MHz, 67.00 W, 76, P0
2026/09/30 06:38:44.826, Tesla T4, 12855 MiB, 2058 MiB, 15360 MiB, 100 %, 53 %, 585 MHz, 5000 MHz, 68.53 W, 77, P0
2026/09/30 06:38:45.339, Tesla T4, 12855 MiB, 2058 MiB, 15360 MiB, 99 %, 76 %, 765 MHz, 5000 MHz, 61.79 W, 77, P0
2026/09/30 06:38:45.856, Tesla T4, 12855 MiB, 2058 MiB, 15360 MiB, 100 %, 56 %, 615 MHz, 5000 MHz, 56.46 W, 77, P0
2026/09/30 06:38:46.374, Tesla T4, 12855 MiB, 2058 MiB, 15360 MiB, 100 %, 55 %, 600 MHz, 5000 MHz, 66.22 W, 77, P0
2026/09/30 06:38:46.890, Tesla T4, 12855 MiB, 2058 MiB, 15360 MiB, 100 %, 43 %, 960 MHz, 5000 MHz, 61.89 W, 76, P0
2026/09/30 06:38:47.412, Tesla T4, 12855 MiB, 2058 MiB, 15360 MiB, 100 %, 54 %, 660 MHz, 5000 MHz, 63.08 W, 77, P0
2026/09/30 06:38:47.932, Tesla T4, 12855 MiB, 2058 MiB, 15360 MiB, 100 %, 53 %, 570 MHz, 5000 MHz, 65.08 W, 77, P0
2026/09/30 06:38:48.444, Tesla T4, 12855 MiB, 2058 MiB, 15360 MiB, 100 %, 50 %, 645 MHz, 5000 MHz, 63.42 W, 76, P0
2026/09/30 06:38:48.968, Tesla T4, 12855 MiB, 2058 MiB, 15360 MiB, 100 %, 57 %, 720 MHz, 5000 MHz, 66.02 W, 77, P0
2026/09/30 06:38:49.482, Tesla T4, 12855 MiB, 2058 MiB, 15360 MiB, 100 %, 42 %, 645 MHz, 5000 MHz, 68.28 W, 77, P0
2026/09/30 06:38:50.001, Tesla T4, 12855 MiB, 2058 MiB, 15360 MiB, 100 %, 39 %, 780 MHz, 5000 MHz, 62.73 W, 76, P0
2026/09/30 06:38:50.551, Tesla T4, 12855 MiB, 2058 MiB, 15360 MiB, 100 %, 42 %, 600 MHz, 5000 MHz, 67.06 W, 77, P0
2026/09/30 06:38:51.084, Tesla T4, 12855 MiB, 2058 MiB, 15360 MiB, 100 %, 35 %, 960 MHz, 5000 MHz, 62.44 W, 76, P0
2026/09/30 06:38:51.625, Tesla T4, 12855 MiB, 2058 MiB, 15360 MiB, 100 %, 61 %, 735 MHz, 5000 MHz, 63.32 W, 77, P0
2026/09/30 06:38:52.150, Tesla T4, 12855 MiB, 2058 MiB, 15360 MiB, 100 %, 55 %, 720 MHz, 5000 MHz, 60.90 W, 77, P0
2026/09/30 06:38:52.679, Tesla T4, 12855 MiB, 2058 MiB, 15360 MiB, 100 %, 53 %, 825 MHz, 5000 MHz, 66.12 W, 77, P0
2026/09/30 06:38:53.196, Tesla T4, 12855 MiB, 2058 MiB, 15360 MiB, 100 %, 54 %, 1350 MHz, 5000 MHz, 68.89 W, 76, P0
2026/09/30 06:38:53.710, Tesla T4, 12855 MiB, 2058 MiB, 15360 MiB, 98 %, 55 %, 705 MHz, 5000 MHz, 73.23 W, 77, P0
2026/09/30 06:38:54.228, Tesla T4, 12855 MiB, 2058 MiB, 15360 MiB, 100 %, 56 %, 720 MHz, 5000 MHz, 65.53 W, 76, P0
2026/09/30 06:38:54.744, Tesla T4, 12855 MiB, 2058 MiB, 15360 MiB, 98 %, 81 %, 780 MHz, 5000 MHz, 67.45 W, 76, P0
2026/09/30 06:38:55.262, Tesla T4, 12855 MiB, 2058 MiB, 15360 MiB, 100 %, 41 %, 1290 MHz, 5000 MHz, 65.55 W, 76, P0
2026/09/30 06:38:55.772, Tesla T4, 12855 MiB, 2058 MiB, 15360 MiB, 98 %, 73 %, 1035 MHz, 5000 MHz, 67.49 W, 76, P0
2026/09/30 06:38:56.283, Tesla T4, 12855 MiB, 2058 MiB, 15360 MiB, 100 %, 54 %, 795 MHz, 5000 MHz, 62.93 W, 76, P0
2026/09/30 06:38:56.804, Tesla T4, 12855 MiB, 2058 MiB, 15360 MiB, 100 %, 57 %, 825 MHz, 5000 MHz, 71.08 W, 77, P0
2026/09/30 06:38:57.317, Tesla T4, 12855 MiB, 2058 MiB, 15360 MiB, 100 %, 51 %, 600 MHz, 5000 MHz, 68.14 W, 77, P0
2026/09/30 06:38:57.833, Tesla T4, 12855 MiB, 2058 MiB, 15360 MiB, 100 %, 64 %, 705 MHz, 5000 MHz, 65.97 W, 77, P0
2026/09/30 06:38:58.348, Tesla T4, 12855 MiB, 2058 MiB, 15360 MiB, 100 %, 45 %, 615 MHz, 5000 MHz, 66.86 W, 77, P0
2026/09/30 06:38:58.865, Tesla T4, 12855 MiB, 2058 MiB, 15360 MiB, 100 %, 47 %, 525 MHz, 5000 MHz, 65.34 W, 77, P0
2026/09/30 06:38:59.381, Tesla T4, 12855 MiB, 2058 MiB, 15360 MiB, 100 %, 61 %, 720 MHz, 5000 MHz, 67.75 W, 77, P0
2026/09/30 06:38:59.899, Tesla T4, 12855 MiB, 2058 MiB, 15360 MiB, 96 %, 51 %, 615 MHz, 5000 MHz, 48.79 W, 77, P0
2026/09/30 06:39:00.412, Tesla T4, 12855 MiB, 2058 MiB, 15360 MiB, 100 %, 45 %, 630 MHz, 5000 MHz, 63.57 W, 76, P0
2026/09/30 06:39:00.930, Tesla T4, 12855 MiB, 2058 MiB, 15360 MiB, 100 %, 73 %, 615 MHz, 5000 MHz, 78.13 W, 77, P0
2026/09/30 06:39:01.452, Tesla T4, 12855 MiB, 2058 MiB, 15360 MiB, 100 %, 44 %, 630 MHz, 5000 MHz, 65.14 W, 77, P0
2026/09/30 06:39:01.966, Tesla T4, 12855 MiB, 2058 MiB, 15360 MiB, 98 %, 100 %, 1170 MHz, 5000 MHz, 57.90 W, 76, P0
2026/09/30 06:39:02.491, Tesla T4, 12855 MiB, 2058 MiB, 15360 MiB, 100 %, 51 %, 810 MHz, 5000 MHz, 64.69 W, 77, P0
2026/09/30 06:39:03.004, Tesla T4, 12855 MiB, 2058 MiB, 15360 MiB, 100 %, 56 %, 765 MHz, 5000 MHz, 68.24 W, 77, P0
2026/09/30 06:39:03.527, Tesla T4, 12855 MiB, 2058 MiB, 15360 MiB, 100 %, 55 %, 720 MHz, 5000 MHz, 62.18 W, 76, P0
2026/09/30 06:39:04.062, Tesla T4, 12855 MiB, 2058 MiB, 15360 MiB, 100 %, 41 %, 645 MHz, 5000 MHz, 66.61 W, 77, P0
2026/09/30 06:39:04.589, Tesla T4, 12855 MiB, 2058 MiB, 15360 MiB, 100 %, 38 %, 780 MHz, 5000 MHz, 62.63 W, 76, P0
2026/09/30 06:39:05.130, Tesla T4, 12855 MiB, 2058 MiB, 15360 MiB, 100 %, 41 %, 615 MHz, 5000 MHz, 64.26 W, 77, P0
2026/09/30 06:39:05.650, Tesla T4, 12855 MiB, 2058 MiB, 15360 MiB, 100 %, 36 %, 885 MHz, 5000 MHz, 61.69 W, 76, P0
2026/09/30 06:39:06.177, Tesla T4, 12855 MiB, 2058 MiB, 15360 MiB, 100 %, 62 %, 735 MHz, 5000 MHz, 60.26 W, 77, P0
2026/09/30 06:39:06.690, Tesla T4, 12855 MiB, 2058 MiB, 15360 MiB, 100 %, 51 %, 720 MHz, 5000 MHz, 69.31 W, 77, P0
2026/09/30 06:39:07.208, Tesla T4, 12855 MiB, 2058 MiB, 15360 MiB, 100 %, 51 %, 750 MHz, 5000 MHz, 65.57 W, 77, P0
2026/09/30 06:39:07.721, Tesla T4, 12855 MiB, 2058 MiB, 15360 MiB, 100 %, 52 %, 735 MHz, 5000 MHz, 62.14 W, 77, P0
2026/09/30 06:39:08.239, Tesla T4, 12855 MiB, 2058 MiB, 15360 MiB, 100 %, 55 %, 600 MHz, 5000 MHz, 66.12 W, 77, P0
2026/09/30 06:39:08.755, Tesla T4, 12855 MiB, 2058 MiB, 15360 MiB, 99 %, 85 %, 675 MHz, 5000 MHz, 62.69 W, 77, P0
2026/09/30 06:39:09.269, Tesla T4, 12855 MiB, 2058 MiB, 15360 MiB, 96 %, 50 %, 1035 MHz, 5000 MHz, 66.86 W, 77, P0
2026/09/30 06:39:09.781, Tesla T4, 12855 MiB, 2058 MiB, 15360 MiB, 100 %, 46 %, 735 MHz, 5000 MHz, 78.08 W, 77, P0
2026/09/30 06:39:10.293, Tesla T4, 12855 MiB, 2058 MiB, 15360 MiB, 96 %, 53 %, 630 MHz, 5000 MHz, 69.21 W, 77, P0
2026/09/30 06:39:10.812, Tesla T4, 12855 MiB, 2058 MiB, 15360 MiB, 98 %, 82 %, 735 MHz, 5000 MHz, 75.93 W, 77, P0
2026/09/30 06:39:11.326, Tesla T4, 12855 MiB, 2058 MiB, 15360 MiB, 96 %, 52 %, 600 MHz, 5000 MHz, 67.35 W, 77, P0
2026/09/30 06:39:11.842, Tesla T4, 12855 MiB, 2058 MiB, 15360 MiB, 100 %, 58 %, 630 MHz, 5000 MHz, 67.30 W, 77, P0
2026/09/30 06:39:12.355, Tesla T4, 12855 MiB, 2058 MiB, 15360 MiB, 100 %, 43 %, 900 MHz, 5000 MHz, 61.75 W, 76, P0
2026/09/30 06:39:12.874, Tesla T4, 12855 MiB, 2058 MiB, 15360 MiB, 100 %, 56 %, 795 MHz, 5000 MHz, 66.77 W, 77, P0
2026/09/30 06:39:13.386, Tesla T4, 12855 MiB, 2058 MiB, 15360 MiB, 100 %, 56 %, 675 MHz, 5000 MHz, 63.36 W, 77, P0
2026/09/30 06:39:13.899, Tesla T4, 12855 MiB, 2058 MiB, 15360 MiB, 100 %, 57 %, 630 MHz, 5000 MHz, 67.30 W, 77, P0
2026/09/30 06:39:14.417, Tesla T4, 12855 MiB, 2058 MiB, 15360 MiB, 98 %, 82 %, 735 MHz, 5000 MHz, 66.57 W, 77, P0
2026/09/30 06:39:14.931, Tesla T4, 12855 MiB, 2058 MiB, 15360 MiB, 100 %, 56 %, 825 MHz, 5000 MHz, 49.45 W, 77, P0
2026/09/30 06:39:15.448, Tesla T4, 12855 MiB, 2058 MiB, 15360 MiB, 100 %, 47 %, 570 MHz, 5000 MHz, 68.33 W, 77, P0
2026/09/30 06:39:15.964, Tesla T4, 12855 MiB, 2058 MiB, 15360 MiB, 98 %, 83 %, 750 MHz, 5000 MHz, 70.50 W, 77, P0
2026/09/30 06:39:16.493, Tesla T4, 12855 MiB, 2058 MiB, 15360 MiB, 100 %, 59 %, 915 MHz, 5000 MHz, 70.88 W, 76, P0
2026/09/30 06:39:17.040, Tesla T4, 12855 MiB, 2058 MiB, 15360 MiB, 100 %, 50 %, 645 MHz, 5000 MHz, 64.30 W, 77, P0
2026/09/30 06:39:17.582, Tesla T4, 12855 MiB, 2058 MiB, 15360 MiB, 93 %, 52 %, 1515 MHz, 5000 MHz, 53.25 W, 77, P0
2026/09/30 06:39:18.099, Tesla T4, 12855 MiB, 2058 MiB, 15360 MiB, 98 %, 54 %, 1200 MHz, 5000 MHz, 59.37 W, 77, P0
2026/09/30 06:39:18.612, Tesla T4, 12855 MiB, 2058 MiB, 15360 MiB, 100 %, 44 %, 570 MHz, 5000 MHz, 65.79 W, 77, P0
2026/09/30 06:39:19.124, Tesla T4, 12855 MiB, 2058 MiB, 15360 MiB, 100 %, 65 %, 615 MHz, 5000 MHz, 67.69 W, 77, P0
2026/09/30 06:39:19.642, Tesla T4, 12855 MiB, 2058 MiB, 15360 MiB, 100 %, 45 %, 495 MHz, 5000 MHz, 69.37 W, 77, P0
2026/09/30 06:39:20.155, Tesla T4, 12855 MiB, 2058 MiB, 15360 MiB, 100 %, 65 %, 690 MHz, 5000 MHz, 66.57 W, 77, P0
2026/09/30 06:39:20.673, Tesla T4, 12855 MiB, 2058 MiB, 15360 MiB, 100 %, 55 %, 720 MHz, 5000 MHz, 63.97 W, 77, P0
2026/09/30 06:39:21.192, Tesla T4, 12855 MiB, 2058 MiB, 15360 MiB, 96 %, 50 %, 615 MHz, 5000 MHz, 67.16 W, 77, P0
2026/09/30 06:39:21.710, Tesla T4, 12855 MiB, 2058 MiB, 15360 MiB, 100 %, 44 %, 555 MHz, 5000 MHz, 68.19 W, 77, P0
2026/09/30 06:39:22.226, Tesla T4, 12855 MiB, 2058 MiB, 15360 MiB, 100 %, 56 %, 1020 MHz, 5000 MHz, 60.57 W, 77, P0
2026/09/30 06:39:22.749, Tesla T4, 12855 MiB, 2058 MiB, 15360 MiB, 100 %, 52 %, 735 MHz, 5000 MHz, 67.30 W, 77, P0
2026/09/30 06:39:23.262, Tesla T4, 12855 MiB, 2058 MiB, 15360 MiB, 96 %, 49 %, 600 MHz, 5000 MHz, 65.69 W, 77, P0
2026/09/30 06:39:23.775, Tesla T4, 12855 MiB, 2058 MiB, 15360 MiB, 100 %, 58 %, 630 MHz, 5000 MHz, 63.48 W, 77, P0
2026/09/30 06:39:24.292, Tesla T4, 12855 MiB, 2058 MiB, 15360 MiB, 100 %, 44 %, 480 MHz, 5000 MHz, 70.35 W, 77, P0
2026/09/30 06:39:24.812, Tesla T4, 12855 MiB, 2058 MiB, 15360 MiB, 100 %, 49 %, 690 MHz, 5000 MHz, 64.26 W, 77, P0
2026/09/30 06:39:25.326, Tesla T4, 12855 MiB, 2058 MiB, 15360 MiB, 100 %, 52 %, 750 MHz, 5000 MHz, 67.59 W, 77, P0
2026/09/30 06:39:25.847, Tesla T4, 12855 MiB, 2058 MiB, 15360 MiB, 100 %, 47 %, 975 MHz, 5000 MHz, 67.26 W, 77, P0
2026/09/30 06:39:26.359, Tesla T4, 12855 MiB, 2058 MiB, 15360 MiB, 98 %, 80 %, 735 MHz, 5000 MHz, 67.10 W, 77, P0
2026/09/30 06:39:26.876, Tesla T4, 12855 MiB, 2058 MiB, 15360 MiB, 100 %, 46 %, 555 MHz, 5000 MHz, 65.59 W, 77, P0
2026/09/30 06:39:27.396, Tesla T4, 12855 MiB, 2058 MiB, 15360 MiB, 100 %, 46 %, 585 MHz, 5000 MHz, 65.59 W, 77, P0
2026/09/30 06:39:27.913, Tesla T4, 12855 MiB, 2058 MiB, 15360 MiB, 100 %, 44 %, 495 MHz, 5000 MHz, 68.24 W, 77, P0
2026/09/30 06:39:28.433, Tesla T4, 12855 MiB, 2058 MiB, 15360 MiB, 100 %, 54 %, 660 MHz, 5000 MHz, 69.56 W, 77, P0
2026/09/30 06:39:28.979, Tesla T4, 12855 MiB, 2058 MiB, 15360 MiB, 100 %, 53 %, 630 MHz, 5000 MHz, 63.97 W, 77, P0
2026/09/30 06:39:29.520, Tesla T4, 12855 MiB, 2058 MiB, 15360 MiB, 92 %, 48 %, 600 MHz, 5000 MHz, 67.49 W, 77, P0
2026/09/30 06:39:30.042, Tesla T4, 12855 MiB, 2058 MiB, 15360 MiB, 100 %, 55 %, 600 MHz, 5000 MHz, 65.93 W, 77, P0
2026/09/30 06:39:30.573, Tesla T4, 12855 MiB, 2058 MiB, 15360 MiB, 97 %, 79 %, 780 MHz, 5000 MHz, 69.21 W, 77, P0
2026/09/30 06:39:31.086, Tesla T4, 12855 MiB, 2058 MiB, 15360 MiB, 96 %, 52 %, 555 MHz, 5000 MHz, 72.75 W, 77, P0
2026/09/30 06:39:31.603, Tesla T4, 12855 MiB, 2058 MiB, 15360 MiB, 100 %, 49 %, 570 MHz, 5000 MHz, 72.06 W, 77, P0
2026/09/30 06:39:32.116, Tesla T4, 12855 MiB, 2058 MiB, 15360 MiB, 98 %, 76 %, 1035 MHz, 5000 MHz, 62.57 W, 77, P0
2026/09/30 06:39:32.641, Tesla T4, 12855 MiB, 2058 MiB, 15360 MiB, 100 %, 53 %, 750 MHz, 5000 MHz, 66.42 W, 77, P0
2026/09/30 06:39:33.153, Tesla T4, 12855 MiB, 2058 MiB, 15360 MiB, 96 %, 49 %, 570 MHz, 5000 MHz, 66.02 W, 77, P0
2026/09/30 06:39:33.668, Tesla T4, 12855 MiB, 2058 MiB, 15360 MiB, 100 %, 57 %, 555 MHz, 5000 MHz, 64.55 W, 77, P0
2026/09/30 06:39:34.185, Tesla T4, 12855 MiB, 2058 MiB, 15360 MiB, 100 %, 61 %, 645 MHz, 5000 MHz, 64.44 W, 77, P0
2026/09/30 06:39:34.698, Tesla T4, 12855 MiB, 2058 MiB, 15360 MiB, 99 %, 59 %, 615 MHz, 5000 MHz, 65.38 W, 77, P0
2026/09/30 06:39:35.218, Tesla T4, 12855 MiB, 2058 MiB, 15360 MiB, 100 %, 56 %, 600 MHz, 5000 MHz, 64.95 W, 77, P0
2026/09/30 06:39:35.736, Tesla T4, 12855 MiB, 2058 MiB, 15360 MiB, 99 %, 78 %, 1035 MHz, 5000 MHz, 62.67 W, 77, P0
2026/09/30 06:39:36.254, Tesla T4, 12855 MiB, 2058 MiB, 15360 MiB, 100 %, 53 %, 660 MHz, 5000 MHz, 63.32 W, 77, P0
2026/09/30 06:39:36.772, Tesla T4, 12855 MiB, 2058 MiB, 15360 MiB, 100 %, 53 %, 930 MHz, 5000 MHz, 62.87 W, 77, P0
2026/09/30 06:39:37.287, Tesla T4, 12855 MiB, 2058 MiB, 15360 MiB, 100 %, 56 %, 585 MHz, 5000 MHz, 67.55 W, 77, P0
2026/09/30 06:39:37.803, Tesla T4, 12855 MiB, 2058 MiB, 15360 MiB, 100 %, 59 %, 795 MHz, 5000 MHz, 63.77 W, 77, P0
2026/09/30 06:39:38.316, Tesla T4, 12855 MiB, 2058 MiB, 15360 MiB, 100 %, 44 %, 600 MHz, 5000 MHz, 69.56 W, 77, P0
2026/09/30 06:39:38.836, Tesla T4, 12855 MiB, 2058 MiB, 15360 MiB, 100 %, 43 %, 630 MHz, 5000 MHz, 65.34 W, 77, P0
2026/09/30 06:39:39.347, Tesla T4, 12855 MiB, 2058 MiB, 15360 MiB, 98 %, 93 %, 645 MHz, 5000 MHz, 63.42 W, 77, P0
2026/09/30 06:39:39.859, Tesla T4, 12855 MiB, 2058 MiB, 15360 MiB, 100 %, 53 %, 750 MHz, 5000 MHz, 63.87 W, 77, P0
2026/09/30 06:39:40.377, Tesla T4, 12855 MiB, 2058 MiB, 15360 MiB, 100 %, 54 %, 585 MHz, 5000 MHz, 65.97 W, 77, P0
2026/09/30 06:39:40.891, Tesla T4, 12855 MiB, 2058 MiB, 15360 MiB, 100 %, 56 %, 570 MHz, 5000 MHz, 66.02 W, 77, P0
2026/09/30 06:39:41.417, Tesla T4, 12855 MiB, 2058 MiB, 15360 MiB, 98 %, 99 %, 1245 MHz, 5000 MHz, 63.51 W, 78, P0
2026/09/30 06:39:41.942, Tesla T4, 12855 MiB, 2058 MiB, 15360 MiB, 100 %, 55 %, 705 MHz, 5000 MHz, 63.42 W, 77, P0
2026/09/30 06:39:42.458, Tesla T4, 12855 MiB, 2058 MiB, 15360 MiB, 90 %, 47 %, 585 MHz, 5000 MHz, 66.32 W, 77, P0
2026/09/30 06:39:42.997, Tesla T4, 12855 MiB, 2058 MiB, 15360 MiB, 100 %, 58 %, 585 MHz, 5000 MHz, 64.40 W, 77, P0
2026/09/30 06:39:43.538, Tesla T4, 12855 MiB, 2058 MiB, 15360 MiB, 100 %, 77 %, 735 MHz, 5000 MHz, 66.77 W, 77, P0
2026/09/30 06:39:44.051, Tesla T4, 12855 MiB, 2058 MiB, 15360 MiB, 96 %, 55 %, 585 MHz, 5000 MHz, 73.24 W, 77, P0
2026/09/30 06:39:44.564, Tesla T4, 12855 MiB, 2058 MiB, 15360 MiB, 100 %, 55 %, 600 MHz, 5000 MHz, 67.65 W, 77, P0
2026/09/30 06:39:45.081, Tesla T4, 12855 MiB, 2058 MiB, 15360 MiB, 100 %, 56 %, 705 MHz, 5000 MHz, 65.24 W, 77, P0
2026/09/30 06:39:45.617, Tesla T4, 12855 MiB, 2058 MiB, 15360 MiB, 91 %, 45 %, 1575 MHz, 5000 MHz, 44.28 W, 76, P0
2026/09/30 06:39:46.151, Tesla T4, 12855 MiB, 2058 MiB, 15360 MiB, 45 %, 31 %, 630 MHz, 5000 MHz, 65.44 W, 77, P0
2026/09/30 06:39:46.682, Tesla T4, 12855 MiB, 2058 MiB, 15360 MiB, 100 %, 45 %, 600 MHz, 5000 MHz, 64.59 W, 77, P0
2026/09/30 06:39:47.200, Tesla T4, 12855 MiB, 2058 MiB, 15360 MiB, 98 %, 94 %, 630 MHz, 5000 MHz, 89.86 W, 77, P0
2026/09/30 06:39:47.724, Tesla T4, 12855 MiB, 2058 MiB, 15360 MiB, 100 %, 54 %, 705 MHz, 5000 MHz, 65.14 W, 77, P0
2026/09/30 06:39:48.237, Tesla T4, 12855 MiB, 2058 MiB, 15360 MiB, 96 %, 50 %, 570 MHz, 5000 MHz, 66.02 W, 77, P0
2026/09/30 06:39:48.751, Tesla T4, 12855 MiB, 2058 MiB, 15360 MiB, 100 %, 43 %, 585 MHz, 5000 MHz, 63.12 W, 77, P0
2026/09/30 06:39:49.268, Tesla T4, 12855 MiB, 2058 MiB, 15360 MiB, 100 %, 72 %, 585 MHz, 5000 MHz, 66.12 W, 77, P0
2026/09/30 06:39:49.787, Tesla T4, 12855 MiB, 2058 MiB, 15360 MiB, 100 %, 43 %, 450 MHz, 5000 MHz, 68.04 W, 77, P0
2026/09/30 06:39:50.300, Tesla T4, 12855 MiB, 2058 MiB, 15360 MiB, 100 %, 80 %, 675 MHz, 5000 MHz, 60.87 W, 77, P0
2026/09/30 06:39:50.812, Tesla T4, 12855 MiB, 2058 MiB, 15360 MiB, 100 %, 54 %, 645 MHz, 5000 MHz, 61.79 W, 77, P0
2026/09/30 06:39:51.331, Tesla T4, 12855 MiB, 2058 MiB, 15360 MiB, 100 %, 55 %, 735 MHz, 5000 MHz, 62.14 W, 77, P0
2026/09/30 06:39:51.843, Tesla T4, 12855 MiB, 2058 MiB, 15360 MiB, 85 %, 46 %, 570 MHz, 5000 MHz, 69.66 W, 77, P0
2026/09/30 06:39:52.361, Tesla T4, 12855 MiB, 2058 MiB, 15360 MiB, 100 %, 59 %, 585 MHz, 5000 MHz, 65.97 W, 77, P0
2026/09/30 06:39:52.873, Tesla T4, 12855 MiB, 2058 MiB, 15360 MiB, 100 %, 70 %, 510 MHz, 5000 MHz, 61.98 W, 77, P0
2026/09/30 06:39:53.385, Tesla T4, 12855 MiB, 2058 MiB, 15360 MiB, 100 %, 53 %, 720 MHz, 5000 MHz, 65.98 W, 77, P0
2026/09/30 06:39:53.906, Tesla T4, 12855 MiB, 2058 MiB, 15360 MiB, 94 %, 47 %, 600 MHz, 5000 MHz, 67.06 W, 77, P0
2026/09/30 06:39:54.432, Tesla T4, 12855 MiB, 2058 MiB, 15360 MiB, 100 %, 47 %, 570 MHz, 5000 MHz, 62.44 W, 77, P0
2026/09/30 06:39:54.986, Tesla T4, 12855 MiB, 2058 MiB, 15360 MiB, 100 %, 57 %, 810 MHz, 5000 MHz, 67.06 W, 77, P0
2026/09/30 06:39:55.516, Tesla T4, 12855 MiB, 2058 MiB, 15360 MiB, 93 %, 46 %, 615 MHz, 5000 MHz, 64.85 W, 78, P0
2026/09/30 06:39:56.061, Tesla T4, 12855 MiB, 2058 MiB, 15360 MiB, 100 %, 47 %, 585 MHz, 5000 MHz, 67.45 W, 77, P0
2026/09/30 06:39:56.603, Tesla T4, 12855 MiB, 2058 MiB, 15360 MiB, 100 %, 56 %, 690 MHz, 5000 MHz, 68.68 W, 77, P0
2026/09/30 06:39:57.121, Tesla T4, 12855 MiB, 2058 MiB, 15360 MiB, 96 %, 52 %, 570 MHz, 5000 MHz, 65.20 W, 77, P0
2026/09/30 06:39:57.634, Tesla T4, 12855 MiB, 2058 MiB, 15360 MiB, 100 %, 60 %, 585 MHz, 5000 MHz, 65.63 W, 77, P0
2026/09/30 06:39:58.151, Tesla T4, 12855 MiB, 2058 MiB, 15360 MiB, 100 %, 65 %, 525 MHz, 5000 MHz, 68.14 W, 78, P0
2026/09/30 06:39:58.665, Tesla T4, 12855 MiB, 2058 MiB, 15360 MiB, 100 %, 51 %, 645 MHz, 5000 MHz, 63.08 W, 77, P0
2026/09/30 06:39:59.186, Tesla T4, 12855 MiB, 2058 MiB, 15360 MiB, 87 %, 45 %, 630 MHz, 5000 MHz, 66.67 W, 77, P0
2026/09/30 06:39:59.699, Tesla T4, 12855 MiB, 2058 MiB, 15360 MiB, 100 %, 58 %, 645 MHz, 5000 MHz, 67.16 W, 77, P0
2026/09/30 06:40:00.216, Tesla T4, 12855 MiB, 2058 MiB, 15360 MiB, 98 %, 93 %, 1050 MHz, 5000 MHz, 60.81 W, 77, P0
2026/09/30 06:40:00.753, Tesla T4, 12855 MiB, 2058 MiB, 15360 MiB, 100 %, 56 %, 750 MHz, 5000 MHz, 67.10 W, 77, P0
2026/09/30 06:40:01.271, Tesla T4, 12855 MiB, 2058 MiB, 15360 MiB, 96 %, 51 %, 600 MHz, 5000 MHz, 73.72 W, 78, P0
2026/09/30 06:40:01.785, Tesla T4, 12855 MiB, 2058 MiB, 15360 MiB, 100 %, 56 %, 555 MHz, 5000 MHz, 61.16 W, 77, P0
2026/09/30 06:40:02.313, Tesla T4, 12855 MiB, 2058 MiB, 15360 MiB, 100 %, 54 %, 690 MHz, 5000 MHz, 66.38 W, 77, P0
2026/09/30 06:40:02.834, Tesla T4, 12855 MiB, 2058 MiB, 15360 MiB, 100 %, 44 %, 615 MHz, 5000 MHz, 67.26 W, 78, P0
2026/09/30 06:40:03.346, Tesla T4, 12855 MiB, 2058 MiB, 15360 MiB, 100 %, 36 %, 795 MHz, 5000 MHz, 62.53 W, 77, P0
2026/09/30 06:40:03.868, Tesla T4, 12855 MiB, 2058 MiB, 15360 MiB, 100 %, 43 %, 615 MHz, 5000 MHz, 63.81 W, 77, P0
2026/09/30 06:40:04.380, Tesla T4, 12855 MiB, 2058 MiB, 15360 MiB, 100 %, 45 %, 1005 MHz, 5000 MHz, 62.67 W, 77, P0
2026/09/30 06:40:04.910, Tesla T4, 12855 MiB, 2058 MiB, 15360 MiB, 100 %, 51 %, 750 MHz, 5000 MHz, 63.91 W, 77, P0
2026/09/30 06:40:05.431, Tesla T4, 12855 MiB, 2058 MiB, 15360 MiB, 100 %, 54 %, 690 MHz, 5000 MHz, 67.51 W, 77, P0
2026/09/30 06:40:05.952, Tesla T4, 12855 MiB, 2058 MiB, 15360 MiB, 100 %, 54 %, 675 MHz, 5000 MHz, 67.35 W, 77, P0
2026/09/30 06:40:06.467, Tesla T4, 12855 MiB, 2058 MiB, 15360 MiB, 96 %, 51 %, 555 MHz, 5000 MHz, 67.16 W, 77, P0
2026/09/30 06:40:07.000, Tesla T4, 12855 MiB, 2058 MiB, 15360 MiB, 98 %, 68 %, 675 MHz, 5000 MHz, 76.12 W, 77, P0
2026/09/30 06:40:07.542, Tesla T4, 12855 MiB, 2058 MiB, 15360 MiB, 79 %, 49 %, 525 MHz, 5000 MHz, 90.12 W, 78, P0
2026/09/30 06:40:08.069, Tesla T4, 12855 MiB, 2058 MiB, 15360 MiB, 100 %, 44 %, 510 MHz, 5000 MHz, 66.91 W, 78, P0
2026/09/30 06:40:08.591, Tesla T4, 12855 MiB, 2058 MiB, 15360 MiB, 100 %, 45 %, 630 MHz, 5000 MHz, 68.04 W, 77, P0
2026/09/30 06:40:09.114, Tesla T4, 12855 MiB, 2058 MiB, 15360 MiB, 100 %, 47 %, 1095 MHz, 5000 MHz, 62.73 W, 77, P0
2026/09/30 06:40:09.641, Tesla T4, 12855 MiB, 2058 MiB, 15360 MiB, 100 %, 55 %, 750 MHz, 5000 MHz, 65.63 W, 77, P0
2026/09/30 06:40:10.160, Tesla T4, 12855 MiB, 2058 MiB, 15360 MiB, 100 %, 55 %, 750 MHz, 5000 MHz, 66.12 W, 77, P0
2026/09/30 06:40:10.674, Tesla T4, 12855 MiB, 2058 MiB, 15360 MiB, 96 %, 46 %, 555 MHz, 5000 MHz, 66.22 W, 77, P0
2026/09/30 06:40:11.200, Tesla T4, 12855 MiB, 2058 MiB, 15360 MiB, 100 %, 47 %, 570 MHz, 5000 MHz, 65.38 W, 77, P0
2026/09/30 06:40:11.744, Tesla T4, 12855 MiB, 2058 MiB, 15360 MiB, 100 %, 76 %, 615 MHz, 5000 MHz, 60.35 W, 77, P0
2026/09/30 06:40:12.270, Tesla T4, 12855 MiB, 2058 MiB, 15360 MiB, 100 %, 54 %, 645 MHz, 5000 MHz, 67.20 W, 77, P0
2026/09/30 06:40:12.784, Tesla T4, 12855 MiB, 2058 MiB, 15360 MiB, 100 %, 49 %, 570 MHz, 5000 MHz, 67.00 W, 77, P0
2026/09/30 06:40:13.304, Tesla T4, 12855 MiB, 2058 MiB, 15360 MiB, 100 %, 46 %, 555 MHz, 5000 MHz, 63.91 W, 77, P0
2026/09/30 06:40:13.830, Tesla T4, 12855 MiB, 2058 MiB, 15360 MiB, 100 %, 55 %, 675 MHz, 5000 MHz, 66.91 W, 77, P0
2026/09/30 06:40:14.343, Tesla T4, 12855 MiB, 2058 MiB, 15360 MiB, 96 %, 48 %, 585 MHz, 5000 MHz, 65.44 W, 77, P0
2026/09/30 06:40:14.860, Tesla T4, 12855 MiB, 2058 MiB, 15360 MiB, 100 %, 47 %, 555 MHz, 5000 MHz, 68.24 W, 78, P0
2026/09/30 06:40:15.372, Tesla T4, 12855 MiB, 2058 MiB, 15360 MiB, 99 %, 79 %, 750 MHz, 5000 MHz, 66.42 W, 77, P0
2026/09/30 06:40:15.890, Tesla T4, 12855 MiB, 2058 MiB, 15360 MiB, 86 %, 49 %, 600 MHz, 5000 MHz, 67.84 W, 77, P0
2026/09/30 06:40:16.405, Tesla T4, 12855 MiB, 2058 MiB, 15360 MiB, 100 %, 44 %, 615 MHz, 5000 MHz, 66.51 W, 78, P0
2026/09/30 06:40:16.923, Tesla T4, 12855 MiB, 2058 MiB, 15360 MiB, 100 %, 46 %, 555 MHz, 5000 MHz, 67.00 W, 78, P0
2026/09/30 06:40:17.442, Tesla T4, 12855 MiB, 2058 MiB, 15360 MiB, 100 %, 85 %, 1170 MHz, 5000 MHz, 62.18 W, 77, P0
2026/09/30 06:40:17.978, Tesla T4, 12855 MiB, 2058 MiB, 15360 MiB, 100 %, 50 %, 780 MHz, 5000 MHz, 68.49 W, 77, P0
2026/09/30 06:40:18.494, Tesla T4, 12855 MiB, 2058 MiB, 15360 MiB, 100 %, 56 %, 690 MHz, 5000 MHz, 68.43 W, 77, P0
2026/09/30 06:40:19.011, Tesla T4, 12855 MiB, 2058 MiB, 15360 MiB, 96 %, 52 %, 585 MHz, 5000 MHz, 66.85 W, 77, P0
2026/09/30 06:40:19.544, Tesla T4, 12855 MiB, 2058 MiB, 15360 MiB, 100 %, 48 %, 615 MHz, 5000 MHz, 64.85 W, 78, P0
2026/09/30 06:40:20.077, Tesla T4, 12855 MiB, 2058 MiB, 15360 MiB, 100 %, 57 %, 720 MHz, 5000 MHz, 62.83 W, 77, P0
2026/09/30 06:40:20.617, Tesla T4, 12855 MiB, 2058 MiB, 15360 MiB, 93 %, 51 %, 630 MHz, 5000 MHz, 62.77 W, 77, P0
2026/09/30 06:40:21.146, Tesla T4, 12855 MiB, 2058 MiB, 15360 MiB, 100 %, 44 %, 555 MHz, 5000 MHz, 63.42 W, 77, P0
2026/09/30 06:40:21.676, Tesla T4, 12855 MiB, 2058 MiB, 15360 MiB, 100 %, 43 %, 540 MHz, 5000 MHz, 63.91 W, 77, P0
2026/09/30 06:40:22.198, Tesla T4, 12855 MiB, 2058 MiB, 15360 MiB, 100 %, 44 %, 510 MHz, 5000 MHz, 63.91 W, 77, P0
2026/09/30 06:40:22.715, Tesla T4, 12855 MiB, 2058 MiB, 15360 MiB, 100 %, 100 %, 525 MHz, 5000 MHz, 92.91 W, 77, P0
2026/09/30 06:40:23.232, Tesla T4, 12855 MiB, 2058 MiB, 15360 MiB, 100 %, 56 %, 660 MHz, 5000 MHz, 68.43 W, 77, P0
2026/09/30 06:40:23.752, Tesla T4, 12855 MiB, 2058 MiB, 15360 MiB, 100 %, 55 %, 795 MHz, 5000 MHz, 64.20 W, 77, P0
2026/09/30 06:40:24.265, Tesla T4, 12855 MiB, 2058 MiB, 15360 MiB, 100 %, 54 %, 975 MHz, 5000 MHz, 61.46 W, 77, P0
2026/09/30 06:40:24.776, Tesla T4, 12855 MiB, 2058 MiB, 15360 MiB, 100 %, 55 %, 600 MHz, 5000 MHz, 65.24 W, 77, P0
2026/09/30 06:40:25.290, Tesla T4, 12855 MiB, 2058 MiB, 15360 MiB, 98 %, 85 %, 660 MHz, 5000 MHz, 63.36 W, 77, P0
2026/09/30 06:40:25.806, Tesla T4, 12855 MiB, 2058 MiB, 15360 MiB, 87 %, 44 %, 615 MHz, 5000 MHz, 65.44 W, 77, P0
2026/09/30 06:40:26.324, Tesla T4, 12855 MiB, 2058 MiB, 15360 MiB, 100 %, 55 %, 615 MHz, 5000 MHz, 64.00 W, 77, P0
2026/09/30 06:40:26.843, Tesla T4, 12855 MiB, 2058 MiB, 15360 MiB, 100 %, 73 %, 1230 MHz, 5000 MHz, 59.17 W, 78, P0
2026/09/30 06:40:27.364, Tesla T4, 12855 MiB, 2058 MiB, 15360 MiB, 100 %, 56 %, 780 MHz, 5000 MHz, 63.71 W, 77, P0
2026/09/30 06:40:27.877, Tesla T4, 12855 MiB, 2058 MiB, 15360 MiB, 96 %, 52 %, 585 MHz, 5000 MHz, 68.53 W, 77, P0
2026/09/30 06:40:28.394, Tesla T4, 12855 MiB, 2058 MiB, 15360 MiB, 98 %, 82 %, 690 MHz, 5000 MHz, 73.82 W, 77, P0
2026/09/30 06:40:28.907, Tesla T4, 12855 MiB, 2058 MiB, 15360 MiB, 97 %, 55 %, 1530 MHz, 5000 MHz, 57.31 W, 77, P0
2026/09/30 06:40:29.416, Tesla T4, 12855 MiB, 2058 MiB, 15360 MiB, 98 %, 57 %, 1155 MHz, 5000 MHz, 64.89 W, 77, P0
2026/09/30 06:40:29.926, Tesla T4, 12855 MiB, 2058 MiB, 15360 MiB, 100 %, 45 %, 555 MHz, 5000 MHz, 63.85 W, 77, P0
2026/09/30 06:40:30.439, Tesla T4, 12855 MiB, 2058 MiB, 15360 MiB, 100 %, 45 %, 570 MHz, 5000 MHz, 64.30 W, 77, P0
2026/09/30 06:40:30.956, Tesla T4, 12855 MiB, 2058 MiB, 15360 MiB, 98 %, 100 %, 690 MHz, 5000 MHz, 65.67 W, 77, P0
2026/09/30 06:40:31.469, Tesla T4, 12855 MiB, 2058 MiB, 15360 MiB, 100 %, 58 %, 810 MHz, 5000 MHz, 63.91 W, 77, P0
2026/09/30 06:40:31.989, Tesla T4, 12855 MiB, 2058 MiB, 15360 MiB, 96 %, 45 %, 585 MHz, 5000 MHz, 63.91 W, 77, P0
2026/09/30 06:40:32.527, Tesla T4, 12855 MiB, 2058 MiB, 15360 MiB, 100 %, 39 %, 795 MHz, 5000 MHz, 61.69 W, 77, P0
2026/09/30 06:40:33.067, Tesla T4, 12855 MiB, 2058 MiB, 15360 MiB, 100 %, 44 %, 630 MHz, 5000 MHz, 63.81 W, 77, P0
2026/09/30 06:40:33.604, Tesla T4, 12855 MiB, 2058 MiB, 15360 MiB, 100 %, 49 %, 1110 MHz, 5000 MHz, 65.93 W, 77, P0
2026/09/30 06:40:34.169, Tesla T4, 12855 MiB, 2058 MiB, 15360 MiB, 100 %, 55 %, 675 MHz, 5000 MHz, 66.71 W, 77, P0
2026/09/30 06:40:34.715, Tesla T4, 12855 MiB, 2058 MiB, 15360 MiB, 100 %, 57 %, 780 MHz, 5000 MHz, 67.98 W, 77, P0
2026/09/30 06:40:35.237, Tesla T4, 12855 MiB, 2058 MiB, 15360 MiB, 100 %, 56 %, 765 MHz, 5000 MHz, 78.71 W, 77, P0
2026/09/30 06:40:35.753, Tesla T4, 12855 MiB, 2058 MiB, 15360 MiB, 100 %, 45 %, 615 MHz, 5000 MHz, 65.93 W, 77, P0
2026/09/30 06:40:36.271, Tesla T4, 12855 MiB, 2058 MiB, 15360 MiB, 100 %, 47 %, 555 MHz, 5000 MHz, 65.44 W, 77, P0
2026/09/30 06:40:36.783, Tesla T4, 12855 MiB, 2058 MiB, 15360 MiB, 100 %, 56 %, 1065 MHz, 5000 MHz, 62.97 W, 77, P0
2026/09/30 06:40:37.320, Tesla T4, 12855 MiB, 2058 MiB, 15360 MiB, 100 %, 56 %, 720 MHz, 5000 MHz, 68.92 W, 77, P0
2026/09/30 06:40:37.835, Tesla T4, 12855 MiB, 2058 MiB, 15360 MiB, 100 %, 55 %, 705 MHz, 5000 MHz, 62.28 W, 77, P0
2026/09/30 06:40:38.355, Tesla T4, 12877 MiB, 2036 MiB, 15360 MiB, 34 %, 5 %, 1590 MHz, 5000 MHz, 56.88 W, 77, P0
2026/09/30 06:40:38.863, Tesla T4, 12883 MiB, 2030 MiB, 15360 MiB, 98 %, 32 %, 1530 MHz, 5000 MHz, 59.74 W, 77, P0
2026/09/30 06:40:39.385, Tesla T4, 12883 MiB, 2030 MiB, 15360 MiB, 100 %, 41 %, 660 MHz, 5000 MHz, 64.34 W, 77, P0
2026/09/30 06:40:39.903, Tesla T4, 12883 MiB, 2030 MiB, 15360 MiB, 100 %, 41 %, 765 MHz, 5000 MHz, 61.69 W, 77, P0
2026/09/30 06:40:40.434, Tesla T4, 12883 MiB, 2030 MiB, 15360 MiB, 100 %, 41 %, 600 MHz, 5000 MHz, 64.79 W, 77, P0
2026/09/30 06:40:40.946, Tesla T4, 12883 MiB, 2030 MiB, 15360 MiB, 100 %, 45 %, 735 MHz, 5000 MHz, 59.47 W, 77, P0
2026/09/30 06:40:41.477, Tesla T4, 12883 MiB, 2030 MiB, 15360 MiB, 100 %, 100 %, 675 MHz, 5000 MHz, 61.69 W, 77, P0
2026/09/30 06:40:41.991, Tesla T4, 12883 MiB, 2030 MiB, 15360 MiB, 100 %, 51 %, 735 MHz, 5000 MHz, 61.10 W, 77, P0
2026/09/30 06:40:42.511, Tesla T4, 12883 MiB, 2030 MiB, 15360 MiB, 100 %, 52 %, 645 MHz, 5000 MHz, 69.41 W, 77, P0
2026/09/30 06:40:43.025, Tesla T4, 12883 MiB, 2030 MiB, 15360 MiB, 100 %, 53 %, 750 MHz, 5000 MHz, 64.20 W, 77, P0
2026/09/30 06:40:43.537, Tesla T4, 12883 MiB, 2030 MiB, 15360 MiB, 100 %, 47 %, 840 MHz, 5000 MHz, 71.03 W, 77, P0
2026/09/30 06:40:44.056, Tesla T4, 12883 MiB, 2030 MiB, 15360 MiB, 100 %, 63 %, 1155 MHz, 5000 MHz, 59.47 W, 77, P0
2026/09/30 06:40:44.569, Tesla T4, 12883 MiB, 2030 MiB, 15360 MiB, 100 %, 55 %, 630 MHz, 5000 MHz, 67.30 W, 77, P0
2026/09/30 06:40:45.084, Tesla T4, 12883 MiB, 2030 MiB, 15360 MiB, 100 %, 46 %, 1260 MHz, 5000 MHz, 60.22 W, 77, P0
2026/09/30 06:40:45.616, Tesla T4, 12883 MiB, 2030 MiB, 15360 MiB, 93 %, 52 %, 645 MHz, 5000 MHz, 44.41 W, 77, P0
2026/09/30 06:40:46.149, Tesla T4, 12883 MiB, 2030 MiB, 15360 MiB, 100 %, 52 %, 600 MHz, 5000 MHz, 67.16 W, 77, P0
2026/09/30 06:40:46.675, Tesla T4, 12883 MiB, 2030 MiB, 15360 MiB, 97 %, 100 %, 735 MHz, 5000 MHz, 60.61 W, 77, P0
2026/09/30 06:40:47.200, Tesla T4, 12883 MiB, 2030 MiB, 15360 MiB, 100 %, 58 %, 810 MHz, 5000 MHz, 63.75 W, 77, P0
2026/09/30 06:40:47.732, Tesla T4, 12883 MiB, 2030 MiB, 15360 MiB, 100 %, 28 %, 1245 MHz, 5000 MHz, 62.22 W, 77, P0
2026/09/30 06:40:48.251, Tesla T4, 12883 MiB, 2030 MiB, 15360 MiB, 1 %, 0 %, 1590 MHz, 5000 MHz, 44.88 W, 77, P0
2026/09/30 06:40:48.767, Tesla T4, 12883 MiB, 2030 MiB, 15360 MiB, 100 %, 52 %, 600 MHz, 5000 MHz, 65.04 W, 77, P0
2026/09/30 06:40:49.279, Tesla T4, 12883 MiB, 2030 MiB, 15360 MiB, 100 %, 59 %, 660 MHz, 5000 MHz, 67.00 W, 77, P0
2026/09/30 06:40:49.798, Tesla T4, 12883 MiB, 2030 MiB, 15360 MiB, 96 %, 50 %, 585 MHz, 5000 MHz, 64.20 W, 77, P0
2026/09/30 06:40:50.310, Tesla T4, 12883 MiB, 2030 MiB, 15360 MiB, 100 %, 44 %, 630 MHz, 5000 MHz, 68.92 W, 77, P0
2026/09/30 06:40:50.827, Tesla T4, 12883 MiB, 2030 MiB, 15360 MiB, 100 %, 65 %, 615 MHz, 5000 MHz, 62.14 W, 77, P0
2026/09/30 06:40:51.341, Tesla T4, 12883 MiB, 2030 MiB, 15360 MiB, 100 %, 43 %, 465 MHz, 5000 MHz, 64.79 W, 77, P0
2026/09/30 06:40:51.861, Tesla T4, 12883 MiB, 2030 MiB, 15360 MiB, 100 %, 69 %, 780 MHz, 5000 MHz, 68.67 W, 77, P0
2026/09/30 06:40:52.376, Tesla T4, 12883 MiB, 2030 MiB, 15360 MiB, 100 %, 55 %, 765 MHz, 5000 MHz, 68.43 W, 77, P0
2026/09/30 06:40:52.894, Tesla T4, 12883 MiB, 2030 MiB, 15360 MiB, 100 %, 55 %, 645 MHz, 5000 MHz, 68.04 W, 77, P0
2026/09/30 06:40:53.410, Tesla T4, 12883 MiB, 2030 MiB, 15360 MiB, 95 %, 50 %, 570 MHz, 5000 MHz, 65.73 W, 77, P0
2026/09/30 06:40:53.928, Tesla T4, 12883 MiB, 2030 MiB, 15360 MiB, 98 %, 76 %, 660 MHz, 5000 MHz, 60.55 W, 77, P0
2026/09/30 06:40:54.443, Tesla T4, 12883 MiB, 2030 MiB, 15360 MiB, 100 %, 58 %, 630 MHz, 5000 MHz, 64.79 W, 77, P0
2026/09/30 06:40:54.960, Tesla T4, 12883 MiB, 2030 MiB, 15360 MiB, 100 %, 57 %, 555 MHz, 5000 MHz, 64.40 W, 77, P0
2026/09/30 06:40:55.472, Tesla T4, 12883 MiB, 2030 MiB, 15360 MiB, 98 %, 93 %, 690 MHz, 5000 MHz, 62.87 W, 77, P0
2026/09/30 06:40:55.991, Tesla T4, 12883 MiB, 2030 MiB, 15360 MiB, 86 %, 47 %, 585 MHz, 5000 MHz, 65.67 W, 77, P0
2026/09/30 06:40:56.503, Tesla T4, 12883 MiB, 2030 MiB, 15360 MiB, 100 %, 43 %, 585 MHz, 5000 MHz, 63.71 W, 77, P0
2026/09/30 06:40:57.016, Tesla T4, 12883 MiB, 2030 MiB, 15360 MiB, 100 %, 64 %, 585 MHz, 5000 MHz, 64.85 W, 77, P0
2026/09/30 06:40:57.535, Tesla T4, 12883 MiB, 2030 MiB, 15360 MiB, 100 %, 42 %, 525 MHz, 5000 MHz, 64.00 W, 77, P0
2026/09/30 06:40:58.055, Tesla T4, 12883 MiB, 2030 MiB, 15360 MiB, 98 %, 100 %, 555 MHz, 5000 MHz, 72.99 W, 77, P0
2026/09/30 06:40:58.596, Tesla T4, 12883 MiB, 2030 MiB, 15360 MiB, 100 %, 54 %, 765 MHz, 5000 MHz, 68.04 W, 77, P0
2026/09/30 06:40:59.117, Tesla T4, 12883 MiB, 2030 MiB, 15360 MiB, 100 %, 54 %, 750 MHz, 5000 MHz, 68.86 W, 77, P0
2026/09/30 06:40:59.671, Tesla T4, 12883 MiB, 2030 MiB, 15360 MiB, 92 %, 49 %, 570 MHz, 5000 MHz, 68.92 W, 77, P0
2026/09/30 06:41:00.205, Tesla T4, 12883 MiB, 2030 MiB, 15360 MiB, 100 %, 43 %, 555 MHz, 5000 MHz, 66.38 W, 77, P0
2026/09/30 06:41:00.739, Tesla T4, 12883 MiB, 2030 MiB, 15360 MiB, 100 %, 53 %, 585 MHz, 5000 MHz, 66.28 W, 77, P0
2026/09/30 06:41:01.251, Tesla T4, 12883 MiB, 2030 MiB, 15360 MiB, 100 %, 40 %, 570 MHz, 5000 MHz, 60.51 W, 77, P0
2026/09/30 06:41:01.773, Tesla T4, 12883 MiB, 2030 MiB, 15360 MiB, 98 %, 100 %, 690 MHz, 5000 MHz, 68.18 W, 77, P0
2026/09/30 06:41:02.285, Tesla T4, 12883 MiB, 2030 MiB, 15360 MiB, 100 %, 54 %, 660 MHz, 5000 MHz, 66.12 W, 77, P0
2026/09/30 06:41:02.803, Tesla T4, 12883 MiB, 2030 MiB, 15360 MiB, 100 %, 54 %, 645 MHz, 5000 MHz, 61.98 W, 77, P0
2026/09/30 06:41:03.316, Tesla T4, 12883 MiB, 2030 MiB, 15360 MiB, 95 %, 48 %, 585 MHz, 5000 MHz, 66.36 W, 77, P0
2026/09/30 06:41:03.834, Tesla T4, 12883 MiB, 2030 MiB, 15360 MiB, 100 %, 46 %, 600 MHz, 5000 MHz, 64.06 W, 77, P0
2026/09/30 06:41:04.347, Tesla T4, 12883 MiB, 2030 MiB, 15360 MiB, 98 %, 78 %, 795 MHz, 5000 MHz, 62.67 W, 77, P0
2026/09/30 06:41:04.866, Tesla T4, 12883 MiB, 2030 MiB, 15360 MiB, 96 %, 53 %, 555 MHz, 5000 MHz, 64.79 W, 77, P0
2026/09/30 06:41:05.380, Tesla T4, 12883 MiB, 2030 MiB, 15360 MiB, 100 %, 45 %, 630 MHz, 5000 MHz, 63.61 W, 77, P0
2026/09/30 06:41:05.899, Tesla T4, 12883 MiB, 2030 MiB, 15360 MiB, 100 %, 47 %, 570 MHz, 5000 MHz, 65.97 W, 77, P0
2026/09/30 06:41:06.414, Tesla T4, 12883 MiB, 2030 MiB, 15360 MiB, 100 %, 45 %, 795 MHz, 5000 MHz, 62.04 W, 77, P0
2026/09/30 06:41:06.945, Tesla T4, 12883 MiB, 2030 MiB, 15360 MiB, 100 %, 62 %, 765 MHz, 5000 MHz, 64.85 W, 77, P0
2026/09/30 06:41:07.470, Tesla T4, 12883 MiB, 2030 MiB, 15360 MiB, 100 %, 53 %, 720 MHz, 5000 MHz, 61.75 W, 77, P0
2026/09/30 06:41:07.988, Tesla T4, 12883 MiB, 2030 MiB, 15360 MiB, 100 %, 54 %, 1305 MHz, 5000 MHz, 69.21 W, 77, P0
2026/09/30 06:41:08.517, Tesla T4, 12883 MiB, 2030 MiB, 15360 MiB, 100 %, 48 %, 705 MHz, 5000 MHz, 64.40 W, 77, P0
2026/09/30 06:41:09.041, Tesla T4, 12883 MiB, 2030 MiB, 15360 MiB, 100 %, 57 %, 720 MHz, 5000 MHz, 71.72 W, 77, P0
2026/09/30 06:41:09.556, Tesla T4, 12883 MiB, 2030 MiB, 15360 MiB, 100 %, 42 %, 630 MHz, 5000 MHz, 66.65 W, 77, P0
2026/09/30 06:41:10.076, Tesla T4, 12883 MiB, 2030 MiB, 15360 MiB, 100 %, 36 %, 645 MHz, 5000 MHz, 68.24 W, 77, P0
2026/09/30 06:41:10.609, Tesla T4, 12883 MiB, 2030 MiB, 15360 MiB, 100 %, 42 %, 675 MHz, 5000 MHz, 63.61 W, 77, P0
2026/09/30 06:41:11.144, Tesla T4, 12883 MiB, 2030 MiB, 15360 MiB, 100 %, 93 %, 1020 MHz, 5000 MHz, 63.03 W, 77, P0
2026/09/30 06:41:11.685, Tesla T4, 12883 MiB, 2030 MiB, 15360 MiB, 100 %, 70 %, 720 MHz, 5000 MHz, 66.91 W, 77, P0
2026/09/30 06:41:12.209, Tesla T4, 12883 MiB, 2030 MiB, 15360 MiB, 100 %, 55 %, 705 MHz, 5000 MHz, 67.59 W, 77, P0
2026/09/30 06:41:12.744, Tesla T4, 12883 MiB, 2030 MiB, 15360 MiB, 100 %, 53 %, 855 MHz, 5000 MHz, 67.10 W, 77, P0
2026/09/30 06:41:13.271, Tesla T4, 12883 MiB, 2030 MiB, 15360 MiB, 93 %, 49 %, 600 MHz, 5000 MHz, 66.91 W, 77, P0
2026/09/30 06:41:13.790, Tesla T4, 12883 MiB, 2030 MiB, 15360 MiB, 100 %, 48 %, 585 MHz, 5000 MHz, 65.98 W, 77, P0
2026/09/30 06:41:14.309, Tesla T4, 12883 MiB, 2030 MiB, 15360 MiB, 98 %, 92 %, 705 MHz, 5000 MHz, 66.30 W, 77, P0
2026/09/30 06:41:14.822, Tesla T4, 12883 MiB, 2030 MiB, 15360 MiB, 100 %, 56 %, 600 MHz, 5000 MHz, 69.02 W, 77, P0
2026/09/30 06:41:15.337, Tesla T4, 12883 MiB, 2030 MiB, 15360 MiB, 100 %, 44 %, 585 MHz, 5000 MHz, 64.95 W, 77, P0
2026/09/30 06:41:15.855, Tesla T4, 12883 MiB, 2030 MiB, 15360 MiB, 98 %, 80 %, 645 MHz, 5000 MHz, 67.89 W, 77, P0
2026/09/30 06:41:16.374, Tesla T4, 12883 MiB, 2030 MiB, 15360 MiB, 100 %, 56 %, 750 MHz, 5000 MHz, 63.12 W, 77, P0
2026/09/30 06:41:16.888, Tesla T4, 12883 MiB, 2030 MiB, 15360 MiB, 100 %, 45 %, 600 MHz, 5000 MHz, 65.93 W, 77, P0
2026/09/30 06:41:17.407, Tesla T4, 12883 MiB, 2030 MiB, 15360 MiB, 100 %, 46 %, 600 MHz, 5000 MHz, 65.18 W, 77, P0
2026/09/30 06:41:17.921, Tesla T4, 12883 MiB, 2030 MiB, 15360 MiB, 98 %, 100 %, 750 MHz, 5000 MHz, 65.34 W, 77, P0
2026/09/30 06:41:18.434, Tesla T4, 12883 MiB, 2030 MiB, 15360 MiB, 100 %, 55 %, 705 MHz, 5000 MHz, 63.32 W, 77, P0
2026/09/30 06:41:18.948, Tesla T4, 12883 MiB, 2030 MiB, 15360 MiB, 96 %, 46 %, 600 MHz, 5000 MHz, 65.61 W, 77, P0
2026/09/30 06:41:19.462, Tesla T4, 12883 MiB, 2030 MiB, 15360 MiB, 100 %, 48 %, 570 MHz, 5000 MHz, 64.06 W, 77, P0
2026/09/30 06:41:19.978, Tesla T4, 12883 MiB, 2030 MiB, 15360 MiB, 98 %, 84 %, 690 MHz, 5000 MHz, 65.38 W, 77, P0
2026/09/30 06:41:20.493, Tesla T4, 12883 MiB, 2030 MiB, 15360 MiB, 100 %, 56 %, 690 MHz, 5000 MHz, 63.75 W, 77, P0
2026/09/30 06:41:21.013, Tesla T4, 12883 MiB, 2030 MiB, 15360 MiB, 96 %, 50 %, 600 MHz, 5000 MHz, 66.36 W, 77, P0
2026/09/30 06:41:21.529, Tesla T4, 12883 MiB, 2030 MiB, 15360 MiB, 100 %, 61 %, 645 MHz, 5000 MHz, 66.61 W, 77, P0
2026/09/30 06:41:22.046, Tesla T4, 12883 MiB, 2030 MiB, 15360 MiB, 98 %, 93 %, 1125 MHz, 5000 MHz, 62.57 W, 77, P0
2026/09/30 06:41:22.573, Tesla T4, 12883 MiB, 2030 MiB, 15360 MiB, 100 %, 54 %, 720 MHz, 5000 MHz, 68.28 W, 77, P0
2026/09/30 06:41:23.087, Tesla T4, 12883 MiB, 2030 MiB, 15360 MiB, 96 %, 51 %, 1215 MHz, 5000 MHz, 67.10 W, 76, P0
2026/09/30 06:41:23.609, Tesla T4, 12883 MiB, 2030 MiB, 15360 MiB, 100 %, 30 %, 1110 MHz, 5000 MHz, 66.02 W, 77, P0
2026/09/30 06:41:24.129, Tesla T4, 12883 MiB, 2030 MiB, 15360 MiB, 100 %, 46 %, 600 MHz, 5000 MHz, 66.61 W, 77, P0
2026/09/30 06:41:24.655, Tesla T4, 12883 MiB, 2030 MiB, 15360 MiB, 100 %, 41 %, 570 MHz, 5000 MHz, 68.43 W, 77, P0
2026/09/30 06:41:25.191, Tesla T4, 12883 MiB, 2030 MiB, 15360 MiB, 100 %, 46 %, 525 MHz, 5000 MHz, 67.16 W, 77, P0
2026/09/30 06:41:25.721, Tesla T4, 12883 MiB, 2030 MiB, 15360 MiB, 100 %, 73 %, 705 MHz, 5000 MHz, 66.16 W, 77, P0
2026/09/30 06:41:26.244, Tesla T4, 12883 MiB, 2030 MiB, 15360 MiB, 100 %, 53 %, 660 MHz, 5000 MHz, 68.33 W, 77, P0
2026/09/30 06:41:26.757, Tesla T4, 12883 MiB, 2030 MiB, 15360 MiB, 100 %, 53 %, 660 MHz, 5000 MHz, 66.16 W, 77, P0
2026/09/30 06:41:27.276, Tesla T4, 12883 MiB, 2030 MiB, 15360 MiB, 100 %, 44 %, 615 MHz, 5000 MHz, 66.91 W, 77, P0
2026/09/30 06:41:27.790, Tesla T4, 12883 MiB, 2030 MiB, 15360 MiB, 98 %, 96 %, 615 MHz, 5000 MHz, 64.89 W, 77, P0
2026/09/30 06:41:28.308, Tesla T4, 12883 MiB, 2030 MiB, 15360 MiB, 96 %, 51 %, 900 MHz, 5000 MHz, 65.28 W, 77, P0
2026/09/30 06:41:28.821, Tesla T4, 12883 MiB, 2030 MiB, 15360 MiB, 100 %, 58 %, 510 MHz, 5000 MHz, 68.24 W, 77, P0
2026/09/30 06:41:29.346, Tesla T4, 12883 MiB, 2030 MiB, 15360 MiB, 100 %, 56 %, 705 MHz, 5000 MHz, 65.08 W, 77, P0
2026/09/30 06:41:29.858, Tesla T4, 12883 MiB, 2030 MiB, 15360 MiB, 100 %, 44 %, 600 MHz, 5000 MHz, 67.00 W, 77, P0
2026/09/30 06:41:30.375, Tesla T4, 12883 MiB, 2030 MiB, 15360 MiB, 100 %, 44 %, 585 MHz, 5000 MHz, 65.73 W, 77, P0
2026/09/30 06:41:30.887, Tesla T4, 12883 MiB, 2030 MiB, 15360 MiB, 98 %, 94 %, 570 MHz, 5000 MHz, 82.67 W, 77, P0
2026/09/30 06:41:31.405, Tesla T4, 12883 MiB, 2030 MiB, 15360 MiB, 100 %, 52 %, 675 MHz, 5000 MHz, 68.43 W, 77, P0
2026/09/30 06:41:31.919, Tesla T4, 12883 MiB, 2030 MiB, 15360 MiB, 100 %, 52 %, 810 MHz, 5000 MHz, 46.18 W, 77, P0
2026/09/30 06:41:32.431, Tesla T4, 12883 MiB, 2030 MiB, 15360 MiB, 100 %, 51 %, 570 MHz, 5000 MHz, 69.41 W, 77, P0
2026/09/30 06:41:32.950, Tesla T4, 12883 MiB, 2030 MiB, 15360 MiB, 100 %, 62 %, 750 MHz, 5000 MHz, 65.53 W, 77, P0
2026/09/30 06:41:33.463, Tesla T4, 12883 MiB, 2030 MiB, 15360 MiB, 100 %, 44 %, 570 MHz, 5000 MHz, 64.00 W, 77, P0
2026/09/30 06:41:33.980, Tesla T4, 12883 MiB, 2030 MiB, 15360 MiB, 100 %, 57 %, 780 MHz, 5000 MHz, 61.98 W, 77, P0
2026/09/30 06:41:34.506, Tesla T4, 12883 MiB, 2030 MiB, 15360 MiB, 100 %, 44 %, 615 MHz, 5000 MHz, 63.67 W, 77, P0
2026/09/30 06:41:35.020, Tesla T4, 12883 MiB, 2030 MiB, 15360 MiB, 100 %, 76 %, 1005 MHz, 5000 MHz, 62.67 W, 77, P0
2026/09/30 06:41:35.548, Tesla T4, 12883 MiB, 2030 MiB, 15360 MiB, 100 %, 68 %, 690 MHz, 5000 MHz, 67.89 W, 77, P0
2026/09/30 06:41:36.062, Tesla T4, 12883 MiB, 2030 MiB, 15360 MiB, 100 %, 57 %, 690 MHz, 5000 MHz, 69.02 W, 77, P0
2026/09/30 06:41:36.594, Tesla T4, 12883 MiB, 2030 MiB, 15360 MiB, 100 %, 57 %, 795 MHz, 5000 MHz, 62.38 W, 77, P0
2026/09/30 06:41:37.137, Tesla T4, 12883 MiB, 2030 MiB, 15360 MiB, 100 %, 46 %, 600 MHz, 5000 MHz, 67.20 W, 77, P0
2026/09/30 06:41:37.670, Tesla T4, 12883 MiB, 2030 MiB, 15360 MiB, 100 %, 46 %, 600 MHz, 5000 MHz, 65.08 W, 77, P0
2026/09/30 06:41:38.210, Tesla T4, 12883 MiB, 2030 MiB, 15360 MiB, 97 %, 100 %, 780 MHz, 5000 MHz, 65.67 W, 77, P0
2026/09/30 06:41:38.725, Tesla T4, 12883 MiB, 2030 MiB, 15360 MiB, 100 %, 55 %, 675 MHz, 5000 MHz, 66.96 W, 77, P0
2026/09/30 06:41:39.246, Tesla T4, 12883 MiB, 2030 MiB, 15360 MiB, 100 %, 49 %, 600 MHz, 5000 MHz, 67.00 W, 77, P0
2026/09/30 06:41:39.768, Tesla T4, 12883 MiB, 2030 MiB, 15360 MiB, 100 %, 66 %, 585 MHz, 5000 MHz, 67.59 W, 77, P0
2026/09/30 06:41:40.282, Tesla T4, 12883 MiB, 2030 MiB, 15360 MiB, 100 %, 64 %, 930 MHz, 5000 MHz, 61.85 W, 77, P0
2026/09/30 06:41:40.810, Tesla T4, 12883 MiB, 2030 MiB, 15360 MiB, 100 %, 55 %, 690 MHz, 5000 MHz, 67.10 W, 77, P0
2026/09/30 06:41:41.328, Tesla T4, 12883 MiB, 2030 MiB, 15360 MiB, 100 %, 53 %, 600 MHz, 5000 MHz, 64.46 W, 77, P0
2026/09/30 06:41:41.843, Tesla T4, 12883 MiB, 2030 MiB, 15360 MiB, 86 %, 47 %, 600 MHz, 5000 MHz, 63.81 W, 77, P0
2026/09/30 06:41:42.358, Tesla T4, 12883 MiB, 2030 MiB, 15360 MiB, 100 %, 59 %, 600 MHz, 5000 MHz, 67.40 W, 77, P0
2026/09/30 06:41:42.872, Tesla T4, 12883 MiB, 2030 MiB, 15360 MiB, 100 %, 49 %, 1215 MHz, 5000 MHz, 61.33 W, 77, P0
2026/09/30 06:41:43.383, Tesla T4, 12883 MiB, 2030 MiB, 15360 MiB, 100 %, 54 %, 690 MHz, 5000 MHz, 66.81 W, 77, P0
2026/09/30 06:41:43.903, Tesla T4, 12883 MiB, 2030 MiB, 15360 MiB, 100 %, 54 %, 585 MHz, 5000 MHz, 66.91 W, 77, P0
2026/09/30 06:41:44.416, Tesla T4, 12883 MiB, 2030 MiB, 15360 MiB, 100 %, 56 %, 600 MHz, 5000 MHz, 67.49 W, 77, P0
2026/09/30 06:41:44.929, Tesla T4, 12883 MiB, 2030 MiB, 15360 MiB, 98 %, 92 %, 600 MHz, 5000 MHz, 62.77 W, 77, P0
2026/09/30 06:41:45.448, Tesla T4, 12883 MiB, 2030 MiB, 15360 MiB, 100 %, 54 %, 645 MHz, 5000 MHz, 63.48 W, 77, P0
2026/09/30 06:41:45.960, Tesla T4, 12883 MiB, 2030 MiB, 15360 MiB, 100 %, 43 %, 1125 MHz, 5000 MHz, 58.29 W, 77, P0
2026/09/30 06:41:46.476, Tesla T4, 12883 MiB, 2030 MiB, 15360 MiB, 99 %, 66 %, 1050 MHz, 5000 MHz, 65.67 W, 77, P0
2026/09/30 06:41:47.005, Tesla T4, 12883 MiB, 2030 MiB, 15360 MiB, 100 %, 55 %, 600 MHz, 5000 MHz, 62.57 W, 77, P0
2026/09/30 06:41:47.518, Tesla T4, 12883 MiB, 2030 MiB, 15360 MiB, 100 %, 47 %, 1080 MHz, 5000 MHz, 57.80 W, 77, P0
2026/09/30 06:41:48.037, Tesla T4, 12883 MiB, 2030 MiB, 15360 MiB, 100 %, 55 %, 750 MHz, 5000 MHz, 65.24 W, 77, P0
2026/09/30 06:41:48.555, Tesla T4, 12883 MiB, 2030 MiB, 15360 MiB, 87 %, 46 %, 615 MHz, 5000 MHz, 64.36 W, 77, P0
2026/09/30 06:41:49.077, Tesla T4, 12883 MiB, 2030 MiB, 15360 MiB, 100 %, 61 %, 615 MHz, 5000 MHz, 66.81 W, 77, P0
2026/09/30 06:41:49.591, Tesla T4, 12883 MiB, 2030 MiB, 15360 MiB, 97 %, 97 %, 1110 MHz, 5000 MHz, 65.53 W, 77, P0
2026/09/30 06:41:50.127, Tesla T4, 12883 MiB, 2030 MiB, 15360 MiB, 100 %, 52 %, 630 MHz, 5000 MHz, 67.84 W, 77, P0
2026/09/30 06:41:50.655, Tesla T4, 12883 MiB, 2030 MiB, 15360 MiB, 100 %, 51 %, 975 MHz, 5000 MHz, 68.14 W, 77, P0
2026/09/30 06:41:51.196, Tesla T4, 12883 MiB, 2030 MiB, 15360 MiB, 100 %, 47 %, 615 MHz, 5000 MHz, 65.53 W, 77, P0
2026/09/30 06:41:51.724, Tesla T4, 12883 MiB, 2030 MiB, 15360 MiB, 98 %, 78 %, 675 MHz, 5000 MHz, 66.12 W, 77, P0
2026/09/30 06:41:52.242, Tesla T4, 12883 MiB, 2030 MiB, 15360 MiB, 100 %, 57 %, 750 MHz, 5000 MHz, 65.87 W, 77, P0
2026/09/30 06:41:52.754, Tesla T4, 12883 MiB, 2030 MiB, 15360 MiB, 100 %, 47 %, 585 MHz, 5000 MHz, 66.06 W, 77, P0
2026/09/30 06:41:53.271, Tesla T4, 12883 MiB, 2030 MiB, 15360 MiB, 100 %, 50 %, 585 MHz, 5000 MHz, 66.12 W, 77, P0
2026/09/30 06:41:53.783, Tesla T4, 12883 MiB, 2030 MiB, 15360 MiB, 100 %, 42 %, 1065 MHz, 5000 MHz, 62.18 W, 76, P0
2026/09/30 06:41:54.308, Tesla T4, 12883 MiB, 2030 MiB, 15360 MiB, 100 %, 57 %, 720 MHz, 5000 MHz, 62.73 W, 77, P0
2026/09/30 06:41:54.823, Tesla T4, 12883 MiB, 2030 MiB, 15360 MiB, 100 %, 56 %, 780 MHz, 5000 MHz, 62.87 W, 77, P0
2026/09/30 06:41:55.339, Tesla T4, 12883 MiB, 2030 MiB, 15360 MiB, 86 %, 40 %, 885 MHz, 5000 MHz, 83.98 W, 77, P0
2026/09/30 06:41:55.851, Tesla T4, 12883 MiB, 2030 MiB, 15360 MiB, 100 %, 49 %, 540 MHz, 5000 MHz, 69.31 W, 77, P0
2026/09/30 06:41:56.374, Tesla T4, 12883 MiB, 2030 MiB, 15360 MiB, 100 %, 52 %, 765 MHz, 5000 MHz, 64.06 W, 77, P0
2026/09/30 06:41:56.891, Tesla T4, 12883 MiB, 2030 MiB, 15360 MiB, 87 %, 47 %, 600 MHz, 5000 MHz, 67.79 W, 77, P0
2026/09/30 06:41:57.404, Tesla T4, 12883 MiB, 2030 MiB, 15360 MiB, 100 %, 54 %, 555 MHz, 5000 MHz, 64.95 W, 77, P0
2026/09/30 06:41:57.915, Tesla T4, 12883 MiB, 2030 MiB, 15360 MiB, 100 %, 55 %, 675 MHz, 5000 MHz, 66.81 W, 77, P0
2026/09/30 06:41:58.434, Tesla T4, 12883 MiB, 2030 MiB, 15360 MiB, 100 %, 48 %, 600 MHz, 5000 MHz, 65.52 W, 77, P0
2026/09/30 06:41:58.946, Tesla T4, 12883 MiB, 2030 MiB, 15360 MiB, 100 %, 64 %, 555 MHz, 5000 MHz, 67.00 W, 77, P0
2026/09/30 06:41:59.460, Tesla T4, 12883 MiB, 2030 MiB, 15360 MiB, 100 %, 46 %, 585 MHz, 5000 MHz, 67.40 W, 77, P0
2026/09/30 06:41:59.988, Tesla T4, 12883 MiB, 2030 MiB, 15360 MiB, 100 %, 54 %, 660 MHz, 5000 MHz, 62.14 W, 77, P0
2026/09/30 06:42:00.501, Tesla T4, 12883 MiB, 2030 MiB, 15360 MiB, 100 %, 55 %, 735 MHz, 5000 MHz, 67.65 W, 77, P0
2026/09/30 06:42:01.019, Tesla T4, 12883 MiB, 2030 MiB, 15360 MiB, 92 %, 40 %, 1200 MHz, 5000 MHz, 65.36 W, 77, P0
2026/09/30 06:42:01.532, Tesla T4, 12883 MiB, 2030 MiB, 15360 MiB, 100 %, 65 %, 705 MHz, 5000 MHz, 63.51 W, 77, P0
2026/09/30 06:42:02.066, Tesla T4, 12883 MiB, 2030 MiB, 15360 MiB, 100 %, 55 %, 585 MHz, 5000 MHz, 67.45 W, 77, P0
2026/09/30 06:42:02.606, Tesla T4, 12883 MiB, 2030 MiB, 15360 MiB, 100 %, 59 %, 750 MHz, 5000 MHz, 64.59 W, 77, P0
2026/09/30 06:42:03.134, Tesla T4, 12883 MiB, 2030 MiB, 15360 MiB, 80 %, 45 %, 675 MHz, 5000 MHz, 67.06 W, 77, P0
2026/09/30 06:42:03.673, Tesla T4, 12883 MiB, 2030 MiB, 15360 MiB, 97 %, 77 %, 765 MHz, 5000 MHz, 63.48 W, 77, P0
2026/09/30 06:42:04.200, Tesla T4, 12883 MiB, 2030 MiB, 15360 MiB, 100 %, 44 %, 645 MHz, 5000 MHz, 66.61 W, 77, P0
2026/09/30 06:42:04.713, Tesla T4, 12883 MiB, 2030 MiB, 15360 MiB, 100 %, 62 %, 645 MHz, 5000 MHz, 66.51 W, 77, P0
2026/09/30 06:42:05.230, Tesla T4, 12883 MiB, 2030 MiB, 15360 MiB, 98 %, 100 %, 690 MHz, 5000 MHz, 90.30 W, 77, P0
2026/09/30 06:42:05.745, Tesla T4, 12883 MiB, 2030 MiB, 15360 MiB, 100 %, 56 %, 735 MHz, 5000 MHz, 68.43 W, 77, P0
2026/09/30 06:42:06.261, Tesla T4, 12883 MiB, 2030 MiB, 15360 MiB, 96 %, 44 %, 630 MHz, 5000 MHz, 66.51 W, 77, P0
2026/09/30 06:42:06.780, Tesla T4, 12883 MiB, 2030 MiB, 15360 MiB, 100 %, 42 %, 630 MHz, 5000 MHz, 67.30 W, 77, P0
2026/09/30 06:42:07.301, Tesla T4, 12883 MiB, 2030 MiB, 15360 MiB, 100 %, 65 %, 645 MHz, 5000 MHz, 67.20 W, 77, P0
2026/09/30 06:42:07.812, Tesla T4, 12883 MiB, 2030 MiB, 15360 MiB, 100 %, 42 %, 630 MHz, 5000 MHz, 68.92 W, 77, P0
2026/09/30 06:42:08.330, Tesla T4, 12883 MiB, 2030 MiB, 15360 MiB, 100 %, 100 %, 1230 MHz, 5000 MHz, 62.83 W, 77, P0
2026/09/30 06:42:08.860, Tesla T4, 12883 MiB, 2030 MiB, 15360 MiB, 100 %, 51 %, 750 MHz, 5000 MHz, 61.43 W, 77, P0
2026/09/30 06:42:09.375, Tesla T4, 12883 MiB, 2030 MiB, 15360 MiB, 100 %, 53 %, 690 MHz, 5000 MHz, 68.24 W, 77, P0
2026/09/30 06:42:09.895, Tesla T4, 12883 MiB, 2030 MiB, 15360 MiB, 100 %, 53 %, 765 MHz, 5000 MHz, 61.10 W, 77, P0
2026/09/30 06:42:10.406, Tesla T4, 12883 MiB, 2030 MiB, 15360 MiB, 96 %, 50 %, 615 MHz, 5000 MHz, 66.22 W, 77, P0
2026/09/30 06:42:10.924, Tesla T4, 12883 MiB, 2030 MiB, 15360 MiB, 100 %, 44 %, 855 MHz, 5000 MHz, 57.41 W, 76, P0
2026/09/30 06:42:11.440, Tesla T4, 12883 MiB, 2030 MiB, 15360 MiB, 100 %, 57 %, 720 MHz, 5000 MHz, 66.12 W, 77, P0
2026/09/30 06:42:11.962, Tesla T4, 12883 MiB, 2030 MiB, 15360 MiB, 100 %, 49 %, 1050 MHz, 5000 MHz, 65.14 W, 77, P0
2026/09/30 06:42:12.472, Tesla T4, 12883 MiB, 2030 MiB, 15360 MiB, 100 %, 57 %, 705 MHz, 5000 MHz, 64.59 W, 76, P0
2026/09/30 06:42:12.992, Tesla T4, 12883 MiB, 2030 MiB, 15360 MiB, 100 %, 56 %, 570 MHz, 5000 MHz, 65.93 W, 77, P0
2026/09/30 06:42:13.505, Tesla T4, 12883 MiB, 2030 MiB, 15360 MiB, 100 %, 58 %, 780 MHz, 5000 MHz, 67.40 W, 77, P0
2026/09/30 06:42:14.024, Tesla T4, 12883 MiB, 2030 MiB, 15360 MiB, 100 %, 45 %, 585 MHz, 5000 MHz, 64.50 W, 77, P0
2026/09/30 06:42:14.537, Tesla T4, 12883 MiB, 2030 MiB, 15360 MiB, 100 %, 47 %, 600 MHz, 5000 MHz, 64.00 W, 77, P0
2026/09/30 06:42:15.059, Tesla T4, 12883 MiB, 2030 MiB, 15360 MiB, 100 %, 42 %, 1020 MHz, 5000 MHz, 62.08 W, 76, P0
2026/09/30 06:42:15.582, Tesla T4, 12883 MiB, 2030 MiB, 15360 MiB, 100 %, 56 %, 795 MHz, 5000 MHz, 68.24 W, 77, P0
2026/09/30 06:42:16.095, Tesla T4, 12883 MiB, 2030 MiB, 15360 MiB, 100 %, 55 %, 675 MHz, 5000 MHz, 62.73 W, 77, P0
2026/09/30 06:42:16.648, Tesla T4, 12883 MiB, 2030 MiB, 15360 MiB, 100 %, 44 %, 645 MHz, 5000 MHz, 66.96 W, 77, P0
2026/09/30 06:42:17.185, Tesla T4, 12883 MiB, 2030 MiB, 15360 MiB, 100 %, 41 %, 510 MHz, 5000 MHz, 66.91 W, 77, P0
2026/09/30 06:42:17.703, Tesla T4, 12883 MiB, 2030 MiB, 15360 MiB, 100 %, 45 %, 600 MHz, 5000 MHz, 62.47 W, 77, P0
2026/09/30 06:42:18.218, Tesla T4, 12883 MiB, 2030 MiB, 15360 MiB, 100 %, 42 %, 510 MHz, 5000 MHz, 65.83 W, 77, P0
2026/09/30 06:42:18.747, Tesla T4, 12883 MiB, 2030 MiB, 15360 MiB, 100 %, 100 %, 390 MHz, 5000 MHz, 66.91 W, 77, P0
2026/09/30 06:42:19.271, Tesla T4, 12883 MiB, 2030 MiB, 15360 MiB, 100 %, 51 %, 675 MHz, 5000 MHz, 61.79 W, 77, P0
2026/09/30 06:42:19.790, Tesla T4, 12883 MiB, 2030 MiB, 15360 MiB, 100 %, 52 %, 765 MHz, 5000 MHz, 69.21 W, 77, P0
2026/09/30 06:42:20.304, Tesla T4, 12883 MiB, 2030 MiB, 15360 MiB, 100 %, 52 %, 660 MHz, 5000 MHz, 62.28 W, 77, P0
2026/09/30 06:42:20.817, Tesla T4, 12883 MiB, 2030 MiB, 15360 MiB, 100 %, 57 %, 630 MHz, 5000 MHz, 54.79 W, 77, P0
2026/09/30 06:42:21.338, Tesla T4, 12883 MiB, 2030 MiB, 15360 MiB, 98 %, 81 %, 735 MHz, 5000 MHz, 67.98 W, 77, P0
2026/09/30 06:42:21.856, Tesla T4, 12883 MiB, 2030 MiB, 15360 MiB, 100 %, 50 %, 600 MHz, 5000 MHz, 66.56 W, 77, P0
2026/09/30 06:42:22.373, Tesla T4, 12883 MiB, 2030 MiB, 15360 MiB, 100 %, 58 %, 555 MHz, 5000 MHz, 64.30 W, 77, P0
2026/09/30 06:42:22.893, Tesla T4, 12883 MiB, 2030 MiB, 15360 MiB, 98 %, 97 %, 660 MHz, 5000 MHz, 59.86 W, 77, P0
2026/09/30 06:42:23.408, Tesla T4, 12883 MiB, 2030 MiB, 15360 MiB, 100 %, 56 %, 690 MHz, 5000 MHz, 67.10 W, 77, P0
2026/09/30 06:42:23.923, Tesla T4, 12883 MiB, 2030 MiB, 15360 MiB, 96 %, 49 %, 585 MHz, 5000 MHz, 65.67 W, 77, P0
2026/09/30 06:42:24.435, Tesla T4, 12883 MiB, 2030 MiB, 15360 MiB, 100 %, 48 %, 600 MHz, 5000 MHz, 65.93 W, 77, P0
2026/09/30 06:42:24.954, Tesla T4, 12883 MiB, 2030 MiB, 15360 MiB, 98 %, 100 %, 735 MHz, 5000 MHz, 62.38 W, 77, P0
2026/09/30 06:42:25.468, Tesla T4, 12883 MiB, 2030 MiB, 15360 MiB, 100 %, 54 %, 750 MHz, 5000 MHz, 63.46 W, 77, P0
2026/09/30 06:42:25.988, Tesla T4, 12883 MiB, 2030 MiB, 15360 MiB, 100 %, 45 %, 615 MHz, 5000 MHz, 66.26 W, 77, P0
2026/09/30 06:42:26.502, Tesla T4, 12883 MiB, 2030 MiB, 15360 MiB, 100 %, 45 %, 645 MHz, 5000 MHz, 66.38 W, 77, P0
2026/09/30 06:42:27.020, Tesla T4, 12883 MiB, 2030 MiB, 15360 MiB, 98 %, 100 %, 780 MHz, 5000 MHz, 63.42 W, 77, P0
2026/09/30 06:42:27.559, Tesla T4, 12883 MiB, 2030 MiB, 15360 MiB, 100 %, 55 %, 765 MHz, 5000 MHz, 63.91 W, 77, P0
2026/09/30 06:42:28.126, Tesla T4, 12883 MiB, 2030 MiB, 15360 MiB, 100 %, 32 %, 1515 MHz, 5000 MHz, 62.16 W, 77, P0
2026/09/30 06:42:28.650, Tesla T4, 12883 MiB, 2030 MiB, 15360 MiB, 98 %, 60 %, 555 MHz, 5000 MHz, 65.93 W, 77, P0
2026/09/30 06:42:29.170, Tesla T4, 12883 MiB, 2030 MiB, 15360 MiB, 100 %, 59 %, 570 MHz, 5000 MHz, 66.22 W, 77, P0
2026/09/30 06:42:29.683, Tesla T4, 12883 MiB, 2030 MiB, 15360 MiB, 100 %, 58 %, 765 MHz, 5000 MHz, 66.08 W, 77, P0
2026/09/30 06:42:30.202, Tesla T4, 12883 MiB, 2030 MiB, 15360 MiB, 98 %, 59 %, 1575 MHz, 5000 MHz, 42.86 W, 76, P0
2026/09/30 06:42:30.710, Tesla T4, 12883 MiB, 2030 MiB, 15360 MiB, 0 %, 0 %, 1590 MHz, 5000 MHz, 44.80 W, 76, P0
2026/09/30 06:42:31.217, Tesla T4, 12883 MiB, 2030 MiB, 15360 MiB, 0 %, 0 %, 1590 MHz, 5000 MHz, 44.61 W, 75, P0
2026/09/30 06:42:31.725, Tesla T4, 12883 MiB, 2030 MiB, 15360 MiB, 0 %, 0 %, 1590 MHz, 5000 MHz, 44.71 W, 75, P0
2026/09/30 06:42:32.232, Tesla T4, 12875 MiB, 2039 MiB, 15360 MiB, 0 %, 0 %, 585 MHz, 5000 MHz, 33.94 W, 74, P0
