timestamp, name, memory.used [MiB], memory.free [MiB], memory.total [MiB], utilization.gpu [%], utilization.memory [%], clocks.current.sm [MHz], clocks.current.memory [MHz], power.draw [W], temperature.gpu, pstate
2026/09/30 06:43:50.661, Tesla T4, 0 MiB, 14913 MiB, 15360 MiB, 0 %, 0 %, 300 MHz, 405 MHz, 11.45 W, 61, P8
2026/09/30 06:43:51.195, Tesla T4, 0 MiB, 14913 MiB, 15360 MiB, 0 %, 0 %, 735 MHz, 5000 MHz, 30.60 W, 62, P0
2026/09/30 06:43:51.704, Tesla T4, 0 MiB, 14913 MiB, 15360 MiB, 0 %, 0 %, 735 MHz, 5000 MHz, 30.70 W, 63, P0
2026/09/30 06:43:52.215, Tesla T4, 0 MiB, 14913 MiB, 15360 MiB, 0 %, 0 %, 735 MHz, 5000 MHz, 30.70 W, 63, P0
2026/09/30 06:43:52.725, Tesla T4, 0 MiB, 14913 MiB, 15360 MiB, 0 %, 0 %, 300 MHz, 405 MHz, 16.21 W, 62, P8
2026/09/30 06:43:53.240, Tesla T4, 0 MiB, 14913 MiB, 15360 MiB, 0 %, 0 %, 300 MHz, 405 MHz, 15.41 W, 62, P8
2026/09/30 06:43:53.755, Tesla T4, 0 MiB, 14913 MiB, 15360 MiB, 0 %, 0 %, 300 MHz, 405 MHz, 15.32 W, 62, P8
2026/09/30 06:43:54.270, Tesla T4, 0 MiB, 14913 MiB, 15360 MiB, 0 %, 0 %, 300 MHz, 405 MHz, 15.32 W, 62, P8
2026/09/30 06:43:54.785, Tesla T4, 0 MiB, 14913 MiB, 15360 MiB, 0 %, 0 %, 300 MHz, 405 MHz, 15.32 W, 62, P8
2026/09/30 06:43:55.300, Tesla T4, 0 MiB, 14913 MiB, 15360 MiB, 0 %, 0 %, 300 MHz, 405 MHz, 15.32 W, 62, P8
2026/09/30 06:43:55.815, Tesla T4, 0 MiB, 14913 MiB, 15360 MiB, 0 %, 0 %, 300 MHz, 405 MHz, 15.32 W, 62, P8
2026/09/30 06:43:56.331, Tesla T4, 3 MiB, 14910 MiB, 15360 MiB, 0 %, 0 %, 300 MHz, 405 MHz, 15.41 W, 62, P8
2026/09/30 06:43:56.845, Tesla T4, 3 MiB, 14910 MiB, 15360 MiB, 0 %, 0 %, 300 MHz, 405 MHz, 15.32 W, 62, P8
2026/09/30 06:43:57.361, Tesla T4, 3 MiB, 14910 MiB, 15360 MiB, 0 %, 0 %, 300 MHz, 405 MHz, 15.32 W, 62, P8
2026/09/30 06:43:57.875, Tesla T4, 3 MiB, 14910 MiB, 15360 MiB, 0 %, 0 %, 300 MHz, 405 MHz, 15.32 W, 61, P8
2026/09/30 06:43:58.392, Tesla T4, 3 MiB, 14910 MiB, 15360 MiB, 0 %, 0 %, 300 MHz, 405 MHz, 15.32 W, 61, P8
2026/09/30 06:43:58.907, Tesla T4, 3 MiB, 14910 MiB, 15360 MiB, 0 %, 0 %, 300 MHz, 405 MHz, 15.32 W, 61, P8
2026/09/30 06:43:59.422, Tesla T4, 3 MiB, 14910 MiB, 15360 MiB, 0 %, 0 %, 300 MHz, 405 MHz, 15.32 W, 61, P8
2026/09/30 06:43:59.938, Tesla T4, 3 MiB, 14910 MiB, 15360 MiB, 0 %, 0 %, 300 MHz, 405 MHz, 15.41 W, 61, P8
2026/09/30 06:44:00.455, Tesla T4, 3 MiB, 14910 MiB, 15360 MiB, 0 %, 0 %, 300 MHz, 405 MHz, 15.32 W, 61, P8
2026/09/30 06:44:00.975, Tesla T4, 3 MiB, 14910 MiB, 15360 MiB, 0 %, 0 %, 300 MHz, 405 MHz, 15.32 W, 61, P8
2026/09/30 06:44:01.495, Tesla T4, 3 MiB, 14910 MiB, 15360 MiB, 0 %, 0 %, 300 MHz, 405 MHz, 15.32 W, 61, P8
2026/09/30 06:44:02.022, Tesla T4, 3 MiB, 14910 MiB, 15360 MiB, 0 %, 0 %, 300 MHz, 405 MHz, 15.32 W, 61, P8
2026/09/30 06:44:02.537, Tesla T4, 3 MiB, 14910 MiB, 15360 MiB, 0 %, 0 %, 300 MHz, 405 MHz, 15.32 W, 61, P8
2026/09/30 06:44:03.059, Tesla T4, 3 MiB, 14910 MiB, 15360 MiB, 0 %, 0 %, 300 MHz, 405 MHz, 15.32 W, 61, P8
2026/09/30 06:44:03.575, Tesla T4, 3 MiB, 14910 MiB, 15360 MiB, 0 %, 0 %, 300 MHz, 405 MHz, 15.32 W, 61, P8
2026/09/30 06:44:04.090, Tesla T4, 3 MiB, 14910 MiB, 15360 MiB, 0 %, 0 %, 300 MHz, 405 MHz, 15.32 W, 61, P8
2026/09/30 06:44:04.605, Tesla T4, 3 MiB, 14910 MiB, 15360 MiB, 0 %, 0 %, 300 MHz, 405 MHz, 15.32 W, 61, P8
2026/09/30 06:44:05.121, Tesla T4, 3 MiB, 14910 MiB, 15360 MiB, 0 %, 0 %, 300 MHz, 405 MHz, 15.32 W, 61, P8
2026/09/30 06:44:05.637, Tesla T4, 3 MiB, 14910 MiB, 15360 MiB, 0 %, 0 %, 300 MHz, 405 MHz, 15.32 W, 61, P8
2026/09/30 06:44:06.154, Tesla T4, 3 MiB, 14910 MiB, 15360 MiB, 0 %, 0 %, 300 MHz, 405 MHz, 15.32 W, 61, P8
2026/09/30 06:44:06.672, Tesla T4, 3 MiB, 14910 MiB, 15360 MiB, 0 %, 0 %, 300 MHz, 405 MHz, 15.32 W, 61, P8
2026/09/30 06:44:07.186, Tesla T4, 3 MiB, 14910 MiB, 15360 MiB, 0 %, 0 %, 300 MHz, 405 MHz, 15.32 W, 61, P8
2026/09/30 06:44:07.703, Tesla T4, 3 MiB, 14910 MiB, 15360 MiB, 0 %, 0 %, 300 MHz, 405 MHz, 15.32 W, 61, P8
2026/09/30 06:44:08.218, Tesla T4, 3 MiB, 14910 MiB, 15360 MiB, 0 %, 0 %, 300 MHz, 405 MHz, 15.32 W, 61, P8
2026/09/30 06:44:08.735, Tesla T4, 3 MiB, 14910 MiB, 15360 MiB, 0 %, 0 %, 300 MHz, 405 MHz, 15.32 W, 61, P8
2026/09/30 06:44:09.251, Tesla T4, 3 MiB, 14910 MiB, 15360 MiB, 0 %, 0 %, 300 MHz, 405 MHz, 15.32 W, 61, P8
2026/09/30 06:44:09.767, Tesla T4, 3 MiB, 14910 MiB, 15360 MiB, 0 %, 0 %, 300 MHz, 405 MHz, 15.32 W, 61, P8
2026/09/30 06:44:10.281, Tesla T4, 3 MiB, 14910 MiB, 15360 MiB, 0 %, 0 %, 300 MHz, 405 MHz, 15.22 W, 61, P8
2026/09/30 06:44:10.796, Tesla T4, 997 MiB, 13916 MiB, 15360 MiB, 0 %, 0 %, 585 MHz, 5000 MHz, 30.70 W, 62, P0
2026/09/30 06:44:11.306, Tesla T4, 2091 MiB, 12822 MiB, 15360 MiB, 31 %, 2 %, 585 MHz, 5000 MHz, 30.80 W, 62, P0
2026/09/30 06:44:11.820, Tesla T4, 3547 MiB, 11366 MiB, 15360 MiB, 24 %, 1 %, 585 MHz, 5000 MHz, 30.80 W, 62, P0
2026/09/30 06:44:12.330, Tesla T4, 5313 MiB, 9600 MiB, 15360 MiB, 30 %, 2 %, 585 MHz, 5000 MHz, 30.80 W, 62, P0
2026/09/30 06:44:12.840, Tesla T4, 6095 MiB, 8818 MiB, 15360 MiB, 15 %, 1 %, 585 MHz, 5000 MHz, 30.40 W, 62, P0
2026/09/30 06:44:13.360, Tesla T4, 6177 MiB, 8736 MiB, 15360 MiB, 3 %, 0 %, 585 MHz, 5000 MHz, 30.80 W, 62, P0
2026/09/30 06:44:13.877, Tesla T4, 6177 MiB, 8736 MiB, 15360 MiB, 0 %, 0 %, 585 MHz, 5000 MHz, 30.40 W, 62, P0
2026/09/30 06:44:14.402, Tesla T4, 6177 MiB, 8736 MiB, 15360 MiB, 0 %, 0 %, 585 MHz, 5000 MHz, 30.50 W, 62, P0
2026/09/30 06:44:14.913, Tesla T4, 6177 MiB, 8736 MiB, 15360 MiB, 0 %, 0 %, 585 MHz, 5000 MHz, 30.50 W, 62, P0
2026/09/30 06:44:15.429, Tesla T4, 6177 MiB, 8736 MiB, 15360 MiB, 0 %, 0 %, 585 MHz, 5000 MHz, 30.50 W, 63, P0
2026/09/30 06:44:15.939, Tesla T4, 6177 MiB, 8736 MiB, 15360 MiB, 0 %, 0 %, 585 MHz, 5000 MHz, 30.50 W, 63, P0
2026/09/30 06:44:16.449, Tesla T4, 6177 MiB, 8736 MiB, 15360 MiB, 0 %, 0 %, 585 MHz, 5000 MHz, 31.59 W, 63, P0
2026/09/30 06:44:16.958, Tesla T4, 6363 MiB, 8550 MiB, 15360 MiB, 30 %, 10 %, 585 MHz, 5000 MHz, 61.89 W, 64, P0
2026/09/30 06:44:17.469, Tesla T4, 6831 MiB, 8082 MiB, 15360 MiB, 100 %, 41 %, 705 MHz, 5000 MHz, 66.91 W, 65, P0
2026/09/30 06:44:17.982, Tesla T4, 6831 MiB, 8082 MiB, 15360 MiB, 93 %, 40 %, 840 MHz, 5000 MHz, 37.97 W, 66, P0
2026/09/30 06:44:18.495, Tesla T4, 6831 MiB, 8082 MiB, 15360 MiB, 96 %, 50 %, 720 MHz, 5000 MHz, 69.31 W, 66, P0
2026/09/30 06:44:19.008, Tesla T4, 6831 MiB, 8082 MiB, 15360 MiB, 93 %, 43 %, 720 MHz, 5000 MHz, 67.79 W, 66, P0
2026/09/30 06:44:19.521, Tesla T4, 6831 MiB, 8082 MiB, 15360 MiB, 98 %, 37 %, 720 MHz, 5000 MHz, 68.82 W, 67, P0
2026/09/30 06:44:20.032, Tesla T4, 6831 MiB, 8082 MiB, 15360 MiB, 94 %, 37 %, 720 MHz, 5000 MHz, 67.89 W, 67, P0
2026/09/30 06:44:20.547, Tesla T4, 7471 MiB, 7442 MiB, 15360 MiB, 100 %, 33 %, 720 MHz, 5000 MHz, 67.63 W, 67, P0
2026/09/30 06:44:21.059, Tesla T4, 7471 MiB, 7442 MiB, 15360 MiB, 98 %, 37 %, 780 MHz, 5000 MHz, 69.26 W, 67, P0
2026/09/30 06:44:21.576, Tesla T4, 7471 MiB, 7442 MiB, 15360 MiB, 100 %, 32 %, 705 MHz, 5000 MHz, 67.45 W, 68, P0
2026/09/30 06:44:22.087, Tesla T4, 7471 MiB, 7442 MiB, 15360 MiB, 95 %, 36 %, 795 MHz, 5000 MHz, 67.30 W, 68, P0
2026/09/30 06:44:22.597, Tesla T4, 7471 MiB, 7442 MiB, 15360 MiB, 100 %, 36 %, 720 MHz, 5000 MHz, 67.04 W, 68, P0
2026/09/30 06:44:23.109, Tesla T4, 7471 MiB, 7442 MiB, 15360 MiB, 93 %, 29 %, 795 MHz, 5000 MHz, 67.34 W, 68, P0
2026/09/30 06:44:23.619, Tesla T4, 7471 MiB, 7442 MiB, 15360 MiB, 100 %, 35 %, 705 MHz, 5000 MHz, 66.51 W, 68, P0
2026/09/30 06:44:24.130, Tesla T4, 7471 MiB, 7442 MiB, 15360 MiB, 96 %, 45 %, 720 MHz, 5000 MHz, 59.14 W, 69, P0
2026/09/30 06:44:24.644, Tesla T4, 7471 MiB, 7442 MiB, 15360 MiB, 100 %, 28 %, 810 MHz, 5000 MHz, 67.59 W, 69, P0
2026/09/30 06:44:25.155, Tesla T4, 7471 MiB, 7442 MiB, 15360 MiB, 100 %, 34 %, 705 MHz, 5000 MHz, 68.63 W, 69, P0
2026/09/30 06:44:25.672, Tesla T4, 7471 MiB, 7442 MiB, 15360 MiB, 100 %, 27 %, 780 MHz, 5000 MHz, 67.30 W, 69, P0
2026/09/30 06:44:26.191, Tesla T4, 7471 MiB, 7442 MiB, 15360 MiB, 100 %, 32 %, 645 MHz, 5000 MHz, 68.08 W, 69, P0
2026/09/30 06:44:26.720, Tesla T4, 7471 MiB, 7442 MiB, 15360 MiB, 94 %, 44 %, 690 MHz, 5000 MHz, 66.51 W, 70, P0
2026/09/30 06:44:27.242, Tesla T4, 7471 MiB, 7442 MiB, 15360 MiB, 100 %, 40 %, 630 MHz, 5000 MHz, 66.51 W, 70, P0
2026/09/30 06:44:27.790, Tesla T4, 7471 MiB, 7442 MiB, 15360 MiB, 89 %, 36 %, 630 MHz, 5000 MHz, 68.18 W, 70, P0
2026/09/30 06:44:28.314, Tesla T4, 7471 MiB, 7442 MiB, 15360 MiB, 98 %, 37 %, 690 MHz, 5000 MHz, 66.61 W, 70, P0
2026/09/30 06:44:28.826, Tesla T4, 7471 MiB, 7442 MiB, 15360 MiB, 98 %, 44 %, 630 MHz, 5000 MHz, 67.49 W, 70, P0
2026/09/30 06:44:29.337, Tesla T4, 7471 MiB, 7442 MiB, 15360 MiB, 94 %, 48 %, 675 MHz, 5000 MHz, 67.44 W, 71, P0
2026/09/30 06:44:29.848, Tesla T4, 7471 MiB, 7442 MiB, 15360 MiB, 95 %, 41 %, 690 MHz, 5000 MHz, 66.81 W, 71, P0
2026/09/30 06:44:30.368, Tesla T4, 7471 MiB, 7442 MiB, 15360 MiB, 93 %, 39 %, 660 MHz, 5000 MHz, 66.96 W, 71, P0
2026/09/30 06:44:30.879, Tesla T4, 7471 MiB, 7442 MiB, 15360 MiB, 100 %, 32 %, 690 MHz, 5000 MHz, 66.32 W, 71, P0
2026/09/30 06:44:31.391, Tesla T4, 8259 MiB, 6654 MiB, 15360 MiB, 100 %, 29 %, 705 MHz, 5000 MHz, 64.99 W, 71, P0
2026/09/30 06:44:31.904, Tesla T4, 8259 MiB, 6654 MiB, 15360 MiB, 100 %, 36 %, 660 MHz, 5000 MHz, 65.67 W, 72, P0
2026/09/30 06:44:32.416, Tesla T4, 8259 MiB, 6654 MiB, 15360 MiB, 98 %, 30 %, 660 MHz, 5000 MHz, 68.47 W, 72, P0
2026/09/30 06:44:32.932, Tesla T4, 8259 MiB, 6654 MiB, 15360 MiB, 97 %, 29 %, 705 MHz, 5000 MHz, 66.86 W, 72, P0
2026/09/30 06:44:33.443, Tesla T4, 8259 MiB, 6654 MiB, 15360 MiB, 100 %, 33 %, 675 MHz, 5000 MHz, 66.02 W, 72, P0
2026/09/30 06:44:33.957, Tesla T4, 8259 MiB, 6654 MiB, 15360 MiB, 99 %, 38 %, 660 MHz, 5000 MHz, 66.81 W, 72, P0
2026/09/30 06:44:34.468, Tesla T4, 8275 MiB, 6638 MiB, 15360 MiB, 96 %, 31 %, 615 MHz, 5000 MHz, 65.93 W, 72, P0
2026/09/30 06:44:34.979, Tesla T4, 9211 MiB, 5702 MiB, 15360 MiB, 100 %, 31 %, 675 MHz, 5000 MHz, 67.65 W, 73, P0
2026/09/30 06:44:35.495, Tesla T4, 9211 MiB, 5702 MiB, 15360 MiB, 98 %, 34 %, 720 MHz, 5000 MHz, 67.89 W, 73, P0
2026/09/30 06:44:36.005, Tesla T4, 9211 MiB, 5702 MiB, 15360 MiB, 100 %, 29 %, 660 MHz, 5000 MHz, 71.17 W, 73, P0
2026/09/30 06:44:36.517, Tesla T4, 9211 MiB, 5702 MiB, 15360 MiB, 100 %, 30 %, 645 MHz, 5000 MHz, 65.93 W, 73, P0
2026/09/30 06:44:37.033, Tesla T4, 9211 MiB, 5702 MiB, 15360 MiB, 100 %, 25 %, 705 MHz, 5000 MHz, 67.59 W, 73, P0
2026/09/30 06:44:37.548, Tesla T4, 9211 MiB, 5702 MiB, 15360 MiB, 100 %, 27 %, 915 MHz, 5000 MHz, 65.73 W, 73, P0
2026/09/30 06:44:38.063, Tesla T4, 9211 MiB, 5702 MiB, 15360 MiB, 100 %, 30 %, 705 MHz, 5000 MHz, 66.56 W, 74, P0
2026/09/30 06:44:38.577, Tesla T4, 9211 MiB, 5702 MiB, 15360 MiB, 100 %, 37 %, 825 MHz, 5000 MHz, 41.48 W, 74, P0
2026/09/30 06:44:39.112, Tesla T4, 9211 MiB, 5702 MiB, 15360 MiB, 100 %, 28 %, 690 MHz, 5000 MHz, 65.83 W, 74, P0
2026/09/30 06:44:39.684, Tesla T4, 9211 MiB, 5702 MiB, 15360 MiB, 94 %, 31 %, 795 MHz, 5000 MHz, 67.79 W, 74, P0
2026/09/30 06:44:40.198, Tesla T4, 10399 MiB, 4514 MiB, 15360 MiB, 100 %, 24 %, 780 MHz, 5000 MHz, 65.93 W, 74, P0
2026/09/30 06:44:40.734, Tesla T4, 10399 MiB, 4514 MiB, 15360 MiB, 97 %, 35 %, 690 MHz, 5000 MHz, 65.53 W, 74, P0
2026/09/30 06:44:41.280, Tesla T4, 10399 MiB, 4514 MiB, 15360 MiB, 100 %, 23 %, 750 MHz, 5000 MHz, 67.10 W, 75, P0
2026/09/30 06:44:41.793, Tesla T4, 10399 MiB, 4514 MiB, 15360 MiB, 100 %, 22 %, 720 MHz, 5000 MHz, 66.61 W, 75, P0
2026/09/30 06:44:42.305, Tesla T4, 10399 MiB, 4514 MiB, 15360 MiB, 97 %, 35 %, 660 MHz, 5000 MHz, 65.14 W, 75, P0
2026/09/30 06:44:42.819, Tesla T4, 10399 MiB, 4514 MiB, 15360 MiB, 98 %, 33 %, 660 MHz, 5000 MHz, 66.32 W, 75, P0
2026/09/30 06:44:43.332, Tesla T4, 10399 MiB, 4514 MiB, 15360 MiB, 100 %, 31 %, 645 MHz, 5000 MHz, 66.20 W, 75, P0
2026/09/30 06:44:43.843, Tesla T4, 10399 MiB, 4514 MiB, 15360 MiB, 98 %, 34 %, 645 MHz, 5000 MHz, 66.12 W, 75, P0
2026/09/30 06:44:44.360, Tesla T4, 10399 MiB, 4514 MiB, 15360 MiB, 100 %, 24 %, 750 MHz, 5000 MHz, 66.32 W, 76, P0
2026/09/30 06:44:44.871, Tesla T4, 10399 MiB, 4514 MiB, 15360 MiB, 100 %, 24 %, 720 MHz, 5000 MHz, 67.30 W, 76, P0
2026/09/30 06:44:45.384, Tesla T4, 10399 MiB, 4514 MiB, 15360 MiB, 100 %, 23 %, 735 MHz, 5000 MHz, 66.51 W, 76, P0
2026/09/30 06:44:45.899, Tesla T4, 10399 MiB, 4514 MiB, 15360 MiB, 100 %, 23 %, 735 MHz, 5000 MHz, 66.16 W, 76, P0
2026/09/30 06:44:46.417, Tesla T4, 10399 MiB, 4514 MiB, 15360 MiB, 97 %, 34 %, 615 MHz, 5000 MHz, 66.12 W, 76, P0
2026/09/30 06:44:46.928, Tesla T4, 10399 MiB, 4514 MiB, 15360 MiB, 98 %, 30 %, 645 MHz, 5000 MHz, 66.12 W, 76, P0
2026/09/30 06:44:47.439, Tesla T4, 10399 MiB, 4514 MiB, 15360 MiB, 94 %, 30 %, 630 MHz, 5000 MHz, 67.30 W, 77, P0
2026/09/30 06:44:47.952, Tesla T4, 10399 MiB, 4514 MiB, 15360 MiB, 98 %, 30 %, 600 MHz, 5000 MHz, 66.85 W, 77, P0
2026/09/30 06:44:48.464, Tesla T4, 10399 MiB, 4514 MiB, 15360 MiB, 100 %, 36 %, 555 MHz, 5000 MHz, 63.97 W, 77, P0
2026/09/30 06:44:48.978, Tesla T4, 10399 MiB, 4514 MiB, 15360 MiB, 92 %, 32 %, 540 MHz, 5000 MHz, 67.30 W, 77, P0
2026/09/30 06:44:49.495, Tesla T4, 10399 MiB, 4514 MiB, 15360 MiB, 99 %, 33 %, 570 MHz, 5000 MHz, 65.73 W, 77, P0
2026/09/30 06:44:50.009, Tesla T4, 10399 MiB, 4514 MiB, 15360 MiB, 100 %, 35 %, 555 MHz, 5000 MHz, 67.04 W, 77, P0
2026/09/30 06:44:50.520, Tesla T4, 10399 MiB, 4514 MiB, 15360 MiB, 93 %, 35 %, 555 MHz, 5000 MHz, 65.34 W, 77, P0
2026/09/30 06:44:51.053, Tesla T4, 10399 MiB, 4514 MiB, 15360 MiB, 98 %, 40 %, 600 MHz, 5000 MHz, 66.28 W, 78, P0
2026/09/30 06:44:51.571, Tesla T4, 10399 MiB, 4514 MiB, 15360 MiB, 99 %, 40 %, 630 MHz, 5000 MHz, 66.56 W, 78, P0
2026/09/30 06:44:52.104, Tesla T4, 10399 MiB, 4514 MiB, 15360 MiB, 90 %, 38 %, 645 MHz, 5000 MHz, 67.40 W, 78, P0
2026/09/30 06:44:52.631, Tesla T4, 10399 MiB, 4514 MiB, 15360 MiB, 94 %, 45 %, 705 MHz, 5000 MHz, 66.61 W, 78, P0
2026/09/30 06:44:53.154, Tesla T4, 10399 MiB, 4514 MiB, 15360 MiB, 95 %, 37 %, 570 MHz, 5000 MHz, 66.51 W, 78, P0
2026/09/30 06:44:53.679, Tesla T4, 10399 MiB, 4514 MiB, 15360 MiB, 88 %, 36 %, 570 MHz, 5000 MHz, 65.14 W, 78, P0
2026/09/30 06:44:54.201, Tesla T4, 10399 MiB, 4514 MiB, 15360 MiB, 99 %, 37 %, 630 MHz, 5000 MHz, 65.53 W, 78, P0
2026/09/30 06:44:54.712, Tesla T4, 10399 MiB, 4514 MiB, 15360 MiB, 100 %, 36 %, 615 MHz, 5000 MHz, 66.96 W, 79, P0
2026/09/30 06:44:55.230, Tesla T4, 10399 MiB, 4514 MiB, 15360 MiB, 100 %, 31 %, 615 MHz, 5000 MHz, 65.34 W, 79, P0
2026/09/30 06:44:55.743, Tesla T4, 10399 MiB, 4514 MiB, 15360 MiB, 100 %, 30 %, 630 MHz, 5000 MHz, 65.14 W, 79, P0
2026/09/30 06:44:56.258, Tesla T4, 10399 MiB, 4514 MiB, 15360 MiB, 94 %, 52 %, 540 MHz, 5000 MHz, 62.73 W, 79, P0
2026/09/30 06:44:56.775, Tesla T4, 10399 MiB, 4514 MiB, 15360 MiB, 99 %, 36 %, 540 MHz, 5000 MHz, 68.43 W, 79, P0
2026/09/30 06:44:57.294, Tesla T4, 10399 MiB, 4514 MiB, 15360 MiB, 97 %, 36 %, 555 MHz, 5000 MHz, 67.79 W, 79, P0
2026/09/30 06:44:57.806, Tesla T4, 10399 MiB, 4514 MiB, 15360 MiB, 94 %, 39 %, 660 MHz, 5000 MHz, 65.04 W, 80, P0
2026/09/30 06:44:58.319, Tesla T4, 10399 MiB, 4514 MiB, 15360 MiB, 100 %, 22 %, 675 MHz, 5000 MHz, 65.44 W, 80, P0
2026/09/30 06:44:58.831, Tesla T4, 10399 MiB, 4514 MiB, 15360 MiB, 100 %, 22 %, 660 MHz, 5000 MHz, 65.63 W, 80, P0
2026/09/30 06:44:59.342, Tesla T4, 10399 MiB, 4514 MiB, 15360 MiB, 100 %, 27 %, 555 MHz, 5000 MHz, 65.73 W, 80, P0
2026/09/30 06:44:59.857, Tesla T4, 10399 MiB, 4514 MiB, 15360 MiB, 97 %, 27 %, 660 MHz, 5000 MHz, 63.97 W, 80, P0
2026/09/30 06:45:00.372, Tesla T4, 10399 MiB, 4514 MiB, 15360 MiB, 100 %, 21 %, 675 MHz, 5000 MHz, 65.48 W, 81, P0
2026/09/30 06:45:00.883, Tesla T4, 10399 MiB, 4514 MiB, 15360 MiB, 100 %, 19 %, 570 MHz, 5000 MHz, 72.94 W, 81, P0
2026/09/30 06:45:01.398, Tesla T4, 10399 MiB, 4514 MiB, 15360 MiB, 100 %, 26 %, 570 MHz, 5000 MHz, 65.48 W, 81, P0
2026/09/30 06:45:01.910, Tesla T4, 10399 MiB, 4514 MiB, 15360 MiB, 79 %, 54 %, 540 MHz, 5000 MHz, 71.17 W, 81, P0
2026/09/30 06:45:02.427, Tesla T4, 10399 MiB, 4514 MiB, 15360 MiB, 100 %, 21 %, 660 MHz, 5000 MHz, 64.59 W, 81, P0
2026/09/30 06:45:02.941, Tesla T4, 10399 MiB, 4514 MiB, 15360 MiB, 100 %, 21 %, 645 MHz, 5000 MHz, 65.63 W, 81, P0
2026/09/30 06:45:03.453, Tesla T4, 10399 MiB, 4514 MiB, 15360 MiB, 100 %, 21 %, 660 MHz, 5000 MHz, 64.00 W, 82, P0
2026/09/30 06:45:03.966, Tesla T4, 10399 MiB, 4514 MiB, 15360 MiB, 100 %, 21 %, 660 MHz, 5000 MHz, 65.83 W, 82, P0
2026/09/30 06:45:04.489, Tesla T4, 10399 MiB, 4514 MiB, 15360 MiB, 87 %, 23 %, 630 MHz, 5000 MHz, 65.83 W, 82, P0
2026/09/30 06:45:05.023, Tesla T4, 10399 MiB, 4514 MiB, 15360 MiB, 100 %, 21 %, 645 MHz, 5000 MHz, 65.34 W, 82, P0
2026/09/30 06:45:05.552, Tesla T4, 10399 MiB, 4514 MiB, 15360 MiB, 100 %, 20 %, 645 MHz, 5000 MHz, 65.04 W, 82, P0
2026/09/30 06:45:06.094, Tesla T4, 10399 MiB, 4514 MiB, 15360 MiB, 100 %, 20 %, 630 MHz, 5000 MHz, 65.34 W, 82, P0
2026/09/30 06:45:06.620, Tesla T4, 10399 MiB, 4514 MiB, 15360 MiB, 95 %, 29 %, 540 MHz, 5000 MHz, 65.67 W, 82, P0
2026/09/30 06:45:07.137, Tesla T4, 10399 MiB, 4514 MiB, 15360 MiB, 50 %, 31 %, 540 MHz, 5000 MHz, 64.85 W, 82, P0
2026/09/30 06:45:07.649, Tesla T4, 10399 MiB, 4514 MiB, 15360 MiB, 97 %, 29 %, 570 MHz, 5000 MHz, 65.73 W, 82, P0
2026/09/30 06:45:08.161, Tesla T4, 10399 MiB, 4514 MiB, 15360 MiB, 100 %, 22 %, 645 MHz, 5000 MHz, 65.18 W, 83, P0
2026/09/30 06:45:08.674, Tesla T4, 10399 MiB, 4514 MiB, 15360 MiB, 100 %, 26 %, 630 MHz, 5000 MHz, 65.63 W, 83, P0
2026/09/30 06:45:09.188, Tesla T4, 10399 MiB, 4514 MiB, 15360 MiB, 97 %, 22 %, 570 MHz, 5000 MHz, 74.80 W, 83, P0
2026/09/30 06:45:09.706, Tesla T4, 10399 MiB, 4514 MiB, 15360 MiB, 100 %, 29 %, 615 MHz, 5000 MHz, 65.77 W, 83, P0
2026/09/30 06:45:10.219, Tesla T4, 10399 MiB, 4514 MiB, 15360 MiB, 100 %, 20 %, 795 MHz, 5000 MHz, 53.35 W, 83, P0
2026/09/30 06:45:10.731, Tesla T4, 10399 MiB, 4514 MiB, 15360 MiB, 100 %, 31 %, 630 MHz, 5000 MHz, 64.95 W, 83, P0
2026/09/30 06:45:11.247, Tesla T4, 10399 MiB, 4514 MiB, 15360 MiB, 100 %, 21 %, 810 MHz, 5000 MHz, 65.08 W, 83, P0
2026/09/30 06:45:11.760, Tesla T4, 10399 MiB, 4514 MiB, 15360 MiB, 100 %, 28 %, 585 MHz, 5000 MHz, 57.15 W, 83, P0
2026/09/30 06:45:12.276, Tesla T4, 10399 MiB, 4514 MiB, 15360 MiB, 97 %, 28 %, 555 MHz, 5000 MHz, 66.99 W, 82, P0
2026/09/30 06:45:12.789, Tesla T4, 10399 MiB, 4514 MiB, 15360 MiB, 99 %, 34 %, 555 MHz, 5000 MHz, 67.35 W, 82, P0
2026/09/30 06:45:13.308, Tesla T4, 10399 MiB, 4514 MiB, 15360 MiB, 97 %, 30 %, 570 MHz, 5000 MHz, 65.73 W, 82, P0
2026/09/30 06:45:13.819, Tesla T4, 10399 MiB, 4514 MiB, 15360 MiB, 100 %, 23 %, 540 MHz, 5000 MHz, 64.89 W, 82, P0
2026/09/30 06:45:14.334, Tesla T4, 10399 MiB, 4514 MiB, 15360 MiB, 98 %, 26 %, 570 MHz, 5000 MHz, 64.99 W, 82, P0
2026/09/30 06:45:14.847, Tesla T4, 10399 MiB, 4514 MiB, 15360 MiB, 100 %, 26 %, 570 MHz, 5000 MHz, 64.50 W, 82, P0
2026/09/30 06:45:15.364, Tesla T4, 10399 MiB, 4514 MiB, 15360 MiB, 100 %, 28 %, 585 MHz, 5000 MHz, 66.96 W, 81, P0
2026/09/30 06:45:15.876, Tesla T4, 10399 MiB, 4514 MiB, 15360 MiB, 98 %, 41 %, 555 MHz, 5000 MHz, 65.57 W, 81, P0
2026/09/30 06:45:16.395, Tesla T4, 10399 MiB, 4514 MiB, 15360 MiB, 93 %, 40 %, 570 MHz, 5000 MHz, 67.40 W, 81, P0
2026/09/30 06:45:16.907, Tesla T4, 10399 MiB, 4514 MiB, 15360 MiB, 89 %, 41 %, 585 MHz, 5000 MHz, 71.14 W, 81, P0
2026/09/30 06:45:17.435, Tesla T4, 10399 MiB, 4514 MiB, 15360 MiB, 100 %, 24 %, 645 MHz, 5000 MHz, 65.44 W, 81, P0
2026/09/30 06:45:17.958, Tesla T4, 10399 MiB, 4514 MiB, 15360 MiB, 100 %, 30 %, 570 MHz, 5000 MHz, 65.57 W, 81, P0
2026/09/30 06:45:18.495, Tesla T4, 10399 MiB, 4514 MiB, 15360 MiB, 100 %, 23 %, 660 MHz, 5000 MHz, 64.75 W, 80, P0
2026/09/30 06:45:19.022, Tesla T4, 10399 MiB, 4514 MiB, 15360 MiB, 100 %, 31 %, 555 MHz, 5000 MHz, 63.16 W, 80, P0
2026/09/30 06:45:19.549, Tesla T4, 10399 MiB, 4514 MiB, 15360 MiB, 100 %, 26 %, 600 MHz, 5000 MHz, 65.77 W, 80, P0
2026/09/30 06:45:20.064, Tesla T4, 10399 MiB, 4514 MiB, 15360 MiB, 100 %, 31 %, 570 MHz, 5000 MHz, 65.93 W, 80, P0
2026/09/30 06:45:20.585, Tesla T4, 10399 MiB, 4514 MiB, 15360 MiB, 93 %, 26 %, 630 MHz, 5000 MHz, 65.73 W, 80, P0
2026/09/30 06:45:21.097, Tesla T4, 10399 MiB, 4514 MiB, 15360 MiB, 98 %, 26 %, 615 MHz, 5000 MHz, 64.00 W, 79, P0
2026/09/30 06:45:21.608, Tesla T4, 10399 MiB, 4514 MiB, 15360 MiB, 100 %, 30 %, 585 MHz, 5000 MHz, 67.20 W, 79, P0
2026/09/30 06:45:22.119, Tesla T4, 10399 MiB, 4514 MiB, 15360 MiB, 98 %, 37 %, 510 MHz, 5000 MHz, 65.93 W, 79, P0
2026/09/30 06:45:22.638, Tesla T4, 10399 MiB, 4514 MiB, 15360 MiB, 100 %, 31 %, 555 MHz, 5000 MHz, 68.33 W, 79, P0
2026/09/30 06:45:23.149, Tesla T4, 10399 MiB, 4514 MiB, 15360 MiB, 100 %, 24 %, 690 MHz, 5000 MHz, 66.51 W, 79, P0
2026/09/30 06:45:23.661, Tesla T4, 10399 MiB, 4514 MiB, 15360 MiB, 94 %, 29 %, 690 MHz, 5000 MHz, 65.34 W, 79, P0
2026/09/30 06:45:24.172, Tesla T4, 10399 MiB, 4514 MiB, 15360 MiB, 96 %, 39 %, 705 MHz, 5000 MHz, 64.55 W, 78, P0
2026/09/30 06:45:24.683, Tesla T4, 10399 MiB, 4514 MiB, 15360 MiB, 94 %, 38 %, 540 MHz, 5000 MHz, 66.36 W, 78, P0
2026/09/30 06:45:25.200, Tesla T4, 10399 MiB, 4514 MiB, 15360 MiB, 100 %, 30 %, 615 MHz, 5000 MHz, 66.42 W, 78, P0
2026/09/30 06:45:25.712, Tesla T4, 10399 MiB, 4514 MiB, 15360 MiB, 100 %, 31 %, 555 MHz, 5000 MHz, 66.42 W, 78, P0
2026/09/30 06:45:26.234, Tesla T4, 10399 MiB, 4514 MiB, 15360 MiB, 99 %, 35 %, 615 MHz, 5000 MHz, 65.53 W, 77, P0
2026/09/30 06:45:26.746, Tesla T4, 10399 MiB, 4514 MiB, 15360 MiB, 99 %, 36 %, 630 MHz, 5000 MHz, 66.51 W, 77, P0
2026/09/30 06:45:27.262, Tesla T4, 10399 MiB, 4514 MiB, 15360 MiB, 100 %, 29 %, 645 MHz, 5000 MHz, 67.20 W, 77, P0
2026/09/30 06:45:27.773, Tesla T4, 10399 MiB, 4514 MiB, 15360 MiB, 73 %, 36 %, 615 MHz, 5000 MHz, 65.28 W, 77, P0
2026/09/30 06:45:28.286, Tesla T4, 10399 MiB, 4514 MiB, 15360 MiB, 100 %, 28 %, 555 MHz, 5000 MHz, 65.83 W, 77, P0
2026/09/30 06:45:28.800, Tesla T4, 10399 MiB, 4514 MiB, 15360 MiB, 100 %, 25 %, 690 MHz, 5000 MHz, 65.73 W, 77, P0
2026/09/30 06:45:29.314, Tesla T4, 10399 MiB, 4514 MiB, 15360 MiB, 100 %, 32 %, 645 MHz, 5000 MHz, 67.30 W, 77, P0
2026/09/30 06:45:29.828, Tesla T4, 10399 MiB, 4514 MiB, 15360 MiB, 100 %, 25 %, 690 MHz, 5000 MHz, 65.44 W, 77, P0
2026/09/30 06:45:30.350, Tesla T4, 10399 MiB, 4514 MiB, 15360 MiB, 100 %, 33 %, 675 MHz, 5000 MHz, 68.86 W, 76, P0
2026/09/30 06:45:30.884, Tesla T4, 10399 MiB, 4514 MiB, 15360 MiB, 90 %, 36 %, 690 MHz, 5000 MHz, 61.40 W, 76, P0
2026/09/30 06:45:31.410, Tesla T4, 10399 MiB, 4514 MiB, 15360 MiB, 100 %, 36 %, 555 MHz, 5000 MHz, 66.51 W, 76, P0
2026/09/30 06:45:31.935, Tesla T4, 10399 MiB, 4514 MiB, 15360 MiB, 88 %, 43 %, 555 MHz, 5000 MHz, 66.32 W, 76, P0
2026/09/30 06:45:32.460, Tesla T4, 10399 MiB, 4514 MiB, 15360 MiB, 100 %, 38 %, 645 MHz, 5000 MHz, 69.21 W, 76, P0
2026/09/30 06:45:32.977, Tesla T4, 10399 MiB, 4514 MiB, 15360 MiB, 94 %, 39 %, 630 MHz, 5000 MHz, 68.14 W, 76, P0
2026/09/30 06:45:33.494, Tesla T4, 10399 MiB, 4514 MiB, 15360 MiB, 100 %, 24 %, 780 MHz, 5000 MHz, 66.42 W, 76, P0
2026/09/30 06:45:34.010, Tesla T4, 10399 MiB, 4514 MiB, 15360 MiB, 100 %, 23 %, 735 MHz, 5000 MHz, 66.12 W, 76, P0
2026/09/30 06:45:34.521, Tesla T4, 10399 MiB, 4514 MiB, 15360 MiB, 100 %, 33 %, 660 MHz, 5000 MHz, 65.83 W, 75, P0
2026/09/30 06:45:35.042, Tesla T4, 10399 MiB, 4514 MiB, 15360 MiB, 100 %, 23 %, 765 MHz, 5000 MHz, 64.79 W, 75, P0
2026/09/30 06:45:35.552, Tesla T4, 10399 MiB, 4514 MiB, 15360 MiB, 100 %, 23 %, 720 MHz, 5000 MHz, 66.22 W, 75, P0
2026/09/30 06:45:36.070, Tesla T4, 10399 MiB, 4514 MiB, 15360 MiB, 100 %, 32 %, 810 MHz, 5000 MHz, 59.33 W, 75, P0
2026/09/30 06:45:36.581, Tesla T4, 10399 MiB, 4514 MiB, 15360 MiB, 95 %, 55 %, 615 MHz, 5000 MHz, 66.77 W, 75, P0
2026/09/30 06:45:37.099, Tesla T4, 10399 MiB, 4514 MiB, 15360 MiB, 94 %, 37 %, 600 MHz, 5000 MHz, 65.93 W, 75, P0
2026/09/30 06:45:37.610, Tesla T4, 10399 MiB, 4514 MiB, 15360 MiB, 100 %, 33 %, 660 MHz, 5000 MHz, 65.87 W, 75, P0
2026/09/30 06:45:38.125, Tesla T4, 10399 MiB, 4514 MiB, 15360 MiB, 96 %, 38 %, 645 MHz, 5000 MHz, 65.81 W, 75, P0
2026/09/30 06:45:38.636, Tesla T4, 10399 MiB, 4514 MiB, 15360 MiB, 99 %, 37 %, 705 MHz, 5000 MHz, 67.59 W, 74, P0
2026/09/30 06:45:39.154, Tesla T4, 10399 MiB, 4514 MiB, 15360 MiB, 100 %, 29 %, 645 MHz, 5000 MHz, 65.48 W, 75, P0
2026/09/30 06:45:39.665, Tesla T4, 10399 MiB, 4514 MiB, 15360 MiB, 100 %, 37 %, 600 MHz, 5000 MHz, 65.87 W, 74, P0
2026/09/30 06:45:40.182, Tesla T4, 10399 MiB, 4514 MiB, 15360 MiB, 100 %, 32 %, 660 MHz, 5000 MHz, 66.51 W, 74, P0
2026/09/30 06:45:40.694, Tesla T4, 10399 MiB, 4514 MiB, 15360 MiB, 100 %, 37 %, 600 MHz, 5000 MHz, 65.73 W, 74, P0
2026/09/30 06:45:41.206, Tesla T4, 10399 MiB, 4514 MiB, 15360 MiB, 100 %, 31 %, 600 MHz, 5000 MHz, 67.16 W, 74, P0
2026/09/30 06:45:41.722, Tesla T4, 10399 MiB, 4514 MiB, 15360 MiB, 100 %, 32 %, 690 MHz, 5000 MHz, 66.02 W, 74, P0
2026/09/30 06:45:42.235, Tesla T4, 10399 MiB, 4514 MiB, 15360 MiB, 93 %, 34 %, 660 MHz, 5000 MHz, 67.20 W, 74, P0
2026/09/30 06:45:42.757, Tesla T4, 10399 MiB, 4514 MiB, 15360 MiB, 96 %, 37 %, 600 MHz, 5000 MHz, 65.73 W, 74, P0
2026/09/30 06:45:43.284, Tesla T4, 10399 MiB, 4514 MiB, 15360 MiB, 90 %, 37 %, 615 MHz, 5000 MHz, 65.48 W, 74, P0
2026/09/30 06:45:43.814, Tesla T4, 10399 MiB, 4514 MiB, 15360 MiB, 94 %, 37 %, 660 MHz, 5000 MHz, 66.02 W, 74, P0
2026/09/30 06:45:44.338, Tesla T4, 10399 MiB, 4514 MiB, 15360 MiB, 100 %, 28 %, 660 MHz, 5000 MHz, 66.61 W, 74, P0
2026/09/30 06:45:44.862, Tesla T4, 10399 MiB, 4514 MiB, 15360 MiB, 100 %, 24 %, 750 MHz, 5000 MHz, 66.71 W, 74, P0
2026/09/30 06:45:45.377, Tesla T4, 10399 MiB, 4514 MiB, 15360 MiB, 100 %, 24 %, 735 MHz, 5000 MHz, 67.00 W, 74, P0
2026/09/30 06:45:45.888, Tesla T4, 10399 MiB, 4514 MiB, 15360 MiB, 100 %, 27 %, 645 MHz, 5000 MHz, 66.61 W, 74, P0
2026/09/30 06:45:46.403, Tesla T4, 10399 MiB, 4514 MiB, 15360 MiB, 97 %, 25 %, 750 MHz, 5000 MHz, 66.16 W, 74, P0
2026/09/30 06:45:46.914, Tesla T4, 10399 MiB, 4514 MiB, 15360 MiB, 100 %, 23 %, 750 MHz, 5000 MHz, 65.44 W, 74, P0
2026/09/30 06:45:47.425, Tesla T4, 10399 MiB, 4514 MiB, 15360 MiB, 97 %, 35 %, 630 MHz, 5000 MHz, 69.61 W, 74, P0
2026/09/30 06:45:47.940, Tesla T4, 10399 MiB, 4514 MiB, 15360 MiB, 99 %, 50 %, 600 MHz, 5000 MHz, 66.61 W, 74, P0
2026/09/30 06:45:48.452, Tesla T4, 10399 MiB, 4514 MiB, 15360 MiB, 100 %, 34 %, 825 MHz, 5000 MHz, 68.39 W, 74, P0
2026/09/30 06:45:48.970, Tesla T4, 10399 MiB, 4514 MiB, 15360 MiB, 97 %, 31 %, 660 MHz, 5000 MHz, 66.51 W, 74, P0
2026/09/30 06:45:49.481, Tesla T4, 10399 MiB, 4514 MiB, 15360 MiB, 100 %, 30 %, 645 MHz, 5000 MHz, 66.81 W, 74, P0
2026/09/30 06:45:50.001, Tesla T4, 10399 MiB, 4514 MiB, 15360 MiB, 100 %, 31 %, 660 MHz, 5000 MHz, 65.24 W, 74, P0
2026/09/30 06:45:50.512, Tesla T4, 10399 MiB, 4514 MiB, 15360 MiB, 100 %, 26 %, 645 MHz, 5000 MHz, 66.36 W, 74, P0
2026/09/30 06:45:51.028, Tesla T4, 10399 MiB, 4514 MiB, 15360 MiB, 99 %, 38 %, 660 MHz, 5000 MHz, 65.57 W, 74, P0
2026/09/30 06:45:51.539, Tesla T4, 10399 MiB, 4514 MiB, 15360 MiB, 99 %, 38 %, 585 MHz, 5000 MHz, 64.95 W, 74, P0
2026/09/30 06:45:52.062, Tesla T4, 10399 MiB, 4514 MiB, 15360 MiB, 97 %, 43 %, 660 MHz, 5000 MHz, 65.18 W, 74, P0
2026/09/30 06:45:52.573, Tesla T4, 10399 MiB, 4514 MiB, 15360 MiB, 100 %, 26 %, 750 MHz, 5000 MHz, 66.22 W, 74, P0
2026/09/30 06:45:53.088, Tesla T4, 10399 MiB, 4514 MiB, 15360 MiB, 93 %, 28 %, 645 MHz, 5000 MHz, 64.55 W, 74, P0
2026/09/30 06:45:53.600, Tesla T4, 10399 MiB, 4514 MiB, 15360 MiB, 100 %, 25 %, 720 MHz, 5000 MHz, 66.42 W, 74, P0
2026/09/30 06:45:54.113, Tesla T4, 10399 MiB, 4514 MiB, 15360 MiB, 97 %, 29 %, 615 MHz, 5000 MHz, 65.93 W, 74, P0
2026/09/30 06:45:54.625, Tesla T4, 10399 MiB, 4514 MiB, 15360 MiB, 98 %, 35 %, 645 MHz, 5000 MHz, 66.61 W, 74, P0
2026/09/30 06:45:55.147, Tesla T4, 10399 MiB, 4514 MiB, 15360 MiB, 87 %, 28 %, 630 MHz, 5000 MHz, 66.51 W, 74, P0
2026/09/30 06:45:55.668, Tesla T4, 10399 MiB, 4514 MiB, 15360 MiB, 98 %, 34 %, 615 MHz, 5000 MHz, 66.71 W, 74, P0
2026/09/30 06:45:56.194, Tesla T4, 10399 MiB, 4514 MiB, 15360 MiB, 100 %, 35 %, 585 MHz, 5000 MHz, 65.57 W, 75, P0
2026/09/30 06:45:56.725, Tesla T4, 10399 MiB, 4514 MiB, 15360 MiB, 100 %, 24 %, 765 MHz, 5000 MHz, 66.71 W, 75, P0
2026/09/30 06:45:57.237, Tesla T4, 10399 MiB, 4514 MiB, 15360 MiB, 100 %, 20 %, 720 MHz, 5000 MHz, 65.34 W, 74, P0
2026/09/30 06:45:57.763, Tesla T4, 10399 MiB, 4514 MiB, 15360 MiB, 100 %, 35 %, 765 MHz, 5000 MHz, 67.69 W, 75, P0
2026/09/30 06:45:58.279, Tesla T4, 10399 MiB, 4514 MiB, 15360 MiB, 100 %, 23 %, 735 MHz, 5000 MHz, 66.61 W, 75, P0
2026/09/30 06:45:58.792, Tesla T4, 10399 MiB, 4514 MiB, 15360 MiB, 100 %, 19 %, 600 MHz, 5000 MHz, 65.57 W, 75, P0
2026/09/30 06:45:59.309, Tesla T4, 10399 MiB, 4514 MiB, 15360 MiB, 100 %, 29 %, 690 MHz, 5000 MHz, 66.75 W, 75, P0
2026/09/30 06:45:59.820, Tesla T4, 10399 MiB, 4514 MiB, 15360 MiB, 100 %, 27 %, 585 MHz, 5000 MHz, 70.78 W, 75, P0
2026/09/30 06:46:00.333, Tesla T4, 10399 MiB, 4514 MiB, 15360 MiB, 98 %, 30 %, 675 MHz, 5000 MHz, 66.22 W, 75, P0
2026/09/30 06:46:00.845, Tesla T4, 10399 MiB, 4514 MiB, 15360 MiB, 97 %, 33 %, 750 MHz, 5000 MHz, 57.54 W, 75, P0
2026/09/30 06:46:01.355, Tesla T4, 10399 MiB, 4514 MiB, 15360 MiB, 96 %, 47 %, 675 MHz, 5000 MHz, 68.28 W, 75, P0
2026/09/30 06:46:01.872, Tesla T4, 10399 MiB, 4514 MiB, 15360 MiB, 100 %, 26 %, 690 MHz, 5000 MHz, 65.73 W, 75, P0
2026/09/30 06:46:02.383, Tesla T4, 10399 MiB, 4514 MiB, 15360 MiB, 100 %, 30 %, 675 MHz, 5000 MHz, 67.59 W, 76, P0
2026/09/30 06:46:02.896, Tesla T4, 10399 MiB, 4514 MiB, 15360 MiB, 99 %, 37 %, 600 MHz, 5000 MHz, 64.40 W, 76, P0
2026/09/30 06:46:03.412, Tesla T4, 10399 MiB, 4514 MiB, 15360 MiB, 100 %, 35 %, 645 MHz, 5000 MHz, 66.22 W, 76, P0
2026/09/30 06:46:03.928, Tesla T4, 10399 MiB, 4514 MiB, 15360 MiB, 93 %, 32 %, 570 MHz, 5000 MHz, 66.61 W, 76, P0
2026/09/30 06:46:04.440, Tesla T4, 10399 MiB, 4514 MiB, 15360 MiB, 98 %, 33 %, 645 MHz, 5000 MHz, 66.46 W, 76, P0
2026/09/30 06:46:04.951, Tesla T4, 10399 MiB, 4514 MiB, 15360 MiB, 96 %, 46 %, 705 MHz, 5000 MHz, 64.10 W, 76, P0
2026/09/30 06:46:05.468, Tesla T4, 10399 MiB, 4514 MiB, 15360 MiB, 96 %, 32 %, 645 MHz, 5000 MHz, 65.77 W, 76, P0
2026/09/30 06:46:05.979, Tesla T4, 10399 MiB, 4514 MiB, 15360 MiB, 100 %, 25 %, 675 MHz, 5000 MHz, 64.40 W, 76, P0
2026/09/30 06:46:06.499, Tesla T4, 10399 MiB, 4514 MiB, 15360 MiB, 100 %, 25 %, 645 MHz, 5000 MHz, 65.67 W, 76, P0
2026/09/30 06:46:07.012, Tesla T4, 10399 MiB, 4514 MiB, 15360 MiB, 100 %, 22 %, 630 MHz, 5000 MHz, 66.42 W, 76, P0
2026/09/30 06:46:07.524, Tesla T4, 10399 MiB, 4514 MiB, 15360 MiB, 98 %, 36 %, 675 MHz, 5000 MHz, 66.81 W, 76, P0
2026/09/30 06:46:08.045, Tesla T4, 10399 MiB, 4514 MiB, 15360 MiB, 100 %, 37 %, 570 MHz, 5000 MHz, 66.22 W, 76, P0
2026/09/30 06:46:08.570, Tesla T4, 10399 MiB, 4514 MiB, 15360 MiB, 98 %, 26 %, 705 MHz, 5000 MHz, 66.36 W, 77, P0
2026/09/30 06:46:09.093, Tesla T4, 10399 MiB, 4514 MiB, 15360 MiB, 98 %, 30 %, 690 MHz, 5000 MHz, 72.11 W, 77, P0
2026/09/30 06:46:09.615, Tesla T4, 10399 MiB, 4514 MiB, 15360 MiB, 97 %, 25 %, 690 MHz, 5000 MHz, 68.28 W, 77, P0
2026/09/30 06:46:10.143, Tesla T4, 10399 MiB, 4514 MiB, 15360 MiB, 97 %, 31 %, 660 MHz, 5000 MHz, 65.63 W, 77, P0
2026/09/30 06:46:10.672, Tesla T4, 10399 MiB, 4514 MiB, 15360 MiB, 100 %, 29 %, 630 MHz, 5000 MHz, 66.22 W, 77, P0
2026/09/30 06:46:11.189, Tesla T4, 10399 MiB, 4514 MiB, 15360 MiB, 98 %, 30 %, 630 MHz, 5000 MHz, 66.22 W, 77, P0
2026/09/30 06:46:11.700, Tesla T4, 10399 MiB, 4514 MiB, 15360 MiB, 97 %, 31 %, 570 MHz, 5000 MHz, 66.51 W, 77, P0
2026/09/30 06:46:12.211, Tesla T4, 10399 MiB, 4514 MiB, 15360 MiB, 94 %, 36 %, 570 MHz, 5000 MHz, 64.65 W, 78, P0
2026/09/30 06:46:12.726, Tesla T4, 10399 MiB, 4514 MiB, 15360 MiB, 96 %, 44 %, 570 MHz, 5000 MHz, 67.44 W, 78, P0
2026/09/30 06:46:13.241, Tesla T4, 10399 MiB, 4514 MiB, 15360 MiB, 98 %, 29 %, 615 MHz, 5000 MHz, 66.02 W, 78, P0
2026/09/30 06:46:13.757, Tesla T4, 10399 MiB, 4514 MiB, 15360 MiB, 93 %, 30 %, 570 MHz, 5000 MHz, 66.71 W, 78, P0
2026/09/30 06:46:14.272, Tesla T4, 10399 MiB, 4514 MiB, 15360 MiB, 98 %, 28 %, 615 MHz, 5000 MHz, 66.51 W, 78, P0
2026/09/30 06:46:14.783, Tesla T4, 10399 MiB, 4514 MiB, 15360 MiB, 97 %, 31 %, 570 MHz, 5000 MHz, 64.69 W, 78, P0
2026/09/30 06:46:15.300, Tesla T4, 10399 MiB, 4514 MiB, 15360 MiB, 94 %, 34 %, 570 MHz, 5000 MHz, 65.63 W, 78, P0
2026/09/30 06:46:15.812, Tesla T4, 10399 MiB, 4514 MiB, 15360 MiB, 99 %, 38 %, 690 MHz, 5000 MHz, 65.63 W, 78, P0
2026/09/30 06:46:16.331, Tesla T4, 10399 MiB, 4514 MiB, 15360 MiB, 96 %, 36 %, 630 MHz, 5000 MHz, 65.63 W, 78, P0
2026/09/30 06:46:16.843, Tesla T4, 10399 MiB, 4514 MiB, 15360 MiB, 98 %, 33 %, 525 MHz, 5000 MHz, 65.83 W, 79, P0
2026/09/30 06:46:17.357, Tesla T4, 10399 MiB, 4514 MiB, 15360 MiB, 93 %, 31 %, 600 MHz, 5000 MHz, 65.28 W, 79, P0
2026/09/30 06:46:17.868, Tesla T4, 10399 MiB, 4514 MiB, 15360 MiB, 100 %, 33 %, 540 MHz, 5000 MHz, 64.85 W, 79, P0
2026/09/30 06:46:18.380, Tesla T4, 10399 MiB, 4514 MiB, 15360 MiB, 99 %, 48 %, 600 MHz, 5000 MHz, 63.91 W, 79, P0
2026/09/30 06:46:18.899, Tesla T4, 10399 MiB, 4514 MiB, 15360 MiB, 98 %, 27 %, 690 MHz, 5000 MHz, 65.28 W, 79, P0
2026/09/30 06:46:19.410, Tesla T4, 10399 MiB, 4514 MiB, 15360 MiB, 99 %, 23 %, 570 MHz, 5000 MHz, 65.03 W, 79, P0
2026/09/30 06:46:19.921, Tesla T4, 10399 MiB, 4514 MiB, 15360 MiB, 100 %, 24 %, 690 MHz, 5000 MHz, 65.87 W, 79, P0
2026/09/30 06:46:20.438, Tesla T4, 10399 MiB, 4514 MiB, 15360 MiB, 100 %, 25 %, 660 MHz, 5000 MHz, 66.36 W, 79, P0
2026/09/30 06:46:20.963, Tesla T4, 10399 MiB, 4514 MiB, 15360 MiB, 85 %, 26 %, 645 MHz, 5000 MHz, 65.04 W, 79, P0
2026/09/30 06:46:21.487, Tesla T4, 10399 MiB, 4514 MiB, 15360 MiB, 95 %, 41 %, 540 MHz, 5000 MHz, 64.85 W, 79, P0
2026/09/30 06:46:22.011, Tesla T4, 10399 MiB, 4514 MiB, 15360 MiB, 98 %, 34 %, 525 MHz, 5000 MHz, 65.83 W, 79, P0
2026/09/30 06:46:22.544, Tesla T4, 10399 MiB, 4514 MiB, 15360 MiB, 98 %, 32 %, 585 MHz, 5000 MHz, 63.67 W, 79, P0
2026/09/30 06:46:23.088, Tesla T4, 10399 MiB, 4514 MiB, 15360 MiB, 98 %, 42 %, 480 MHz, 5000 MHz, 42.73 W, 79, P0
2026/09/30 06:46:23.617, Tesla T4, 10399 MiB, 4514 MiB, 15360 MiB, 96 %, 42 %, 585 MHz, 5000 MHz, 65.44 W, 79, P0
2026/09/30 06:46:24.134, Tesla T4, 10399 MiB, 4514 MiB, 15360 MiB, 100 %, 29 %, 600 MHz, 5000 MHz, 64.30 W, 80, P0
2026/09/30 06:46:24.645, Tesla T4, 10399 MiB, 4514 MiB, 15360 MiB, 94 %, 34 %, 585 MHz, 5000 MHz, 64.30 W, 80, P0
2026/09/30 06:46:25.161, Tesla T4, 10399 MiB, 4514 MiB, 15360 MiB, 100 %, 28 %, 525 MHz, 5000 MHz, 66.61 W, 79, P0
2026/09/30 06:46:25.674, Tesla T4, 10399 MiB, 4514 MiB, 15360 MiB, 100 %, 26 %, 600 MHz, 5000 MHz, 65.08 W, 80, P0
2026/09/30 06:46:26.186, Tesla T4, 10399 MiB, 4514 MiB, 15360 MiB, 98 %, 27 %, 660 MHz, 5000 MHz, 65.83 W, 80, P0
2026/09/30 06:46:26.700, Tesla T4, 10399 MiB, 4514 MiB, 15360 MiB, 100 %, 27 %, 645 MHz, 5000 MHz, 64.50 W, 80, P0
2026/09/30 06:46:27.219, Tesla T4, 10399 MiB, 4514 MiB, 15360 MiB, 100 %, 26 %, 570 MHz, 5000 MHz, 64.40 W, 79, P0
2026/09/30 06:46:27.731, Tesla T4, 10399 MiB, 4514 MiB, 15360 MiB, 100 %, 23 %, 660 MHz, 5000 MHz, 65.97 W, 80, P0
2026/09/30 06:46:28.243, Tesla T4, 10399 MiB, 4514 MiB, 15360 MiB, 99 %, 31 %, 585 MHz, 5000 MHz, 66.32 W, 79, P0
2026/09/30 06:46:28.758, Tesla T4, 10399 MiB, 4514 MiB, 15360 MiB, 99 %, 30 %, 585 MHz, 5000 MHz, 64.99 W, 79, P0
2026/09/30 06:46:29.269, Tesla T4, 10399 MiB, 4514 MiB, 15360 MiB, 100 %, 24 %, 675 MHz, 5000 MHz, 65.53 W, 79, P0
2026/09/30 06:46:29.785, Tesla T4, 10399 MiB, 4514 MiB, 15360 MiB, 94 %, 23 %, 660 MHz, 5000 MHz, 65.14 W, 79, P0
2026/09/30 06:46:30.296, Tesla T4, 10399 MiB, 4514 MiB, 15360 MiB, 99 %, 33 %, 585 MHz, 5000 MHz, 64.69 W, 79, P0
2026/09/30 06:46:30.814, Tesla T4, 10399 MiB, 4514 MiB, 15360 MiB, 100 %, 27 %, 570 MHz, 5000 MHz, 67.55 W, 79, P0
2026/09/30 06:46:31.325, Tesla T4, 10399 MiB, 4514 MiB, 15360 MiB, 93 %, 33 %, 585 MHz, 5000 MHz, 64.69 W, 79, P0
2026/09/30 06:46:31.840, Tesla T4, 10399 MiB, 4514 MiB, 15360 MiB, 100 %, 24 %, 645 MHz, 5000 MHz, 70.35 W, 79, P0
2026/09/30 06:46:32.351, Tesla T4, 10399 MiB, 4514 MiB, 15360 MiB, 94 %, 37 %, 660 MHz, 5000 MHz, 63.81 W, 79, P0
2026/09/30 06:46:32.867, Tesla T4, 10399 MiB, 4514 MiB, 15360 MiB, 98 %, 37 %, 825 MHz, 5000 MHz, 63.46 W, 79, P0
2026/09/30 06:46:33.385, Tesla T4, 10399 MiB, 4514 MiB, 15360 MiB, 98 %, 43 %, 645 MHz, 5000 MHz, 68.28 W, 78, P0
2026/09/30 06:46:33.909, Tesla T4, 10399 MiB, 4514 MiB, 15360 MiB, 96 %, 41 %, 615 MHz, 5000 MHz, 64.99 W, 79, P0
2026/09/30 06:46:34.452, Tesla T4, 10399 MiB, 4514 MiB, 15360 MiB, 88 %, 34 %, 600 MHz, 5000 MHz, 66.61 W, 79, P0
2026/09/30 06:46:34.994, Tesla T4, 10399 MiB, 4514 MiB, 15360 MiB, 92 %, 32 %, 690 MHz, 5000 MHz, 66.61 W, 78, P0
2026/09/30 06:46:35.523, Tesla T4, 10399 MiB, 4514 MiB, 15360 MiB, 100 %, 23 %, 690 MHz, 5000 MHz, 64.59 W, 78, P0
2026/09/30 06:46:36.065, Tesla T4, 10399 MiB, 4514 MiB, 15360 MiB, 97 %, 22 %, 615 MHz, 5000 MHz, 69.90 W, 78, P0
2026/09/30 06:46:36.583, Tesla T4, 10399 MiB, 4514 MiB, 15360 MiB, 100 %, 26 %, 615 MHz, 5000 MHz, 66.22 W, 78, P0
2026/09/30 06:46:37.096, Tesla T4, 10399 MiB, 4514 MiB, 15360 MiB, 100 %, 26 %, 555 MHz, 5000 MHz, 65.83 W, 78, P0
2026/09/30 06:46:37.608, Tesla T4, 10399 MiB, 4514 MiB, 15360 MiB, 100 %, 22 %, 690 MHz, 5000 MHz, 65.34 W, 78, P0
2026/09/30 06:46:38.121, Tesla T4, 10399 MiB, 4514 MiB, 15360 MiB, 100 %, 22 %, 675 MHz, 5000 MHz, 66.12 W, 78, P0
2026/09/30 06:46:38.634, Tesla T4, 10399 MiB, 4514 MiB, 15360 MiB, 100 %, 25 %, 630 MHz, 5000 MHz, 66.12 W, 78, P0
2026/09/30 06:46:39.150, Tesla T4, 10399 MiB, 4514 MiB, 15360 MiB, 100 %, 25 %, 615 MHz, 5000 MHz, 65.57 W, 78, P0
2026/09/30 06:46:39.664, Tesla T4, 10399 MiB, 4514 MiB, 15360 MiB, 100 %, 34 %, 540 MHz, 5000 MHz, 66.61 W, 78, P0
2026/09/30 06:46:40.181, Tesla T4, 10399 MiB, 4514 MiB, 15360 MiB, 94 %, 36 %, 540 MHz, 5000 MHz, 66.32 W, 78, P0
2026/09/30 06:46:40.699, Tesla T4, 10399 MiB, 4514 MiB, 15360 MiB, 95 %, 36 %, 570 MHz, 5000 MHz, 66.61 W, 78, P0
2026/09/30 06:46:41.212, Tesla T4, 10399 MiB, 4514 MiB, 15360 MiB, 98 %, 31 %, 660 MHz, 5000 MHz, 64.79 W, 78, P0
2026/09/30 06:46:41.730, Tesla T4, 10399 MiB, 4514 MiB, 15360 MiB, 98 %, 30 %, 585 MHz, 5000 MHz, 66.22 W, 78, P0
2026/09/30 06:46:42.242, Tesla T4, 10399 MiB, 4514 MiB, 15360 MiB, 100 %, 26 %, 645 MHz, 5000 MHz, 64.30 W, 78, P0
2026/09/30 06:46:42.759, Tesla T4, 10399 MiB, 4514 MiB, 15360 MiB, 100 %, 26 %, 600 MHz, 5000 MHz, 63.91 W, 78, P0
2026/09/30 06:46:43.272, Tesla T4, 10399 MiB, 4514 MiB, 15360 MiB, 100 %, 31 %, 585 MHz, 5000 MHz, 64.59 W, 77, P0
2026/09/30 06:46:43.789, Tesla T4, 10399 MiB, 4514 MiB, 15360 MiB, 100 %, 26 %, 600 MHz, 5000 MHz, 66.91 W, 77, P0
2026/09/30 06:46:44.302, Tesla T4, 10399 MiB, 4514 MiB, 15360 MiB, 100 %, 25 %, 585 MHz, 5000 MHz, 66.02 W, 77, P0
2026/09/30 06:46:44.813, Tesla T4, 10399 MiB, 4514 MiB, 15360 MiB, 98 %, 32 %, 750 MHz, 5000 MHz, 52.10 W, 77, P0
2026/09/30 06:46:45.330, Tesla T4, 10399 MiB, 4514 MiB, 15360 MiB, 100 %, 28 %, 615 MHz, 5000 MHz, 65.38 W, 77, P0
2026/09/30 06:46:45.842, Tesla T4, 10399 MiB, 4514 MiB, 15360 MiB, 92 %, 38 %, 615 MHz, 5000 MHz, 64.69 W, 77, P0
2026/09/30 06:46:46.356, Tesla T4, 10399 MiB, 4514 MiB, 15360 MiB, 100 %, 25 %, 675 MHz, 5000 MHz, 70.84 W, 77, P0
2026/09/30 06:46:46.898, Tesla T4, 10399 MiB, 4514 MiB, 15360 MiB, 88 %, 45 %, 630 MHz, 5000 MHz, 65.53 W, 77, P0
2026/09/30 06:46:47.433, Tesla T4, 10399 MiB, 4514 MiB, 15360 MiB, 95 %, 31 %, 690 MHz, 5000 MHz, 66.12 W, 77, P0
2026/09/30 06:46:47.962, Tesla T4, 10399 MiB, 4514 MiB, 15360 MiB, 88 %, 34 %, 705 MHz, 5000 MHz, 65.18 W, 77, P0
2026/09/30 06:46:48.490, Tesla T4, 10399 MiB, 4514 MiB, 15360 MiB, 96 %, 46 %, 660 MHz, 5000 MHz, 68.43 W, 77, P0
2026/09/30 06:46:49.020, Tesla T4, 10399 MiB, 4514 MiB, 15360 MiB, 98 %, 40 %, 690 MHz, 5000 MHz, 67.65 W, 77, P0
2026/09/30 06:46:49.532, Tesla T4, 10399 MiB, 4514 MiB, 15360 MiB, 100 %, 36 %, 600 MHz, 5000 MHz, 66.22 W, 77, P0
2026/09/30 06:46:50.044, Tesla T4, 10399 MiB, 4514 MiB, 15360 MiB, 99 %, 36 %, 570 MHz, 5000 MHz, 65.77 W, 77, P0
2026/09/30 06:46:50.558, Tesla T4, 10399 MiB, 4514 MiB, 15360 MiB, 98 %, 33 %, 690 MHz, 5000 MHz, 66.32 W, 77, P0
2026/09/30 06:46:51.076, Tesla T4, 10399 MiB, 4514 MiB, 15360 MiB, 100 %, 28 %, 735 MHz, 5000 MHz, 55.08 W, 76, P0
2026/09/30 06:46:51.589, Tesla T4, 10399 MiB, 4514 MiB, 15360 MiB, 100 %, 27 %, 675 MHz, 5000 MHz, 66.02 W, 77, P0
2026/09/30 06:46:52.102, Tesla T4, 10399 MiB, 4514 MiB, 15360 MiB, 97 %, 30 %, 630 MHz, 5000 MHz, 66.46 W, 76, P0
2026/09/30 06:46:52.614, Tesla T4, 10399 MiB, 4514 MiB, 15360 MiB, 94 %, 31 %, 600 MHz, 5000 MHz, 66.22 W, 76, P0
2026/09/30 06:46:53.126, Tesla T4, 10399 MiB, 4514 MiB, 15360 MiB, 96 %, 43 %, 645 MHz, 5000 MHz, 66.22 W, 76, P0
2026/09/30 06:46:53.644, Tesla T4, 10399 MiB, 4514 MiB, 15360 MiB, 93 %, 37 %, 555 MHz, 5000 MHz, 66.71 W, 76, P0
2026/09/30 06:46:54.156, Tesla T4, 10399 MiB, 4514 MiB, 15360 MiB, 100 %, 36 %, 585 MHz, 5000 MHz, 64.69 W, 76, P0
2026/09/30 06:46:54.668, Tesla T4, 10399 MiB, 4514 MiB, 15360 MiB, 100 %, 30 %, 645 MHz, 5000 MHz, 66.32 W, 76, P0
2026/09/30 06:46:55.182, Tesla T4, 10399 MiB, 4514 MiB, 15360 MiB, 100 %, 35 %, 570 MHz, 5000 MHz, 65.83 W, 76, P0
2026/09/30 06:46:55.698, Tesla T4, 10399 MiB, 4514 MiB, 15360 MiB, 100 %, 30 %, 645 MHz, 5000 MHz, 66.42 W, 76, P0
2026/09/30 06:46:56.209, Tesla T4, 10399 MiB, 4514 MiB, 15360 MiB, 100 %, 33 %, 645 MHz, 5000 MHz, 66.91 W, 76, P0
2026/09/30 06:46:56.720, Tesla T4, 10399 MiB, 4514 MiB, 15360 MiB, 100 %, 33 %, 900 MHz, 5000 MHz, 57.77 W, 76, P0
2026/09/30 06:46:57.239, Tesla T4, 10399 MiB, 4514 MiB, 15360 MiB, 97 %, 30 %, 645 MHz, 5000 MHz, 68.14 W, 76, P0
2026/09/30 06:46:57.750, Tesla T4, 10399 MiB, 4514 MiB, 15360 MiB, 100 %, 31 %, 645 MHz, 5000 MHz, 66.02 W, 76, P0
2026/09/30 06:46:58.267, Tesla T4, 10399 MiB, 4514 MiB, 15360 MiB, 96 %, 36 %, 600 MHz, 5000 MHz, 67.55 W, 76, P0
2026/09/30 06:46:58.779, Tesla T4, 10399 MiB, 4514 MiB, 15360 MiB, 100 %, 32 %, 870 MHz, 5000 MHz, 66.22 W, 76, P0
2026/09/30 06:46:59.291, Tesla T4, 10399 MiB, 4514 MiB, 15360 MiB, 87 %, 36 %, 660 MHz, 5000 MHz, 70.59 W, 76, P0
2026/09/30 06:46:59.812, Tesla T4, 10399 MiB, 4514 MiB, 15360 MiB, 100 %, 33 %, 645 MHz, 5000 MHz, 66.65 W, 76, P0
2026/09/30 06:47:00.335, Tesla T4, 10399 MiB, 4514 MiB, 15360 MiB, 98 %, 31 %, 645 MHz, 5000 MHz, 66.91 W, 76, P0
2026/09/30 06:47:00.862, Tesla T4, 10399 MiB, 4514 MiB, 15360 MiB, 100 %, 33 %, 615 MHz, 5000 MHz, 66.71 W, 76, P0
2026/09/30 06:47:01.393, Tesla T4, 10399 MiB, 4514 MiB, 15360 MiB, 100 %, 31 %, 630 MHz, 5000 MHz, 65.48 W, 76, P0
2026/09/30 06:47:01.918, Tesla T4, 10399 MiB, 4514 MiB, 15360 MiB, 100 %, 29 %, 645 MHz, 5000 MHz, 67.00 W, 76, P0
2026/09/30 06:47:02.431, Tesla T4, 10399 MiB, 4514 MiB, 15360 MiB, 98 %, 51 %, 615 MHz, 5000 MHz, 67.00 W, 75, P0
2026/09/30 06:47:02.942, Tesla T4, 10399 MiB, 4514 MiB, 15360 MiB, 100 %, 29 %, 630 MHz, 5000 MHz, 67.40 W, 76, P0
2026/09/30 06:47:03.456, Tesla T4, 10399 MiB, 4514 MiB, 15360 MiB, 97 %, 44 %, 615 MHz, 5000 MHz, 68.53 W, 76, P0
2026/09/30 06:47:03.969, Tesla T4, 10399 MiB, 4514 MiB, 15360 MiB, 98 %, 35 %, 645 MHz, 5000 MHz, 65.77 W, 76, P0
2026/09/30 06:47:04.483, Tesla T4, 10399 MiB, 4514 MiB, 15360 MiB, 93 %, 36 %, 570 MHz, 5000 MHz, 66.65 W, 75, P0
2026/09/30 06:47:04.998, Tesla T4, 10399 MiB, 4514 MiB, 15360 MiB, 100 %, 33 %, 630 MHz, 5000 MHz, 67.00 W, 76, P0
2026/09/30 06:47:05.512, Tesla T4, 10399 MiB, 4514 MiB, 15360 MiB, 100 %, 31 %, 645 MHz, 5000 MHz, 66.12 W, 76, P0
2026/09/30 06:47:06.024, Tesla T4, 10399 MiB, 4514 MiB, 15360 MiB, 100 %, 37 %, 630 MHz, 5000 MHz, 65.04 W, 76, P0
2026/09/30 06:47:06.536, Tesla T4, 10399 MiB, 4514 MiB, 15360 MiB, 99 %, 32 %, 630 MHz, 5000 MHz, 67.24 W, 76, P0
2026/09/30 06:47:07.054, Tesla T4, 10399 MiB, 4514 MiB, 15360 MiB, 100 %, 32 %, 660 MHz, 5000 MHz, 67.59 W, 76, P0
2026/09/30 06:47:07.565, Tesla T4, 10399 MiB, 4514 MiB, 15360 MiB, 100 %, 27 %, 645 MHz, 5000 MHz, 65.44 W, 76, P0
2026/09/30 06:47:08.076, Tesla T4, 10399 MiB, 4514 MiB, 15360 MiB, 98 %, 29 %, 735 MHz, 5000 MHz, 66.65 W, 76, P0
2026/09/30 06:47:08.592, Tesla T4, 10399 MiB, 4514 MiB, 15360 MiB, 100 %, 27 %, 615 MHz, 5000 MHz, 66.22 W, 76, P0
2026/09/30 06:47:09.103, Tesla T4, 10399 MiB, 4514 MiB, 15360 MiB, 100 %, 36 %, 585 MHz, 5000 MHz, 66.32 W, 76, P0
2026/09/30 06:47:09.620, Tesla T4, 10399 MiB, 4514 MiB, 15360 MiB, 100 %, 48 %, 555 MHz, 5000 MHz, 66.85 W, 76, P0
2026/09/30 06:47:10.134, Tesla T4, 10399 MiB, 4514 MiB, 15360 MiB, 99 %, 46 %, 615 MHz, 5000 MHz, 66.28 W, 76, P0
2026/09/30 06:47:10.647, Tesla T4, 10399 MiB, 4514 MiB, 15360 MiB, 92 %, 61 %, 630 MHz, 5000 MHz, 69.70 W, 76, P0
2026/09/30 06:47:11.164, Tesla T4, 10399 MiB, 4514 MiB, 15360 MiB, 97 %, 42 %, 585 MHz, 5000 MHz, 67.14 W, 76, P0
2026/09/30 06:47:11.676, Tesla T4, 10399 MiB, 4514 MiB, 15360 MiB, 94 %, 37 %, 585 MHz, 5000 MHz, 66.65 W, 76, P0
2026/09/30 06:47:12.192, Tesla T4, 10399 MiB, 4514 MiB, 15360 MiB, 100 %, 32 %, 630 MHz, 5000 MHz, 66.42 W, 76, P0
2026/09/30 06:47:12.717, Tesla T4, 10399 MiB, 4514 MiB, 15360 MiB, 98 %, 39 %, 645 MHz, 5000 MHz, 66.81 W, 76, P0
2026/09/30 06:47:13.245, Tesla T4, 10399 MiB, 4514 MiB, 15360 MiB, 98 %, 35 %, 645 MHz, 5000 MHz, 66.71 W, 76, P0
2026/09/30 06:47:13.757, Tesla T4, 10399 MiB, 4514 MiB, 15360 MiB, 100 %, 27 %, 675 MHz, 5000 MHz, 66.61 W, 76, P0
2026/09/30 06:47:14.300, Tesla T4, 10399 MiB, 4514 MiB, 15360 MiB, 97 %, 28 %, 645 MHz, 5000 MHz, 66.26 W, 76, P0
2026/09/30 06:47:14.825, Tesla T4, 10399 MiB, 4514 MiB, 15360 MiB, 100 %, 26 %, 585 MHz, 5000 MHz, 66.12 W, 76, P0
2026/09/30 06:47:15.337, Tesla T4, 10399 MiB, 4514 MiB, 15360 MiB, 100 %, 26 %, 630 MHz, 5000 MHz, 66.16 W, 76, P0
2026/09/30 06:47:15.851, Tesla T4, 10399 MiB, 4514 MiB, 15360 MiB, 98 %, 27 %, 630 MHz, 5000 MHz, 65.87 W, 76, P0
2026/09/30 06:47:16.363, Tesla T4, 10399 MiB, 4514 MiB, 15360 MiB, 100 %, 26 %, 630 MHz, 5000 MHz, 66.51 W, 76, P0
2026/09/30 06:47:16.880, Tesla T4, 10399 MiB, 4514 MiB, 15360 MiB, 94 %, 42 %, 630 MHz, 5000 MHz, 68.39 W, 76, P0
2026/09/30 06:47:17.393, Tesla T4, 10399 MiB, 4514 MiB, 15360 MiB, 99 %, 36 %, 585 MHz, 5000 MHz, 66.51 W, 76, P0
2026/09/30 06:47:17.904, Tesla T4, 10399 MiB, 4514 MiB, 15360 MiB, 100 %, 35 %, 630 MHz, 5000 MHz, 67.20 W, 76, P0
2026/09/30 06:47:18.419, Tesla T4, 10399 MiB, 4514 MiB, 15360 MiB, 98 %, 30 %, 645 MHz, 5000 MHz, 66.91 W, 76, P0
2026/09/30 06:47:18.930, Tesla T4, 10399 MiB, 4514 MiB, 15360 MiB, 100 %, 29 %, 645 MHz, 5000 MHz, 71.71 W, 76, P0
2026/09/30 06:47:19.442, Tesla T4, 10399 MiB, 4514 MiB, 15360 MiB, 100 %, 29 %, 630 MHz, 5000 MHz, 66.51 W, 76, P0
2026/09/30 06:47:19.954, Tesla T4, 10399 MiB, 4514 MiB, 15360 MiB, 97 %, 28 %, 630 MHz, 5000 MHz, 66.42 W, 76, P0
2026/09/30 06:47:20.465, Tesla T4, 10399 MiB, 4514 MiB, 15360 MiB, 91 %, 34 %, 600 MHz, 5000 MHz, 64.99 W, 76, P0
2026/09/30 06:47:20.983, Tesla T4, 10399 MiB, 4514 MiB, 15360 MiB, 99 %, 38 %, 570 MHz, 5000 MHz, 66.46 W, 76, P0
2026/09/30 06:47:21.494, Tesla T4, 10399 MiB, 4514 MiB, 15360 MiB, 98 %, 33 %, 630 MHz, 5000 MHz, 65.53 W, 76, P0
2026/09/30 06:47:22.010, Tesla T4, 10399 MiB, 4514 MiB, 15360 MiB, 93 %, 34 %, 555 MHz, 5000 MHz, 65.63 W, 76, P0
2026/09/30 06:47:22.523, Tesla T4, 10399 MiB, 4514 MiB, 15360 MiB, 100 %, 32 %, 585 MHz, 5000 MHz, 66.61 W, 76, P0
2026/09/30 06:47:23.034, Tesla T4, 10399 MiB, 4514 MiB, 15360 MiB, 100 %, 28 %, 630 MHz, 5000 MHz, 67.89 W, 76, P0
2026/09/30 06:47:23.550, Tesla T4, 10399 MiB, 4514 MiB, 15360 MiB, 100 %, 27 %, 675 MHz, 5000 MHz, 65.18 W, 76, P0
2026/09/30 06:47:24.061, Tesla T4, 10399 MiB, 4514 MiB, 15360 MiB, 100 %, 26 %, 615 MHz, 5000 MHz, 66.02 W, 76, P0
2026/09/30 06:47:24.573, Tesla T4, 10399 MiB, 4514 MiB, 15360 MiB, 100 %, 23 %, 630 MHz, 5000 MHz, 80.08 W, 76, P0
2026/09/30 06:47:25.121, Tesla T4, 10399 MiB, 4514 MiB, 15360 MiB, 100 %, 26 %, 630 MHz, 5000 MHz, 64.59 W, 76, P0
2026/09/30 06:47:25.642, Tesla T4, 10399 MiB, 4514 MiB, 15360 MiB, 100 %, 26 %, 660 MHz, 5000 MHz, 63.42 W, 77, P0
2026/09/30 06:47:26.164, Tesla T4, 10399 MiB, 4514 MiB, 15360 MiB, 100 %, 25 %, 645 MHz, 5000 MHz, 64.95 W, 77, P0
2026/09/30 06:47:26.694, Tesla T4, 10399 MiB, 4514 MiB, 15360 MiB, 97 %, 39 %, 555 MHz, 5000 MHz, 66.75 W, 77, P0
2026/09/30 06:47:27.223, Tesla T4, 10399 MiB, 4514 MiB, 15360 MiB, 88 %, 32 %, 600 MHz, 5000 MHz, 68.63 W, 77, P0
2026/09/30 06:47:27.736, Tesla T4, 10399 MiB, 4514 MiB, 15360 MiB, 97 %, 32 %, 600 MHz, 5000 MHz, 66.71 W, 77, P0
2026/09/30 06:47:28.249, Tesla T4, 10399 MiB, 4514 MiB, 15360 MiB, 100 %, 30 %, 630 MHz, 5000 MHz, 65.77 W, 77, P0
2026/09/30 06:47:28.766, Tesla T4, 10399 MiB, 4514 MiB, 15360 MiB, 93 %, 29 %, 600 MHz, 5000 MHz, 67.49 W, 77, P0
2026/09/30 06:47:29.278, Tesla T4, 10399 MiB, 4514 MiB, 15360 MiB, 100 %, 30 %, 600 MHz, 5000 MHz, 65.67 W, 77, P0
2026/09/30 06:47:29.789, Tesla T4, 10399 MiB, 4514 MiB, 15360 MiB, 97 %, 31 %, 600 MHz, 5000 MHz, 67.40 W, 77, P0
2026/09/30 06:47:30.303, Tesla T4, 10399 MiB, 4514 MiB, 15360 MiB, 96 %, 53 %, 570 MHz, 5000 MHz, 66.28 W, 77, P0
2026/09/30 06:47:30.820, Tesla T4, 10399 MiB, 4514 MiB, 15360 MiB, 99 %, 44 %, 690 MHz, 5000 MHz, 63.22 W, 77, P0
2026/09/30 06:47:31.332, Tesla T4, 10399 MiB, 4514 MiB, 15360 MiB, 98 %, 26 %, 615 MHz, 5000 MHz, 58.03 W, 77, P0
2026/09/30 06:47:31.843, Tesla T4, 10399 MiB, 4514 MiB, 15360 MiB, 100 %, 28 %, 600 MHz, 5000 MHz, 66.32 W, 77, P0
2026/09/30 06:47:32.355, Tesla T4, 10399 MiB, 4514 MiB, 15360 MiB, 100 %, 25 %, 690 MHz, 5000 MHz, 65.83 W, 77, P0
2026/09/30 06:47:32.868, Tesla T4, 10399 MiB, 4514 MiB, 15360 MiB, 100 %, 29 %, 600 MHz, 5000 MHz, 65.48 W, 77, P0
2026/09/30 06:47:33.379, Tesla T4, 10399 MiB, 4514 MiB, 15360 MiB, 97 %, 37 %, 585 MHz, 5000 MHz, 63.91 W, 77, P0
2026/09/30 06:47:33.897, Tesla T4, 10399 MiB, 4514 MiB, 15360 MiB, 98 %, 34 %, 615 MHz, 5000 MHz, 66.42 W, 77, P0
2026/09/30 06:47:34.409, Tesla T4, 10399 MiB, 4514 MiB, 15360 MiB, 100 %, 34 %, 555 MHz, 5000 MHz, 66.32 W, 77, P0
2026/09/30 06:47:34.922, Tesla T4, 10399 MiB, 4514 MiB, 15360 MiB, 100 %, 32 %, 720 MHz, 5000 MHz, 64.50 W, 77, P0
2026/09/30 06:47:35.435, Tesla T4, 10399 MiB, 4514 MiB, 15360 MiB, 100 %, 30 %, 645 MHz, 5000 MHz, 64.99 W, 77, P0
2026/09/30 06:47:35.953, Tesla T4, 10399 MiB, 4514 MiB, 15360 MiB, 99 %, 34 %, 615 MHz, 5000 MHz, 66.61 W, 77, P0
2026/09/30 06:47:36.464, Tesla T4, 10399 MiB, 4514 MiB, 15360 MiB, 99 %, 37 %, 885 MHz, 5000 MHz, 66.22 W, 77, P0
2026/09/30 06:47:36.975, Tesla T4, 10399 MiB, 4514 MiB, 15360 MiB, 97 %, 36 %, 570 MHz, 5000 MHz, 67.94 W, 77, P0
2026/09/30 06:47:37.492, Tesla T4, 10399 MiB, 4514 MiB, 15360 MiB, 100 %, 30 %, 645 MHz, 5000 MHz, 66.91 W, 77, P0
2026/09/30 06:47:38.020, Tesla T4, 10399 MiB, 4514 MiB, 15360 MiB, 100 %, 30 %, 600 MHz, 5000 MHz, 66.65 W, 77, P0
2026/09/30 06:47:38.575, Tesla T4, 10399 MiB, 4514 MiB, 15360 MiB, 95 %, 32 %, 630 MHz, 5000 MHz, 62.67 W, 77, P0
2026/09/30 06:47:39.107, Tesla T4, 10399 MiB, 4514 MiB, 15360 MiB, 100 %, 28 %, 660 MHz, 5000 MHz, 65.77 W, 77, P0
2026/09/30 06:47:39.628, Tesla T4, 10399 MiB, 4514 MiB, 15360 MiB, 100 %, 28 %, 615 MHz, 5000 MHz, 65.08 W, 78, P0
2026/09/30 06:47:40.151, Tesla T4, 10399 MiB, 4514 MiB, 15360 MiB, 88 %, 27 %, 660 MHz, 5000 MHz, 65.73 W, 78, P0
2026/09/30 06:47:40.664, Tesla T4, 10399 MiB, 4514 MiB, 15360 MiB, 98 %, 27 %, 615 MHz, 5000 MHz, 66.22 W, 78, P0
2026/09/30 06:47:41.177, Tesla T4, 10399 MiB, 4514 MiB, 15360 MiB, 100 %, 28 %, 585 MHz, 5000 MHz, 67.20 W, 78, P0
2026/09/30 06:47:41.691, Tesla T4, 10399 MiB, 4514 MiB, 15360 MiB, 100 %, 30 %, 615 MHz, 5000 MHz, 66.26 W, 78, P0
2026/09/30 06:47:42.203, Tesla T4, 10399 MiB, 4514 MiB, 15360 MiB, 93 %, 29 %, 645 MHz, 5000 MHz, 65.28 W, 78, P0
2026/09/30 06:47:42.723, Tesla T4, 10399 MiB, 4514 MiB, 15360 MiB, 100 %, 30 %, 600 MHz, 5000 MHz, 67.00 W, 78, P0
2026/09/30 06:47:43.236, Tesla T4, 10399 MiB, 4514 MiB, 15360 MiB, 97 %, 31 %, 645 MHz, 5000 MHz, 64.99 W, 78, P0
2026/09/30 06:47:43.750, Tesla T4, 10399 MiB, 4514 MiB, 15360 MiB, 98 %, 31 %, 600 MHz, 5000 MHz, 66.56 W, 78, P0
2026/09/30 06:47:44.266, Tesla T4, 10399 MiB, 4514 MiB, 15360 MiB, 100 %, 32 %, 615 MHz, 5000 MHz, 65.77 W, 78, P0
2026/09/30 06:47:44.782, Tesla T4, 10399 MiB, 4514 MiB, 15360 MiB, 100 %, 31 %, 615 MHz, 5000 MHz, 65.97 W, 78, P0
2026/09/30 06:47:45.295, Tesla T4, 10399 MiB, 4514 MiB, 15360 MiB, 93 %, 37 %, 630 MHz, 5000 MHz, 67.54 W, 78, P0
2026/09/30 06:47:45.809, Tesla T4, 10399 MiB, 4514 MiB, 15360 MiB, 97 %, 30 %, 600 MHz, 5000 MHz, 64.69 W, 78, P0
2026/09/30 06:47:46.321, Tesla T4, 10399 MiB, 4514 MiB, 15360 MiB, 100 %, 26 %, 600 MHz, 5000 MHz, 65.28 W, 78, P0
2026/09/30 06:47:46.833, Tesla T4, 10399 MiB, 4514 MiB, 15360 MiB, 98 %, 24 %, 690 MHz, 5000 MHz, 66.71 W, 78, P0
2026/09/30 06:47:47.344, Tesla T4, 10399 MiB, 4514 MiB, 15360 MiB, 92 %, 26 %, 600 MHz, 5000 MHz, 66.02 W, 78, P0
2026/09/30 06:47:47.856, Tesla T4, 10399 MiB, 4514 MiB, 15360 MiB, 100 %, 26 %, 615 MHz, 5000 MHz, 66.22 W, 78, P0
2026/09/30 06:47:48.372, Tesla T4, 10399 MiB, 4514 MiB, 15360 MiB, 98 %, 24 %, 675 MHz, 5000 MHz, 66.36 W, 78, P0
2026/09/30 06:47:48.883, Tesla T4, 10399 MiB, 4514 MiB, 15360 MiB, 96 %, 39 %, 585 MHz, 5000 MHz, 65.97 W, 78, P0
2026/09/30 06:47:49.400, Tesla T4, 10399 MiB, 4514 MiB, 15360 MiB, 99 %, 40 %, 615 MHz, 5000 MHz, 66.71 W, 78, P0
2026/09/30 06:47:49.912, Tesla T4, 10399 MiB, 4514 MiB, 15360 MiB, 98 %, 32 %, 570 MHz, 5000 MHz, 64.99 W, 78, P0
2026/09/30 06:47:50.425, Tesla T4, 10399 MiB, 4514 MiB, 15360 MiB, 86 %, 30 %, 555 MHz, 5000 MHz, 64.79 W, 78, P0
2026/09/30 06:47:50.968, Tesla T4, 10399 MiB, 4514 MiB, 15360 MiB, 100 %, 29 %, 630 MHz, 5000 MHz, 63.87 W, 78, P0
2026/09/30 06:47:51.497, Tesla T4, 10399 MiB, 4514 MiB, 15360 MiB, 96 %, 28 %, 690 MHz, 5000 MHz, 65.77 W, 78, P0
2026/09/30 06:47:52.155, Tesla T4, 10399 MiB, 4514 MiB, 15360 MiB, 100 %, 29 %, 600 MHz, 5000 MHz, 67.30 W, 78, P0
2026/09/30 06:47:52.682, Tesla T4, 10399 MiB, 4514 MiB, 15360 MiB, 100 %, 24 %, 675 MHz, 5000 MHz, 65.28 W, 78, P0
2026/09/30 06:47:53.215, Tesla T4, 10399 MiB, 4514 MiB, 15360 MiB, 98 %, 25 %, 600 MHz, 5000 MHz, 64.59 W, 78, P0
2026/09/30 06:47:53.726, Tesla T4, 10399 MiB, 4514 MiB, 15360 MiB, 100 %, 24 %, 600 MHz, 5000 MHz, 65.77 W, 78, P0
2026/09/30 06:47:54.245, Tesla T4, 10399 MiB, 4514 MiB, 15360 MiB, 100 %, 30 %, 570 MHz, 5000 MHz, 66.81 W, 78, P0
2026/09/30 06:47:54.756, Tesla T4, 10399 MiB, 4514 MiB, 15360 MiB, 100 %, 29 %, 600 MHz, 5000 MHz, 66.56 W, 78, P0
2026/09/30 06:47:55.271, Tesla T4, 10399 MiB, 4514 MiB, 15360 MiB, 96 %, 40 %, 615 MHz, 5000 MHz, 64.10 W, 78, P0
2026/09/30 06:47:55.782, Tesla T4, 10399 MiB, 4514 MiB, 15360 MiB, 98 %, 30 %, 540 MHz, 5000 MHz, 66.06 W, 78, P0
2026/09/30 06:47:56.296, Tesla T4, 10399 MiB, 4514 MiB, 15360 MiB, 93 %, 31 %, 600 MHz, 5000 MHz, 64.65 W, 78, P0
2026/09/30 06:47:56.807, Tesla T4, 10399 MiB, 4514 MiB, 15360 MiB, 98 %, 31 %, 540 MHz, 5000 MHz, 66.36 W, 78, P0
2026/09/30 06:47:57.319, Tesla T4, 10399 MiB, 4514 MiB, 15360 MiB, 97 %, 34 %, 570 MHz, 5000 MHz, 65.77 W, 78, P0
2026/09/30 06:47:57.834, Tesla T4, 10399 MiB, 4514 MiB, 15360 MiB, 94 %, 36 %, 570 MHz, 5000 MHz, 65.14 W, 78, P0
2026/09/30 06:47:58.346, Tesla T4, 10399 MiB, 4514 MiB, 15360 MiB, 97 %, 37 %, 615 MHz, 5000 MHz, 68.67 W, 78, P0
2026/09/30 06:47:58.857, Tesla T4, 10399 MiB, 4514 MiB, 15360 MiB, 100 %, 31 %, 720 MHz, 5000 MHz, 64.69 W, 78, P0
2026/09/30 06:47:59.373, Tesla T4, 10399 MiB, 4514 MiB, 15360 MiB, 100 %, 29 %, 720 MHz, 5000 MHz, 65.93 W, 77, P0
2026/09/30 06:47:59.885, Tesla T4, 10399 MiB, 4514 MiB, 15360 MiB, 98 %, 33 %, 600 MHz, 5000 MHz, 66.51 W, 77, P0
2026/09/30 06:48:00.401, Tesla T4, 10399 MiB, 4514 MiB, 15360 MiB, 99 %, 36 %, 645 MHz, 5000 MHz, 67.69 W, 78, P0
2026/09/30 06:48:00.913, Tesla T4, 10399 MiB, 4514 MiB, 15360 MiB, 98 %, 31 %, 525 MHz, 5000 MHz, 54.04 W, 77, P0
2026/09/30 06:48:01.434, Tesla T4, 10399 MiB, 4514 MiB, 15360 MiB, 99 %, 37 %, 615 MHz, 5000 MHz, 61.46 W, 77, P0
2026/09/30 06:48:01.945, Tesla T4, 10399 MiB, 4514 MiB, 15360 MiB, 92 %, 42 %, 615 MHz, 5000 MHz, 64.06 W, 77, P0
2026/09/30 06:48:02.457, Tesla T4, 10399 MiB, 4514 MiB, 15360 MiB, 99 %, 37 %, 645 MHz, 5000 MHz, 66.16 W, 77, P0
2026/09/30 06:48:02.968, Tesla T4, 10399 MiB, 4514 MiB, 15360 MiB, 99 %, 36 %, 645 MHz, 5000 MHz, 63.51 W, 77, P0
2026/09/30 06:48:03.481, Tesla T4, 10399 MiB, 4514 MiB, 15360 MiB, 100 %, 29 %, 600 MHz, 5000 MHz, 67.30 W, 77, P0
2026/09/30 06:48:04.008, Tesla T4, 10399 MiB, 4514 MiB, 15360 MiB, 100 %, 28 %, 630 MHz, 5000 MHz, 66.61 W, 77, P0
2026/09/30 06:48:04.530, Tesla T4, 10399 MiB, 4514 MiB, 15360 MiB, 92 %, 38 %, 705 MHz, 5000 MHz, 65.44 W, 77, P0
2026/09/30 06:48:05.067, Tesla T4, 10399 MiB, 4514 MiB, 15360 MiB, 97 %, 33 %, 525 MHz, 5000 MHz, 67.89 W, 77, P0
2026/09/30 06:48:05.601, Tesla T4, 10399 MiB, 4514 MiB, 15360 MiB, 100 %, 25 %, 705 MHz, 5000 MHz, 65.93 W, 77, P0
2026/09/30 06:48:06.118, Tesla T4, 10399 MiB, 4514 MiB, 15360 MiB, 92 %, 58 %, 630 MHz, 5000 MHz, 61.69 W, 77, P0
2026/09/30 06:48:06.635, Tesla T4, 10399 MiB, 4514 MiB, 15360 MiB, 98 %, 32 %, 600 MHz, 5000 MHz, 66.51 W, 77, P0
2026/09/30 06:48:07.147, Tesla T4, 10399 MiB, 4514 MiB, 15360 MiB, 99 %, 38 %, 555 MHz, 5000 MHz, 66.36 W, 77, P0
2026/09/30 06:48:07.662, Tesla T4, 10399 MiB, 4514 MiB, 15360 MiB, 97 %, 30 %, 615 MHz, 5000 MHz, 66.02 W, 77, P0
2026/09/30 06:48:08.174, Tesla T4, 10399 MiB, 4514 MiB, 15360 MiB, 98 %, 25 %, 690 MHz, 5000 MHz, 65.87 W, 77, P0
2026/09/30 06:48:08.685, Tesla T4, 10399 MiB, 4514 MiB, 15360 MiB, 100 %, 29 %, 705 MHz, 5000 MHz, 62.67 W, 77, P0
2026/09/30 06:48:09.199, Tesla T4, 10399 MiB, 4514 MiB, 15360 MiB, 100 %, 24 %, 645 MHz, 5000 MHz, 62.18 W, 77, P0
2026/09/30 06:48:09.710, Tesla T4, 10399 MiB, 4514 MiB, 15360 MiB, 99 %, 37 %, 615 MHz, 5000 MHz, 65.08 W, 77, P0
2026/09/30 06:48:10.227, Tesla T4, 10399 MiB, 4514 MiB, 15360 MiB, 100 %, 35 %, 585 MHz, 5000 MHz, 64.99 W, 77, P0
2026/09/30 06:48:10.738, Tesla T4, 10399 MiB, 4514 MiB, 15360 MiB, 99 %, 31 %, 555 MHz, 5000 MHz, 66.85 W, 77, P0
2026/09/30 06:48:11.255, Tesla T4, 10399 MiB, 4514 MiB, 15360 MiB, 98 %, 32 %, 585 MHz, 5000 MHz, 65.08 W, 77, P0
2026/09/30 06:48:11.767, Tesla T4, 10399 MiB, 4514 MiB, 15360 MiB, 100 %, 34 %, 555 MHz, 5000 MHz, 65.77 W, 77, P0
2026/09/30 06:48:12.286, Tesla T4, 10399 MiB, 4514 MiB, 15360 MiB, 100 %, 23 %, 705 MHz, 5000 MHz, 65.63 W, 77, P0
2026/09/30 06:48:12.798, Tesla T4, 10399 MiB, 4514 MiB, 15360 MiB, 100 %, 32 %, 915 MHz, 5000 MHz, 64.59 W, 77, P0
2026/09/30 06:48:13.308, Tesla T4, 10399 MiB, 4514 MiB, 15360 MiB, 99 %, 23 %, 735 MHz, 5000 MHz, 71.96 W, 77, P0
2026/09/30 06:48:13.828, Tesla T4, 10399 MiB, 4514 MiB, 15360 MiB, 100 %, 31 %, 630 MHz, 5000 MHz, 66.51 W, 77, P0
2026/09/30 06:48:14.346, Tesla T4, 10399 MiB, 4514 MiB, 15360 MiB, 94 %, 39 %, 555 MHz, 5000 MHz, 67.59 W, 77, P0
2026/09/30 06:48:14.859, Tesla T4, 10399 MiB, 4514 MiB, 15360 MiB, 96 %, 24 %, 720 MHz, 5000 MHz, 66.12 W, 77, P0
2026/09/30 06:48:15.369, Tesla T4, 10399 MiB, 4514 MiB, 15360 MiB, 100 %, 23 %, 720 MHz, 5000 MHz, 65.77 W, 77, P0
2026/09/30 06:48:15.890, Tesla T4, 10399 MiB, 4514 MiB, 15360 MiB, 95 %, 26 %, 705 MHz, 5000 MHz, 66.51 W, 77, P0
2026/09/30 06:48:16.411, Tesla T4, 10399 MiB, 4514 MiB, 15360 MiB, 100 %, 23 %, 720 MHz, 5000 MHz, 66.51 W, 77, P0
2026/09/30 06:48:16.934, Tesla T4, 10399 MiB, 4514 MiB, 15360 MiB, 100 %, 22 %, 720 MHz, 5000 MHz, 66.71 W, 77, P0
2026/09/30 06:48:17.457, Tesla T4, 10399 MiB, 4514 MiB, 15360 MiB, 100 %, 22 %, 705 MHz, 5000 MHz, 66.12 W, 77, P0
2026/09/30 06:48:17.973, Tesla T4, 10399 MiB, 4514 MiB, 15360 MiB, 100 %, 22 %, 735 MHz, 5000 MHz, 65.93 W, 77, P0
2026/09/30 06:48:18.500, Tesla T4, 10399 MiB, 4514 MiB, 15360 MiB, 100 %, 22 %, 705 MHz, 5000 MHz, 66.91 W, 77, P0
2026/09/30 06:48:19.016, Tesla T4, 10399 MiB, 4514 MiB, 15360 MiB, 98 %, 36 %, 645 MHz, 5000 MHz, 65.77 W, 77, P0
2026/09/30 06:48:19.527, Tesla T4, 10399 MiB, 4514 MiB, 15360 MiB, 100 %, 38 %, 615 MHz, 5000 MHz, 65.59 W, 77, P0
2026/09/30 06:48:20.045, Tesla T4, 10399 MiB, 4514 MiB, 15360 MiB, 100 %, 33 %, 570 MHz, 5000 MHz, 65.67 W, 77, P0
2026/09/30 06:48:20.557, Tesla T4, 10399 MiB, 4514 MiB, 15360 MiB, 100 %, 33 %, 630 MHz, 5000 MHz, 66.26 W, 77, P0
2026/09/30 06:48:21.068, Tesla T4, 10399 MiB, 4514 MiB, 15360 MiB, 99 %, 37 %, 645 MHz, 5000 MHz, 68.43 W, 77, P0
2026/09/30 06:48:21.584, Tesla T4, 10399 MiB, 4514 MiB, 15360 MiB, 98 %, 30 %, 615 MHz, 5000 MHz, 69.06 W, 77, P0
2026/09/30 06:48:22.095, Tesla T4, 10399 MiB, 4514 MiB, 15360 MiB, 93 %, 32 %, 615 MHz, 5000 MHz, 66.12 W, 77, P0
2026/09/30 06:48:22.607, Tesla T4, 10399 MiB, 4514 MiB, 15360 MiB, 97 %, 28 %, 690 MHz, 5000 MHz, 65.28 W, 77, P0
2026/09/30 06:48:23.119, Tesla T4, 10399 MiB, 4514 MiB, 15360 MiB, 100 %, 25 %, 600 MHz, 5000 MHz, 66.42 W, 77, P0
2026/09/30 06:48:23.635, Tesla T4, 10399 MiB, 4514 MiB, 15360 MiB, 100 %, 24 %, 690 MHz, 5000 MHz, 65.48 W, 77, P0
2026/09/30 06:48:24.149, Tesla T4, 10399 MiB, 4514 MiB, 15360 MiB, 97 %, 35 %, 600 MHz, 5000 MHz, 66.85 W, 77, P0
2026/09/30 06:48:24.661, Tesla T4, 10399 MiB, 4514 MiB, 15360 MiB, 98 %, 38 %, 675 MHz, 5000 MHz, 57.25 W, 77, P0
2026/09/30 06:48:25.172, Tesla T4, 10399 MiB, 4514 MiB, 15360 MiB, 100 %, 30 %, 555 MHz, 5000 MHz, 66.71 W, 77, P0
2026/09/30 06:48:25.690, Tesla T4, 10399 MiB, 4514 MiB, 15360 MiB, 99 %, 37 %, 645 MHz, 5000 MHz, 66.36 W, 77, P0
2026/09/30 06:48:26.201, Tesla T4, 10399 MiB, 4514 MiB, 15360 MiB, 94 %, 36 %, 630 MHz, 5000 MHz, 66.91 W, 77, P0
2026/09/30 06:48:26.720, Tesla T4, 10399 MiB, 4514 MiB, 15360 MiB, 98 %, 34 %, 630 MHz, 5000 MHz, 65.08 W, 77, P0
2026/09/30 06:48:27.231, Tesla T4, 10399 MiB, 4514 MiB, 15360 MiB, 99 %, 31 %, 615 MHz, 5000 MHz, 66.56 W, 77, P0
2026/09/30 06:48:27.744, Tesla T4, 10399 MiB, 4514 MiB, 15360 MiB, 100 %, 31 %, 600 MHz, 5000 MHz, 64.75 W, 77, P0
2026/09/30 06:48:28.257, Tesla T4, 10399 MiB, 4514 MiB, 15360 MiB, 100 %, 25 %, 720 MHz, 5000 MHz, 65.73 W, 77, P0
2026/09/30 06:48:28.768, Tesla T4, 10399 MiB, 4514 MiB, 15360 MiB, 85 %, 29 %, 585 MHz, 5000 MHz, 66.16 W, 77, P0
2026/09/30 06:48:29.314, Tesla T4, 10399 MiB, 4514 MiB, 15360 MiB, 100 %, 24 %, 705 MHz, 5000 MHz, 65.67 W, 77, P0
2026/09/30 06:48:29.868, Tesla T4, 10399 MiB, 4514 MiB, 15360 MiB, 100 %, 30 %, 585 MHz, 5000 MHz, 66.32 W, 77, P0
2026/09/30 06:48:30.407, Tesla T4, 10399 MiB, 4514 MiB, 15360 MiB, 97 %, 34 %, 570 MHz, 5000 MHz, 65.53 W, 77, P0
2026/09/30 06:48:30.947, Tesla T4, 10399 MiB, 4514 MiB, 15360 MiB, 100 %, 30 %, 615 MHz, 5000 MHz, 66.36 W, 77, P0
2026/09/30 06:48:31.470, Tesla T4, 10399 MiB, 4514 MiB, 15360 MiB, 100 %, 34 %, 630 MHz, 5000 MHz, 66.81 W, 76, P0
2026/09/30 06:48:31.982, Tesla T4, 10399 MiB, 4514 MiB, 15360 MiB, 100 %, 23 %, 705 MHz, 5000 MHz, 64.93 W, 77, P0
2026/09/30 06:48:32.499, Tesla T4, 10399 MiB, 4514 MiB, 15360 MiB, 100 %, 19 %, 735 MHz, 5000 MHz, 66.46 W, 77, P0
2026/09/30 06:48:33.010, Tesla T4, 10399 MiB, 4514 MiB, 15360 MiB, 100 %, 27 %, 645 MHz, 5000 MHz, 65.38 W, 77, P0
2026/09/30 06:48:33.528, Tesla T4, 10399 MiB, 4514 MiB, 15360 MiB, 100 %, 24 %, 660 MHz, 5000 MHz, 67.10 W, 77, P0
2026/09/30 06:48:34.040, Tesla T4, 10399 MiB, 4514 MiB, 15360 MiB, 100 %, 23 %, 750 MHz, 5000 MHz, 65.18 W, 77, P0
2026/09/30 06:48:34.556, Tesla T4, 10399 MiB, 4514 MiB, 15360 MiB, 100 %, 21 %, 705 MHz, 5000 MHz, 66.32 W, 77, P0
2026/09/30 06:48:35.081, Tesla T4, 10399 MiB, 4514 MiB, 15360 MiB, 100 %, 27 %, 615 MHz, 5000 MHz, 64.93 W, 77, P0
2026/09/30 06:48:35.594, Tesla T4, 10399 MiB, 4514 MiB, 15360 MiB, 100 %, 26 %, 660 MHz, 5000 MHz, 64.59 W, 77, P0
2026/09/30 06:48:36.106, Tesla T4, 10399 MiB, 4514 MiB, 15360 MiB, 98 %, 38 %, 615 MHz, 5000 MHz, 65.34 W, 77, P0
2026/09/30 06:48:36.618, Tesla T4, 10399 MiB, 4514 MiB, 15360 MiB, 100 %, 35 %, 585 MHz, 5000 MHz, 66.32 W, 76, P0
2026/09/30 06:48:37.129, Tesla T4, 10399 MiB, 4514 MiB, 15360 MiB, 100 %, 28 %, 675 MHz, 5000 MHz, 66.12 W, 77, P0
2026/09/30 06:48:37.641, Tesla T4, 10399 MiB, 4514 MiB, 15360 MiB, 99 %, 37 %, 660 MHz, 5000 MHz, 55.02 W, 77, P0
2026/09/30 06:48:38.153, Tesla T4, 10399 MiB, 4514 MiB, 15360 MiB, 100 %, 27 %, 660 MHz, 5000 MHz, 65.38 W, 77, P0
2026/09/30 06:48:38.665, Tesla T4, 10399 MiB, 4514 MiB, 15360 MiB, 97 %, 35 %, 570 MHz, 5000 MHz, 65.24 W, 76, P0
2026/09/30 06:48:39.179, Tesla T4, 10399 MiB, 4514 MiB, 15360 MiB, 100 %, 37 %, 555 MHz, 5000 MHz, 66.46 W, 76, P0
2026/09/30 06:48:39.690, Tesla T4, 10399 MiB, 4514 MiB, 15360 MiB, 97 %, 39 %, 585 MHz, 5000 MHz, 65.48 W, 76, P0
2026/09/30 06:48:40.205, Tesla T4, 10399 MiB, 4514 MiB, 15360 MiB, 100 %, 31 %, 615 MHz, 5000 MHz, 65.77 W, 76, P0
2026/09/30 06:48:40.719, Tesla T4, 10399 MiB, 4514 MiB, 15360 MiB, 93 %, 33 %, 585 MHz, 5000 MHz, 67.00 W, 76, P0
2026/09/30 06:48:41.232, Tesla T4, 10399 MiB, 4514 MiB, 15360 MiB, 100 %, 31 %, 615 MHz, 5000 MHz, 66.75 W, 76, P0
2026/09/30 06:48:41.754, Tesla T4, 10399 MiB, 4514 MiB, 15360 MiB, 100 %, 29 %, 645 MHz, 5000 MHz, 65.67 W, 76, P0
2026/09/30 06:48:42.276, Tesla T4, 10399 MiB, 4514 MiB, 15360 MiB, 98 %, 35 %, 675 MHz, 5000 MHz, 68.53 W, 76, P0
2026/09/30 06:48:42.796, Tesla T4, 10399 MiB, 4514 MiB, 15360 MiB, 100 %, 29 %, 615 MHz, 5000 MHz, 66.91 W, 77, P0
2026/09/30 06:48:43.319, Tesla T4, 10399 MiB, 4514 MiB, 15360 MiB, 95 %, 36 %, 615 MHz, 5000 MHz, 66.46 W, 76, P0
2026/09/30 06:48:43.847, Tesla T4, 10399 MiB, 4514 MiB, 15360 MiB, 100 %, 31 %, 630 MHz, 5000 MHz, 65.83 W, 76, P0
2026/09/30 06:48:44.377, Tesla T4, 10399 MiB, 4514 MiB, 15360 MiB, 100 %, 32 %, 600 MHz, 5000 MHz, 66.61 W, 76, P0
2026/09/30 06:48:44.892, Tesla T4, 10399 MiB, 4514 MiB, 15360 MiB, 100 %, 30 %, 615 MHz, 5000 MHz, 66.06 W, 76, P0
2026/09/30 06:48:45.403, Tesla T4, 10399 MiB, 4514 MiB, 15360 MiB, 100 %, 28 %, 630 MHz, 5000 MHz, 65.08 W, 76, P0
2026/09/30 06:48:45.917, Tesla T4, 10399 MiB, 4514 MiB, 15360 MiB, 98 %, 29 %, 630 MHz, 5000 MHz, 66.42 W, 77, P0
2026/09/30 06:48:46.430, Tesla T4, 10399 MiB, 4514 MiB, 15360 MiB, 100 %, 26 %, 600 MHz, 5000 MHz, 65.48 W, 76, P0
2026/09/30 06:48:46.949, Tesla T4, 10399 MiB, 4514 MiB, 15360 MiB, 92 %, 29 %, 630 MHz, 5000 MHz, 66.02 W, 76, P0
2026/09/30 06:48:47.460, Tesla T4, 10399 MiB, 4514 MiB, 15360 MiB, 98 %, 28 %, 630 MHz, 5000 MHz, 64.59 W, 77, P0
2026/09/30 06:48:47.976, Tesla T4, 10399 MiB, 4514 MiB, 15360 MiB, 100 %, 26 %, 600 MHz, 5000 MHz, 67.30 W, 77, P0
2026/09/30 06:48:48.491, Tesla T4, 10399 MiB, 4514 MiB, 15360 MiB, 100 %, 32 %, 630 MHz, 5000 MHz, 66.26 W, 77, P0
2026/09/30 06:48:49.007, Tesla T4, 10399 MiB, 4514 MiB, 15360 MiB, 92 %, 30 %, 645 MHz, 5000 MHz, 70.25 W, 77, P0
2026/09/30 06:48:49.520, Tesla T4, 10399 MiB, 4514 MiB, 15360 MiB, 98 %, 31 %, 585 MHz, 5000 MHz, 65.08 W, 77, P0
2026/09/30 06:48:50.036, Tesla T4, 10399 MiB, 4514 MiB, 15360 MiB, 100 %, 25 %, 600 MHz, 5000 MHz, 65.34 W, 77, P0
2026/09/30 06:48:50.548, Tesla T4, 10399 MiB, 4514 MiB, 15360 MiB, 100 %, 25 %, 660 MHz, 5000 MHz, 63.81 W, 77, P0
2026/09/30 06:48:51.062, Tesla T4, 10399 MiB, 4514 MiB, 15360 MiB, 100 %, 25 %, 630 MHz, 5000 MHz, 65.38 W, 77, P0
2026/09/30 06:48:51.579, Tesla T4, 10399 MiB, 4514 MiB, 15360 MiB, 100 %, 24 %, 675 MHz, 5000 MHz, 68.72 W, 77, P0
2026/09/30 06:48:52.098, Tesla T4, 10399 MiB, 4514 MiB, 15360 MiB, 100 %, 32 %, 705 MHz, 5000 MHz, 65.18 W, 77, P0
2026/09/30 06:48:52.611, Tesla T4, 10399 MiB, 4514 MiB, 15360 MiB, 94 %, 33 %, 630 MHz, 5000 MHz, 64.95 W, 77, P0
2026/09/30 06:48:53.124, Tesla T4, 10399 MiB, 4514 MiB, 15360 MiB, 96 %, 34 %, 675 MHz, 5000 MHz, 67.49 W, 77, P0
2026/09/30 06:48:53.636, Tesla T4, 10399 MiB, 4514 MiB, 15360 MiB, 100 %, 28 %, 660 MHz, 5000 MHz, 65.08 W, 77, P0
2026/09/30 06:48:54.146, Tesla T4, 10399 MiB, 4514 MiB, 15360 MiB, 100 %, 32 %, 645 MHz, 5000 MHz, 65.38 W, 77, P0
2026/09/30 06:48:54.671, Tesla T4, 10399 MiB, 4514 MiB, 15360 MiB, 100 %, 27 %, 660 MHz, 5000 MHz, 65.57 W, 77, P0
2026/09/30 06:48:55.193, Tesla T4, 10399 MiB, 4514 MiB, 15360 MiB, 98 %, 33 %, 600 MHz, 5000 MHz, 65.24 W, 77, P0
2026/09/30 06:48:55.720, Tesla T4, 10399 MiB, 4514 MiB, 15360 MiB, 93 %, 39 %, 735 MHz, 5000 MHz, 74.31 W, 77, P0
2026/09/30 06:48:56.268, Tesla T4, 10399 MiB, 4514 MiB, 15360 MiB, 95 %, 37 %, 615 MHz, 5000 MHz, 66.06 W, 77, P0
2026/09/30 06:48:56.792, Tesla T4, 10399 MiB, 4514 MiB, 15360 MiB, 100 %, 28 %, 660 MHz, 5000 MHz, 64.79 W, 77, P0
2026/09/30 06:48:57.308, Tesla T4, 10399 MiB, 4514 MiB, 15360 MiB, 100 %, 31 %, 615 MHz, 5000 MHz, 66.61 W, 77, P0
2026/09/30 06:48:57.820, Tesla T4, 10399 MiB, 4514 MiB, 15360 MiB, 100 %, 27 %, 630 MHz, 5000 MHz, 67.00 W, 77, P0
2026/09/30 06:48:58.333, Tesla T4, 10399 MiB, 4514 MiB, 15360 MiB, 100 %, 29 %, 585 MHz, 5000 MHz, 65.67 W, 77, P0
2026/09/30 06:48:58.847, Tesla T4, 10399 MiB, 4514 MiB, 15360 MiB, 100 %, 29 %, 585 MHz, 5000 MHz, 65.57 W, 77, P0
2026/09/30 06:48:59.363, Tesla T4, 10399 MiB, 4514 MiB, 15360 MiB, 100 %, 32 %, 645 MHz, 5000 MHz, 65.28 W, 76, P0
2026/09/30 06:48:59.875, Tesla T4, 10399 MiB, 4514 MiB, 15360 MiB, 100 %, 29 %, 600 MHz, 5000 MHz, 67.49 W, 77, P0
2026/09/30 06:49:00.387, Tesla T4, 10399 MiB, 4514 MiB, 15360 MiB, 100 %, 25 %, 480 MHz, 5000 MHz, 66.61 W, 77, P0
2026/09/30 06:49:00.904, Tesla T4, 10399 MiB, 4514 MiB, 15360 MiB, 97 %, 30 %, 570 MHz, 5000 MHz, 66.06 W, 77, P0
2026/09/30 06:49:01.416, Tesla T4, 10399 MiB, 4514 MiB, 15360 MiB, 93 %, 35 %, 570 MHz, 5000 MHz, 66.22 W, 77, P0
2026/09/30 06:49:01.928, Tesla T4, 10399 MiB, 4514 MiB, 15360 MiB, 100 %, 32 %, 630 MHz, 5000 MHz, 66.51 W, 77, P0
2026/09/30 06:49:02.440, Tesla T4, 10399 MiB, 4514 MiB, 15360 MiB, 100 %, 35 %, 570 MHz, 5000 MHz, 65.87 W, 77, P0
2026/09/30 06:49:02.952, Tesla T4, 10399 MiB, 4514 MiB, 15360 MiB, 98 %, 31 %, 615 MHz, 5000 MHz, 67.89 W, 77, P0
2026/09/30 06:49:03.464, Tesla T4, 10399 MiB, 4514 MiB, 15360 MiB, 97 %, 34 %, 630 MHz, 5000 MHz, 68.32 W, 77, P0
2026/09/30 06:49:03.979, Tesla T4, 10399 MiB, 4514 MiB, 15360 MiB, 99 %, 38 %, 675 MHz, 5000 MHz, 65.24 W, 77, P0
2026/09/30 06:49:04.490, Tesla T4, 10399 MiB, 4514 MiB, 15360 MiB, 100 %, 33 %, 630 MHz, 5000 MHz, 66.32 W, 77, P0
2026/09/30 06:49:05.007, Tesla T4, 10399 MiB, 4514 MiB, 15360 MiB, 100 %, 35 %, 585 MHz, 5000 MHz, 67.40 W, 77, P0
2026/09/30 06:49:05.519, Tesla T4, 10399 MiB, 4514 MiB, 15360 MiB, 100 %, 29 %, 555 MHz, 5000 MHz, 66.22 W, 77, P0
2026/09/30 06:49:06.032, Tesla T4, 10399 MiB, 4514 MiB, 15360 MiB, 93 %, 48 %, 555 MHz, 5000 MHz, 65.32 W, 77, P0
2026/09/30 06:49:06.545, Tesla T4, 10399 MiB, 4514 MiB, 15360 MiB, 99 %, 41 %, 630 MHz, 5000 MHz, 66.61 W, 77, P0
2026/09/30 06:49:07.058, Tesla T4, 10399 MiB, 4514 MiB, 15360 MiB, 100 %, 37 %, 615 MHz, 5000 MHz, 67.06 W, 77, P0
2026/09/30 06:49:07.584, Tesla T4, 10399 MiB, 4514 MiB, 15360 MiB, 100 %, 28 %, 675 MHz, 5000 MHz, 67.40 W, 77, P0
2026/09/30 06:49:08.107, Tesla T4, 10399 MiB, 4514 MiB, 15360 MiB, 100 %, 32 %, 1215 MHz, 5000 MHz, 65.53 W, 77, P0
2026/09/30 06:49:08.630, Tesla T4, 10399 MiB, 4514 MiB, 15360 MiB, 100 %, 28 %, 660 MHz, 5000 MHz, 66.32 W, 77, P0
2026/09/30 06:49:09.152, Tesla T4, 10399 MiB, 4514 MiB, 15360 MiB, 100 %, 30 %, 555 MHz, 5000 MHz, 67.20 W, 77, P0
2026/09/30 06:49:09.676, Tesla T4, 10399 MiB, 4514 MiB, 15360 MiB, 97 %, 36 %, 645 MHz, 5000 MHz, 64.79 W, 77, P0
2026/09/30 06:49:10.188, Tesla T4, 10399 MiB, 4514 MiB, 15360 MiB, 100 %, 34 %, 630 MHz, 5000 MHz, 60.65 W, 77, P0
2026/09/30 06:49:10.704, Tesla T4, 10399 MiB, 4514 MiB, 15360 MiB, 100 %, 32 %, 705 MHz, 5000 MHz, 65.48 W, 77, P0
2026/09/30 06:49:11.220, Tesla T4, 10399 MiB, 4514 MiB, 15360 MiB, 100 %, 33 %, 585 MHz, 5000 MHz, 65.83 W, 77, P0
2026/09/30 06:49:11.735, Tesla T4, 10399 MiB, 4514 MiB, 15360 MiB, 100 %, 30 %, 690 MHz, 5000 MHz, 66.51 W, 77, P0
2026/09/30 06:49:12.252, Tesla T4, 10399 MiB, 4514 MiB, 15360 MiB, 98 %, 27 %, 585 MHz, 5000 MHz, 68.92 W, 77, P0
2026/09/30 06:49:12.768, Tesla T4, 10399 MiB, 4514 MiB, 15360 MiB, 100 %, 30 %, 720 MHz, 5000 MHz, 69.51 W, 77, P0
2026/09/30 06:49:13.283, Tesla T4, 10399 MiB, 4514 MiB, 15360 MiB, 100 %, 23 %, 615 MHz, 5000 MHz, 70.33 W, 77, P0
2026/09/30 06:49:13.803, Tesla T4, 10399 MiB, 4514 MiB, 15360 MiB, 100 %, 30 %, 525 MHz, 5000 MHz, 67.49 W, 77, P0
2026/09/30 06:49:14.314, Tesla T4, 10399 MiB, 4514 MiB, 15360 MiB, 94 %, 39 %, 600 MHz, 5000 MHz, 63.03 W, 77, P0
2026/09/30 06:49:14.827, Tesla T4, 10399 MiB, 4514 MiB, 15360 MiB, 97 %, 35 %, 555 MHz, 5000 MHz, 65.83 W, 77, P0
2026/09/30 06:49:15.342, Tesla T4, 10399 MiB, 4514 MiB, 15360 MiB, 100 %, 32 %, 930 MHz, 5000 MHz, 66.61 W, 77, P0
2026/09/30 06:49:15.853, Tesla T4, 10399 MiB, 4514 MiB, 15360 MiB, 99 %, 32 %, 615 MHz, 5000 MHz, 65.28 W, 77, P0
2026/09/30 06:49:16.371, Tesla T4, 10399 MiB, 4514 MiB, 15360 MiB, 98 %, 37 %, 585 MHz, 5000 MHz, 66.85 W, 77, P0
2026/09/30 06:49:16.883, Tesla T4, 10399 MiB, 4514 MiB, 15360 MiB, 95 %, 33 %, 915 MHz, 5000 MHz, 66.71 W, 77, P0
2026/09/30 06:49:17.401, Tesla T4, 10399 MiB, 4514 MiB, 15360 MiB, 99 %, 34 %, 570 MHz, 5000 MHz, 66.71 W, 77, P0
2026/09/30 06:49:17.913, Tesla T4, 10399 MiB, 4514 MiB, 15360 MiB, 99 %, 37 %, 600 MHz, 5000 MHz, 68.67 W, 77, P0
2026/09/30 06:49:18.432, Tesla T4, 10399 MiB, 4514 MiB, 15360 MiB, 99 %, 37 %, 585 MHz, 5000 MHz, 66.56 W, 77, P0
2026/09/30 06:49:18.944, Tesla T4, 10399 MiB, 4514 MiB, 15360 MiB, 98 %, 28 %, 630 MHz, 5000 MHz, 65.24 W, 77, P0
2026/09/30 06:49:19.461, Tesla T4, 10399 MiB, 4514 MiB, 15360 MiB, 100 %, 26 %, 615 MHz, 5000 MHz, 66.71 W, 77, P0
2026/09/30 06:49:19.974, Tesla T4, 10399 MiB, 4514 MiB, 15360 MiB, 99 %, 34 %, 615 MHz, 5000 MHz, 65.53 W, 77, P0
2026/09/30 06:49:20.498, Tesla T4, 10399 MiB, 4514 MiB, 15360 MiB, 100 %, 25 %, 615 MHz, 5000 MHz, 65.63 W, 77, P0
2026/09/30 06:49:21.030, Tesla T4, 10399 MiB, 4514 MiB, 15360 MiB, 100 %, 25 %, 645 MHz, 5000 MHz, 66.67 W, 77, P0
2026/09/30 06:49:21.563, Tesla T4, 10399 MiB, 4514 MiB, 15360 MiB, 100 %, 30 %, 600 MHz, 5000 MHz, 66.56 W, 77, P0
2026/09/30 06:49:22.087, Tesla T4, 10399 MiB, 4514 MiB, 15360 MiB, 89 %, 32 %, 660 MHz, 5000 MHz, 68.57 W, 77, P0
2026/09/30 06:49:22.610, Tesla T4, 10399 MiB, 4514 MiB, 15360 MiB, 100 %, 29 %, 570 MHz, 5000 MHz, 66.91 W, 77, P0
2026/09/30 06:49:23.121, Tesla T4, 10399 MiB, 4514 MiB, 15360 MiB, 99 %, 41 %, 570 MHz, 5000 MHz, 66.02 W, 77, P0
2026/09/30 06:49:23.642, Tesla T4, 10399 MiB, 4514 MiB, 15360 MiB, 99 %, 37 %, 600 MHz, 5000 MHz, 64.46 W, 77, P0
2026/09/30 06:49:24.153, Tesla T4, 10399 MiB, 4514 MiB, 15360 MiB, 99 %, 43 %, 570 MHz, 5000 MHz, 67.54 W, 77, P0
2026/09/30 06:49:24.665, Tesla T4, 10399 MiB, 4514 MiB, 15360 MiB, 93 %, 39 %, 660 MHz, 5000 MHz, 68.18 W, 77, P0
2026/09/30 06:49:25.182, Tesla T4, 10399 MiB, 4514 MiB, 15360 MiB, 100 %, 37 %, 690 MHz, 5000 MHz, 67.40 W, 77, P0
2026/09/30 06:49:25.694, Tesla T4, 10399 MiB, 4514 MiB, 15360 MiB, 100 %, 36 %, 630 MHz, 5000 MHz, 59.96 W, 77, P0
2026/09/30 06:49:26.210, Tesla T4, 10399 MiB, 4514 MiB, 15360 MiB, 100 %, 25 %, 705 MHz, 5000 MHz, 65.38 W, 77, P0
2026/09/30 06:49:26.721, Tesla T4, 10399 MiB, 4514 MiB, 15360 MiB, 94 %, 29 %, 750 MHz, 5000 MHz, 61.43 W, 77, P0
2026/09/30 06:49:27.232, Tesla T4, 10399 MiB, 4514 MiB, 15360 MiB, 100 %, 23 %, 885 MHz, 5000 MHz, 61.75 W, 77, P0
2026/09/30 06:49:27.748, Tesla T4, 10399 MiB, 4514 MiB, 15360 MiB, 100 %, 34 %, 690 MHz, 5000 MHz, 65.63 W, 77, P0
2026/09/30 06:49:28.259, Tesla T4, 10399 MiB, 4514 MiB, 15360 MiB, 93 %, 25 %, 555 MHz, 5000 MHz, 67.65 W, 77, P0
2026/09/30 06:49:28.775, Tesla T4, 10399 MiB, 4514 MiB, 15360 MiB, 98 %, 32 %, 690 MHz, 5000 MHz, 65.77 W, 77, P0
2026/09/30 06:49:29.287, Tesla T4, 10399 MiB, 4514 MiB, 15360 MiB, 96 %, 39 %, 585 MHz, 5000 MHz, 64.69 W, 77, P0
2026/09/30 06:49:29.801, Tesla T4, 10399 MiB, 4514 MiB, 15360 MiB, 100 %, 30 %, 600 MHz, 5000 MHz, 65.04 W, 77, P0
2026/09/30 06:49:30.313, Tesla T4, 10399 MiB, 4514 MiB, 15360 MiB, 92 %, 57 %, 645 MHz, 5000 MHz, 66.42 W, 77, P0
2026/09/30 06:49:30.824, Tesla T4, 10399 MiB, 4514 MiB, 15360 MiB, 97 %, 39 %, 690 MHz, 5000 MHz, 65.87 W, 77, P0
2026/09/30 06:49:31.340, Tesla T4, 10399 MiB, 4514 MiB, 15360 MiB, 94 %, 38 %, 660 MHz, 5000 MHz, 63.85 W, 77, P0
2026/09/30 06:49:31.853, Tesla T4, 10399 MiB, 4514 MiB, 15360 MiB, 99 %, 36 %, 675 MHz, 5000 MHz, 65.81 W, 77, P0
2026/09/30 06:49:32.364, Tesla T4, 10399 MiB, 4514 MiB, 15360 MiB, 100 %, 36 %, 585 MHz, 5000 MHz, 66.46 W, 77, P0
2026/09/30 06:49:32.892, Tesla T4, 10399 MiB, 4514 MiB, 15360 MiB, 97 %, 49 %, 570 MHz, 5000 MHz, 67.30 W, 77, P0
2026/09/30 06:49:33.420, Tesla T4, 10399 MiB, 4514 MiB, 15360 MiB, 95 %, 29 %, 570 MHz, 5000 MHz, 65.48 W, 77, P0
2026/09/30 06:49:33.961, Tesla T4, 10399 MiB, 4514 MiB, 15360 MiB, 96 %, 30 %, 570 MHz, 5000 MHz, 65.57 W, 77, P0
2026/09/30 06:49:34.492, Tesla T4, 10399 MiB, 4514 MiB, 15360 MiB, 100 %, 30 %, 600 MHz, 5000 MHz, 65.63 W, 77, P0
2026/09/30 06:49:35.033, Tesla T4, 10399 MiB, 4514 MiB, 15360 MiB, 88 %, 30 %, 555 MHz, 5000 MHz, 65.48 W, 77, P0
2026/09/30 06:49:35.548, Tesla T4, 10399 MiB, 4514 MiB, 15360 MiB, 100 %, 30 %, 630 MHz, 5000 MHz, 66.61 W, 77, P0
2026/09/30 06:49:36.059, Tesla T4, 10399 MiB, 4514 MiB, 15360 MiB, 100 %, 26 %, 630 MHz, 5000 MHz, 66.91 W, 77, P0
2026/09/30 06:49:36.576, Tesla T4, 10399 MiB, 4514 MiB, 15360 MiB, 100 %, 26 %, 570 MHz, 5000 MHz, 66.02 W, 77, P0
2026/09/30 06:49:37.090, Tesla T4, 10399 MiB, 4514 MiB, 15360 MiB, 100 %, 23 %, 720 MHz, 5000 MHz, 65.26 W, 77, P0
2026/09/30 06:49:37.602, Tesla T4, 10399 MiB, 4514 MiB, 15360 MiB, 100 %, 23 %, 690 MHz, 5000 MHz, 66.61 W, 78, P0
2026/09/30 06:49:38.113, Tesla T4, 10399 MiB, 4514 MiB, 15360 MiB, 100 %, 26 %, 630 MHz, 5000 MHz, 65.14 W, 77, P0
2026/09/30 06:49:38.624, Tesla T4, 10399 MiB, 4514 MiB, 15360 MiB, 97 %, 25 %, 735 MHz, 5000 MHz, 66.51 W, 77, P0
2026/09/30 06:49:39.144, Tesla T4, 10399 MiB, 4514 MiB, 15360 MiB, 100 %, 22 %, 720 MHz, 5000 MHz, 65.53 W, 77, P0
2026/09/30 06:49:39.654, Tesla T4, 10399 MiB, 4514 MiB, 15360 MiB, 100 %, 19 %, 585 MHz, 5000 MHz, 69.51 W, 77, P0
2026/09/30 06:49:40.171, Tesla T4, 10399 MiB, 4514 MiB, 15360 MiB, 93 %, 38 %, 540 MHz, 5000 MHz, 66.16 W, 77, P0
2026/09/30 06:49:40.683, Tesla T4, 10399 MiB, 4514 MiB, 15360 MiB, 96 %, 36 %, 570 MHz, 5000 MHz, 64.79 W, 77, P0
2026/09/30 06:49:41.197, Tesla T4, 10399 MiB, 4514 MiB, 15360 MiB, 99 %, 34 %, 585 MHz, 5000 MHz, 66.51 W, 77, P0
2026/09/30 06:49:41.708, Tesla T4, 10399 MiB, 4514 MiB, 15360 MiB, 100 %, 37 %, 630 MHz, 5000 MHz, 64.85 W, 77, P0
2026/09/30 06:49:42.219, Tesla T4, 10399 MiB, 4514 MiB, 15360 MiB, 99 %, 35 %, 600 MHz, 5000 MHz, 65.53 W, 77, P0
2026/09/30 06:49:42.736, Tesla T4, 10399 MiB, 4514 MiB, 15360 MiB, 100 %, 29 %, 555 MHz, 5000 MHz, 66.65 W, 77, P0
2026/09/30 06:49:43.247, Tesla T4, 10399 MiB, 4514 MiB, 15360 MiB, 100 %, 25 %, 675 MHz, 5000 MHz, 66.16 W, 77, P0
2026/09/30 06:49:43.760, Tesla T4, 10399 MiB, 4514 MiB, 15360 MiB, 100 %, 29 %, 630 MHz, 5000 MHz, 66.46 W, 77, P0
2026/09/30 06:49:44.274, Tesla T4, 10399 MiB, 4514 MiB, 15360 MiB, 100 %, 24 %, 690 MHz, 5000 MHz, 66.46 W, 77, P0
2026/09/30 06:49:44.788, Tesla T4, 10399 MiB, 4514 MiB, 15360 MiB, 100 %, 35 %, 555 MHz, 5000 MHz, 65.77 W, 77, P0
2026/09/30 06:49:45.302, Tesla T4, 10399 MiB, 4514 MiB, 15360 MiB, 100 %, 22 %, 720 MHz, 5000 MHz, 65.93 W, 77, P0
2026/09/30 06:49:45.813, Tesla T4, 10399 MiB, 4514 MiB, 15360 MiB, 100 %, 22 %, 690 MHz, 5000 MHz, 66.22 W, 78, P0
2026/09/30 06:49:46.339, Tesla T4, 10399 MiB, 4514 MiB, 15360 MiB, 100 %, 34 %, 735 MHz, 5000 MHz, 54.13 W, 77, P0
2026/09/30 06:49:46.859, Tesla T4, 10399 MiB, 4514 MiB, 15360 MiB, 100 %, 22 %, 705 MHz, 5000 MHz, 64.69 W, 77, P0
2026/09/30 06:49:47.386, Tesla T4, 10399 MiB, 4514 MiB, 15360 MiB, 96 %, 24 %, 585 MHz, 5000 MHz, 66.12 W, 77, P0
2026/09/30 06:49:47.904, Tesla T4, 10399 MiB, 4514 MiB, 15360 MiB, 97 %, 33 %, 660 MHz, 5000 MHz, 66.51 W, 77, P0
2026/09/30 06:49:48.416, Tesla T4, 10399 MiB, 4514 MiB, 15360 MiB, 100 %, 27 %, 660 MHz, 5000 MHz, 65.67 W, 78, P0
2026/09/30 06:49:48.930, Tesla T4, 10399 MiB, 4514 MiB, 15360 MiB, 100 %, 34 %, 630 MHz, 5000 MHz, 65.87 W, 77, P0
2026/09/30 06:49:49.441, Tesla T4, 10399 MiB, 4514 MiB, 15360 MiB, 100 %, 27 %, 660 MHz, 5000 MHz, 66.26 W, 78, P0
2026/09/30 06:49:49.954, Tesla T4, 10399 MiB, 4514 MiB, 15360 MiB, 100 %, 35 %, 555 MHz, 5000 MHz, 65.87 W, 77, P0
2026/09/30 06:49:50.467, Tesla T4, 10399 MiB, 4514 MiB, 15360 MiB, 100 %, 30 %, 585 MHz, 5000 MHz, 65.87 W, 78, P0
2026/09/30 06:49:50.978, Tesla T4, 10399 MiB, 4514 MiB, 15360 MiB, 100 %, 35 %, 645 MHz, 5000 MHz, 64.99 W, 77, P0
2026/09/30 06:49:51.496, Tesla T4, 10399 MiB, 4514 MiB, 15360 MiB, 100 %, 29 %, 555 MHz, 5000 MHz, 67.69 W, 77, P0
2026/09/30 06:49:52.024, Tesla T4, 10399 MiB, 4514 MiB, 15360 MiB, 98 %, 31 %, 645 MHz, 5000 MHz, 66.81 W, 77, P0
2026/09/30 06:49:52.545, Tesla T4, 10399 MiB, 4514 MiB, 15360 MiB, 100 %, 30 %, 615 MHz, 5000 MHz, 65.03 W, 77, P0
2026/09/30 06:49:53.057, Tesla T4, 10399 MiB, 4514 MiB, 15360 MiB, 98 %, 30 %, 615 MHz, 5000 MHz, 66.61 W, 77, P0
2026/09/30 06:49:53.574, Tesla T4, 10399 MiB, 4514 MiB, 15360 MiB, 97 %, 30 %, 615 MHz, 5000 MHz, 64.46 W, 77, P0
2026/09/30 06:49:54.084, Tesla T4, 10399 MiB, 4514 MiB, 15360 MiB, 100 %, 25 %, 690 MHz, 5000 MHz, 65.97 W, 77, P0
2026/09/30 06:49:54.598, Tesla T4, 10399 MiB, 4514 MiB, 15360 MiB, 98 %, 33 %, 690 MHz, 5000 MHz, 66.22 W, 77, P0
2026/09/30 06:49:55.110, Tesla T4, 10399 MiB, 4514 MiB, 15360 MiB, 97 %, 32 %, 600 MHz, 5000 MHz, 63.91 W, 77, P0
2026/09/30 06:49:55.622, Tesla T4, 10399 MiB, 4514 MiB, 15360 MiB, 100 %, 30 %, 615 MHz, 5000 MHz, 65.93 W, 78, P0
2026/09/30 06:49:56.140, Tesla T4, 10399 MiB, 4514 MiB, 15360 MiB, 98 %, 33 %, 600 MHz, 5000 MHz, 65.63 W, 77, P0
2026/09/30 06:49:56.652, Tesla T4, 10399 MiB, 4514 MiB, 15360 MiB, 97 %, 32 %, 615 MHz, 5000 MHz, 67.30 W, 77, P0
2026/09/30 06:49:57.172, Tesla T4, 10399 MiB, 4514 MiB, 15360 MiB, 100 %, 31 %, 600 MHz, 5000 MHz, 47.04 W, 77, P0
2026/09/30 06:49:57.685, Tesla T4, 10399 MiB, 4514 MiB, 15360 MiB, 97 %, 29 %, 705 MHz, 5000 MHz, 65.08 W, 77, P0
2026/09/30 06:49:58.199, Tesla T4, 10399 MiB, 4514 MiB, 15360 MiB, 89 %, 37 %, 675 MHz, 5000 MHz, 66.22 W, 77, P0
2026/09/30 06:49:58.730, Tesla T4, 10399 MiB, 4514 MiB, 15360 MiB, 98 %, 34 %, 615 MHz, 5000 MHz, 65.83 W, 77, P0
2026/09/30 06:49:59.258, Tesla T4, 10399 MiB, 4514 MiB, 15360 MiB, 98 %, 41 %, 555 MHz, 5000 MHz, 66.28 W, 77, P0
2026/09/30 06:49:59.802, Tesla T4, 10399 MiB, 4514 MiB, 15360 MiB, 98 %, 32 %, 570 MHz, 5000 MHz, 68.63 W, 77, P0
2026/09/30 06:50:00.329, Tesla T4, 10399 MiB, 4514 MiB, 15360 MiB, 95 %, 38 %, 570 MHz, 5000 MHz, 64.95 W, 77, P0
2026/09/30 06:50:00.859, Tesla T4, 10399 MiB, 4514 MiB, 15360 MiB, 97 %, 31 %, 600 MHz, 5000 MHz, 64.89 W, 77, P0
2026/09/30 06:50:01.378, Tesla T4, 10399 MiB, 4514 MiB, 15360 MiB, 99 %, 30 %, 570 MHz, 5000 MHz, 65.38 W, 77, P0
2026/09/30 06:50:01.890, Tesla T4, 10399 MiB, 4514 MiB, 15360 MiB, 100 %, 29 %, 600 MHz, 5000 MHz, 67.69 W, 78, P0
2026/09/30 06:50:02.402, Tesla T4, 10399 MiB, 4514 MiB, 15360 MiB, 98 %, 32 %, 615 MHz, 5000 MHz, 65.48 W, 77, P0
2026/09/30 06:50:02.920, Tesla T4, 10399 MiB, 4514 MiB, 15360 MiB, 100 %, 29 %, 615 MHz, 5000 MHz, 67.49 W, 78, P0
2026/09/30 06:50:03.432, Tesla T4, 10399 MiB, 4514 MiB, 15360 MiB, 99 %, 38 %, 705 MHz, 5000 MHz, 67.10 W, 77, P0
2026/09/30 06:50:03.946, Tesla T4, 10399 MiB, 4514 MiB, 15360 MiB, 100 %, 22 %, 735 MHz, 5000 MHz, 68.96 W, 78, P0
2026/09/30 06:50:04.459, Tesla T4, 10399 MiB, 4514 MiB, 15360 MiB, 100 %, 25 %, 915 MHz, 5000 MHz, 71.27 W, 78, P0
2026/09/30 06:50:04.977, Tesla T4, 10399 MiB, 4514 MiB, 15360 MiB, 100 %, 23 %, 765 MHz, 5000 MHz, 63.32 W, 78, P0
2026/09/30 06:50:05.488, Tesla T4, 10399 MiB, 4514 MiB, 15360 MiB, 100 %, 24 %, 810 MHz, 5000 MHz, 53.02 W, 78, P0
2026/09/30 06:50:06.007, Tesla T4, 10399 MiB, 4514 MiB, 15360 MiB, 94 %, 36 %, 600 MHz, 5000 MHz, 66.46 W, 77, P0
2026/09/30 06:50:06.519, Tesla T4, 10399 MiB, 4514 MiB, 15360 MiB, 100 %, 25 %, 705 MHz, 5000 MHz, 66.06 W, 78, P0
2026/09/30 06:50:07.033, Tesla T4, 10399 MiB, 4514 MiB, 15360 MiB, 98 %, 28 %, 600 MHz, 5000 MHz, 67.54 W, 78, P0
2026/09/30 06:50:07.546, Tesla T4, 10399 MiB, 4514 MiB, 15360 MiB, 93 %, 26 %, 690 MHz, 5000 MHz, 65.83 W, 78, P0
2026/09/30 06:50:08.057, Tesla T4, 10399 MiB, 4514 MiB, 15360 MiB, 98 %, 25 %, 600 MHz, 5000 MHz, 65.04 W, 78, P0
2026/09/30 06:50:08.571, Tesla T4, 10399 MiB, 4514 MiB, 15360 MiB, 97 %, 30 %, 600 MHz, 5000 MHz, 67.34 W, 78, P0
2026/09/30 06:50:09.082, Tesla T4, 10399 MiB, 4514 MiB, 15360 MiB, 92 %, 34 %, 570 MHz, 5000 MHz, 65.63 W, 78, P0
2026/09/30 06:50:09.599, Tesla T4, 10399 MiB, 4514 MiB, 15360 MiB, 97 %, 36 %, 570 MHz, 5000 MHz, 66.42 W, 78, P0
2026/09/30 06:50:10.111, Tesla T4, 10399 MiB, 4514 MiB, 15360 MiB, 98 %, 33 %, 615 MHz, 5000 MHz, 65.48 W, 78, P0
2026/09/30 06:50:10.631, Tesla T4, 10399 MiB, 4514 MiB, 15360 MiB, 100 %, 34 %, 555 MHz, 5000 MHz, 65.93 W, 78, P0
2026/09/30 06:50:11.156, Tesla T4, 10399 MiB, 4514 MiB, 15360 MiB, 95 %, 32 %, 765 MHz, 5000 MHz, 65.93 W, 77, P0
2026/09/30 06:50:11.688, Tesla T4, 10399 MiB, 4514 MiB, 15360 MiB, 98 %, 35 %, 570 MHz, 5000 MHz, 66.85 W, 78, P0
2026/09/30 06:50:12.217, Tesla T4, 10399 MiB, 4514 MiB, 15360 MiB, 98 %, 34 %, 540 MHz, 5000 MHz, 65.77 W, 77, P0
2026/09/30 06:50:12.745, Tesla T4, 10399 MiB, 4514 MiB, 15360 MiB, 96 %, 37 %, 615 MHz, 5000 MHz, 66.32 W, 77, P0
2026/09/30 06:50:13.283, Tesla T4, 10399 MiB, 4514 MiB, 15360 MiB, 98 %, 36 %, 600 MHz, 5000 MHz, 66.42 W, 77, P0
2026/09/30 06:50:13.813, Tesla T4, 10399 MiB, 4514 MiB, 15360 MiB, 100 %, 30 %, 615 MHz, 5000 MHz, 64.10 W, 77, P0
2026/09/30 06:50:14.324, Tesla T4, 10399 MiB, 4514 MiB, 15360 MiB, 100 %, 26 %, 615 MHz, 5000 MHz, 66.02 W, 77, P0
2026/09/30 06:50:14.836, Tesla T4, 10399 MiB, 4514 MiB, 15360 MiB, 100 %, 23 %, 900 MHz, 5000 MHz, 66.12 W, 77, P0
2026/09/30 06:50:15.355, Tesla T4, 10399 MiB, 4514 MiB, 15360 MiB, 100 %, 29 %, 555 MHz, 5000 MHz, 65.87 W, 77, P0
2026/09/30 06:50:15.869, Tesla T4, 10399 MiB, 4514 MiB, 15360 MiB, 100 %, 26 %, 615 MHz, 5000 MHz, 65.03 W, 77, P0
2026/09/30 06:50:16.382, Tesla T4, 10399 MiB, 4514 MiB, 15360 MiB, 100 %, 23 %, 615 MHz, 5000 MHz, 65.83 W, 77, P0
2026/09/30 06:50:16.893, Tesla T4, 10399 MiB, 4514 MiB, 15360 MiB, 100 %, 25 %, 705 MHz, 5000 MHz, 65.87 W, 77, P0
2026/09/30 06:50:17.407, Tesla T4, 10399 MiB, 4514 MiB, 15360 MiB, 94 %, 31 %, 690 MHz, 5000 MHz, 66.56 W, 77, P0
2026/09/30 06:50:17.922, Tesla T4, 10399 MiB, 4514 MiB, 15360 MiB, 100 %, 22 %, 570 MHz, 5000 MHz, 71.07 W, 77, P0
2026/09/30 06:50:18.439, Tesla T4, 10399 MiB, 4514 MiB, 15360 MiB, 100 %, 29 %, 585 MHz, 5000 MHz, 64.89 W, 77, P0
2026/09/30 06:50:18.952, Tesla T4, 10399 MiB, 4514 MiB, 15360 MiB, 100 %, 23 %, 645 MHz, 5000 MHz, 58.52 W, 77, P0
2026/09/30 06:50:19.470, Tesla T4, 10399 MiB, 4514 MiB, 15360 MiB, 100 %, 27 %, 675 MHz, 5000 MHz, 65.97 W, 77, P0
2026/09/30 06:50:19.984, Tesla T4, 10399 MiB, 4514 MiB, 15360 MiB, 100 %, 28 %, 585 MHz, 5000 MHz, 64.93 W, 77, P0
2026/09/30 06:50:20.500, Tesla T4, 10399 MiB, 4514 MiB, 15360 MiB, 100 %, 28 %, 585 MHz, 5000 MHz, 65.38 W, 77, P0
2026/09/30 06:50:21.012, Tesla T4, 10399 MiB, 4514 MiB, 15360 MiB, 100 %, 27 %, 660 MHz, 5000 MHz, 65.53 W, 77, P0
2026/09/30 06:50:21.526, Tesla T4, 10399 MiB, 4514 MiB, 15360 MiB, 96 %, 30 %, 675 MHz, 5000 MHz, 67.40 W, 77, P0
2026/09/30 06:50:22.037, Tesla T4, 10399 MiB, 4514 MiB, 15360 MiB, 100 %, 28 %, 570 MHz, 5000 MHz, 65.44 W, 77, P0
2026/09/30 06:50:22.549, Tesla T4, 10399 MiB, 4514 MiB, 15360 MiB, 93 %, 32 %, 660 MHz, 5000 MHz, 65.38 W, 77, P0
2026/09/30 06:50:23.062, Tesla T4, 10399 MiB, 4514 MiB, 15360 MiB, 100 %, 24 %, 660 MHz, 5000 MHz, 65.57 W, 77, P0
2026/09/30 06:50:23.573, Tesla T4, 10399 MiB, 4514 MiB, 15360 MiB, 100 %, 33 %, 780 MHz, 5000 MHz, 52.37 W, 77, P0
2026/09/30 06:50:24.092, Tesla T4, 10399 MiB, 4514 MiB, 15360 MiB, 100 %, 23 %, 705 MHz, 5000 MHz, 64.65 W, 77, P0
2026/09/30 06:50:24.630, Tesla T4, 10399 MiB, 4514 MiB, 15360 MiB, 100 %, 20 %, 630 MHz, 5000 MHz, 63.93 W, 77, P0
2026/09/30 06:50:25.157, Tesla T4, 10399 MiB, 4514 MiB, 15360 MiB, 100 %, 22 %, 705 MHz, 5000 MHz, 66.02 W, 77, P0
2026/09/30 06:50:25.683, Tesla T4, 10399 MiB, 4514 MiB, 15360 MiB, 100 %, 22 %, 720 MHz, 5000 MHz, 66.42 W, 77, P0
2026/09/30 06:50:26.224, Tesla T4, 10399 MiB, 4514 MiB, 15360 MiB, 95 %, 34 %, 600 MHz, 5000 MHz, 67.59 W, 77, P0
2026/09/30 06:50:26.736, Tesla T4, 10399 MiB, 4514 MiB, 15360 MiB, 98 %, 30 %, 615 MHz, 5000 MHz, 60.22 W, 77, P0
2026/09/30 06:50:27.247, Tesla T4, 10399 MiB, 4514 MiB, 15360 MiB, 100 %, 29 %, 570 MHz, 5000 MHz, 89.78 W, 77, P0
2026/09/30 06:50:27.764, Tesla T4, 10399 MiB, 4514 MiB, 15360 MiB, 98 %, 29 %, 615 MHz, 5000 MHz, 66.26 W, 77, P0
2026/09/30 06:50:28.277, Tesla T4, 10399 MiB, 4514 MiB, 15360 MiB, 100 %, 30 %, 705 MHz, 5000 MHz, 65.87 W, 77, P0
2026/09/30 06:50:28.788, Tesla T4, 10399 MiB, 4514 MiB, 15360 MiB, 100 %, 23 %, 720 MHz, 5000 MHz, 65.77 W, 77, P0
2026/09/30 06:50:29.301, Tesla T4, 10399 MiB, 4514 MiB, 15360 MiB, 100 %, 20 %, 840 MHz, 5000 MHz, 59.27 W, 77, P0
2026/09/30 06:50:29.815, Tesla T4, 10399 MiB, 4514 MiB, 15360 MiB, 100 %, 22 %, 720 MHz, 5000 MHz, 65.83 W, 77, P0
2026/09/30 06:50:30.331, Tesla T4, 10399 MiB, 4514 MiB, 15360 MiB, 99 %, 24 %, 795 MHz, 5000 MHz, 65.93 W, 77, P0
2026/09/30 06:50:30.843, Tesla T4, 10399 MiB, 4514 MiB, 15360 MiB, 100 %, 30 %, 600 MHz, 5000 MHz, 64.85 W, 77, P0
2026/09/30 06:50:31.359, Tesla T4, 10399 MiB, 4514 MiB, 15360 MiB, 100 %, 32 %, 600 MHz, 5000 MHz, 66.56 W, 77, P0
2026/09/30 06:50:31.872, Tesla T4, 10399 MiB, 4514 MiB, 15360 MiB, 100 %, 29 %, 615 MHz, 5000 MHz, 63.81 W, 77, P0
2026/09/30 06:50:32.383, Tesla T4, 10399 MiB, 4514 MiB, 15360 MiB, 100 %, 32 %, 600 MHz, 5000 MHz, 66.16 W, 77, P0
2026/09/30 06:50:32.901, Tesla T4, 10399 MiB, 4514 MiB, 15360 MiB, 100 %, 32 %, 555 MHz, 5000 MHz, 65.38 W, 77, P0
2026/09/30 06:50:33.412, Tesla T4, 10399 MiB, 4514 MiB, 15360 MiB, 93 %, 33 %, 600 MHz, 5000 MHz, 65.44 W, 77, P0
2026/09/30 06:50:33.931, Tesla T4, 10399 MiB, 4514 MiB, 15360 MiB, 100 %, 31 %, 585 MHz, 5000 MHz, 66.95 W, 77, P0
2026/09/30 06:50:34.443, Tesla T4, 10399 MiB, 4514 MiB, 15360 MiB, 97 %, 36 %, 555 MHz, 5000 MHz, 66.16 W, 77, P0
2026/09/30 06:50:34.957, Tesla T4, 10399 MiB, 4514 MiB, 15360 MiB, 92 %, 37 %, 540 MHz, 5000 MHz, 66.65 W, 77, P0
2026/09/30 06:50:35.471, Tesla T4, 10399 MiB, 4514 MiB, 15360 MiB, 95 %, 37 %, 675 MHz, 5000 MHz, 65.77 W, 77, P0
2026/09/30 06:50:35.982, Tesla T4, 10399 MiB, 4514 MiB, 15360 MiB, 93 %, 36 %, 645 MHz, 5000 MHz, 66.46 W, 77, P0
2026/09/30 06:50:36.504, Tesla T4, 10399 MiB, 4514 MiB, 15360 MiB, 98 %, 35 %, 660 MHz, 5000 MHz, 65.53 W, 77, P0
2026/09/30 06:50:37.042, Tesla T4, 10399 MiB, 4514 MiB, 15360 MiB, 98 %, 36 %, 645 MHz, 5000 MHz, 68.63 W, 77, P0
2026/09/30 06:50:37.579, Tesla T4, 10399 MiB, 4514 MiB, 15360 MiB, 89 %, 40 %, 675 MHz, 5000 MHz, 66.12 W, 77, P0
2026/09/30 06:50:38.103, Tesla T4, 10399 MiB, 4514 MiB, 15360 MiB, 100 %, 35 %, 600 MHz, 5000 MHz, 66.75 W, 77, P0
2026/09/30 06:50:38.630, Tesla T4, 10399 MiB, 4514 MiB, 15360 MiB, 97 %, 34 %, 705 MHz, 5000 MHz, 65.77 W, 77, P0
2026/09/30 06:50:39.157, Tesla T4, 10399 MiB, 4514 MiB, 15360 MiB, 100 %, 38 %, 720 MHz, 5000 MHz, 65.08 W, 77, P0
2026/09/30 06:50:39.676, Tesla T4, 10399 MiB, 4514 MiB, 15360 MiB, 97 %, 39 %, 555 MHz, 5000 MHz, 73.49 W, 77, P0
2026/09/30 06:50:40.199, Tesla T4, 10399 MiB, 4514 MiB, 15360 MiB, 98 %, 35 %, 570 MHz, 5000 MHz, 69.51 W, 77, P0
2026/09/30 06:50:40.718, Tesla T4, 10399 MiB, 4514 MiB, 15360 MiB, 99 %, 34 %, 615 MHz, 5000 MHz, 66.65 W, 77, P0
2026/09/30 06:50:41.232, Tesla T4, 10399 MiB, 4514 MiB, 15360 MiB, 96 %, 50 %, 585 MHz, 5000 MHz, 64.63 W, 77, P0
2026/09/30 06:50:41.746, Tesla T4, 10399 MiB, 4514 MiB, 15360 MiB, 98 %, 36 %, 600 MHz, 5000 MHz, 65.67 W, 77, P0
2026/09/30 06:50:42.270, Tesla T4, 10399 MiB, 4514 MiB, 15360 MiB, 97 %, 35 %, 690 MHz, 5000 MHz, 68.08 W, 77, P0
2026/09/30 06:50:42.781, Tesla T4, 10399 MiB, 4514 MiB, 15360 MiB, 92 %, 35 %, 645 MHz, 5000 MHz, 67.06 W, 77, P0
2026/09/30 06:50:43.301, Tesla T4, 10399 MiB, 4514 MiB, 15360 MiB, 100 %, 23 %, 720 MHz, 5000 MHz, 65.67 W, 77, P0
2026/09/30 06:50:43.822, Tesla T4, 10399 MiB, 4514 MiB, 15360 MiB, 100 %, 23 %, 750 MHz, 5000 MHz, 66.06 W, 77, P0
2026/09/30 06:50:44.338, Tesla T4, 10399 MiB, 4514 MiB, 15360 MiB, 100 %, 30 %, 645 MHz, 5000 MHz, 66.91 W, 77, P0
2026/09/30 06:50:44.853, Tesla T4, 10399 MiB, 4514 MiB, 15360 MiB, 100 %, 26 %, 735 MHz, 5000 MHz, 65.83 W, 77, P0
2026/09/30 06:50:45.381, Tesla T4, 10399 MiB, 4514 MiB, 15360 MiB, 100 %, 22 %, 750 MHz, 5000 MHz, 65.38 W, 77, P0
2026/09/30 06:50:45.891, Tesla T4, 10399 MiB, 4514 MiB, 15360 MiB, 98 %, 29 %, 615 MHz, 5000 MHz, 66.06 W, 77, P0
2026/09/30 06:50:46.420, Tesla T4, 10399 MiB, 4514 MiB, 15360 MiB, 100 %, 28 %, 600 MHz, 5000 MHz, 65.83 W, 77, P0
2026/09/30 06:50:46.934, Tesla T4, 10399 MiB, 4514 MiB, 15360 MiB, 94 %, 46 %, 735 MHz, 5000 MHz, 55.81 W, 77, P0
2026/09/30 06:50:47.457, Tesla T4, 10399 MiB, 4514 MiB, 15360 MiB, 100 %, 23 %, 720 MHz, 5000 MHz, 65.18 W, 77, P0
2026/09/30 06:50:47.969, Tesla T4, 10399 MiB, 4514 MiB, 15360 MiB, 96 %, 22 %, 720 MHz, 5000 MHz, 67.10 W, 77, P0
2026/09/30 06:50:48.495, Tesla T4, 10399 MiB, 4514 MiB, 15360 MiB, 100 %, 23 %, 705 MHz, 5000 MHz, 66.46 W, 77, P0
2026/09/30 06:50:49.013, Tesla T4, 10399 MiB, 4514 MiB, 15360 MiB, 98 %, 22 %, 705 MHz, 5000 MHz, 69.45 W, 77, P0
2026/09/30 06:50:49.539, Tesla T4, 10399 MiB, 4514 MiB, 15360 MiB, 100 %, 22 %, 705 MHz, 5000 MHz, 65.48 W, 77, P0
2026/09/30 06:50:50.072, Tesla T4, 10399 MiB, 4514 MiB, 15360 MiB, 100 %, 18 %, 705 MHz, 5000 MHz, 68.47 W, 77, P0
2026/09/30 06:50:50.598, Tesla T4, 10399 MiB, 4514 MiB, 15360 MiB, 100 %, 22 %, 720 MHz, 5000 MHz, 66.16 W, 77, P0
2026/09/30 06:50:51.121, Tesla T4, 10399 MiB, 4514 MiB, 15360 MiB, 100 %, 19 %, 600 MHz, 5000 MHz, 65.48 W, 77, P0
2026/09/30 06:50:51.667, Tesla T4, 10399 MiB, 4514 MiB, 15360 MiB, 87 %, 34 %, 600 MHz, 5000 MHz, 66.06 W, 77, P0
2026/09/30 06:50:52.194, Tesla T4, 10399 MiB, 4514 MiB, 15360 MiB, 100 %, 30 %, 720 MHz, 5000 MHz, 67.55 W, 77, P0
2026/09/30 06:50:52.738, Tesla T4, 10399 MiB, 4514 MiB, 15360 MiB, 100 %, 25 %, 735 MHz, 5000 MHz, 73.63 W, 77, P0
2026/09/30 06:50:53.258, Tesla T4, 10399 MiB, 4514 MiB, 15360 MiB, 98 %, 25 %, 705 MHz, 5000 MHz, 66.65 W, 77, P0
2026/09/30 06:50:53.770, Tesla T4, 10399 MiB, 4514 MiB, 15360 MiB, 100 %, 35 %, 570 MHz, 5000 MHz, 66.12 W, 77, P0
2026/09/30 06:50:54.286, Tesla T4, 10399 MiB, 4514 MiB, 15360 MiB, 100 %, 25 %, 690 MHz, 5000 MHz, 65.81 W, 77, P0
2026/09/30 06:50:54.803, Tesla T4, 10399 MiB, 4514 MiB, 15360 MiB, 100 %, 35 %, 570 MHz, 5000 MHz, 66.71 W, 77, P0
2026/09/30 06:50:55.315, Tesla T4, 10399 MiB, 4514 MiB, 15360 MiB, 100 %, 25 %, 675 MHz, 5000 MHz, 65.38 W, 77, P0
2026/09/30 06:50:55.827, Tesla T4, 10399 MiB, 4514 MiB, 15360 MiB, 100 %, 32 %, 615 MHz, 5000 MHz, 66.02 W, 77, P0
2026/09/30 06:50:56.341, Tesla T4, 10399 MiB, 4514 MiB, 15360 MiB, 100 %, 32 %, 645 MHz, 5000 MHz, 67.83 W, 77, P0
2026/09/30 06:50:56.854, Tesla T4, 10399 MiB, 4514 MiB, 15360 MiB, 98 %, 39 %, 900 MHz, 5000 MHz, 66.86 W, 77, P0
2026/09/30 06:50:57.371, Tesla T4, 10399 MiB, 4514 MiB, 15360 MiB, 99 %, 32 %, 750 MHz, 5000 MHz, 54.40 W, 77, P0
2026/09/30 06:50:57.886, Tesla T4, 10399 MiB, 4514 MiB, 15360 MiB, 100 %, 30 %, 645 MHz, 5000 MHz, 67.44 W, 77, P0
2026/09/30 06:50:58.399, Tesla T4, 10399 MiB, 4514 MiB, 15360 MiB, 93 %, 29 %, 630 MHz, 5000 MHz, 69.26 W, 77, P0
2026/09/30 06:50:58.920, Tesla T4, 10399 MiB, 4514 MiB, 15360 MiB, 100 %, 29 %, 600 MHz, 5000 MHz, 66.71 W, 77, P0
2026/09/30 06:50:59.431, Tesla T4, 10399 MiB, 4514 MiB, 15360 MiB, 96 %, 42 %, 675 MHz, 5000 MHz, 69.10 W, 77, P0
2026/09/30 06:50:59.947, Tesla T4, 10399 MiB, 4514 MiB, 15360 MiB, 96 %, 40 %, 660 MHz, 5000 MHz, 66.16 W, 77, P0
2026/09/30 06:51:00.459, Tesla T4, 10399 MiB, 4514 MiB, 15360 MiB, 100 %, 38 %, 720 MHz, 5000 MHz, 65.87 W, 77, P0
2026/09/30 06:51:00.970, Tesla T4, 10399 MiB, 4514 MiB, 15360 MiB, 99 %, 39 %, 705 MHz, 5000 MHz, 65.44 W, 77, P0
2026/09/30 06:51:01.483, Tesla T4, 10399 MiB, 4514 MiB, 15360 MiB, 100 %, 25 %, 705 MHz, 5000 MHz, 65.57 W, 77, P0
2026/09/30 06:51:01.995, Tesla T4, 10399 MiB, 4514 MiB, 15360 MiB, 98 %, 32 %, 630 MHz, 5000 MHz, 66.81 W, 77, P0
2026/09/30 06:51:02.519, Tesla T4, 10399 MiB, 4514 MiB, 15360 MiB, 100 %, 25 %, 705 MHz, 5000 MHz, 65.97 W, 77, P0
2026/09/30 06:51:03.042, Tesla T4, 10399 MiB, 4514 MiB, 15360 MiB, 100 %, 31 %, 615 MHz, 5000 MHz, 65.97 W, 77, P0
2026/09/30 06:51:03.567, Tesla T4, 10399 MiB, 4514 MiB, 15360 MiB, 100 %, 28 %, 675 MHz, 5000 MHz, 65.28 W, 77, P0
2026/09/30 06:51:04.091, Tesla T4, 10399 MiB, 4514 MiB, 15360 MiB, 100 %, 32 %, 615 MHz, 5000 MHz, 63.75 W, 77, P0
2026/09/30 06:51:04.627, Tesla T4, 10399 MiB, 4514 MiB, 15360 MiB, 93 %, 27 %, 660 MHz, 5000 MHz, 65.97 W, 77, P0
2026/09/30 06:51:05.154, Tesla T4, 10399 MiB, 4514 MiB, 15360 MiB, 98 %, 30 %, 660 MHz, 5000 MHz, 65.24 W, 77, P0
2026/09/30 06:51:05.666, Tesla T4, 10399 MiB, 4514 MiB, 15360 MiB, 100 %, 33 %, 615 MHz, 5000 MHz, 67.10 W, 77, P0
2026/09/30 06:51:06.178, Tesla T4, 10399 MiB, 4514 MiB, 15360 MiB, 93 %, 37 %, 615 MHz, 5000 MHz, 65.04 W, 77, P0
2026/09/30 06:51:06.694, Tesla T4, 10399 MiB, 4514 MiB, 15360 MiB, 96 %, 33 %, 705 MHz, 5000 MHz, 67.59 W, 77, P0
2026/09/30 06:51:07.205, Tesla T4, 10399 MiB, 4514 MiB, 15360 MiB, 100 %, 22 %, 630 MHz, 5000 MHz, 70.88 W, 77, P0
2026/09/30 06:51:07.721, Tesla T4, 10399 MiB, 4514 MiB, 15360 MiB, 100 %, 25 %, 720 MHz, 5000 MHz, 66.02 W, 77, P0
2026/09/30 06:51:08.233, Tesla T4, 10399 MiB, 4514 MiB, 15360 MiB, 97 %, 36 %, 660 MHz, 5000 MHz, 65.98 W, 77, P0
2026/09/30 06:51:08.750, Tesla T4, 10399 MiB, 4514 MiB, 15360 MiB, 95 %, 39 %, 630 MHz, 5000 MHz, 66.51 W, 77, P0
2026/09/30 06:51:09.263, Tesla T4, 10399 MiB, 4514 MiB, 15360 MiB, 100 %, 31 %, 660 MHz, 5000 MHz, 63.75 W, 76, P0
2026/09/30 06:51:09.782, Tesla T4, 10399 MiB, 4514 MiB, 15360 MiB, 100 %, 31 %, 720 MHz, 5000 MHz, 67.30 W, 77, P0
2026/09/30 06:51:10.293, Tesla T4, 10399 MiB, 4514 MiB, 15360 MiB, 98 %, 36 %, 615 MHz, 5000 MHz, 65.93 W, 77, P0
2026/09/30 06:51:10.808, Tesla T4, 10399 MiB, 4514 MiB, 15360 MiB, 99 %, 36 %, 630 MHz, 5000 MHz, 65.48 W, 77, P0
2026/09/30 06:51:11.323, Tesla T4, 10399 MiB, 4514 MiB, 15360 MiB, 100 %, 29 %, 645 MHz, 5000 MHz, 66.02 W, 77, P0
2026/09/30 06:51:11.840, Tesla T4, 10399 MiB, 4514 MiB, 15360 MiB, 92 %, 41 %, 645 MHz, 5000 MHz, 66.91 W, 77, P0
2026/09/30 06:51:12.352, Tesla T4, 10399 MiB, 4514 MiB, 15360 MiB, 98 %, 32 %, 645 MHz, 5000 MHz, 62.02 W, 77, P0
2026/09/30 06:51:12.866, Tesla T4, 10399 MiB, 4514 MiB, 15360 MiB, 100 %, 25 %, 675 MHz, 5000 MHz, 66.71 W, 77, P0
2026/09/30 06:51:13.377, Tesla T4, 10399 MiB, 4514 MiB, 15360 MiB, 100 %, 30 %, 630 MHz, 5000 MHz, 66.02 W, 77, P0
2026/09/30 06:51:13.888, Tesla T4, 10399 MiB, 4514 MiB, 15360 MiB, 100 %, 25 %, 690 MHz, 5000 MHz, 66.46 W, 77, P0
2026/09/30 06:51:14.405, Tesla T4, 10399 MiB, 4514 MiB, 15360 MiB, 100 %, 30 %, 630 MHz, 5000 MHz, 64.69 W, 77, P0
2026/09/30 06:51:14.917, Tesla T4, 10399 MiB, 4514 MiB, 15360 MiB, 98 %, 40 %, 555 MHz, 5000 MHz, 67.63 W, 77, P0
2026/09/30 06:51:15.445, Tesla T4, 10399 MiB, 4514 MiB, 15360 MiB, 100 %, 37 %, 630 MHz, 5000 MHz, 69.51 W, 77, P0
2026/09/30 06:51:15.976, Tesla T4, 10399 MiB, 4514 MiB, 15360 MiB, 97 %, 36 %, 750 MHz, 5000 MHz, 66.22 W, 77, P0
2026/09/30 06:51:16.521, Tesla T4, 10399 MiB, 4514 MiB, 15360 MiB, 100 %, 32 %, 705 MHz, 5000 MHz, 65.77 W, 77, P0
2026/09/30 06:51:17.055, Tesla T4, 10399 MiB, 4514 MiB, 15360 MiB, 98 %, 36 %, 570 MHz, 5000 MHz, 68.96 W, 76, P0
2026/09/30 06:51:17.587, Tesla T4, 10399 MiB, 4514 MiB, 15360 MiB, 96 %, 35 %, 870 MHz, 5000 MHz, 68.04 W, 76, P0
2026/09/30 06:51:18.113, Tesla T4, 10399 MiB, 4514 MiB, 15360 MiB, 100 %, 23 %, 750 MHz, 5000 MHz, 65.28 W, 77, P0
2026/09/30 06:51:18.629, Tesla T4, 10399 MiB, 4514 MiB, 15360 MiB, 100 %, 21 %, 660 MHz, 5000 MHz, 66.16 W, 77, P0
2026/09/30 06:51:19.144, Tesla T4, 10399 MiB, 4514 MiB, 15360 MiB, 100 %, 32 %, 720 MHz, 5000 MHz, 66.61 W, 77, P0
2026/09/30 06:51:19.659, Tesla T4, 10399 MiB, 4514 MiB, 15360 MiB, 100 %, 22 %, 735 MHz, 5000 MHz, 65.38 W, 77, P0
2026/09/30 06:51:20.172, Tesla T4, 10399 MiB, 4514 MiB, 15360 MiB, 100 %, 19 %, 615 MHz, 5000 MHz, 63.08 W, 77, P0
2026/09/30 06:51:20.684, Tesla T4, 10399 MiB, 4514 MiB, 15360 MiB, 96 %, 43 %, 720 MHz, 5000 MHz, 65.67 W, 77, P0
2026/09/30 06:51:21.195, Tesla T4, 10399 MiB, 4514 MiB, 15360 MiB, 96 %, 41 %, 585 MHz, 5000 MHz, 66.36 W, 76, P0
2026/09/30 06:51:21.714, Tesla T4, 10399 MiB, 4514 MiB, 15360 MiB, 99 %, 35 %, 615 MHz, 5000 MHz, 67.02 W, 77, P0
2026/09/30 06:51:22.226, Tesla T4, 10399 MiB, 4514 MiB, 15360 MiB, 100 %, 33 %, 570 MHz, 5000 MHz, 66.42 W, 77, P0
2026/09/30 06:51:22.744, Tesla T4, 10399 MiB, 4514 MiB, 15360 MiB, 94 %, 44 %, 645 MHz, 5000 MHz, 66.81 W, 76, P0
2026/09/30 06:51:23.258, Tesla T4, 10399 MiB, 4514 MiB, 15360 MiB, 100 %, 27 %, 675 MHz, 5000 MHz, 66.02 W, 77, P0
2026/09/30 06:51:23.772, Tesla T4, 10399 MiB, 4514 MiB, 15360 MiB, 93 %, 39 %, 675 MHz, 5000 MHz, 66.91 W, 77, P0
2026/09/30 06:51:24.285, Tesla T4, 10399 MiB, 4514 MiB, 15360 MiB, 99 %, 34 %, 465 MHz, 5000 MHz, 65.91 W, 76, P0
2026/09/30 06:51:24.804, Tesla T4, 10399 MiB, 4514 MiB, 15360 MiB, 100 %, 35 %, 630 MHz, 5000 MHz, 66.22 W, 77, P0
2026/09/30 06:51:25.317, Tesla T4, 10399 MiB, 4514 MiB, 15360 MiB, 100 %, 29 %, 615 MHz, 5000 MHz, 71.62 W, 77, P0
2026/09/30 06:51:25.833, Tesla T4, 10399 MiB, 4514 MiB, 15360 MiB, 100 %, 33 %, 630 MHz, 5000 MHz, 65.83 W, 77, P0
2026/09/30 06:51:26.344, Tesla T4, 10399 MiB, 4514 MiB, 15360 MiB, 97 %, 29 %, 615 MHz, 5000 MHz, 67.40 W, 77, P0
2026/09/30 06:51:26.863, Tesla T4, 10399 MiB, 4514 MiB, 15360 MiB, 99 %, 36 %, 630 MHz, 5000 MHz, 64.69 W, 76, P0
2026/09/30 06:51:27.375, Tesla T4, 10399 MiB, 4514 MiB, 15360 MiB, 100 %, 32 %, 660 MHz, 5000 MHz, 65.73 W, 77, P0
2026/09/30 06:51:27.885, Tesla T4, 10399 MiB, 4514 MiB, 15360 MiB, 100 %, 35 %, 585 MHz, 5000 MHz, 64.79 W, 76, P0
2026/09/30 06:51:28.407, Tesla T4, 10399 MiB, 4514 MiB, 15360 MiB, 88 %, 36 %, 570 MHz, 5000 MHz, 66.42 W, 76, P0
2026/09/30 06:51:28.941, Tesla T4, 10399 MiB, 4514 MiB, 15360 MiB, 95 %, 34 %, 600 MHz, 5000 MHz, 65.77 W, 76, P0
2026/09/30 06:51:29.457, Tesla T4, 10399 MiB, 4514 MiB, 15360 MiB, 100 %, 27 %, 615 MHz, 5000 MHz, 66.46 W, 77, P0
2026/09/30 06:51:29.983, Tesla T4, 10399 MiB, 4514 MiB, 15360 MiB, 100 %, 23 %, 735 MHz, 5000 MHz, 65.08 W, 77, P0
2026/09/30 06:51:30.508, Tesla T4, 10399 MiB, 4514 MiB, 15360 MiB, 100 %, 23 %, 720 MHz, 5000 MHz, 66.32 W, 77, P0
2026/09/30 06:51:31.035, Tesla T4, 10399 MiB, 4514 MiB, 15360 MiB, 100 %, 27 %, 630 MHz, 5000 MHz, 66.22 W, 77, P0
2026/09/30 06:51:31.552, Tesla T4, 10399 MiB, 4514 MiB, 15360 MiB, 97 %, 25 %, 720 MHz, 5000 MHz, 68.08 W, 77, P0
2026/09/30 06:51:32.063, Tesla T4, 10399 MiB, 4514 MiB, 15360 MiB, 100 %, 22 %, 735 MHz, 5000 MHz, 66.56 W, 77, P0
2026/09/30 06:51:32.580, Tesla T4, 10399 MiB, 4514 MiB, 15360 MiB, 97 %, 23 %, 615 MHz, 5000 MHz, 65.57 W, 77, P0
2026/09/30 06:51:33.092, Tesla T4, 10399 MiB, 4514 MiB, 15360 MiB, 94 %, 35 %, 615 MHz, 5000 MHz, 61.00 W, 76, P0
2026/09/30 06:51:33.611, Tesla T4, 10399 MiB, 4514 MiB, 15360 MiB, 98 %, 37 %, 600 MHz, 5000 MHz, 66.36 W, 77, P0
2026/09/30 06:51:34.124, Tesla T4, 10399 MiB, 4514 MiB, 15360 MiB, 99 %, 32 %, 570 MHz, 5000 MHz, 65.53 W, 76, P0
2026/09/30 06:51:34.640, Tesla T4, 10399 MiB, 4514 MiB, 15360 MiB, 100 %, 29 %, 645 MHz, 5000 MHz, 67.00 W, 77, P0
2026/09/30 06:51:35.151, Tesla T4, 10399 MiB, 4514 MiB, 15360 MiB, 100 %, 31 %, 615 MHz, 5000 MHz, 65.87 W, 77, P0
2026/09/30 06:51:35.668, Tesla T4, 10399 MiB, 4514 MiB, 15360 MiB, 100 %, 29 %, 645 MHz, 5000 MHz, 66.42 W, 77, P0
2026/09/30 06:51:36.179, Tesla T4, 10399 MiB, 4514 MiB, 15360 MiB, 100 %, 30 %, 645 MHz, 5000 MHz, 65.73 W, 76, P0
2026/09/30 06:51:36.697, Tesla T4, 10399 MiB, 4514 MiB, 15360 MiB, 99 %, 36 %, 810 MHz, 5000 MHz, 66.26 W, 76, P0
2026/09/30 06:51:37.208, Tesla T4, 10399 MiB, 4514 MiB, 15360 MiB, 100 %, 36 %, 705 MHz, 5000 MHz, 66.12 W, 77, P0
2026/09/30 06:51:37.720, Tesla T4, 10399 MiB, 4514 MiB, 15360 MiB, 93 %, 55 %, 615 MHz, 5000 MHz, 65.57 W, 76, P0
2026/09/30 06:51:38.238, Tesla T4, 10399 MiB, 4514 MiB, 15360 MiB, 98 %, 28 %, 690 MHz, 5000 MHz, 66.81 W, 77, P0
2026/09/30 06:51:38.748, Tesla T4, 10399 MiB, 4514 MiB, 15360 MiB, 100 %, 25 %, 615 MHz, 5000 MHz, 66.61 W, 77, P0
2026/09/30 06:51:39.262, Tesla T4, 10399 MiB, 4514 MiB, 15360 MiB, 100 %, 28 %, 675 MHz, 5000 MHz, 66.95 W, 77, P0
2026/09/30 06:51:39.775, Tesla T4, 10399 MiB, 4514 MiB, 15360 MiB, 97 %, 24 %, 735 MHz, 5000 MHz, 70.10 W, 77, P0
2026/09/30 06:51:40.293, Tesla T4, 10399 MiB, 4514 MiB, 15360 MiB, 100 %, 24 %, 615 MHz, 5000 MHz, 72.11 W, 77, P0
2026/09/30 06:51:40.805, Tesla T4, 10399 MiB, 4514 MiB, 15360 MiB, 93 %, 27 %, 825 MHz, 5000 MHz, 60.10 W, 77, P0
2026/09/30 06:51:41.336, Tesla T4, 10399 MiB, 4514 MiB, 15360 MiB, 100 %, 25 %, 615 MHz, 5000 MHz, 63.46 W, 77, P0
2026/09/30 06:51:41.875, Tesla T4, 10399 MiB, 4514 MiB, 15360 MiB, 100 %, 28 %, 585 MHz, 5000 MHz, 69.26 W, 77, P0
2026/09/30 06:51:42.402, Tesla T4, 10399 MiB, 4514 MiB, 15360 MiB, 96 %, 26 %, 720 MHz, 5000 MHz, 65.77 W, 77, P0
2026/09/30 06:51:42.917, Tesla T4, 10399 MiB, 4514 MiB, 15360 MiB, 100 %, 23 %, 735 MHz, 5000 MHz, 64.10 W, 77, P0
2026/09/30 06:51:43.440, Tesla T4, 10399 MiB, 4514 MiB, 15360 MiB, 86 %, 33 %, 585 MHz, 5000 MHz, 64.14 W, 77, P0
2026/09/30 06:51:43.963, Tesla T4, 10399 MiB, 4514 MiB, 15360 MiB, 98 %, 26 %, 720 MHz, 5000 MHz, 67.04 W, 77, P0
2026/09/30 06:51:44.476, Tesla T4, 10399 MiB, 4514 MiB, 15360 MiB, 100 %, 23 %, 720 MHz, 5000 MHz, 65.67 W, 77, P0
2026/09/30 06:51:44.987, Tesla T4, 10399 MiB, 4514 MiB, 15360 MiB, 97 %, 31 %, 570 MHz, 5000 MHz, 65.14 W, 77, P0
2026/09/30 06:51:45.503, Tesla T4, 10399 MiB, 4514 MiB, 15360 MiB, 100 %, 28 %, 675 MHz, 5000 MHz, 66.06 W, 77, P0
2026/09/30 06:51:46.014, Tesla T4, 10399 MiB, 4514 MiB, 15360 MiB, 98 %, 27 %, 570 MHz, 5000 MHz, 63.87 W, 77, P0
2026/09/30 06:51:46.532, Tesla T4, 10399 MiB, 4514 MiB, 15360 MiB, 98 %, 29 %, 660 MHz, 5000 MHz, 66.16 W, 77, P0
2026/09/30 06:51:47.046, Tesla T4, 10399 MiB, 4514 MiB, 15360 MiB, 97 %, 32 %, 705 MHz, 5000 MHz, 67.75 W, 77, P0
2026/09/30 06:51:47.561, Tesla T4, 10399 MiB, 4514 MiB, 15360 MiB, 94 %, 45 %, 615 MHz, 5000 MHz, 65.67 W, 77, P0
2026/09/30 06:51:48.075, Tesla T4, 10399 MiB, 4514 MiB, 15360 MiB, 100 %, 26 %, 615 MHz, 5000 MHz, 65.93 W, 77, P0
2026/09/30 06:51:48.586, Tesla T4, 10399 MiB, 4514 MiB, 15360 MiB, 91 %, 37 %, 645 MHz, 5000 MHz, 64.69 W, 77, P0
2026/09/30 06:51:49.103, Tesla T4, 10399 MiB, 4514 MiB, 15360 MiB, 100 %, 26 %, 615 MHz, 5000 MHz, 65.14 W, 77, P0
2026/09/30 06:51:49.615, Tesla T4, 10399 MiB, 4514 MiB, 15360 MiB, 97 %, 38 %, 555 MHz, 5000 MHz, 66.75 W, 77, P0
2026/09/30 06:51:50.129, Tesla T4, 10399 MiB, 4514 MiB, 15360 MiB, 100 %, 30 %, 615 MHz, 5000 MHz, 66.22 W, 77, P0
2026/09/30 06:51:50.642, Tesla T4, 10399 MiB, 4514 MiB, 15360 MiB, 93 %, 32 %, 570 MHz, 5000 MHz, 66.81 W, 77, P0
2026/09/30 06:51:51.158, Tesla T4, 10399 MiB, 4514 MiB, 15360 MiB, 100 %, 30 %, 600 MHz, 5000 MHz, 66.46 W, 77, P0
2026/09/30 06:51:51.669, Tesla T4, 10399 MiB, 4514 MiB, 15360 MiB, 96 %, 44 %, 525 MHz, 5000 MHz, 66.46 W, 77, P0
2026/09/30 06:51:52.181, Tesla T4, 10399 MiB, 4514 MiB, 15360 MiB, 100 %, 25 %, 615 MHz, 5000 MHz, 65.67 W, 77, P0
2026/09/30 06:51:52.697, Tesla T4, 10399 MiB, 4514 MiB, 15360 MiB, 98 %, 31 %, 630 MHz, 5000 MHz, 65.67 W, 77, P0
2026/09/30 06:51:53.220, Tesla T4, 10399 MiB, 4514 MiB, 15360 MiB, 100 %, 25 %, 630 MHz, 5000 MHz, 65.67 W, 77, P0
2026/09/30 06:51:53.735, Tesla T4, 10399 MiB, 4514 MiB, 15360 MiB, 97 %, 33 %, 570 MHz, 5000 MHz, 70.19 W, 77, P0
2026/09/30 06:51:54.259, Tesla T4, 10399 MiB, 4514 MiB, 15360 MiB, 100 %, 35 %, 615 MHz, 5000 MHz, 63.81 W, 77, P0
2026/09/30 06:51:54.788, Tesla T4, 10399 MiB, 4514 MiB, 15360 MiB, 100 %, 34 %, 570 MHz, 5000 MHz, 66.32 W, 77, P0
2026/09/30 06:51:55.312, Tesla T4, 10399 MiB, 4514 MiB, 15360 MiB, 95 %, 32 %, 675 MHz, 5000 MHz, 64.99 W, 77, P0
2026/09/30 06:51:55.839, Tesla T4, 10399 MiB, 4514 MiB, 15360 MiB, 97 %, 32 %, 660 MHz, 5000 MHz, 86.99 W, 77, P0
2026/09/30 06:51:56.371, Tesla T4, 10399 MiB, 4514 MiB, 15360 MiB, 98 %, 27 %, 645 MHz, 5000 MHz, 63.20 W, 77, P0
2026/09/30 06:51:56.895, Tesla T4, 10399 MiB, 4514 MiB, 15360 MiB, 100 %, 32 %, 645 MHz, 5000 MHz, 63.71 W, 77, P0
2026/09/30 06:51:57.412, Tesla T4, 10399 MiB, 4514 MiB, 15360 MiB, 100 %, 29 %, 750 MHz, 5000 MHz, 64.50 W, 77, P0
2026/09/30 06:51:57.924, Tesla T4, 10399 MiB, 4514 MiB, 15360 MiB, 100 %, 32 %, 600 MHz, 5000 MHz, 66.36 W, 77, P0
2026/09/30 06:51:58.441, Tesla T4, 10399 MiB, 4514 MiB, 15360 MiB, 97 %, 31 %, 600 MHz, 5000 MHz, 64.26 W, 77, P0
2026/09/30 06:51:58.953, Tesla T4, 10399 MiB, 4514 MiB, 15360 MiB, 98 %, 34 %, 570 MHz, 5000 MHz, 65.34 W, 77, P0
2026/09/30 06:51:59.470, Tesla T4, 10399 MiB, 4514 MiB, 15360 MiB, 99 %, 35 %, 705 MHz, 5000 MHz, 69.16 W, 77, P0
2026/09/30 06:51:59.982, Tesla T4, 10399 MiB, 4514 MiB, 15360 MiB, 97 %, 27 %, 615 MHz, 5000 MHz, 69.27 W, 77, P0
2026/09/30 06:52:00.499, Tesla T4, 10399 MiB, 4514 MiB, 15360 MiB, 93 %, 30 %, 705 MHz, 5000 MHz, 66.91 W, 77, P0
2026/09/30 06:52:01.011, Tesla T4, 10399 MiB, 4514 MiB, 15360 MiB, 98 %, 29 %, 630 MHz, 5000 MHz, 65.57 W, 77, P0
2026/09/30 06:52:01.525, Tesla T4, 10399 MiB, 4514 MiB, 15360 MiB, 97 %, 31 %, 570 MHz, 5000 MHz, 65.97 W, 77, P0
2026/09/30 06:52:02.037, Tesla T4, 10399 MiB, 4514 MiB, 15360 MiB, 94 %, 33 %, 570 MHz, 5000 MHz, 66.16 W, 77, P0
2026/09/30 06:52:02.548, Tesla T4, 10399 MiB, 4514 MiB, 15360 MiB, 97 %, 38 %, 570 MHz, 5000 MHz, 65.61 W, 77, P0
2026/09/30 06:52:03.066, Tesla T4, 10399 MiB, 4514 MiB, 15360 MiB, 99 %, 36 %, 645 MHz, 5000 MHz, 65.67 W, 77, P0
2026/09/30 06:52:03.577, Tesla T4, 10399 MiB, 4514 MiB, 15360 MiB, 100 %, 32 %, 585 MHz, 5000 MHz, 67.84 W, 77, P0
2026/09/30 06:52:04.096, Tesla T4, 10399 MiB, 4514 MiB, 15360 MiB, 93 %, 32 %, 630 MHz, 5000 MHz, 64.79 W, 77, P0
2026/09/30 06:52:04.608, Tesla T4, 10399 MiB, 4514 MiB, 15360 MiB, 98 %, 29 %, 540 MHz, 5000 MHz, 66.16 W, 77, P0
2026/09/30 06:52:05.129, Tesla T4, 10399 MiB, 4514 MiB, 15360 MiB, 96 %, 54 %, 525 MHz, 5000 MHz, 68.77 W, 77, P0
2026/09/30 06:52:05.641, Tesla T4, 10399 MiB, 4514 MiB, 15360 MiB, 98 %, 27 %, 690 MHz, 5000 MHz, 67.00 W, 77, P0
2026/09/30 06:52:06.157, Tesla T4, 10399 MiB, 4514 MiB, 15360 MiB, 100 %, 23 %, 600 MHz, 5000 MHz, 72.49 W, 77, P0
2026/09/30 06:52:06.669, Tesla T4, 10399 MiB, 4514 MiB, 15360 MiB, 100 %, 24 %, 690 MHz, 5000 MHz, 66.06 W, 77, P0
2026/09/30 06:52:07.213, Tesla T4, 10399 MiB, 4514 MiB, 15360 MiB, 95 %, 29 %, 630 MHz, 5000 MHz, 65.18 W, 77, P0
2026/09/30 06:52:07.741, Tesla T4, 10399 MiB, 4514 MiB, 15360 MiB, 98 %, 33 %, 750 MHz, 5000 MHz, 75.58 W, 77, P0
2026/09/30 06:52:08.260, Tesla T4, 10399 MiB, 4514 MiB, 15360 MiB, 100 %, 28 %, 630 MHz, 5000 MHz, 64.85 W, 77, P0
2026/09/30 06:52:08.788, Tesla T4, 10399 MiB, 4514 MiB, 15360 MiB, 96 %, 37 %, 570 MHz, 5000 MHz, 65.53 W, 77, P0
2026/09/30 06:52:09.310, Tesla T4, 10399 MiB, 4514 MiB, 15360 MiB, 93 %, 35 %, 570 MHz, 5000 MHz, 67.89 W, 77, P0
2026/09/30 06:52:09.827, Tesla T4, 10399 MiB, 4514 MiB, 15360 MiB, 98 %, 35 %, 525 MHz, 5000 MHz, 67.49 W, 77, P0
2026/09/30 06:52:10.340, Tesla T4, 10399 MiB, 4514 MiB, 15360 MiB, 93 %, 43 %, 630 MHz, 5000 MHz, 65.49 W, 77, P0
2026/09/30 06:52:10.853, Tesla T4, 10399 MiB, 4514 MiB, 15360 MiB, 97 %, 40 %, 720 MHz, 5000 MHz, 57.05 W, 77, P0
2026/09/30 06:52:11.369, Tesla T4, 10399 MiB, 4514 MiB, 15360 MiB, 100 %, 30 %, 555 MHz, 5000 MHz, 66.46 W, 77, P0
2026/09/30 06:52:11.881, Tesla T4, 10399 MiB, 4514 MiB, 15360 MiB, 98 %, 30 %, 585 MHz, 5000 MHz, 66.02 W, 77, P0
2026/09/30 06:52:12.398, Tesla T4, 10399 MiB, 4514 MiB, 15360 MiB, 99 %, 29 %, 645 MHz, 5000 MHz, 65.48 W, 77, P0
2026/09/30 06:52:12.908, Tesla T4, 10399 MiB, 4514 MiB, 15360 MiB, 100 %, 28 %, 645 MHz, 5000 MHz, 64.50 W, 77, P0
2026/09/30 06:52:13.421, Tesla T4, 10399 MiB, 4514 MiB, 15360 MiB, 100 %, 25 %, 690 MHz, 5000 MHz, 66.26 W, 77, P0
2026/09/30 06:52:13.932, Tesla T4, 10399 MiB, 4514 MiB, 15360 MiB, 100 %, 27 %, 660 MHz, 5000 MHz, 64.40 W, 77, P0
2026/09/30 06:52:14.445, Tesla T4, 10399 MiB, 4514 MiB, 15360 MiB, 98 %, 26 %, 690 MHz, 5000 MHz, 65.38 W, 77, P0
2026/09/30 06:52:14.959, Tesla T4, 10399 MiB, 4514 MiB, 15360 MiB, 97 %, 32 %, 615 MHz, 5000 MHz, 65.57 W, 77, P0
2026/09/30 06:52:15.472, Tesla T4, 10399 MiB, 4514 MiB, 15360 MiB, 100 %, 30 %, 615 MHz, 5000 MHz, 68.63 W, 77, P0
2026/09/30 06:52:15.986, Tesla T4, 10399 MiB, 4514 MiB, 15360 MiB, 97 %, 28 %, 690 MHz, 5000 MHz, 65.83 W, 77, P0
2026/09/30 06:52:16.501, Tesla T4, 10399 MiB, 4514 MiB, 15360 MiB, 100 %, 25 %, 525 MHz, 5000 MHz, 63.89 W, 77, P0
2026/09/30 06:52:17.020, Tesla T4, 10399 MiB, 4514 MiB, 15360 MiB, 100 %, 24 %, 675 MHz, 5000 MHz, 65.48 W, 77, P0
2026/09/30 06:52:17.539, Tesla T4, 10399 MiB, 4514 MiB, 15360 MiB, 100 %, 28 %, 675 MHz, 5000 MHz, 67.40 W, 77, P0
2026/09/30 06:52:18.055, Tesla T4, 10399 MiB, 4514 MiB, 15360 MiB, 98 %, 33 %, 675 MHz, 5000 MHz, 55.81 W, 77, P0
2026/09/30 06:52:18.567, Tesla T4, 10399 MiB, 4514 MiB, 15360 MiB, 100 %, 27 %, 630 MHz, 5000 MHz, 66.22 W, 77, P0
2026/09/30 06:52:19.087, Tesla T4, 10399 MiB, 4514 MiB, 15360 MiB, 97 %, 38 %, 645 MHz, 5000 MHz, 69.61 W, 77, P0
2026/09/30 06:52:19.598, Tesla T4, 10399 MiB, 4514 MiB, 15360 MiB, 94 %, 37 %, 660 MHz, 5000 MHz, 66.71 W, 77, P0
2026/09/30 06:52:20.126, Tesla T4, 10399 MiB, 4514 MiB, 15360 MiB, 89 %, 37 %, 705 MHz, 5000 MHz, 69.21 W, 77, P0
2026/09/30 06:52:20.670, Tesla T4, 10399 MiB, 4514 MiB, 15360 MiB, 87 %, 42 %, 780 MHz, 5000 MHz, 66.12 W, 77, P0
2026/09/30 06:52:21.201, Tesla T4, 10399 MiB, 4514 MiB, 15360 MiB, 97 %, 33 %, 600 MHz, 5000 MHz, 63.55 W, 77, P0
2026/09/30 06:52:21.716, Tesla T4, 10399 MiB, 4514 MiB, 15360 MiB, 100 %, 31 %, 555 MHz, 5000 MHz, 65.67 W, 77, P0
2026/09/30 06:52:22.244, Tesla T4, 10399 MiB, 4514 MiB, 15360 MiB, 100 %, 23 %, 735 MHz, 5000 MHz, 66.71 W, 77, P0
2026/09/30 06:52:22.761, Tesla T4, 10399 MiB, 4514 MiB, 15360 MiB, 100 %, 23 %, 705 MHz, 5000 MHz, 66.61 W, 77, P0
2026/09/30 06:52:23.274, Tesla T4, 10399 MiB, 4514 MiB, 15360 MiB, 100 %, 26 %, 630 MHz, 5000 MHz, 66.42 W, 77, P0
2026/09/30 06:52:23.791, Tesla T4, 10399 MiB, 4514 MiB, 15360 MiB, 100 %, 26 %, 600 MHz, 5000 MHz, 65.28 W, 77, P0
2026/09/30 06:52:24.304, Tesla T4, 10399 MiB, 4514 MiB, 15360 MiB, 92 %, 26 %, 720 MHz, 5000 MHz, 66.22 W, 78, P0
2026/09/30 06:52:24.817, Tesla T4, 10399 MiB, 4514 MiB, 15360 MiB, 100 %, 22 %, 705 MHz, 5000 MHz, 66.56 W, 78, P0
2026/09/30 06:52:25.329, Tesla T4, 10399 MiB, 4514 MiB, 15360 MiB, 98 %, 24 %, 630 MHz, 5000 MHz, 66.06 W, 78, P0
2026/09/30 06:52:25.840, Tesla T4, 10399 MiB, 4514 MiB, 15360 MiB, 100 %, 26 %, 615 MHz, 5000 MHz, 63.42 W, 78, P0
2026/09/30 06:52:26.356, Tesla T4, 10399 MiB, 4514 MiB, 15360 MiB, 100 %, 23 %, 1440 MHz, 5000 MHz, 66.71 W, 77, P0
2026/09/30 06:52:26.865, Tesla T4, 10399 MiB, 4514 MiB, 15360 MiB, 100 %, 34 %, 555 MHz, 5000 MHz, 66.22 W, 77, P0
2026/09/30 06:52:27.376, Tesla T4, 10399 MiB, 4514 MiB, 15360 MiB, 100 %, 34 %, 555 MHz, 5000 MHz, 68.67 W, 77, P0
2026/09/30 06:52:27.893, Tesla T4, 10399 MiB, 4514 MiB, 15360 MiB, 91 %, 45 %, 540 MHz, 5000 MHz, 64.79 W, 77, P0
2026/09/30 06:52:28.416, Tesla T4, 10399 MiB, 4514 MiB, 15360 MiB, 99 %, 38 %, 585 MHz, 5000 MHz, 66.02 W, 77, P0
2026/09/30 06:52:28.929, Tesla T4, 10399 MiB, 4514 MiB, 15360 MiB, 92 %, 36 %, 585 MHz, 5000 MHz, 65.48 W, 77, P0
2026/09/30 06:52:29.443, Tesla T4, 10399 MiB, 4514 MiB, 15360 MiB, 100 %, 31 %, 600 MHz, 5000 MHz, 66.06 W, 77, P0
2026/09/30 06:52:29.955, Tesla T4, 10399 MiB, 4514 MiB, 15360 MiB, 92 %, 29 %, 585 MHz, 5000 MHz, 65.57 W, 77, P0
2026/09/30 06:52:30.466, Tesla T4, 10399 MiB, 4514 MiB, 15360 MiB, 96 %, 29 %, 690 MHz, 5000 MHz, 57.84 W, 77, P0
2026/09/30 06:52:30.983, Tesla T4, 10399 MiB, 4514 MiB, 15360 MiB, 100 %, 29 %, 645 MHz, 5000 MHz, 67.10 W, 78, P0
2026/09/30 06:52:31.494, Tesla T4, 10399 MiB, 4514 MiB, 15360 MiB, 92 %, 30 %, 600 MHz, 5000 MHz, 65.44 W, 77, P0
2026/09/30 06:52:32.013, Tesla T4, 10399 MiB, 4514 MiB, 15360 MiB, 100 %, 29 %, 570 MHz, 5000 MHz, 61.85 W, 77, P0
2026/09/30 06:52:32.545, Tesla T4, 10399 MiB, 4514 MiB, 15360 MiB, 95 %, 25 %, 690 MHz, 5000 MHz, 66.65 W, 78, P0
2026/09/30 06:52:33.067, Tesla T4, 10399 MiB, 4514 MiB, 15360 MiB, 100 %, 30 %, 600 MHz, 5000 MHz, 65.63 W, 77, P0
2026/09/30 06:52:33.594, Tesla T4, 10399 MiB, 4514 MiB, 15360 MiB, 86 %, 25 %, 690 MHz, 5000 MHz, 65.77 W, 77, P0
2026/09/30 06:52:34.116, Tesla T4, 10399 MiB, 4514 MiB, 15360 MiB, 97 %, 31 %, 600 MHz, 5000 MHz, 64.95 W, 77, P0
2026/09/30 06:52:34.639, Tesla T4, 10399 MiB, 4514 MiB, 15360 MiB, 95 %, 28 %, 630 MHz, 5000 MHz, 66.12 W, 77, P0
2026/09/30 06:52:35.162, Tesla T4, 10399 MiB, 4514 MiB, 15360 MiB, 99 %, 40 %, 705 MHz, 5000 MHz, 64.24 W, 77, P0
2026/09/30 06:52:35.675, Tesla T4, 10399 MiB, 4514 MiB, 15360 MiB, 100 %, 25 %, 615 MHz, 5000 MHz, 68.86 W, 77, P0
2026/09/30 06:52:36.190, Tesla T4, 10399 MiB, 4514 MiB, 15360 MiB, 100 %, 30 %, 555 MHz, 5000 MHz, 66.51 W, 77, P0
2026/09/30 06:52:36.709, Tesla T4, 10399 MiB, 4514 MiB, 15360 MiB, 100 %, 22 %, 690 MHz, 5000 MHz, 65.77 W, 77, P0
2026/09/30 06:52:37.220, Tesla T4, 10399 MiB, 4514 MiB, 15360 MiB, 100 %, 30 %, 570 MHz, 5000 MHz, 65.83 W, 77, P0
2026/09/30 06:52:37.736, Tesla T4, 10399 MiB, 4514 MiB, 15360 MiB, 91 %, 41 %, 585 MHz, 5000 MHz, 53.81 W, 77, P0
2026/09/30 06:52:38.249, Tesla T4, 10399 MiB, 4514 MiB, 15360 MiB, 96 %, 42 %, 570 MHz, 5000 MHz, 65.83 W, 77, P0
2026/09/30 06:52:38.762, Tesla T4, 10399 MiB, 4514 MiB, 15360 MiB, 100 %, 32 %, 615 MHz, 5000 MHz, 65.14 W, 77, P0
2026/09/30 06:52:39.278, Tesla T4, 10399 MiB, 4514 MiB, 15360 MiB, 92 %, 35 %, 570 MHz, 5000 MHz, 66.46 W, 77, P0
2026/09/30 06:52:39.796, Tesla T4, 10399 MiB, 4514 MiB, 15360 MiB, 100 %, 32 %, 555 MHz, 5000 MHz, 65.42 W, 77, P0
2026/09/30 06:52:40.307, Tesla T4, 10399 MiB, 4514 MiB, 15360 MiB, 98 %, 40 %, 585 MHz, 5000 MHz, 65.38 W, 77, P0
2026/09/30 06:52:40.828, Tesla T4, 10399 MiB, 4514 MiB, 15360 MiB, 98 %, 44 %, 585 MHz, 5000 MHz, 64.95 W, 77, P0
2026/09/30 06:52:41.339, Tesla T4, 10399 MiB, 4514 MiB, 15360 MiB, 96 %, 36 %, 600 MHz, 5000 MHz, 65.32 W, 77, P0
2026/09/30 06:52:41.853, Tesla T4, 10399 MiB, 4514 MiB, 15360 MiB, 91 %, 36 %, 630 MHz, 5000 MHz, 66.75 W, 77, P0
2026/09/30 06:52:42.369, Tesla T4, 10399 MiB, 4514 MiB, 15360 MiB, 100 %, 32 %, 615 MHz, 5000 MHz, 64.40 W, 77, P0
2026/09/30 06:52:42.880, Tesla T4, 10399 MiB, 4514 MiB, 15360 MiB, 100 %, 26 %, 645 MHz, 5000 MHz, 67.10 W, 77, P0
2026/09/30 06:52:43.396, Tesla T4, 10399 MiB, 4514 MiB, 15360 MiB, 92 %, 27 %, 600 MHz, 5000 MHz, 74.80 W, 77, P0
2026/09/30 06:52:43.908, Tesla T4, 10399 MiB, 4514 MiB, 15360 MiB, 100 %, 29 %, 630 MHz, 5000 MHz, 65.63 W, 77, P0
2026/09/30 06:52:44.425, Tesla T4, 10399 MiB, 4514 MiB, 15360 MiB, 100 %, 26 %, 615 MHz, 5000 MHz, 65.87 W, 77, P0
2026/09/30 06:52:44.936, Tesla T4, 10399 MiB, 4514 MiB, 15360 MiB, 96 %, 37 %, 645 MHz, 5000 MHz, 68.57 W, 77, P0
2026/09/30 06:52:45.450, Tesla T4, 10399 MiB, 4514 MiB, 15360 MiB, 100 %, 30 %, 540 MHz, 5000 MHz, 38.44 W, 77, P0
2026/09/30 06:52:45.992, Tesla T4, 10399 MiB, 4514 MiB, 15360 MiB, 100 %, 30 %, 615 MHz, 5000 MHz, 66.16 W, 77, P0
2026/09/30 06:52:46.512, Tesla T4, 10407 MiB, 4506 MiB, 15360 MiB, 94 %, 28 %, 615 MHz, 5000 MHz, 67.24 W, 77, P0
2026/09/30 06:52:47.033, Tesla T4, 10407 MiB, 4506 MiB, 15360 MiB, 100 %, 29 %, 570 MHz, 5000 MHz, 64.50 W, 77, P0
2026/09/30 06:52:47.571, Tesla T4, 10407 MiB, 4506 MiB, 15360 MiB, 97 %, 29 %, 675 MHz, 5000 MHz, 67.20 W, 77, P0
2026/09/30 06:52:48.083, Tesla T4, 10407 MiB, 4506 MiB, 15360 MiB, 98 %, 27 %, 570 MHz, 5000 MHz, 66.42 W, 77, P0
2026/09/30 06:52:48.601, Tesla T4, 10407 MiB, 4506 MiB, 15360 MiB, 100 %, 29 %, 600 MHz, 5000 MHz, 67.59 W, 77, P0
2026/09/30 06:52:49.118, Tesla T4, 10407 MiB, 4506 MiB, 15360 MiB, 100 %, 25 %, 645 MHz, 5000 MHz, 64.89 W, 77, P0
2026/09/30 06:52:49.629, Tesla T4, 10407 MiB, 4506 MiB, 15360 MiB, 100 %, 27 %, 645 MHz, 5000 MHz, 66.02 W, 77, P0
2026/09/30 06:52:50.139, Tesla T4, 10407 MiB, 4506 MiB, 15360 MiB, 100 %, 27 %, 675 MHz, 5000 MHz, 66.12 W, 77, P0
2026/09/30 06:52:50.653, Tesla T4, 10407 MiB, 4506 MiB, 15360 MiB, 100 %, 35 %, 570 MHz, 5000 MHz, 66.36 W, 77, P0
2026/09/30 06:52:51.164, Tesla T4, 10407 MiB, 4506 MiB, 15360 MiB, 100 %, 28 %, 675 MHz, 5000 MHz, 66.51 W, 77, P0
2026/09/30 06:52:51.676, Tesla T4, 10407 MiB, 4506 MiB, 15360 MiB, 98 %, 36 %, 570 MHz, 5000 MHz, 65.53 W, 77, P0
2026/09/30 06:52:52.189, Tesla T4, 10409 MiB, 4504 MiB, 15360 MiB, 95 %, 26 %, 735 MHz, 5000 MHz, 65.08 W, 77, P0
2026/09/30 06:52:52.701, Tesla T4, 10409 MiB, 4504 MiB, 15360 MiB, 100 %, 23 %, 750 MHz, 5000 MHz, 65.97 W, 77, P0
2026/09/30 06:52:53.217, Tesla T4, 10409 MiB, 4504 MiB, 15360 MiB, 98 %, 35 %, 795 MHz, 5000 MHz, 67.98 W, 77, P0
2026/09/30 06:52:53.730, Tesla T4, 10409 MiB, 4504 MiB, 15360 MiB, 100 %, 23 %, 720 MHz, 5000 MHz, 65.77 W, 77, P0
2026/09/30 06:52:54.248, Tesla T4, 10409 MiB, 4504 MiB, 15360 MiB, 100 %, 22 %, 645 MHz, 5000 MHz, 67.54 W, 77, P0
2026/09/30 06:52:54.763, Tesla T4, 10409 MiB, 4504 MiB, 15360 MiB, 100 %, 30 %, 600 MHz, 5000 MHz, 64.79 W, 77, P0
2026/09/30 06:52:55.277, Tesla T4, 10409 MiB, 4504 MiB, 15360 MiB, 100 %, 32 %, 645 MHz, 5000 MHz, 64.00 W, 77, P0
2026/09/30 06:52:55.793, Tesla T4, 10409 MiB, 4504 MiB, 15360 MiB, 100 %, 32 %, 615 MHz, 5000 MHz, 65.44 W, 77, P0
2026/09/30 06:52:56.310, Tesla T4, 10409 MiB, 4504 MiB, 15360 MiB, 100 %, 32 %, 600 MHz, 5000 MHz, 66.61 W, 77, P0
2026/09/30 06:52:56.823, Tesla T4, 10409 MiB, 4504 MiB, 15360 MiB, 100 %, 23 %, 750 MHz, 5000 MHz, 64.69 W, 77, P0
2026/09/30 06:52:57.334, Tesla T4, 10409 MiB, 4504 MiB, 15360 MiB, 100 %, 23 %, 750 MHz, 5000 MHz, 64.20 W, 77, P0
2026/09/30 06:52:57.852, Tesla T4, 10409 MiB, 4504 MiB, 15360 MiB, 84 %, 37 %, 720 MHz, 5000 MHz, 65.57 W, 77, P0
2026/09/30 06:52:58.375, Tesla T4, 10409 MiB, 4504 MiB, 15360 MiB, 100 %, 22 %, 720 MHz, 5000 MHz, 66.16 W, 77, P0
2026/09/30 06:52:58.902, Tesla T4, 10409 MiB, 4504 MiB, 15360 MiB, 97 %, 40 %, 600 MHz, 5000 MHz, 65.87 W, 77, P0
2026/09/30 06:52:59.437, Tesla T4, 10409 MiB, 4504 MiB, 15360 MiB, 98 %, 29 %, 630 MHz, 5000 MHz, 66.02 W, 77, P0
2026/09/30 06:52:59.968, Tesla T4, 10409 MiB, 4504 MiB, 15360 MiB, 86 %, 29 %, 600 MHz, 5000 MHz, 65.48 W, 77, P0
2026/09/30 06:53:00.487, Tesla T4, 10409 MiB, 4504 MiB, 15360 MiB, 97 %, 30 %, 630 MHz, 5000 MHz, 66.71 W, 77, P0
2026/09/30 06:53:01.004, Tesla T4, 10409 MiB, 4504 MiB, 15360 MiB, 96 %, 36 %, 570 MHz, 5000 MHz, 65.93 W, 77, P0
2026/09/30 06:53:01.516, Tesla T4, 10409 MiB, 4504 MiB, 15360 MiB, 98 %, 34 %, 990 MHz, 5000 MHz, 77.69 W, 77, P0
2026/09/30 06:53:02.039, Tesla T4, 10409 MiB, 4504 MiB, 15360 MiB, 98 %, 32 %, 585 MHz, 5000 MHz, 66.51 W, 77, P0
2026/09/30 06:53:02.551, Tesla T4, 10409 MiB, 4504 MiB, 15360 MiB, 100 %, 34 %, 555 MHz, 5000 MHz, 65.38 W, 77, P0
2026/09/30 06:53:03.063, Tesla T4, 10409 MiB, 4504 MiB, 15360 MiB, 92 %, 37 %, 570 MHz, 5000 MHz, 65.53 W, 77, P0
2026/09/30 06:53:03.575, Tesla T4, 10409 MiB, 4504 MiB, 15360 MiB, 93 %, 39 %, 615 MHz, 5000 MHz, 64.59 W, 77, P0
2026/09/30 06:53:04.088, Tesla T4, 10409 MiB, 4504 MiB, 15360 MiB, 99 %, 41 %, 645 MHz, 5000 MHz, 62.24 W, 77, P0
2026/09/30 06:53:04.604, Tesla T4, 10409 MiB, 4504 MiB, 15360 MiB, 92 %, 41 %, 630 MHz, 5000 MHz, 70.15 W, 77, P0
2026/09/30 06:53:05.119, Tesla T4, 10409 MiB, 4504 MiB, 15360 MiB, 100 %, 46 %, 690 MHz, 5000 MHz, 67.84 W, 77, P0
2026/09/30 06:53:05.633, Tesla T4, 10409 MiB, 4504 MiB, 15360 MiB, 96 %, 38 %, 570 MHz, 5000 MHz, 65.73 W, 77, P0
2026/09/30 06:53:06.144, Tesla T4, 10409 MiB, 4504 MiB, 15360 MiB, 99 %, 38 %, 570 MHz, 5000 MHz, 65.67 W, 77, P0
2026/09/30 06:53:06.656, Tesla T4, 10409 MiB, 4504 MiB, 15360 MiB, 99 %, 39 %, 690 MHz, 5000 MHz, 66.12 W, 77, P0
2026/09/30 06:53:07.169, Tesla T4, 10409 MiB, 4504 MiB, 15360 MiB, 90 %, 44 %, 615 MHz, 5000 MHz, 68.43 W, 77, P0
2026/09/30 06:53:07.681, Tesla T4, 10409 MiB, 4504 MiB, 15360 MiB, 100 %, 31 %, 645 MHz, 5000 MHz, 67.00 W, 77, P0
2026/09/30 06:53:08.198, Tesla T4, 10409 MiB, 4504 MiB, 15360 MiB, 92 %, 32 %, 660 MHz, 5000 MHz, 61.89 W, 77, P0
2026/09/30 06:53:08.718, Tesla T4, 10409 MiB, 4504 MiB, 15360 MiB, 96 %, 52 %, 645 MHz, 5000 MHz, 67.84 W, 77, P0
2026/09/30 06:53:09.231, Tesla T4, 10409 MiB, 4504 MiB, 15360 MiB, 100 %, 37 %, 810 MHz, 5000 MHz, 68.14 W, 77, P0
2026/09/30 06:53:09.748, Tesla T4, 10409 MiB, 4504 MiB, 15360 MiB, 100 %, 36 %, 570 MHz, 5000 MHz, 67.20 W, 77, P0
2026/09/30 06:53:10.261, Tesla T4, 10409 MiB, 4504 MiB, 15360 MiB, 99 %, 38 %, 855 MHz, 5000 MHz, 67.00 W, 77, P0
2026/09/30 06:53:10.771, Tesla T4, 10409 MiB, 4504 MiB, 15360 MiB, 100 %, 23 %, 705 MHz, 5000 MHz, 66.91 W, 77, P0
2026/09/30 06:53:11.299, Tesla T4, 10409 MiB, 4504 MiB, 15360 MiB, 100 %, 20 %, 705 MHz, 5000 MHz, 71.03 W, 77, P0
2026/09/30 06:53:11.833, Tesla T4, 10409 MiB, 4504 MiB, 15360 MiB, 100 %, 30 %, 645 MHz, 5000 MHz, 66.91 W, 77, P0
2026/09/30 06:53:12.360, Tesla T4, 10409 MiB, 4504 MiB, 15360 MiB, 100 %, 22 %, 720 MHz, 5000 MHz, 67.10 W, 77, P0
2026/09/30 06:53:12.891, Tesla T4, 10409 MiB, 4504 MiB, 15360 MiB, 100 %, 22 %, 690 MHz, 5000 MHz, 66.02 W, 77, P0
2026/09/30 06:53:13.417, Tesla T4, 10409 MiB, 4504 MiB, 15360 MiB, 100 %, 28 %, 630 MHz, 5000 MHz, 65.83 W, 77, P0
2026/09/30 06:53:13.931, Tesla T4, 10409 MiB, 4504 MiB, 15360 MiB, 88 %, 58 %, 570 MHz, 5000 MHz, 61.59 W, 77, P0
2026/09/30 06:53:14.442, Tesla T4, 10409 MiB, 4504 MiB, 15360 MiB, 100 %, 23 %, 735 MHz, 5000 MHz, 66.71 W, 77, P0
2026/09/30 06:53:14.961, Tesla T4, 10409 MiB, 4504 MiB, 15360 MiB, 100 %, 23 %, 705 MHz, 5000 MHz, 66.32 W, 77, P0
2026/09/30 06:53:15.471, Tesla T4, 10409 MiB, 4504 MiB, 15360 MiB, 100 %, 23 %, 720 MHz, 5000 MHz, 64.99 W, 77, P0
2026/09/30 06:53:15.987, Tesla T4, 10409 MiB, 4504 MiB, 15360 MiB, 100 %, 23 %, 690 MHz, 5000 MHz, 66.02 W, 77, P0
2026/09/30 06:53:16.498, Tesla T4, 10409 MiB, 4504 MiB, 15360 MiB, 100 %, 22 %, 735 MHz, 5000 MHz, 66.42 W, 77, P0
2026/09/30 06:53:17.015, Tesla T4, 10409 MiB, 4504 MiB, 15360 MiB, 100 %, 22 %, 690 MHz, 5000 MHz, 66.12 W, 77, P0
2026/09/30 06:53:17.525, Tesla T4, 10409 MiB, 4504 MiB, 15360 MiB, 100 %, 22 %, 720 MHz, 5000 MHz, 65.83 W, 77, P0
2026/09/30 06:53:18.036, Tesla T4, 10409 MiB, 4504 MiB, 15360 MiB, 100 %, 22 %, 690 MHz, 5000 MHz, 66.22 W, 77, P0
2026/09/30 06:53:18.549, Tesla T4, 10409 MiB, 4504 MiB, 15360 MiB, 90 %, 39 %, 600 MHz, 5000 MHz, 47.31 W, 77, P0
2026/09/30 06:53:19.062, Tesla T4, 10409 MiB, 4504 MiB, 15360 MiB, 95 %, 41 %, 630 MHz, 5000 MHz, 67.34 W, 77, P0
2026/09/30 06:53:19.575, Tesla T4, 10409 MiB, 4504 MiB, 15360 MiB, 100 %, 25 %, 720 MHz, 5000 MHz, 65.87 W, 77, P0
2026/09/30 06:53:20.090, Tesla T4, 10409 MiB, 4504 MiB, 15360 MiB, 99 %, 33 %, 690 MHz, 5000 MHz, 66.51 W, 77, P0
2026/09/30 06:53:20.607, Tesla T4, 10409 MiB, 4504 MiB, 15360 MiB, 97 %, 24 %, 570 MHz, 5000 MHz, 64.30 W, 77, P0
2026/09/30 06:53:21.119, Tesla T4, 10409 MiB, 4504 MiB, 15360 MiB, 100 %, 25 %, 690 MHz, 5000 MHz, 65.34 W, 77, P0
2026/09/30 06:53:21.637, Tesla T4, 10409 MiB, 4504 MiB, 15360 MiB, 92 %, 30 %, 570 MHz, 5000 MHz, 63.81 W, 77, P0
2026/09/30 06:53:22.148, Tesla T4, 10409 MiB, 4504 MiB, 15360 MiB, 100 %, 25 %, 705 MHz, 5000 MHz, 65.83 W, 77, P0
2026/09/30 06:53:22.660, Tesla T4, 10409 MiB, 4504 MiB, 15360 MiB, 95 %, 43 %, 600 MHz, 5000 MHz, 65.24 W, 77, P0
2026/09/30 06:53:23.173, Tesla T4, 10409 MiB, 4504 MiB, 15360 MiB, 100 %, 32 %, 600 MHz, 5000 MHz, 66.61 W, 77, P0
2026/09/30 06:53:23.699, Tesla T4, 10409 MiB, 4504 MiB, 15360 MiB, 98 %, 38 %, 600 MHz, 5000 MHz, 41.58 W, 77, P0
2026/09/30 06:53:24.228, Tesla T4, 10409 MiB, 4504 MiB, 15360 MiB, 95 %, 33 %, 645 MHz, 5000 MHz, 66.06 W, 77, P0
2026/09/30 06:53:24.754, Tesla T4, 10409 MiB, 4504 MiB, 15360 MiB, 98 %, 29 %, 630 MHz, 5000 MHz, 64.95 W, 77, P0
2026/09/30 06:53:25.285, Tesla T4, 10409 MiB, 4504 MiB, 15360 MiB, 84 %, 26 %, 615 MHz, 5000 MHz, 65.18 W, 77, P0
2026/09/30 06:53:25.819, Tesla T4, 10409 MiB, 4504 MiB, 15360 MiB, 98 %, 29 %, 615 MHz, 5000 MHz, 66.91 W, 77, P0
2026/09/30 06:53:26.335, Tesla T4, 10409 MiB, 4504 MiB, 15360 MiB, 95 %, 50 %, 585 MHz, 5000 MHz, 70.73 W, 77, P0
2026/09/30 06:53:26.847, Tesla T4, 10409 MiB, 4504 MiB, 15360 MiB, 91 %, 43 %, 630 MHz, 5000 MHz, 67.00 W, 77, P0
2026/09/30 06:53:27.359, Tesla T4, 10409 MiB, 4504 MiB, 15360 MiB, 96 %, 53 %, 915 MHz, 5000 MHz, 68.82 W, 77, P0
2026/09/30 06:53:27.879, Tesla T4, 10409 MiB, 4504 MiB, 15360 MiB, 98 %, 24 %, 705 MHz, 5000 MHz, 65.73 W, 77, P0
2026/09/30 06:53:28.397, Tesla T4, 10409 MiB, 4504 MiB, 15360 MiB, 100 %, 32 %, 660 MHz, 5000 MHz, 64.79 W, 77, P0
2026/09/30 06:53:28.910, Tesla T4, 10409 MiB, 4504 MiB, 15360 MiB, 100 %, 25 %, 705 MHz, 5000 MHz, 66.51 W, 77, P0
2026/09/30 06:53:29.423, Tesla T4, 10409 MiB, 4504 MiB, 15360 MiB, 100 %, 32 %, 630 MHz, 5000 MHz, 66.42 W, 77, P0
2026/09/30 06:53:29.947, Tesla T4, 10409 MiB, 4504 MiB, 15360 MiB, 100 %, 28 %, 645 MHz, 5000 MHz, 66.42 W, 77, P0
2026/09/30 06:53:30.483, Tesla T4, 10409 MiB, 4504 MiB, 15360 MiB, 98 %, 32 %, 645 MHz, 5000 MHz, 65.57 W, 77, P0
2026/09/30 06:53:31.000, Tesla T4, 10409 MiB, 4504 MiB, 15360 MiB, 100 %, 28 %, 675 MHz, 5000 MHz, 66.32 W, 77, P0
2026/09/30 06:53:31.515, Tesla T4, 10409 MiB, 4504 MiB, 15360 MiB, 98 %, 29 %, 660 MHz, 5000 MHz, 66.61 W, 77, P0
2026/09/30 06:53:32.031, Tesla T4, 10409 MiB, 4504 MiB, 15360 MiB, 100 %, 33 %, 630 MHz, 5000 MHz, 67.59 W, 77, P0
2026/09/30 06:53:32.544, Tesla T4, 10409 MiB, 4504 MiB, 15360 MiB, 91 %, 42 %, 615 MHz, 5000 MHz, 65.73 W, 77, P0
2026/09/30 06:53:33.062, Tesla T4, 10409 MiB, 4504 MiB, 15360 MiB, 97 %, 35 %, 735 MHz, 5000 MHz, 65.24 W, 77, P0
2026/09/30 06:53:33.572, Tesla T4, 10409 MiB, 4504 MiB, 15360 MiB, 98 %, 27 %, 855 MHz, 5000 MHz, 66.26 W, 77, P0
2026/09/30 06:53:34.083, Tesla T4, 10409 MiB, 4504 MiB, 15360 MiB, 100 %, 23 %, 825 MHz, 5000 MHz, 65.93 W, 77, P0
2026/09/30 06:53:34.601, Tesla T4, 10409 MiB, 4504 MiB, 15360 MiB, 98 %, 40 %, 720 MHz, 5000 MHz, 48.98 W, 77, P0
2026/09/30 06:53:35.111, Tesla T4, 10409 MiB, 4504 MiB, 15360 MiB, 100 %, 32 %, 615 MHz, 5000 MHz, 65.63 W, 77, P0
2026/09/30 06:53:35.624, Tesla T4, 10409 MiB, 4504 MiB, 15360 MiB, 91 %, 44 %, 615 MHz, 5000 MHz, 66.51 W, 77, P0
2026/09/30 06:53:36.139, Tesla T4, 10409 MiB, 4504 MiB, 15360 MiB, 95 %, 45 %, 630 MHz, 5000 MHz, 65.57 W, 77, P0
2026/09/30 06:53:36.671, Tesla T4, 10409 MiB, 4504 MiB, 15360 MiB, 100 %, 38 %, 690 MHz, 5000 MHz, 67.35 W, 77, P0
2026/09/30 06:53:37.194, Tesla T4, 10409 MiB, 4504 MiB, 15360 MiB, 94 %, 29 %, 630 MHz, 5000 MHz, 67.10 W, 77, P0
2026/09/30 06:53:37.727, Tesla T4, 10409 MiB, 4504 MiB, 15360 MiB, 83 %, 35 %, 570 MHz, 5000 MHz, 63.71 W, 77, P0
2026/09/30 06:53:38.258, Tesla T4, 10409 MiB, 4504 MiB, 15360 MiB, 100 %, 28 %, 600 MHz, 5000 MHz, 66.42 W, 77, P0
2026/09/30 06:53:38.782, Tesla T4, 10409 MiB, 4504 MiB, 15360 MiB, 100 %, 25 %, 705 MHz, 5000 MHz, 65.83 W, 77, P0
2026/09/30 06:53:39.293, Tesla T4, 10409 MiB, 4504 MiB, 15360 MiB, 100 %, 32 %, 630 MHz, 5000 MHz, 65.73 W, 77, P0
2026/09/30 06:53:39.810, Tesla T4, 10409 MiB, 4504 MiB, 15360 MiB, 100 %, 25 %, 690 MHz, 5000 MHz, 66.61 W, 77, P0
2026/09/30 06:53:40.325, Tesla T4, 10409 MiB, 4504 MiB, 15360 MiB, 100 %, 32 %, 630 MHz, 5000 MHz, 63.97 W, 77, P0
2026/09/30 06:53:40.840, Tesla T4, 10409 MiB, 4504 MiB, 15360 MiB, 98 %, 38 %, 600 MHz, 5000 MHz, 45.20 W, 77, P0
2026/09/30 06:53:41.352, Tesla T4, 10409 MiB, 4504 MiB, 15360 MiB, 96 %, 35 %, 570 MHz, 5000 MHz, 66.71 W, 77, P0
2026/09/30 06:53:41.868, Tesla T4, 10409 MiB, 4504 MiB, 15360 MiB, 99 %, 40 %, 540 MHz, 5000 MHz, 69.70 W, 77, P0
2026/09/30 06:53:42.380, Tesla T4, 10409 MiB, 4504 MiB, 15360 MiB, 96 %, 46 %, 645 MHz, 5000 MHz, 67.98 W, 77, P0
2026/09/30 06:53:42.892, Tesla T4, 10409 MiB, 4504 MiB, 15360 MiB, 100 %, 48 %, 615 MHz, 5000 MHz, 65.34 W, 77, P0
2026/09/30 06:53:43.405, Tesla T4, 10409 MiB, 4504 MiB, 15360 MiB, 95 %, 36 %, 735 MHz, 5000 MHz, 66.61 W, 77, P0
2026/09/30 06:53:43.916, Tesla T4, 10409 MiB, 4504 MiB, 15360 MiB, 100 %, 23 %, 735 MHz, 5000 MHz, 65.87 W, 77, P0
2026/09/30 06:53:44.427, Tesla T4, 10409 MiB, 4504 MiB, 15360 MiB, 98 %, 27 %, 630 MHz, 5000 MHz, 66.91 W, 77, P0
2026/09/30 06:53:44.938, Tesla T4, 10409 MiB, 4504 MiB, 15360 MiB, 97 %, 22 %, 735 MHz, 5000 MHz, 66.22 W, 77, P0
2026/09/30 06:53:45.449, Tesla T4, 10409 MiB, 4504 MiB, 15360 MiB, 100 %, 22 %, 750 MHz, 5000 MHz, 67.00 W, 77, P0
2026/09/30 06:53:45.965, Tesla T4, 10409 MiB, 4504 MiB, 15360 MiB, 100 %, 33 %, 615 MHz, 5000 MHz, 66.22 W, 77, P0
2026/09/30 06:53:46.476, Tesla T4, 10409 MiB, 4504 MiB, 15360 MiB, 95 %, 50 %, 480 MHz, 5000 MHz, 69.81 W, 77, P0
2026/09/30 06:53:46.994, Tesla T4, 10409 MiB, 4504 MiB, 15360 MiB, 98 %, 35 %, 570 MHz, 5000 MHz, 66.56 W, 77, P0
2026/09/30 06:53:47.505, Tesla T4, 10409 MiB, 4504 MiB, 15360 MiB, 92 %, 46 %, 570 MHz, 5000 MHz, 69.96 W, 77, P0
2026/09/30 06:53:48.021, Tesla T4, 10409 MiB, 4504 MiB, 15360 MiB, 91 %, 52 %, 540 MHz, 5000 MHz, 57.70 W, 77, P0
2026/09/30 06:53:48.536, Tesla T4, 10409 MiB, 4504 MiB, 15360 MiB, 100 %, 29 %, 645 MHz, 5000 MHz, 67.30 W, 77, P0
2026/09/30 06:53:49.055, Tesla T4, 10409 MiB, 4504 MiB, 15360 MiB, 83 %, 42 %, 615 MHz, 5000 MHz, 65.63 W, 77, P0
2026/09/30 06:53:49.587, Tesla T4, 10409 MiB, 4504 MiB, 15360 MiB, 100 %, 25 %, 675 MHz, 5000 MHz, 65.73 W, 77, P0
2026/09/30 06:53:50.127, Tesla T4, 10409 MiB, 4504 MiB, 15360 MiB, 100 %, 35 %, 645 MHz, 5000 MHz, 65.73 W, 77, P0
2026/09/30 06:53:50.652, Tesla T4, 10409 MiB, 4504 MiB, 15360 MiB, 100 %, 30 %, 735 MHz, 5000 MHz, 67.35 W, 76, P0
2026/09/30 06:53:51.189, Tesla T4, 10409 MiB, 4504 MiB, 15360 MiB, 98 %, 32 %, 630 MHz, 5000 MHz, 65.44 W, 77, P0
2026/09/30 06:53:51.722, Tesla T4, 10409 MiB, 4504 MiB, 15360 MiB, 100 %, 28 %, 645 MHz, 5000 MHz, 67.79 W, 77, P0
2026/09/30 06:53:52.233, Tesla T4, 10409 MiB, 4504 MiB, 15360 MiB, 98 %, 34 %, 630 MHz, 5000 MHz, 66.75 W, 77, P0
2026/09/30 06:53:52.759, Tesla T4, 10409 MiB, 4504 MiB, 15360 MiB, 100 %, 32 %, 750 MHz, 5000 MHz, 66.42 W, 77, P0
2026/09/30 06:53:53.305, Tesla T4, 10409 MiB, 4504 MiB, 15360 MiB, 100 %, 36 %, 570 MHz, 5000 MHz, 65.28 W, 77, P0
2026/09/30 06:53:53.817, Tesla T4, 10409 MiB, 4504 MiB, 15360 MiB, 100 %, 35 %, 555 MHz, 5000 MHz, 65.63 W, 77, P0
2026/09/30 06:53:54.333, Tesla T4, 10409 MiB, 4504 MiB, 15360 MiB, 96 %, 33 %, 645 MHz, 5000 MHz, 65.93 W, 77, P0
2026/09/30 06:53:54.844, Tesla T4, 10409 MiB, 4504 MiB, 15360 MiB, 100 %, 26 %, 615 MHz, 5000 MHz, 66.32 W, 77, P0
2026/09/30 06:53:55.355, Tesla T4, 10409 MiB, 4504 MiB, 15360 MiB, 100 %, 23 %, 750 MHz, 5000 MHz, 66.77 W, 77, P0
2026/09/30 06:53:55.875, Tesla T4, 10409 MiB, 4504 MiB, 15360 MiB, 100 %, 23 %, 690 MHz, 5000 MHz, 66.86 W, 77, P0
2026/09/30 06:53:56.386, Tesla T4, 10409 MiB, 4504 MiB, 15360 MiB, 100 %, 26 %, 630 MHz, 5000 MHz, 65.73 W, 77, P0
2026/09/30 06:53:56.900, Tesla T4, 10409 MiB, 4504 MiB, 15360 MiB, 97 %, 24 %, 720 MHz, 5000 MHz, 66.18 W, 77, P0
2026/09/30 06:53:57.413, Tesla T4, 10409 MiB, 4504 MiB, 15360 MiB, 100 %, 22 %, 750 MHz, 5000 MHz, 65.59 W, 77, P0
2026/09/30 06:53:57.924, Tesla T4, 10409 MiB, 4504 MiB, 15360 MiB, 96 %, 25 %, 660 MHz, 5000 MHz, 67.31 W, 77, P0
2026/09/30 06:53:58.439, Tesla T4, 10409 MiB, 4504 MiB, 15360 MiB, 92 %, 41 %, 600 MHz, 5000 MHz, 65.10 W, 77, P0
2026/09/30 06:53:58.951, Tesla T4, 10409 MiB, 4504 MiB, 15360 MiB, 99 %, 37 %, 600 MHz, 5000 MHz, 66.18 W, 77, P0
2026/09/30 06:53:59.465, Tesla T4, 10409 MiB, 4504 MiB, 15360 MiB, 91 %, 37 %, 570 MHz, 5000 MHz, 65.73 W, 77, P0
2026/09/30 06:53:59.979, Tesla T4, 10409 MiB, 4504 MiB, 15360 MiB, 100 %, 29 %, 660 MHz, 5000 MHz, 65.89 W, 77, P0
2026/09/30 06:54:00.490, Tesla T4, 10409 MiB, 4504 MiB, 15360 MiB, 94 %, 35 %, 570 MHz, 5000 MHz, 53.64 W, 77, P0
2026/09/30 06:54:01.008, Tesla T4, 10409 MiB, 4504 MiB, 15360 MiB, 100 %, 29 %, 630 MHz, 5000 MHz, 66.42 W, 77, P0
2026/09/30 06:54:01.520, Tesla T4, 10409 MiB, 4504 MiB, 15360 MiB, 94 %, 35 %, 645 MHz, 5000 MHz, 66.96 W, 77, P0
2026/09/30 06:54:02.060, Tesla T4, 10409 MiB, 4504 MiB, 15360 MiB, 98 %, 36 %, 630 MHz, 5000 MHz, 65.98 W, 77, P0
2026/09/30 06:54:02.595, Tesla T4, 10409 MiB, 4504 MiB, 15360 MiB, 93 %, 46 %, 1005 MHz, 5000 MHz, 84.26 W, 77, P0
2026/09/30 06:54:03.130, Tesla T4, 10409 MiB, 4504 MiB, 15360 MiB, 100 %, 30 %, 645 MHz, 5000 MHz, 65.93 W, 77, P0
2026/09/30 06:54:03.665, Tesla T4, 10409 MiB, 4504 MiB, 15360 MiB, 100 %, 25 %, 690 MHz, 5000 MHz, 67.02 W, 77, P0
2026/09/30 06:54:04.186, Tesla T4, 10409 MiB, 4504 MiB, 15360 MiB, 100 %, 30 %, 630 MHz, 5000 MHz, 66.18 W, 77, P0
2026/09/30 06:54:04.701, Tesla T4, 10409 MiB, 4504 MiB, 15360 MiB, 100 %, 25 %, 690 MHz, 5000 MHz, 65.10 W, 77, P0
2026/09/30 06:54:05.229, Tesla T4, 10409 MiB, 4504 MiB, 15360 MiB, 100 %, 30 %, 630 MHz, 5000 MHz, 66.47 W, 77, P0
2026/09/30 06:54:05.740, Tesla T4, 10409 MiB, 4504 MiB, 15360 MiB, 100 %, 33 %, 630 MHz, 5000 MHz, 64.51 W, 77, P0
2026/09/30 06:54:06.278, Tesla T4, 10409 MiB, 4504 MiB, 15360 MiB, 100 %, 30 %, 600 MHz, 5000 MHz, 66.32 W, 77, P0
2026/09/30 06:54:06.790, Tesla T4, 10409 MiB, 4504 MiB, 15360 MiB, 100 %, 32 %, 630 MHz, 5000 MHz, 66.38 W, 77, P0
2026/09/30 06:54:07.322, Tesla T4, 10409 MiB, 4504 MiB, 15360 MiB, 100 %, 35 %, 675 MHz, 5000 MHz, 67.10 W, 77, P0
2026/09/30 06:54:07.839, Tesla T4, 10409 MiB, 4504 MiB, 15360 MiB, 100 %, 23 %, 735 MHz, 5000 MHz, 65.98 W, 77, P0
2026/09/30 06:54:08.368, Tesla T4, 10409 MiB, 4504 MiB, 15360 MiB, 92 %, 21 %, 1080 MHz, 5000 MHz, 60.08 W, 77, P0
2026/09/30 06:54:08.889, Tesla T4, 10409 MiB, 4504 MiB, 15360 MiB, 97 %, 33 %, 705 MHz, 5000 MHz, 65.79 W, 77, P0
2026/09/30 06:54:09.402, Tesla T4, 10409 MiB, 4504 MiB, 15360 MiB, 100 %, 22 %, 735 MHz, 5000 MHz, 66.08 W, 77, P0
2026/09/30 06:54:09.920, Tesla T4, 10409 MiB, 4504 MiB, 15360 MiB, 100 %, 23 %, 570 MHz, 5000 MHz, 66.42 W, 77, P0
2026/09/30 06:54:10.439, Tesla T4, 10409 MiB, 4504 MiB, 15360 MiB, 98 %, 27 %, 675 MHz, 5000 MHz, 66.02 W, 77, P0
2026/09/30 06:54:10.950, Tesla T4, 10409 MiB, 4504 MiB, 15360 MiB, 100 %, 28 %, 570 MHz, 5000 MHz, 48.49 W, 77, P0
2026/09/30 06:54:11.475, Tesla T4, 10409 MiB, 4504 MiB, 15360 MiB, 98 %, 30 %, 645 MHz, 5000 MHz, 65.93 W, 77, P0
2026/09/30 06:54:11.987, Tesla T4, 10409 MiB, 4504 MiB, 15360 MiB, 100 %, 28 %, 585 MHz, 5000 MHz, 48.53 W, 77, P0
2026/09/30 06:54:12.523, Tesla T4, 10409 MiB, 4504 MiB, 15360 MiB, 91 %, 42 %, 690 MHz, 5000 MHz, 64.85 W, 77, P0
2026/09/30 06:54:13.036, Tesla T4, 10409 MiB, 4504 MiB, 15360 MiB, 100 %, 29 %, 630 MHz, 5000 MHz, 68.24 W, 77, P0
2026/09/30 06:54:13.560, Tesla T4, 10409 MiB, 4504 MiB, 15360 MiB, 92 %, 33 %, 630 MHz, 5000 MHz, 67.35 W, 77, P0
2026/09/30 06:54:14.073, Tesla T4, 10409 MiB, 4504 MiB, 15360 MiB, 99 %, 27 %, 705 MHz, 5000 MHz, 69.37 W, 77, P0
2026/09/30 06:54:14.604, Tesla T4, 10409 MiB, 4504 MiB, 15360 MiB, 100 %, 35 %, 660 MHz, 5000 MHz, 63.83 W, 77, P0
2026/09/30 06:54:15.141, Tesla T4, 10409 MiB, 4504 MiB, 15360 MiB, 100 %, 30 %, 1185 MHz, 5000 MHz, 56.52 W, 77, P0
2026/09/30 06:54:15.661, Tesla T4, 10409 MiB, 4504 MiB, 15360 MiB, 98 %, 32 %, 630 MHz, 5000 MHz, 64.75 W, 77, P0
2026/09/30 06:54:16.185, Tesla T4, 10409 MiB, 4504 MiB, 15360 MiB, 100 %, 29 %, 585 MHz, 5000 MHz, 69.76 W, 76, P0
2026/09/30 06:54:16.726, Tesla T4, 10409 MiB, 4504 MiB, 15360 MiB, 94 %, 31 %, 630 MHz, 5000 MHz, 64.75 W, 77, P0
2026/09/30 06:54:17.252, Tesla T4, 10409 MiB, 4504 MiB, 15360 MiB, 100 %, 25 %, 615 MHz, 5000 MHz, 68.10 W, 77, P0
2026/09/30 06:54:17.777, Tesla T4, 10409 MiB, 4504 MiB, 15360 MiB, 91 %, 24 %, 630 MHz, 5000 MHz, 65.63 W, 77, P0
2026/09/30 06:54:18.294, Tesla T4, 10409 MiB, 4504 MiB, 15360 MiB, 100 %, 23 %, 675 MHz, 5000 MHz, 64.26 W, 77, P0
2026/09/30 06:54:18.810, Tesla T4, 10409 MiB, 4504 MiB, 15360 MiB, 100 %, 36 %, 570 MHz, 5000 MHz, 66.57 W, 77, P0
2026/09/30 06:54:19.328, Tesla T4, 10409 MiB, 4504 MiB, 15360 MiB, 92 %, 35 %, 585 MHz, 5000 MHz, 64.85 W, 77, P0
2026/09/30 06:54:19.851, Tesla T4, 10409 MiB, 4504 MiB, 15360 MiB, 100 %, 37 %, 705 MHz, 5000 MHz, 65.44 W, 77, P0
2026/09/30 06:54:20.364, Tesla T4, 10409 MiB, 4504 MiB, 15360 MiB, 98 %, 28 %, 855 MHz, 5000 MHz, 59.43 W, 76, P0
2026/09/30 06:54:20.882, Tesla T4, 10409 MiB, 4504 MiB, 15360 MiB, 100 %, 23 %, 690 MHz, 5000 MHz, 66.22 W, 77, P0
2026/09/30 06:54:21.402, Tesla T4, 10409 MiB, 4504 MiB, 15360 MiB, 100 %, 33 %, 645 MHz, 5000 MHz, 67.26 W, 77, P0
2026/09/30 06:54:21.913, Tesla T4, 10409 MiB, 4504 MiB, 15360 MiB, 100 %, 32 %, 660 MHz, 5000 MHz, 66.28 W, 77, P0
2026/09/30 06:54:22.427, Tesla T4, 10409 MiB, 4504 MiB, 15360 MiB, 100 %, 32 %, 615 MHz, 5000 MHz, 65.30 W, 77, P0
2026/09/30 06:54:22.946, Tesla T4, 10409 MiB, 4504 MiB, 15360 MiB, 97 %, 31 %, 555 MHz, 5000 MHz, 69.86 W, 77, P0
2026/09/30 06:54:23.463, Tesla T4, 10409 MiB, 4504 MiB, 15360 MiB, 98 %, 39 %, 570 MHz, 5000 MHz, 69.81 W, 77, P0
2026/09/30 06:54:23.982, Tesla T4, 10409 MiB, 4504 MiB, 15360 MiB, 95 %, 44 %, 615 MHz, 5000 MHz, 68.98 W, 77, P0
2026/09/30 06:54:24.499, Tesla T4, 10409 MiB, 4504 MiB, 15360 MiB, 100 %, 30 %, 630 MHz, 5000 MHz, 66.57 W, 77, P0
2026/09/30 06:54:25.021, Tesla T4, 10409 MiB, 4504 MiB, 15360 MiB, 91 %, 29 %, 600 MHz, 5000 MHz, 66.08 W, 77, P0
2026/09/30 06:54:25.533, Tesla T4, 10409 MiB, 4504 MiB, 15360 MiB, 98 %, 30 %, 645 MHz, 5000 MHz, 66.38 W, 77, P0
2026/09/30 06:54:26.059, Tesla T4, 10409 MiB, 4504 MiB, 15360 MiB, 96 %, 31 %, 600 MHz, 5000 MHz, 65.63 W, 77, P0
2026/09/30 06:54:26.576, Tesla T4, 10409 MiB, 4504 MiB, 15360 MiB, 92 %, 33 %, 600 MHz, 5000 MHz, 65.98 W, 77, P0
2026/09/30 06:54:27.100, Tesla T4, 10409 MiB, 4504 MiB, 15360 MiB, 97 %, 41 %, 720 MHz, 5000 MHz, 63.57 W, 77, P0
2026/09/30 06:54:27.621, Tesla T4, 10409 MiB, 4504 MiB, 15360 MiB, 95 %, 37 %, 630 MHz, 5000 MHz, 64.85 W, 77, P0
2026/09/30 06:54:28.142, Tesla T4, 10409 MiB, 4504 MiB, 15360 MiB, 100 %, 35 %, 585 MHz, 5000 MHz, 66.18 W, 77, P0
2026/09/30 06:54:28.667, Tesla T4, 10409 MiB, 4504 MiB, 15360 MiB, 94 %, 33 %, 645 MHz, 5000 MHz, 66.18 W, 77, P0
2026/09/30 06:54:29.189, Tesla T4, 10409 MiB, 4504 MiB, 15360 MiB, 100 %, 34 %, 465 MHz, 5000 MHz, 65.89 W, 77, P0
2026/09/30 06:54:29.742, Tesla T4, 10409 MiB, 4504 MiB, 15360 MiB, 86 %, 52 %, 645 MHz, 5000 MHz, 66.73 W, 77, P0
2026/09/30 06:54:30.272, Tesla T4, 10409 MiB, 4504 MiB, 15360 MiB, 100 %, 25 %, 735 MHz, 5000 MHz, 66.28 W, 77, P0
2026/09/30 06:54:30.783, Tesla T4, 10409 MiB, 4504 MiB, 15360 MiB, 98 %, 26 %, 705 MHz, 5000 MHz, 66.12 W, 77, P0
2026/09/30 06:54:31.297, Tesla T4, 10409 MiB, 4504 MiB, 15360 MiB, 96 %, 24 %, 690 MHz, 5000 MHz, 64.75 W, 77, P0
2026/09/30 06:54:31.808, Tesla T4, 10409 MiB, 4504 MiB, 15360 MiB, 90 %, 37 %, 750 MHz, 5000 MHz, 58.85 W, 77, P0
2026/09/30 06:54:32.318, Tesla T4, 10409 MiB, 4504 MiB, 15360 MiB, 100 %, 25 %, 660 MHz, 5000 MHz, 64.89 W, 77, P0
2026/09/30 06:54:32.835, Tesla T4, 10409 MiB, 4504 MiB, 15360 MiB, 99 %, 35 %, 630 MHz, 5000 MHz, 60.12 W, 77, P0
2026/09/30 06:54:33.347, Tesla T4, 10409 MiB, 4504 MiB, 15360 MiB, 91 %, 34 %, 570 MHz, 5000 MHz, 66.51 W, 77, P0
2026/09/30 06:54:33.860, Tesla T4, 10409 MiB, 4504 MiB, 15360 MiB, 97 %, 36 %, 645 MHz, 5000 MHz, 64.42 W, 77, P0
2026/09/30 06:54:34.372, Tesla T4, 10409 MiB, 4504 MiB, 15360 MiB, 92 %, 40 %, 705 MHz, 5000 MHz, 62.75 W, 77, P0
2026/09/30 06:54:34.883, Tesla T4, 10409 MiB, 4504 MiB, 15360 MiB, 98 %, 30 %, 615 MHz, 5000 MHz, 65.63 W, 77, P0
2026/09/30 06:54:35.397, Tesla T4, 10409 MiB, 4504 MiB, 15360 MiB, 92 %, 28 %, 585 MHz, 5000 MHz, 66.08 W, 77, P0
2026/09/30 06:54:35.913, Tesla T4, 10409 MiB, 4504 MiB, 15360 MiB, 100 %, 30 %, 615 MHz, 5000 MHz, 65.79 W, 77, P0
2026/09/30 06:54:36.430, Tesla T4, 10409 MiB, 4504 MiB, 15360 MiB, 100 %, 28 %, 675 MHz, 5000 MHz, 65.20 W, 77, P0
2026/09/30 06:54:36.941, Tesla T4, 10409 MiB, 4504 MiB, 15360 MiB, 98 %, 27 %, 705 MHz, 5000 MHz, 65.93 W, 77, P0
2026/09/30 06:54:37.452, Tesla T4, 10409 MiB, 4504 MiB, 15360 MiB, 91 %, 26 %, 660 MHz, 5000 MHz, 66.57 W, 77, P0
2026/09/30 06:54:37.965, Tesla T4, 10409 MiB, 4504 MiB, 15360 MiB, 100 %, 27 %, 705 MHz, 5000 MHz, 62.34 W, 77, P0
2026/09/30 06:54:38.476, Tesla T4, 10409 MiB, 4504 MiB, 15360 MiB, 100 %, 23 %, 825 MHz, 5000 MHz, 65.53 W, 77, P0
2026/09/30 06:54:38.992, Tesla T4, 10409 MiB, 4504 MiB, 15360 MiB, 98 %, 32 %, 660 MHz, 5000 MHz, 66.81 W, 76, P0
2026/09/30 06:54:39.502, Tesla T4, 10409 MiB, 4504 MiB, 15360 MiB, 100 %, 31 %, 615 MHz, 5000 MHz, 66.67 W, 77, P0
2026/09/30 06:54:40.019, Tesla T4, 10409 MiB, 4504 MiB, 15360 MiB, 100 %, 25 %, 690 MHz, 5000 MHz, 66.06 W, 77, P0
2026/09/30 06:54:40.556, Tesla T4, 10409 MiB, 4504 MiB, 15360 MiB, 100 %, 24 %, 705 MHz, 5000 MHz, 66.08 W, 77, P0
2026/09/30 06:54:41.087, Tesla T4, 10409 MiB, 4504 MiB, 15360 MiB, 100 %, 29 %, 615 MHz, 5000 MHz, 64.06 W, 77, P0
2026/09/30 06:54:41.622, Tesla T4, 10409 MiB, 4504 MiB, 15360 MiB, 98 %, 29 %, 915 MHz, 5000 MHz, 66.57 W, 77, P0
2026/09/30 06:54:42.147, Tesla T4, 10409 MiB, 4504 MiB, 15360 MiB, 100 %, 29 %, 615 MHz, 5000 MHz, 66.08 W, 77, P0
2026/09/30 06:54:42.675, Tesla T4, 10409 MiB, 4504 MiB, 15360 MiB, 97 %, 40 %, 675 MHz, 5000 MHz, 66.91 W, 77, P0
2026/09/30 06:54:43.192, Tesla T4, 10409 MiB, 4504 MiB, 15360 MiB, 95 %, 38 %, 585 MHz, 5000 MHz, 68.88 W, 77, P0
2026/09/30 06:54:43.703, Tesla T4, 10409 MiB, 4504 MiB, 15360 MiB, 96 %, 38 %, 720 MHz, 5000 MHz, 67.00 W, 77, P0
2026/09/30 06:54:44.219, Tesla T4, 10409 MiB, 4504 MiB, 15360 MiB, 99 %, 48 %, 615 MHz, 5000 MHz, 66.86 W, 77, P0
2026/09/30 06:54:44.730, Tesla T4, 10409 MiB, 4504 MiB, 15360 MiB, 99 %, 35 %, 795 MHz, 5000 MHz, 67.20 W, 77, P0
2026/09/30 06:54:45.248, Tesla T4, 10409 MiB, 4504 MiB, 15360 MiB, 100 %, 32 %, 675 MHz, 5000 MHz, 61.81 W, 77, P0
2026/09/30 06:54:45.759, Tesla T4, 10409 MiB, 4504 MiB, 15360 MiB, 100 %, 23 %, 720 MHz, 5000 MHz, 66.28 W, 77, P0
2026/09/30 06:54:46.270, Tesla T4, 10409 MiB, 4504 MiB, 15360 MiB, 100 %, 23 %, 690 MHz, 5000 MHz, 65.73 W, 77, P0
2026/09/30 06:54:46.782, Tesla T4, 10409 MiB, 4504 MiB, 15360 MiB, 100 %, 26 %, 660 MHz, 5000 MHz, 64.50 W, 77, P0
2026/09/30 06:54:47.294, Tesla T4, 10409 MiB, 4504 MiB, 15360 MiB, 100 %, 26 %, 615 MHz, 5000 MHz, 66.02 W, 77, P0
2026/09/30 06:54:47.806, Tesla T4, 10409 MiB, 4504 MiB, 15360 MiB, 97 %, 23 %, 705 MHz, 5000 MHz, 66.38 W, 77, P0
2026/09/30 06:54:48.323, Tesla T4, 10409 MiB, 4504 MiB, 15360 MiB, 100 %, 22 %, 720 MHz, 5000 MHz, 65.93 W, 77, P0
2026/09/30 06:54:48.834, Tesla T4, 10409 MiB, 4504 MiB, 15360 MiB, 98 %, 30 %, 630 MHz, 5000 MHz, 65.69 W, 77, P0
2026/09/30 06:54:49.351, Tesla T4, 10409 MiB, 4504 MiB, 15360 MiB, 100 %, 26 %, 630 MHz, 5000 MHz, 65.04 W, 77, P0
2026/09/30 06:54:49.862, Tesla T4, 10409 MiB, 4504 MiB, 15360 MiB, 96 %, 30 %, 555 MHz, 5000 MHz, 66.71 W, 77, P0
2026/09/30 06:54:50.375, Tesla T4, 10409 MiB, 4504 MiB, 15360 MiB, 92 %, 38 %, 570 MHz, 5000 MHz, 66.12 W, 77, P0
2026/09/30 06:54:50.889, Tesla T4, 10409 MiB, 4504 MiB, 15360 MiB, 99 %, 34 %, 585 MHz, 5000 MHz, 69.80 W, 77, P0
2026/09/30 06:54:51.408, Tesla T4, 10409 MiB, 4504 MiB, 15360 MiB, 100 %, 32 %, 615 MHz, 5000 MHz, 65.93 W, 77, P0
2026/09/30 06:54:51.919, Tesla T4, 10409 MiB, 4504 MiB, 15360 MiB, 98 %, 30 %, 585 MHz, 5000 MHz, 65.49 W, 77, P0
2026/09/30 06:54:52.436, Tesla T4, 10409 MiB, 4504 MiB, 15360 MiB, 100 %, 26 %, 615 MHz, 5000 MHz, 66.38 W, 77, P0
2026/09/30 06:54:52.988, Tesla T4, 10409 MiB, 4504 MiB, 15360 MiB, 100 %, 26 %, 630 MHz, 5000 MHz, 66.32 W, 77, P0
2026/09/30 06:54:53.542, Tesla T4, 10409 MiB, 4504 MiB, 15360 MiB, 98 %, 34 %, 900 MHz, 5000 MHz, 67.65 W, 77, P0
2026/09/30 06:54:54.105, Tesla T4, 10409 MiB, 4504 MiB, 15360 MiB, 100 %, 26 %, 600 MHz, 5000 MHz, 67.26 W, 77, P0
2026/09/30 06:54:54.633, Tesla T4, 10409 MiB, 4504 MiB, 15360 MiB, 100 %, 24 %, 570 MHz, 5000 MHz, 65.34 W, 77, P0
2026/09/30 06:54:55.150, Tesla T4, 10409 MiB, 4504 MiB, 15360 MiB, 100 %, 31 %, 615 MHz, 5000 MHz, 70.98 W, 77, P0
2026/09/30 06:54:55.666, Tesla T4, 10409 MiB, 4504 MiB, 15360 MiB, 100 %, 28 %, 600 MHz, 5000 MHz, 66.32 W, 77, P0
2026/09/30 06:54:56.178, Tesla T4, 10409 MiB, 4504 MiB, 15360 MiB, 92 %, 32 %, 630 MHz, 5000 MHz, 66.47 W, 77, P0
2026/09/30 06:54:56.689, Tesla T4, 10409 MiB, 4504 MiB, 15360 MiB, 99 %, 30 %, 690 MHz, 5000 MHz, 54.53 W, 77, P0
2026/09/30 06:54:57.209, Tesla T4, 10409 MiB, 4504 MiB, 15360 MiB, 93 %, 40 %, 660 MHz, 5000 MHz, 65.93 W, 77, P0
2026/09/30 06:54:57.720, Tesla T4, 10409 MiB, 4504 MiB, 15360 MiB, 100 %, 25 %, 690 MHz, 5000 MHz, 66.51 W, 77, P0
2026/09/30 06:54:58.233, Tesla T4, 10409 MiB, 4504 MiB, 15360 MiB, 100 %, 25 %, 690 MHz, 5000 MHz, 66.67 W, 77, P0
2026/09/30 06:54:58.744, Tesla T4, 10409 MiB, 4504 MiB, 15360 MiB, 96 %, 38 %, 690 MHz, 5000 MHz, 66.47 W, 77, P0
2026/09/30 06:54:59.263, Tesla T4, 10409 MiB, 4504 MiB, 15360 MiB, 97 %, 38 %, 675 MHz, 5000 MHz, 57.86 W, 77, P0
2026/09/30 06:54:59.775, Tesla T4, 10409 MiB, 4504 MiB, 15360 MiB, 99 %, 35 %, 585 MHz, 5000 MHz, 65.69 W, 77, P0
2026/09/30 06:55:00.290, Tesla T4, 10409 MiB, 4504 MiB, 15360 MiB, 98 %, 35 %, 585 MHz, 5000 MHz, 65.04 W, 77, P0
2026/09/30 06:55:00.806, Tesla T4, 10409 MiB, 4504 MiB, 15360 MiB, 95 %, 42 %, 645 MHz, 5000 MHz, 65.49 W, 77, P0
2026/09/30 06:55:01.321, Tesla T4, 10409 MiB, 4504 MiB, 15360 MiB, 100 %, 27 %, 900 MHz, 5000 MHz, 65.04 W, 77, P0
2026/09/30 06:55:01.837, Tesla T4, 10409 MiB, 4504 MiB, 15360 MiB, 100 %, 27 %, 675 MHz, 5000 MHz, 67.45 W, 77, P0
2026/09/30 06:55:02.352, Tesla T4, 10409 MiB, 4504 MiB, 15360 MiB, 97 %, 32 %, 615 MHz, 5000 MHz, 66.02 W, 77, P0
2026/09/30 06:55:02.867, Tesla T4, 10409 MiB, 4504 MiB, 15360 MiB, 94 %, 31 %, 615 MHz, 5000 MHz, 65.93 W, 77, P0
2026/09/30 06:55:03.379, Tesla T4, 10409 MiB, 4504 MiB, 15360 MiB, 97 %, 41 %, 585 MHz, 5000 MHz, 66.26 W, 77, P0
2026/09/30 06:55:03.896, Tesla T4, 10409 MiB, 4504 MiB, 15360 MiB, 92 %, 37 %, 615 MHz, 5000 MHz, 66.91 W, 77, P0
2026/09/30 06:55:04.407, Tesla T4, 10409 MiB, 4504 MiB, 15360 MiB, 97 %, 36 %, 570 MHz, 5000 MHz, 64.61 W, 77, P0
2026/09/30 06:55:04.924, Tesla T4, 10409 MiB, 4504 MiB, 15360 MiB, 100 %, 30 %, 615 MHz, 5000 MHz, 66.02 W, 77, P0
2026/09/30 06:55:05.436, Tesla T4, 10409 MiB, 4504 MiB, 15360 MiB, 92 %, 32 %, 570 MHz, 5000 MHz, 65.73 W, 77, P0
2026/09/30 06:55:05.954, Tesla T4, 10409 MiB, 4504 MiB, 15360 MiB, 100 %, 30 %, 630 MHz, 5000 MHz, 66.51 W, 77, P0
2026/09/30 06:55:06.488, Tesla T4, 10409 MiB, 4504 MiB, 15360 MiB, 95 %, 32 %, 615 MHz, 5000 MHz, 65.49 W, 77, P0
2026/09/30 06:55:07.035, Tesla T4, 10409 MiB, 4504 MiB, 15360 MiB, 100 %, 32 %, 570 MHz, 5000 MHz, 68.78 W, 77, P0
2026/09/30 06:55:07.563, Tesla T4, 10409 MiB, 4504 MiB, 15360 MiB, 100 %, 28 %, 630 MHz, 5000 MHz, 55.48 W, 77, P0
2026/09/30 06:55:08.087, Tesla T4, 10409 MiB, 4504 MiB, 15360 MiB, 100 %, 31 %, 630 MHz, 5000 MHz, 69.21 W, 77, P0
2026/09/30 06:55:08.619, Tesla T4, 10409 MiB, 4504 MiB, 15360 MiB, 98 %, 33 %, 780 MHz, 5000 MHz, 72.01 W, 77, P0
2026/09/30 06:55:09.138, Tesla T4, 10409 MiB, 4504 MiB, 15360 MiB, 99 %, 34 %, 720 MHz, 5000 MHz, 66.57 W, 77, P0
2026/09/30 06:55:09.649, Tesla T4, 10409 MiB, 4504 MiB, 15360 MiB, 99 %, 37 %, 600 MHz, 5000 MHz, 69.31 W, 77, P0
2026/09/30 06:55:10.165, Tesla T4, 10409 MiB, 4504 MiB, 15360 MiB, 97 %, 33 %, 615 MHz, 5000 MHz, 66.08 W, 77, P0
2026/09/30 06:55:10.677, Tesla T4, 10409 MiB, 4504 MiB, 15360 MiB, 98 %, 30 %, 615 MHz, 5000 MHz, 65.87 W, 77, P0
2026/09/30 06:55:11.195, Tesla T4, 10409 MiB, 4504 MiB, 15360 MiB, 92 %, 31 %, 645 MHz, 5000 MHz, 65.93 W, 77, P0
2026/09/30 06:55:11.708, Tesla T4, 10409 MiB, 4504 MiB, 15360 MiB, 98 %, 30 %, 615 MHz, 5000 MHz, 64.75 W, 77, P0
2026/09/30 06:55:12.219, Tesla T4, 10409 MiB, 4504 MiB, 15360 MiB, 96 %, 29 %, 630 MHz, 5000 MHz, 66.57 W, 77, P0
2026/09/30 06:55:12.732, Tesla T4, 10409 MiB, 4504 MiB, 15360 MiB, 100 %, 29 %, 720 MHz, 5000 MHz, 65.14 W, 77, P0
2026/09/30 06:55:13.247, Tesla T4, 10409 MiB, 4504 MiB, 15360 MiB, 91 %, 28 %, 600 MHz, 5000 MHz, 66.22 W, 77, P0
2026/09/30 06:55:13.759, Tesla T4, 10409 MiB, 4504 MiB, 15360 MiB, 100 %, 29 %, 600 MHz, 5000 MHz, 63.51 W, 77, P0
2026/09/30 06:55:14.275, Tesla T4, 10409 MiB, 4504 MiB, 15360 MiB, 100 %, 35 %, 585 MHz, 5000 MHz, 65.34 W, 77, P0
2026/09/30 06:55:14.792, Tesla T4, 10409 MiB, 4504 MiB, 15360 MiB, 97 %, 29 %, 975 MHz, 5000 MHz, 50.40 W, 77, P0
2026/09/30 06:55:15.322, Tesla T4, 10409 MiB, 4504 MiB, 15360 MiB, 98 %, 34 %, 615 MHz, 5000 MHz, 66.08 W, 77, P0
2026/09/30 06:55:15.833, Tesla T4, 10409 MiB, 4504 MiB, 15360 MiB, 96 %, 30 %, 615 MHz, 5000 MHz, 67.30 W, 77, P0
2026/09/30 06:55:16.350, Tesla T4, 10409 MiB, 4504 MiB, 15360 MiB, 99 %, 30 %, 630 MHz, 5000 MHz, 65.73 W, 77, P0
2026/09/30 06:55:16.861, Tesla T4, 10409 MiB, 4504 MiB, 15360 MiB, 100 %, 30 %, 615 MHz, 5000 MHz, 64.91 W, 77, P0
2026/09/30 06:55:17.372, Tesla T4, 10409 MiB, 4504 MiB, 15360 MiB, 100 %, 38 %, 615 MHz, 5000 MHz, 66.12 W, 77, P0
2026/09/30 06:55:17.885, Tesla T4, 10409 MiB, 4504 MiB, 15360 MiB, 100 %, 26 %, 645 MHz, 5000 MHz, 66.02 W, 77, P0
2026/09/30 06:55:18.399, Tesla T4, 10409 MiB, 4504 MiB, 15360 MiB, 100 %, 26 %, 975 MHz, 5000 MHz, 65.93 W, 77, P0
2026/09/30 06:55:18.928, Tesla T4, 10409 MiB, 4504 MiB, 15360 MiB, 97 %, 26 %, 615 MHz, 5000 MHz, 66.22 W, 77, P0
2026/09/30 06:55:19.451, Tesla T4, 10409 MiB, 4504 MiB, 15360 MiB, 100 %, 24 %, 600 MHz, 5000 MHz, 65.93 W, 77, P0
2026/09/30 06:55:19.975, Tesla T4, 10409 MiB, 4504 MiB, 15360 MiB, 100 %, 35 %, 615 MHz, 5000 MHz, 58.55 W, 77, P0
2026/09/30 06:55:20.501, Tesla T4, 10409 MiB, 4504 MiB, 15360 MiB, 100 %, 36 %, 570 MHz, 5000 MHz, 65.04 W, 77, P0
2026/09/30 06:55:21.027, Tesla T4, 10409 MiB, 4504 MiB, 15360 MiB, 100 %, 47 %, 675 MHz, 5000 MHz, 68.00 W, 77, P0
2026/09/30 06:55:21.544, Tesla T4, 10409 MiB, 4504 MiB, 15360 MiB, 99 %, 48 %, 645 MHz, 5000 MHz, 58.98 W, 77, P0
2026/09/30 06:55:22.056, Tesla T4, 10409 MiB, 4504 MiB, 15360 MiB, 99 %, 30 %, 735 MHz, 5000 MHz, 65.08 W, 77, P0
2026/09/30 06:55:22.572, Tesla T4, 10409 MiB, 4504 MiB, 15360 MiB, 100 %, 30 %, 705 MHz, 5000 MHz, 67.00 W, 77, P0
2026/09/30 06:55:23.083, Tesla T4, 10409 MiB, 4504 MiB, 15360 MiB, 100 %, 30 %, 600 MHz, 5000 MHz, 66.12 W, 77, P0
2026/09/30 06:55:23.595, Tesla T4, 10409 MiB, 4504 MiB, 15360 MiB, 92 %, 35 %, 600 MHz, 5000 MHz, 65.44 W, 77, P0
2026/09/30 06:55:24.111, Tesla T4, 10409 MiB, 4504 MiB, 15360 MiB, 96 %, 38 %, 615 MHz, 5000 MHz, 65.53 W, 77, P0
2026/09/30 06:55:24.622, Tesla T4, 10409 MiB, 4504 MiB, 15360 MiB, 100 %, 26 %, 615 MHz, 5000 MHz, 67.55 W, 77, P0
2026/09/30 06:55:25.139, Tesla T4, 10409 MiB, 4504 MiB, 15360 MiB, 100 %, 26 %, 630 MHz, 5000 MHz, 65.69 W, 77, P0
2026/09/30 06:55:25.652, Tesla T4, 10409 MiB, 4504 MiB, 15360 MiB, 100 %, 26 %, 570 MHz, 5000 MHz, 65.93 W, 77, P0
2026/09/30 06:55:26.172, Tesla T4, 10409 MiB, 4504 MiB, 15360 MiB, 100 %, 26 %, 615 MHz, 5000 MHz, 64.95 W, 77, P0
2026/09/30 06:55:26.683, Tesla T4, 10409 MiB, 4504 MiB, 15360 MiB, 100 %, 26 %, 645 MHz, 5000 MHz, 65.48 W, 77, P0
2026/09/30 06:55:27.195, Tesla T4, 10409 MiB, 4504 MiB, 15360 MiB, 100 %, 26 %, 630 MHz, 5000 MHz, 65.89 W, 77, P0
2026/09/30 06:55:27.709, Tesla T4, 10409 MiB, 4504 MiB, 15360 MiB, 91 %, 47 %, 585 MHz, 5000 MHz, 65.52 W, 77, P0
2026/09/30 06:55:28.227, Tesla T4, 10409 MiB, 4504 MiB, 15360 MiB, 100 %, 35 %, 570 MHz, 5000 MHz, 66.42 W, 77, P0
2026/09/30 06:55:28.738, Tesla T4, 10409 MiB, 4504 MiB, 15360 MiB, 100 %, 34 %, 555 MHz, 5000 MHz, 66.12 W, 77, P0
2026/09/30 06:55:29.250, Tesla T4, 10409 MiB, 4504 MiB, 15360 MiB, 98 %, 35 %, 600 MHz, 5000 MHz, 65.44 W, 77, P0
2026/09/30 06:55:29.763, Tesla T4, 10409 MiB, 4504 MiB, 15360 MiB, 100 %, 27 %, 600 MHz, 5000 MHz, 66.12 W, 77, P0
2026/09/30 06:55:30.274, Tesla T4, 10409 MiB, 4504 MiB, 15360 MiB, 98 %, 32 %, 615 MHz, 5000 MHz, 65.44 W, 77, P0
2026/09/30 06:55:30.790, Tesla T4, 10409 MiB, 4504 MiB, 15360 MiB, 97 %, 28 %, 615 MHz, 5000 MHz, 66.32 W, 77, P0
2026/09/30 06:55:31.303, Tesla T4, 10409 MiB, 4504 MiB, 15360 MiB, 96 %, 34 %, 1155 MHz, 5000 MHz, 67.75 W, 77, P0
2026/09/30 06:55:31.852, Tesla T4, 10409 MiB, 4504 MiB, 15360 MiB, 98 %, 37 %, 630 MHz, 5000 MHz, 71.38 W, 77, P0
2026/09/30 06:55:32.373, Tesla T4, 10409 MiB, 4504 MiB, 15360 MiB, 98 %, 31 %, 600 MHz, 5000 MHz, 66.38 W, 77, P0
2026/09/30 06:55:32.896, Tesla T4, 10409 MiB, 4504 MiB, 15360 MiB, 86 %, 31 %, 555 MHz, 5000 MHz, 64.85 W, 77, P0
2026/09/30 06:55:33.422, Tesla T4, 10409 MiB, 4504 MiB, 15360 MiB, 100 %, 32 %, 615 MHz, 5000 MHz, 66.38 W, 77, P0
2026/09/30 06:55:33.939, Tesla T4, 10409 MiB, 4504 MiB, 15360 MiB, 93 %, 28 %, 615 MHz, 5000 MHz, 66.51 W, 77, P0
2026/09/30 06:55:34.450, Tesla T4, 10409 MiB, 4504 MiB, 15360 MiB, 100 %, 27 %, 615 MHz, 5000 MHz, 67.20 W, 77, P0
2026/09/30 06:55:34.961, Tesla T4, 10409 MiB, 4504 MiB, 15360 MiB, 97 %, 27 %, 615 MHz, 5000 MHz, 65.24 W, 77, P0
2026/09/30 06:55:35.479, Tesla T4, 10409 MiB, 4504 MiB, 15360 MiB, 100 %, 25 %, 660 MHz, 5000 MHz, 64.75 W, 77, P0
2026/09/30 06:55:35.991, Tesla T4, 10409 MiB, 4504 MiB, 15360 MiB, 100 %, 26 %, 600 MHz, 5000 MHz, 65.08 W, 77, P0
2026/09/30 06:55:36.504, Tesla T4, 10409 MiB, 4504 MiB, 15360 MiB, 100 %, 26 %, 630 MHz, 5000 MHz, 63.51 W, 77, P0
2026/09/30 06:55:37.018, Tesla T4, 10409 MiB, 4504 MiB, 15360 MiB, 100 %, 24 %, 630 MHz, 5000 MHz, 67.06 W, 77, P0
2026/09/30 06:55:37.529, Tesla T4, 10409 MiB, 4504 MiB, 15360 MiB, 100 %, 24 %, 735 MHz, 5000 MHz, 65.40 W, 77, P0
2026/09/30 06:55:38.045, Tesla T4, 10409 MiB, 4504 MiB, 15360 MiB, 100 %, 34 %, 555 MHz, 5000 MHz, 64.26 W, 77, P0
2026/09/30 06:55:38.556, Tesla T4, 10409 MiB, 4504 MiB, 15360 MiB, 98 %, 36 %, 585 MHz, 5000 MHz, 65.04 W, 77, P0
2026/09/30 06:55:39.072, Tesla T4, 10409 MiB, 4504 MiB, 15360 MiB, 100 %, 30 %, 600 MHz, 5000 MHz, 66.18 W, 77, P0
2026/09/30 06:55:39.584, Tesla T4, 10409 MiB, 4504 MiB, 15360 MiB, 98 %, 33 %, 600 MHz, 5000 MHz, 67.35 W, 77, P0
2026/09/30 06:55:40.103, Tesla T4, 10409 MiB, 4504 MiB, 15360 MiB, 100 %, 30 %, 570 MHz, 5000 MHz, 65.34 W, 77, P0
2026/09/30 06:55:40.616, Tesla T4, 10409 MiB, 4504 MiB, 15360 MiB, 98 %, 32 %, 600 MHz, 5000 MHz, 65.20 W, 77, P0
2026/09/30 06:55:41.135, Tesla T4, 10409 MiB, 4504 MiB, 15360 MiB, 90 %, 46 %, 585 MHz, 5000 MHz, 66.42 W, 77, P0
2026/09/30 06:55:41.647, Tesla T4, 10409 MiB, 4504 MiB, 15360 MiB, 91 %, 47 %, 570 MHz, 5000 MHz, 64.89 W, 77, P0
2026/09/30 06:55:42.161, Tesla T4, 10409 MiB, 4504 MiB, 15360 MiB, 100 %, 25 %, 690 MHz, 5000 MHz, 65.63 W, 77, P0
2026/09/30 06:55:42.673, Tesla T4, 10409 MiB, 4504 MiB, 15360 MiB, 100 %, 28 %, 615 MHz, 5000 MHz, 63.97 W, 77, P0
2026/09/30 06:55:43.189, Tesla T4, 10409 MiB, 4504 MiB, 15360 MiB, 91 %, 27 %, 675 MHz, 5000 MHz, 65.63 W, 77, P0
2026/09/30 06:55:43.700, Tesla T4, 10409 MiB, 4504 MiB, 15360 MiB, 98 %, 26 %, 615 MHz, 5000 MHz, 65.08 W, 77, P0
2026/09/30 06:55:44.211, Tesla T4, 10409 MiB, 4504 MiB, 15360 MiB, 100 %, 29 %, 465 MHz, 5000 MHz, 66.02 W, 77, P0
2026/09/30 06:55:44.755, Tesla T4, 10409 MiB, 4504 MiB, 15360 MiB, 97 %, 33 %, 615 MHz, 5000 MHz, 67.00 W, 77, P0
2026/09/30 06:55:45.283, Tesla T4, 10409 MiB, 4504 MiB, 15360 MiB, 86 %, 31 %, 570 MHz, 5000 MHz, 66.28 W, 77, P0
2026/09/30 06:55:45.806, Tesla T4, 10409 MiB, 4504 MiB, 15360 MiB, 97 %, 31 %, 600 MHz, 5000 MHz, 66.63 W, 77, P0
2026/09/30 06:55:46.330, Tesla T4, 10409 MiB, 4504 MiB, 15360 MiB, 100 %, 32 %, 600 MHz, 5000 MHz, 64.89 W, 77, P0
2026/09/30 06:55:46.870, Tesla T4, 10409 MiB, 4504 MiB, 15360 MiB, 87 %, 41 %, 615 MHz, 5000 MHz, 66.67 W, 77, P0
2026/09/30 06:55:47.390, Tesla T4, 10409 MiB, 4504 MiB, 15360 MiB, 97 %, 40 %, 645 MHz, 5000 MHz, 64.69 W, 77, P0
2026/09/30 06:55:47.903, Tesla T4, 10409 MiB, 4504 MiB, 15360 MiB, 99 %, 38 %, 615 MHz, 5000 MHz, 67.35 W, 77, P0
2026/09/30 06:55:48.415, Tesla T4, 10409 MiB, 4504 MiB, 15360 MiB, 100 %, 30 %, 585 MHz, 5000 MHz, 63.87 W, 77, P0
2026/09/30 06:55:48.926, Tesla T4, 10409 MiB, 4504 MiB, 15360 MiB, 91 %, 32 %, 570 MHz, 5000 MHz, 65.83 W, 77, P0
2026/09/30 06:55:49.438, Tesla T4, 10409 MiB, 4504 MiB, 15360 MiB, 100 %, 29 %, 645 MHz, 5000 MHz, 66.81 W, 77, P0
2026/09/30 06:55:49.954, Tesla T4, 10409 MiB, 4504 MiB, 15360 MiB, 100 %, 27 %, 675 MHz, 5000 MHz, 66.28 W, 77, P0
2026/09/30 06:55:50.465, Tesla T4, 10409 MiB, 4504 MiB, 15360 MiB, 98 %, 28 %, 615 MHz, 5000 MHz, 66.57 W, 77, P0
2026/09/30 06:55:50.982, Tesla T4, 10409 MiB, 4504 MiB, 15360 MiB, 100 %, 27 %, 585 MHz, 5000 MHz, 65.24 W, 77, P0
2026/09/30 06:55:51.493, Tesla T4, 10409 MiB, 4504 MiB, 15360 MiB, 100 %, 27 %, 660 MHz, 5000 MHz, 67.75 W, 77, P0
2026/09/30 06:55:52.007, Tesla T4, 10409 MiB, 4504 MiB, 15360 MiB, 100 %, 29 %, 600 MHz, 5000 MHz, 65.14 W, 77, P0
2026/09/30 06:55:52.525, Tesla T4, 10409 MiB, 4504 MiB, 15360 MiB, 100 %, 25 %, 630 MHz, 5000 MHz, 66.18 W, 77, P0
2026/09/30 06:55:53.044, Tesla T4, 10409 MiB, 4504 MiB, 15360 MiB, 98 %, 29 %, 570 MHz, 5000 MHz, 66.22 W, 77, P0
2026/09/30 06:55:53.557, Tesla T4, 10409 MiB, 4504 MiB, 15360 MiB, 100 %, 30 %, 630 MHz, 5000 MHz, 66.85 W, 77, P0
2026/09/30 06:55:54.074, Tesla T4, 10409 MiB, 4504 MiB, 15360 MiB, 98 %, 31 %, 555 MHz, 5000 MHz, 66.02 W, 77, P0
2026/09/30 06:55:54.586, Tesla T4, 10409 MiB, 4504 MiB, 15360 MiB, 100 %, 30 %, 525 MHz, 5000 MHz, 67.26 W, 77, P0
2026/09/30 06:55:55.103, Tesla T4, 10409 MiB, 4504 MiB, 15360 MiB, 100 %, 32 %, 630 MHz, 5000 MHz, 54.95 W, 77, P0
2026/09/30 06:55:55.614, Tesla T4, 10409 MiB, 4504 MiB, 15360 MiB, 98 %, 31 %, 600 MHz, 5000 MHz, 67.06 W, 77, P0
2026/09/30 06:55:56.131, Tesla T4, 10409 MiB, 4504 MiB, 15360 MiB, 100 %, 29 %, 660 MHz, 5000 MHz, 65.28 W, 77, P0
2026/09/30 06:55:56.643, Tesla T4, 10409 MiB, 4504 MiB, 15360 MiB, 98 %, 38 %, 585 MHz, 5000 MHz, 55.94 W, 77, P0
2026/09/30 06:55:57.177, Tesla T4, 10409 MiB, 4504 MiB, 15360 MiB, 100 %, 26 %, 615 MHz, 5000 MHz, 66.71 W, 77, P0
2026/09/30 06:55:57.709, Tesla T4, 10409 MiB, 4504 MiB, 15360 MiB, 100 %, 23 %, 690 MHz, 5000 MHz, 67.90 W, 78, P0
2026/09/30 06:55:58.243, Tesla T4, 10409 MiB, 4504 MiB, 15360 MiB, 85 %, 21 %, 600 MHz, 5000 MHz, 73.00 W, 78, P0
2026/09/30 06:55:58.760, Tesla T4, 10409 MiB, 4504 MiB, 15360 MiB, 100 %, 26 %, 600 MHz, 5000 MHz, 65.44 W, 77, P0
2026/09/30 06:55:59.284, Tesla T4, 10409 MiB, 4504 MiB, 15360 MiB, 100 %, 21 %, 705 MHz, 5000 MHz, 66.42 W, 77, P0
2026/09/30 06:55:59.819, Tesla T4, 10409 MiB, 4504 MiB, 15360 MiB, 96 %, 30 %, 600 MHz, 5000 MHz, 67.75 W, 77, P0
2026/09/30 06:56:00.332, Tesla T4, 10409 MiB, 4504 MiB, 15360 MiB, 92 %, 40 %, 600 MHz, 5000 MHz, 66.02 W, 77, P0
2026/09/30 06:56:00.844, Tesla T4, 10409 MiB, 4504 MiB, 15360 MiB, 100 %, 32 %, 615 MHz, 5000 MHz, 67.45 W, 77, P0
2026/09/30 06:56:01.359, Tesla T4, 10409 MiB, 4504 MiB, 15360 MiB, 92 %, 31 %, 540 MHz, 5000 MHz, 64.75 W, 77, P0
2026/09/30 06:56:01.870, Tesla T4, 10409 MiB, 4504 MiB, 15360 MiB, 100 %, 31 %, 600 MHz, 5000 MHz, 65.24 W, 77, P0
2026/09/30 06:56:02.382, Tesla T4, 10409 MiB, 4504 MiB, 15360 MiB, 91 %, 52 %, 705 MHz, 5000 MHz, 66.02 W, 77, P0
2026/09/30 06:56:02.893, Tesla T4, 10409 MiB, 4504 MiB, 15360 MiB, 98 %, 24 %, 600 MHz, 5000 MHz, 67.20 W, 77, P0
2026/09/30 06:56:03.407, Tesla T4, 10409 MiB, 4504 MiB, 15360 MiB, 100 %, 29 %, 600 MHz, 5000 MHz, 64.06 W, 77, P0
2026/09/30 06:56:03.921, Tesla T4, 10409 MiB, 4504 MiB, 15360 MiB, 100 %, 25 %, 705 MHz, 5000 MHz, 65.93 W, 77, P0
2026/09/30 06:56:04.434, Tesla T4, 10409 MiB, 4504 MiB, 15360 MiB, 100 %, 29 %, 630 MHz, 5000 MHz, 66.57 W, 77, P0
2026/09/30 06:56:04.949, Tesla T4, 10409 MiB, 4504 MiB, 15360 MiB, 96 %, 31 %, 600 MHz, 5000 MHz, 65.44 W, 77, P0
2026/09/30 06:56:05.463, Tesla T4, 10409 MiB, 4504 MiB, 15360 MiB, 90 %, 42 %, 630 MHz, 5000 MHz, 68.63 W, 77, P0
2026/09/30 06:56:05.974, Tesla T4, 10409 MiB, 4504 MiB, 15360 MiB, 100 %, 30 %, 660 MHz, 5000 MHz, 62.14 W, 77, P0
2026/09/30 06:56:06.492, Tesla T4, 10409 MiB, 4504 MiB, 15360 MiB, 100 %, 30 %, 600 MHz, 5000 MHz, 66.02 W, 77, P0
2026/09/30 06:56:07.004, Tesla T4, 10409 MiB, 4504 MiB, 15360 MiB, 100 %, 35 %, 555 MHz, 5000 MHz, 66.18 W, 77, P0
2026/09/30 06:56:07.517, Tesla T4, 10409 MiB, 4504 MiB, 15360 MiB, 100 %, 30 %, 585 MHz, 5000 MHz, 65.73 W, 78, P0
2026/09/30 06:56:08.029, Tesla T4, 10409 MiB, 4504 MiB, 15360 MiB, 100 %, 34 %, 480 MHz, 5000 MHz, 66.12 W, 77, P0
2026/09/30 06:56:08.552, Tesla T4, 10409 MiB, 4504 MiB, 15360 MiB, 99 %, 35 %, 645 MHz, 5000 MHz, 64.91 W, 77, P0
2026/09/30 06:56:09.063, Tesla T4, 10409 MiB, 4504 MiB, 15360 MiB, 100 %, 35 %, 645 MHz, 5000 MHz, 66.22 W, 77, P0
2026/09/30 06:56:09.577, Tesla T4, 10409 MiB, 4504 MiB, 15360 MiB, 98 %, 33 %, 615 MHz, 5000 MHz, 65.69 W, 77, P0
2026/09/30 06:56:10.098, Tesla T4, 10409 MiB, 4504 MiB, 15360 MiB, 98 %, 32 %, 615 MHz, 5000 MHz, 66.22 W, 77, P0
2026/09/30 06:56:10.623, Tesla T4, 10409 MiB, 4504 MiB, 15360 MiB, 100 %, 32 %, 660 MHz, 5000 MHz, 65.20 W, 77, P0
2026/09/30 06:56:11.150, Tesla T4, 10409 MiB, 4504 MiB, 15360 MiB, 100 %, 29 %, 690 MHz, 5000 MHz, 64.75 W, 77, P0
2026/09/30 06:56:11.690, Tesla T4, 10409 MiB, 4504 MiB, 15360 MiB, 94 %, 32 %, 675 MHz, 5000 MHz, 66.28 W, 77, P0
2026/09/30 06:56:12.236, Tesla T4, 10409 MiB, 4504 MiB, 15360 MiB, 100 %, 30 %, 585 MHz, 5000 MHz, 65.93 W, 77, P0
2026/09/30 06:56:12.750, Tesla T4, 10409 MiB, 4504 MiB, 15360 MiB, 91 %, 42 %, 585 MHz, 5000 MHz, 72.65 W, 77, P0
2026/09/30 06:56:13.267, Tesla T4, 10409 MiB, 4504 MiB, 15360 MiB, 96 %, 44 %, 645 MHz, 5000 MHz, 65.89 W, 77, P0
2026/09/30 06:56:13.778, Tesla T4, 10409 MiB, 4504 MiB, 15360 MiB, 99 %, 37 %, 645 MHz, 5000 MHz, 64.75 W, 77, P0
2026/09/30 06:56:14.290, Tesla T4, 10409 MiB, 4504 MiB, 15360 MiB, 100 %, 29 %, 645 MHz, 5000 MHz, 66.67 W, 77, P0
2026/09/30 06:56:14.801, Tesla T4, 10409 MiB, 4504 MiB, 15360 MiB, 91 %, 34 %, 645 MHz, 5000 MHz, 66.28 W, 77, P0
2026/09/30 06:56:15.312, Tesla T4, 10409 MiB, 4504 MiB, 15360 MiB, 100 %, 28 %, 915 MHz, 5000 MHz, 65.14 W, 78, P0
2026/09/30 06:56:15.829, Tesla T4, 10409 MiB, 4504 MiB, 15360 MiB, 100 %, 24 %, 735 MHz, 5000 MHz, 66.02 W, 77, P0
2026/09/30 06:56:16.340, Tesla T4, 10409 MiB, 4504 MiB, 15360 MiB, 92 %, 25 %, 705 MHz, 5000 MHz, 65.73 W, 78, P0
2026/09/30 06:56:16.855, Tesla T4, 10409 MiB, 4504 MiB, 15360 MiB, 97 %, 46 %, 915 MHz, 5000 MHz, 61.95 W, 77, P0
2026/09/30 06:56:17.368, Tesla T4, 10409 MiB, 4504 MiB, 15360 MiB, 100 %, 33 %, 555 MHz, 5000 MHz, 66.32 W, 77, P0
2026/09/30 06:56:17.883, Tesla T4, 10409 MiB, 4504 MiB, 15360 MiB, 92 %, 31 %, 555 MHz, 5000 MHz, 66.18 W, 77, P0
2026/09/30 06:56:18.401, Tesla T4, 10409 MiB, 4504 MiB, 15360 MiB, 100 %, 32 %, 570 MHz, 5000 MHz, 65.14 W, 77, P0
2026/09/30 06:56:18.913, Tesla T4, 10409 MiB, 4504 MiB, 15360 MiB, 98 %, 28 %, 690 MHz, 5000 MHz, 66.16 W, 77, P0
2026/09/30 06:56:19.424, Tesla T4, 10409 MiB, 4504 MiB, 15360 MiB, 92 %, 27 %, 600 MHz, 5000 MHz, 66.02 W, 77, P0
2026/09/30 06:56:19.935, Tesla T4, 10409 MiB, 4504 MiB, 15360 MiB, 98 %, 25 %, 690 MHz, 5000 MHz, 65.63 W, 78, P0
2026/09/30 06:56:20.453, Tesla T4, 10409 MiB, 4504 MiB, 15360 MiB, 100 %, 34 %, 570 MHz, 5000 MHz, 65.98 W, 78, P0
2026/09/30 06:56:20.964, Tesla T4, 10409 MiB, 4504 MiB, 15360 MiB, 92 %, 37 %, 570 MHz, 5000 MHz, 66.38 W, 78, P0
2026/09/30 06:56:21.478, Tesla T4, 10409 MiB, 4504 MiB, 15360 MiB, 97 %, 33 %, 570 MHz, 5000 MHz, 64.65 W, 77, P0
2026/09/30 06:56:21.994, Tesla T4, 10409 MiB, 4504 MiB, 15360 MiB, 100 %, 35 %, 555 MHz, 5000 MHz, 66.42 W, 77, P0
2026/09/30 06:56:22.516, Tesla T4, 10409 MiB, 4504 MiB, 15360 MiB, 97 %, 31 %, 540 MHz, 5000 MHz, 65.93 W, 77, P0
2026/09/30 06:56:23.044, Tesla T4, 10409 MiB, 4504 MiB, 15360 MiB, 100 %, 25 %, 720 MHz, 5000 MHz, 66.42 W, 78, P0
2026/09/30 06:56:23.569, Tesla T4, 10409 MiB, 4504 MiB, 15360 MiB, 98 %, 31 %, 600 MHz, 5000 MHz, 65.69 W, 77, P0
2026/09/30 06:56:24.116, Tesla T4, 10409 MiB, 4504 MiB, 15360 MiB, 100 %, 24 %, 705 MHz, 5000 MHz, 66.12 W, 77, P0
2026/09/30 06:56:24.638, Tesla T4, 10409 MiB, 4504 MiB, 15360 MiB, 100 %, 32 %, 615 MHz, 5000 MHz, 64.85 W, 77, P0
2026/09/30 06:56:25.174, Tesla T4, 10409 MiB, 4504 MiB, 15360 MiB, 97 %, 36 %, 600 MHz, 5000 MHz, 69.96 W, 77, P0
2026/09/30 06:56:25.689, Tesla T4, 10409 MiB, 4504 MiB, 15360 MiB, 95 %, 26 %, 720 MHz, 5000 MHz, 65.34 W, 77, P0
2026/09/30 06:56:26.206, Tesla T4, 10409 MiB, 4504 MiB, 15360 MiB, 100 %, 23 %, 705 MHz, 5000 MHz, 66.12 W, 78, P0
2026/09/30 06:56:26.718, Tesla T4, 10409 MiB, 4504 MiB, 15360 MiB, 97 %, 25 %, 720 MHz, 5000 MHz, 66.47 W, 78, P0
2026/09/30 06:56:27.229, Tesla T4, 10409 MiB, 4504 MiB, 15360 MiB, 100 %, 23 %, 705 MHz, 5000 MHz, 65.73 W, 78, P0
2026/09/30 06:56:27.741, Tesla T4, 10409 MiB, 4504 MiB, 15360 MiB, 90 %, 23 %, 705 MHz, 5000 MHz, 65.83 W, 77, P0
2026/09/30 06:56:28.253, Tesla T4, 10409 MiB, 4504 MiB, 15360 MiB, 100 %, 22 %, 705 MHz, 5000 MHz, 66.12 W, 78, P0
2026/09/30 06:56:28.771, Tesla T4, 10409 MiB, 4504 MiB, 15360 MiB, 97 %, 23 %, 705 MHz, 5000 MHz, 67.55 W, 78, P0
2026/09/30 06:56:29.282, Tesla T4, 10409 MiB, 4504 MiB, 15360 MiB, 100 %, 22 %, 720 MHz, 5000 MHz, 66.61 W, 78, P0
2026/09/30 06:56:29.799, Tesla T4, 10409 MiB, 4504 MiB, 15360 MiB, 97 %, 27 %, 630 MHz, 5000 MHz, 64.95 W, 78, P0
2026/09/30 06:56:30.311, Tesla T4, 10409 MiB, 4504 MiB, 15360 MiB, 92 %, 35 %, 630 MHz, 5000 MHz, 64.55 W, 77, P0
2026/09/30 06:56:30.828, Tesla T4, 10409 MiB, 4504 MiB, 15360 MiB, 96 %, 34 %, 600 MHz, 5000 MHz, 64.85 W, 77, P0
2026/09/30 06:56:31.340, Tesla T4, 10409 MiB, 4504 MiB, 15360 MiB, 99 %, 37 %, 660 MHz, 5000 MHz, 68.82 W, 77, P0
2026/09/30 06:56:31.851, Tesla T4, 10409 MiB, 4504 MiB, 15360 MiB, 100 %, 32 %, 660 MHz, 5000 MHz, 63.48 W, 77, P0
2026/09/30 06:56:32.367, Tesla T4, 10409 MiB, 4504 MiB, 15360 MiB, 100 %, 32 %, 615 MHz, 5000 MHz, 64.95 W, 77, P0
2026/09/30 06:56:32.879, Tesla T4, 10409 MiB, 4504 MiB, 15360 MiB, 100 %, 31 %, 615 MHz, 5000 MHz, 65.73 W, 77, P0
2026/09/30 06:56:33.396, Tesla T4, 10409 MiB, 4504 MiB, 15360 MiB, 98 %, 29 %, 615 MHz, 5000 MHz, 66.96 W, 77, P0
2026/09/30 06:56:33.908, Tesla T4, 10409 MiB, 4504 MiB, 15360 MiB, 96 %, 25 %, 690 MHz, 5000 MHz, 66.38 W, 77, P0
2026/09/30 06:56:34.422, Tesla T4, 10409 MiB, 4504 MiB, 15360 MiB, 90 %, 32 %, 690 MHz, 5000 MHz, 66.57 W, 77, P0
2026/09/30 06:56:34.933, Tesla T4, 10409 MiB, 4504 MiB, 15360 MiB, 95 %, 38 %, 750 MHz, 5000 MHz, 64.26 W, 77, P0
2026/09/30 06:56:35.445, Tesla T4, 10409 MiB, 4504 MiB, 15360 MiB, 100 %, 30 %, 555 MHz, 5000 MHz, 66.02 W, 77, P0
2026/09/30 06:56:35.975, Tesla T4, 10409 MiB, 4504 MiB, 15360 MiB, 100 %, 30 %, 600 MHz, 5000 MHz, 66.71 W, 77, P0
2026/09/30 06:56:36.512, Tesla T4, 10409 MiB, 4504 MiB, 15360 MiB, 98 %, 35 %, 630 MHz, 5000 MHz, 68.29 W, 77, P0
2026/09/30 06:56:37.064, Tesla T4, 10409 MiB, 4504 MiB, 15360 MiB, 85 %, 34 %, 645 MHz, 5000 MHz, 64.95 W, 77, P0
2026/09/30 06:56:37.590, Tesla T4, 10409 MiB, 4504 MiB, 15360 MiB, 93 %, 36 %, 540 MHz, 5000 MHz, 65.30 W, 77, P0
2026/09/30 06:56:38.115, Tesla T4, 10409 MiB, 4504 MiB, 15360 MiB, 91 %, 31 %, 615 MHz, 5000 MHz, 65.34 W, 77, P0
2026/09/30 06:56:38.631, Tesla T4, 10409 MiB, 4504 MiB, 15360 MiB, 96 %, 30 %, 570 MHz, 5000 MHz, 65.14 W, 77, P0
2026/09/30 06:56:39.143, Tesla T4, 10409 MiB, 4504 MiB, 15360 MiB, 100 %, 29 %, 705 MHz, 5000 MHz, 66.08 W, 77, P0
2026/09/30 06:56:39.655, Tesla T4, 10409 MiB, 4504 MiB, 15360 MiB, 91 %, 24 %, 570 MHz, 5000 MHz, 74.27 W, 77, P0
2026/09/30 06:56:40.166, Tesla T4, 10409 MiB, 4504 MiB, 15360 MiB, 100 %, 30 %, 705 MHz, 5000 MHz, 66.81 W, 77, P0
2026/09/30 06:56:40.685, Tesla T4, 10409 MiB, 4504 MiB, 15360 MiB, 100 %, 23 %, 615 MHz, 5000 MHz, 67.35 W, 77, P0
2026/09/30 06:56:41.197, Tesla T4, 10409 MiB, 4504 MiB, 15360 MiB, 98 %, 29 %, 645 MHz, 5000 MHz, 65.49 W, 77, P0
2026/09/30 06:56:41.711, Tesla T4, 10409 MiB, 4504 MiB, 15360 MiB, 97 %, 34 %, 600 MHz, 5000 MHz, 64.85 W, 77, P0
2026/09/30 06:56:42.223, Tesla T4, 10409 MiB, 4504 MiB, 15360 MiB, 98 %, 31 %, 570 MHz, 5000 MHz, 67.55 W, 77, P0
2026/09/30 06:56:42.737, Tesla T4, 10409 MiB, 4504 MiB, 15360 MiB, 95 %, 31 %, 705 MHz, 5000 MHz, 65.04 W, 77, P0
2026/09/30 06:56:43.252, Tesla T4, 10409 MiB, 4504 MiB, 15360 MiB, 100 %, 23 %, 705 MHz, 5000 MHz, 64.95 W, 77, P0
2026/09/30 06:56:43.770, Tesla T4, 10409 MiB, 4504 MiB, 15360 MiB, 97 %, 23 %, 615 MHz, 5000 MHz, 65.24 W, 77, P0
2026/09/30 06:56:44.282, Tesla T4, 10409 MiB, 4504 MiB, 15360 MiB, 100 %, 27 %, 615 MHz, 5000 MHz, 64.75 W, 77, P0
2026/09/30 06:56:44.800, Tesla T4, 10409 MiB, 4504 MiB, 15360 MiB, 100 %, 22 %, 720 MHz, 5000 MHz, 67.75 W, 77, P0
2026/09/30 06:56:45.311, Tesla T4, 10409 MiB, 4504 MiB, 15360 MiB, 100 %, 22 %, 720 MHz, 5000 MHz, 66.02 W, 77, P0
2026/09/30 06:56:45.822, Tesla T4, 10409 MiB, 4504 MiB, 15360 MiB, 97 %, 29 %, 600 MHz, 5000 MHz, 69.12 W, 77, P0
2026/09/30 06:56:46.336, Tesla T4, 10409 MiB, 4504 MiB, 15360 MiB, 100 %, 26 %, 600 MHz, 5000 MHz, 65.24 W, 77, P0
2026/09/30 06:56:46.848, Tesla T4, 10409 MiB, 4504 MiB, 15360 MiB, 96 %, 30 %, 585 MHz, 5000 MHz, 66.51 W, 77, P0
2026/09/30 06:56:47.366, Tesla T4, 10409 MiB, 4504 MiB, 15360 MiB, 98 %, 37 %, 615 MHz, 5000 MHz, 73.97 W, 77, P0
2026/09/30 06:56:47.880, Tesla T4, 10409 MiB, 4504 MiB, 15360 MiB, 99 %, 38 %, 540 MHz, 5000 MHz, 67.65 W, 77, P0
2026/09/30 06:56:48.407, Tesla T4, 10409 MiB, 4504 MiB, 15360 MiB, 100 %, 28 %, 660 MHz, 5000 MHz, 65.53 W, 77, P0
2026/09/30 06:56:48.933, Tesla T4, 10409 MiB, 4504 MiB, 15360 MiB, 86 %, 31 %, 660 MHz, 5000 MHz, 65.44 W, 77, P0
2026/09/30 06:56:49.456, Tesla T4, 10409 MiB, 4504 MiB, 15360 MiB, 98 %, 35 %, 600 MHz, 5000 MHz, 66.12 W, 77, P0
2026/09/30 06:56:49.981, Tesla T4, 10409 MiB, 4504 MiB, 15360 MiB, 100 %, 34 %, 720 MHz, 5000 MHz, 65.34 W, 77, P0
2026/09/30 06:56:50.517, Tesla T4, 10409 MiB, 4504 MiB, 15360 MiB, 100 %, 32 %, 660 MHz, 5000 MHz, 59.24 W, 77, P0
2026/09/30 06:56:51.028, Tesla T4, 10409 MiB, 4504 MiB, 15360 MiB, 100 %, 35 %, 555 MHz, 5000 MHz, 66.22 W, 77, P0
2026/09/30 06:56:51.548, Tesla T4, 10409 MiB, 4504 MiB, 15360 MiB, 100 %, 30 %, 570 MHz, 5000 MHz, 66.28 W, 77, P0
2026/09/30 06:56:52.059, Tesla T4, 10409 MiB, 4504 MiB, 15360 MiB, 100 %, 35 %, 585 MHz, 5000 MHz, 67.45 W, 77, P0
2026/09/30 06:56:52.572, Tesla T4, 10409 MiB, 4504 MiB, 15360 MiB, 100 %, 30 %, 540 MHz, 5000 MHz, 67.45 W, 77, P0
2026/09/30 06:56:53.087, Tesla T4, 10409 MiB, 4504 MiB, 15360 MiB, 100 %, 29 %, 645 MHz, 5000 MHz, 67.65 W, 77, P0
2026/09/30 06:56:53.599, Tesla T4, 10409 MiB, 4504 MiB, 15360 MiB, 86 %, 35 %, 600 MHz, 5000 MHz, 66.28 W, 77, P0
2026/09/30 06:56:54.111, Tesla T4, 10409 MiB, 4504 MiB, 15360 MiB, 99 %, 28 %, 630 MHz, 5000 MHz, 64.06 W, 77, P0
2026/09/30 06:56:54.623, Tesla T4, 10409 MiB, 4504 MiB, 15360 MiB, 100 %, 33 %, 600 MHz, 5000 MHz, 65.49 W, 77, P0
2026/09/30 06:56:55.139, Tesla T4, 10409 MiB, 4504 MiB, 15360 MiB, 100 %, 30 %, 600 MHz, 5000 MHz, 66.71 W, 77, P0
2026/09/30 06:56:55.651, Tesla T4, 10409 MiB, 4504 MiB, 15360 MiB, 100 %, 35 %, 615 MHz, 5000 MHz, 66.57 W, 77, P0
2026/09/30 06:56:56.163, Tesla T4, 10409 MiB, 4504 MiB, 15360 MiB, 100 %, 30 %, 600 MHz, 5000 MHz, 67.79 W, 77, P0
2026/09/30 06:56:56.679, Tesla T4, 10409 MiB, 4504 MiB, 15360 MiB, 100 %, 30 %, 645 MHz, 5000 MHz, 66.67 W, 77, P0
2026/09/30 06:56:57.192, Tesla T4, 10409 MiB, 4504 MiB, 15360 MiB, 98 %, 28 %, 630 MHz, 5000 MHz, 65.34 W, 77, P0
2026/09/30 06:56:57.708, Tesla T4, 10409 MiB, 4504 MiB, 15360 MiB, 100 %, 26 %, 600 MHz, 5000 MHz, 65.04 W, 77, P0
2026/09/30 06:56:58.219, Tesla T4, 10409 MiB, 4504 MiB, 15360 MiB, 100 %, 28 %, 630 MHz, 5000 MHz, 67.26 W, 77, P0
2026/09/30 06:56:58.732, Tesla T4, 10409 MiB, 4504 MiB, 15360 MiB, 100 %, 27 %, 630 MHz, 5000 MHz, 65.93 W, 77, P0
2026/09/30 06:56:59.245, Tesla T4, 10409 MiB, 4504 MiB, 15360 MiB, 100 %, 26 %, 615 MHz, 5000 MHz, 64.55 W, 77, P0
2026/09/30 06:56:59.758, Tesla T4, 10409 MiB, 4504 MiB, 15360 MiB, 100 %, 33 %, 615 MHz, 5000 MHz, 66.47 W, 77, P0
2026/09/30 06:57:00.272, Tesla T4, 10409 MiB, 4504 MiB, 15360 MiB, 100 %, 30 %, 630 MHz, 5000 MHz, 65.49 W, 77, P0
2026/09/30 06:57:00.786, Tesla T4, 10409 MiB, 4504 MiB, 15360 MiB, 98 %, 31 %, 570 MHz, 5000 MHz, 66.12 W, 77, P0
2026/09/30 06:57:01.303, Tesla T4, 10409 MiB, 4504 MiB, 15360 MiB, 100 %, 27 %, 615 MHz, 5000 MHz, 65.38 W, 77, P0
2026/09/30 06:57:01.833, Tesla T4, 10409 MiB, 4504 MiB, 15360 MiB, 100 %, 23 %, 645 MHz, 5000 MHz, 65.14 W, 77, P0
2026/09/30 06:57:02.359, Tesla T4, 10409 MiB, 4504 MiB, 15360 MiB, 100 %, 26 %, 615 MHz, 5000 MHz, 66.12 W, 77, P0
2026/09/30 06:57:02.892, Tesla T4, 10409 MiB, 4504 MiB, 15360 MiB, 100 %, 22 %, 600 MHz, 5000 MHz, 66.86 W, 77, P0
2026/09/30 06:57:03.420, Tesla T4, 10409 MiB, 4504 MiB, 15360 MiB, 98 %, 30 %, 660 MHz, 5000 MHz, 70.15 W, 77, P0
2026/09/30 06:57:03.931, Tesla T4, 10409 MiB, 4504 MiB, 15360 MiB, 92 %, 32 %, 645 MHz, 5000 MHz, 66.32 W, 77, P0
2026/09/30 06:57:04.448, Tesla T4, 10409 MiB, 4504 MiB, 15360 MiB, 96 %, 32 %, 660 MHz, 5000 MHz, 64.55 W, 77, P0
2026/09/30 06:57:04.960, Tesla T4, 10409 MiB, 4504 MiB, 15360 MiB, 100 %, 28 %, 675 MHz, 5000 MHz, 66.22 W, 77, P0
2026/09/30 06:57:05.474, Tesla T4, 10409 MiB, 4504 MiB, 15360 MiB, 100 %, 32 %, 645 MHz, 5000 MHz, 64.26 W, 76, P0
2026/09/30 06:57:05.991, Tesla T4, 10409 MiB, 4504 MiB, 15360 MiB, 100 %, 27 %, 660 MHz, 5000 MHz, 66.12 W, 77, P0
2026/09/30 06:57:06.506, Tesla T4, 10409 MiB, 4504 MiB, 15360 MiB, 100 %, 32 %, 615 MHz, 5000 MHz, 64.89 W, 77, P0
2026/09/30 06:57:07.020, Tesla T4, 10409 MiB, 4504 MiB, 15360 MiB, 93 %, 40 %, 630 MHz, 5000 MHz, 69.07 W, 77, P0
2026/09/30 06:57:07.537, Tesla T4, 10409 MiB, 4504 MiB, 15360 MiB, 97 %, 34 %, 615 MHz, 5000 MHz, 66.08 W, 77, P0
2026/09/30 06:57:08.052, Tesla T4, 10409 MiB, 4504 MiB, 15360 MiB, 100 %, 28 %, 630 MHz, 5000 MHz, 64.16 W, 77, P0
2026/09/30 06:57:08.569, Tesla T4, 10409 MiB, 4504 MiB, 15360 MiB, 92 %, 32 %, 600 MHz, 5000 MHz, 65.93 W, 77, P0
2026/09/30 06:57:09.080, Tesla T4, 10409 MiB, 4504 MiB, 15360 MiB, 100 %, 27 %, 660 MHz, 5000 MHz, 66.77 W, 77, P0
2026/09/30 06:57:09.594, Tesla T4, 10409 MiB, 4504 MiB, 15360 MiB, 96 %, 31 %, 600 MHz, 5000 MHz, 65.93 W, 77, P0
2026/09/30 06:57:10.108, Tesla T4, 10409 MiB, 4504 MiB, 15360 MiB, 100 %, 29 %, 600 MHz, 5000 MHz, 65.93 W, 77, P0
2026/09/30 06:57:10.620, Tesla T4, 10409 MiB, 4504 MiB, 15360 MiB, 98 %, 34 %, 615 MHz, 5000 MHz, 65.44 W, 76, P0
2026/09/30 06:57:11.136, Tesla T4, 10409 MiB, 4504 MiB, 15360 MiB, 100 %, 28 %, 570 MHz, 5000 MHz, 64.46 W, 77, P0
2026/09/30 06:57:11.648, Tesla T4, 10409 MiB, 4504 MiB, 15360 MiB, 100 %, 29 %, 540 MHz, 5000 MHz, 65.73 W, 77, P0
2026/09/30 06:57:12.172, Tesla T4, 10409 MiB, 4504 MiB, 15360 MiB, 97 %, 33 %, 585 MHz, 5000 MHz, 66.61 W, 77, P0
2026/09/30 06:57:12.687, Tesla T4, 10409 MiB, 4504 MiB, 15360 MiB, 99 %, 37 %, 570 MHz, 5000 MHz, 66.12 W, 77, P0
2026/09/30 06:57:13.199, Tesla T4, 10409 MiB, 4504 MiB, 15360 MiB, 95 %, 32 %, 645 MHz, 5000 MHz, 66.02 W, 77, P0
2026/09/30 06:57:13.710, Tesla T4, 10409 MiB, 4504 MiB, 15360 MiB, 100 %, 35 %, 570 MHz, 5000 MHz, 66.77 W, 77, P0
2026/09/30 06:57:14.234, Tesla T4, 10409 MiB, 4504 MiB, 15360 MiB, 100 %, 32 %, 600 MHz, 5000 MHz, 60.57 W, 77, P0
2026/09/30 06:57:14.782, Tesla T4, 10409 MiB, 4504 MiB, 15360 MiB, 95 %, 38 %, 735 MHz, 5000 MHz, 65.98 W, 77, P0
2026/09/30 06:57:15.316, Tesla T4, 10409 MiB, 4504 MiB, 15360 MiB, 94 %, 39 %, 555 MHz, 5000 MHz, 66.51 W, 77, P0
2026/09/30 06:57:15.855, Tesla T4, 10409 MiB, 4504 MiB, 15360 MiB, 98 %, 33 %, 630 MHz, 5000 MHz, 66.02 W, 77, P0
2026/09/30 06:57:16.385, Tesla T4, 10409 MiB, 4504 MiB, 15360 MiB, 100 %, 33 %, 615 MHz, 5000 MHz, 58.55 W, 76, P0
2026/09/30 06:57:16.896, Tesla T4, 10409 MiB, 4504 MiB, 15360 MiB, 97 %, 32 %, 555 MHz, 5000 MHz, 65.77 W, 77, P0
2026/09/30 06:57:17.408, Tesla T4, 10409 MiB, 4504 MiB, 15360 MiB, 92 %, 38 %, 555 MHz, 5000 MHz, 64.65 W, 76, P0
2026/09/30 06:57:17.926, Tesla T4, 10409 MiB, 4504 MiB, 15360 MiB, 98 %, 38 %, 660 MHz, 5000 MHz, 66.71 W, 76, P0
2026/09/30 06:57:18.442, Tesla T4, 10409 MiB, 4504 MiB, 15360 MiB, 99 %, 45 %, 675 MHz, 5000 MHz, 58.49 W, 76, P0
2026/09/30 06:57:18.953, Tesla T4, 10409 MiB, 4504 MiB, 15360 MiB, 100 %, 28 %, 675 MHz, 5000 MHz, 65.34 W, 77, P0
2026/09/30 06:57:19.470, Tesla T4, 10409 MiB, 4504 MiB, 15360 MiB, 91 %, 27 %, 675 MHz, 5000 MHz, 65.93 W, 77, P0
2026/09/30 06:57:19.984, Tesla T4, 10409 MiB, 4504 MiB, 15360 MiB, 100 %, 25 %, 645 MHz, 5000 MHz, 65.63 W, 76, P0
2026/09/30 06:57:20.499, Tesla T4, 10409 MiB, 4504 MiB, 15360 MiB, 97 %, 32 %, 555 MHz, 5000 MHz, 66.61 W, 77, P0
2026/09/30 06:57:21.014, Tesla T4, 10409 MiB, 4504 MiB, 15360 MiB, 95 %, 35 %, 570 MHz, 5000 MHz, 70.64 W, 77, P0
2026/09/30 06:57:21.527, Tesla T4, 10409 MiB, 4504 MiB, 15360 MiB, 99 %, 34 %, 630 MHz, 5000 MHz, 65.93 W, 76, P0
2026/09/30 06:57:22.041, Tesla T4, 10409 MiB, 4504 MiB, 15360 MiB, 99 %, 31 %, 600 MHz, 5000 MHz, 67.00 W, 77, P0
2026/09/30 06:57:22.553, Tesla T4, 10409 MiB, 4504 MiB, 15360 MiB, 92 %, 31 %, 675 MHz, 5000 MHz, 65.18 W, 77, P0
2026/09/30 06:57:23.064, Tesla T4, 10409 MiB, 4504 MiB, 15360 MiB, 97 %, 25 %, 705 MHz, 5000 MHz, 65.83 W, 77, P0
2026/09/30 06:57:23.578, Tesla T4, 10409 MiB, 4504 MiB, 15360 MiB, 100 %, 32 %, 600 MHz, 5000 MHz, 65.14 W, 77, P0
2026/09/30 06:57:24.092, Tesla T4, 10409 MiB, 4504 MiB, 15360 MiB, 91 %, 27 %, 705 MHz, 5000 MHz, 66.81 W, 77, P0
2026/09/30 06:57:24.605, Tesla T4, 10409 MiB, 4504 MiB, 15360 MiB, 98 %, 30 %, 600 MHz, 5000 MHz, 65.93 W, 77, P0
2026/09/30 06:57:25.123, Tesla T4, 10409 MiB, 4504 MiB, 15360 MiB, 98 %, 29 %, 660 MHz, 5000 MHz, 66.02 W, 77, P0
2026/09/30 06:57:25.640, Tesla T4, 10409 MiB, 4504 MiB, 15360 MiB, 99 %, 40 %, 780 MHz, 5000 MHz, 69.12 W, 77, P0
2026/09/30 06:57:26.154, Tesla T4, 10409 MiB, 4504 MiB, 15360 MiB, 100 %, 34 %, 615 MHz, 5000 MHz, 66.42 W, 77, P0
2026/09/30 06:57:26.674, Tesla T4, 10409 MiB, 4504 MiB, 15360 MiB, 85 %, 32 %, 570 MHz, 5000 MHz, 64.89 W, 77, P0
2026/09/30 06:57:27.205, Tesla T4, 10409 MiB, 4504 MiB, 15360 MiB, 98 %, 33 %, 615 MHz, 5000 MHz, 66.42 W, 77, P0
2026/09/30 06:57:27.757, Tesla T4, 10409 MiB, 4504 MiB, 15360 MiB, 98 %, 43 %, 585 MHz, 5000 MHz, 65.18 W, 77, P0
2026/09/30 06:57:28.286, Tesla T4, 10409 MiB, 4504 MiB, 15360 MiB, 91 %, 47 %, 630 MHz, 5000 MHz, 66.42 W, 77, P0
2026/09/30 06:57:28.812, Tesla T4, 10409 MiB, 4504 MiB, 15360 MiB, 100 %, 34 %, 660 MHz, 5000 MHz, 67.61 W, 76, P0
2026/09/30 06:57:29.344, Tesla T4, 10409 MiB, 4504 MiB, 15360 MiB, 92 %, 37 %, 630 MHz, 5000 MHz, 64.83 W, 77, P0
2026/09/30 06:57:29.856, Tesla T4, 10409 MiB, 4504 MiB, 15360 MiB, 100 %, 33 %, 615 MHz, 5000 MHz, 64.75 W, 77, P0
2026/09/30 06:57:30.375, Tesla T4, 10409 MiB, 4504 MiB, 15360 MiB, 100 %, 26 %, 600 MHz, 5000 MHz, 64.55 W, 77, P0
2026/09/30 06:57:30.888, Tesla T4, 10409 MiB, 4504 MiB, 15360 MiB, 91 %, 26 %, 600 MHz, 5000 MHz, 67.75 W, 77, P0
2026/09/30 06:57:31.401, Tesla T4, 10409 MiB, 4504 MiB, 15360 MiB, 100 %, 29 %, 645 MHz, 5000 MHz, 64.85 W, 77, P0
2026/09/30 06:57:31.915, Tesla T4, 10409 MiB, 4504 MiB, 15360 MiB, 100 %, 26 %, 600 MHz, 5000 MHz, 65.24 W, 77, P0
2026/09/30 06:57:32.427, Tesla T4, 10409 MiB, 4504 MiB, 15360 MiB, 97 %, 38 %, 600 MHz, 5000 MHz, 64.93 W, 77, P0
2026/09/30 06:57:32.940, Tesla T4, 10409 MiB, 4504 MiB, 15360 MiB, 100 %, 30 %, 870 MHz, 5000 MHz, 67.30 W, 77, P0
2026/09/30 06:57:33.455, Tesla T4, 10409 MiB, 4504 MiB, 15360 MiB, 98 %, 32 %, 600 MHz, 5000 MHz, 66.02 W, 77, P0
2026/09/30 06:57:33.973, Tesla T4, 10409 MiB, 4504 MiB, 15360 MiB, 97 %, 34 %, 600 MHz, 5000 MHz, 62.10 W, 77, P0
2026/09/30 06:57:34.485, Tesla T4, 10409 MiB, 4504 MiB, 15360 MiB, 97 %, 39 %, 660 MHz, 5000 MHz, 66.61 W, 77, P0
2026/09/30 06:57:35.000, Tesla T4, 10409 MiB, 4504 MiB, 15360 MiB, 92 %, 41 %, 630 MHz, 5000 MHz, 70.98 W, 77, P0
2026/09/30 06:57:35.514, Tesla T4, 10409 MiB, 4504 MiB, 15360 MiB, 96 %, 44 %, 705 MHz, 5000 MHz, 66.71 W, 77, P0
2026/09/30 06:57:36.024, Tesla T4, 10409 MiB, 4504 MiB, 15360 MiB, 94 %, 39 %, 615 MHz, 5000 MHz, 63.71 W, 77, P0
2026/09/30 06:57:36.542, Tesla T4, 10409 MiB, 4504 MiB, 15360 MiB, 99 %, 39 %, 660 MHz, 5000 MHz, 65.30 W, 77, P0
2026/09/30 06:57:37.053, Tesla T4, 10409 MiB, 4504 MiB, 15360 MiB, 100 %, 31 %, 705 MHz, 5000 MHz, 67.35 W, 77, P0
2026/09/30 06:57:37.571, Tesla T4, 10409 MiB, 4504 MiB, 15360 MiB, 92 %, 26 %, 615 MHz, 5000 MHz, 66.22 W, 77, P0
2026/09/30 06:57:38.083, Tesla T4, 10409 MiB, 4504 MiB, 15360 MiB, 98 %, 25 %, 720 MHz, 5000 MHz, 65.93 W, 77, P0
2026/09/30 06:57:38.596, Tesla T4, 10409 MiB, 4504 MiB, 15360 MiB, 100 %, 35 %, 555 MHz, 5000 MHz, 66.12 W, 77, P0
2026/09/30 06:57:39.111, Tesla T4, 10409 MiB, 4504 MiB, 15360 MiB, 100 %, 25 %, 675 MHz, 5000 MHz, 66.95 W, 77, P0
2026/09/30 06:57:39.639, Tesla T4, 10409 MiB, 4504 MiB, 15360 MiB, 100 %, 34 %, 690 MHz, 5000 MHz, 65.93 W, 77, P0
2026/09/30 06:57:40.173, Tesla T4, 10409 MiB, 4504 MiB, 15360 MiB, 95 %, 30 %, 615 MHz, 5000 MHz, 70.54 W, 77, P0
2026/09/30 06:57:40.705, Tesla T4, 10409 MiB, 4504 MiB, 15360 MiB, 86 %, 28 %, 600 MHz, 5000 MHz, 65.44 W, 77, P0
2026/09/30 06:57:41.229, Tesla T4, 10409 MiB, 4504 MiB, 15360 MiB, 86 %, 51 %, 540 MHz, 5000 MHz, 70.50 W, 77, P0
2026/09/30 06:57:41.756, Tesla T4, 10409 MiB, 4504 MiB, 15360 MiB, 85 %, 42 %, 645 MHz, 5000 MHz, 71.72 W, 77, P0
2026/09/30 06:57:42.273, Tesla T4, 10409 MiB, 4504 MiB, 15360 MiB, 86 %, 36 %, 630 MHz, 5000 MHz, 69.91 W, 77, P0
2026/09/30 06:57:42.786, Tesla T4, 10409 MiB, 4504 MiB, 15360 MiB, 99 %, 37 %, 645 MHz, 5000 MHz, 67.69 W, 77, P0
2026/09/30 06:57:43.300, Tesla T4, 10409 MiB, 4504 MiB, 15360 MiB, 99 %, 38 %, 690 MHz, 5000 MHz, 63.87 W, 77, P0
2026/09/30 06:57:43.814, Tesla T4, 10409 MiB, 4504 MiB, 15360 MiB, 97 %, 49 %, 600 MHz, 5000 MHz, 64.10 W, 77, P0
2026/09/30 06:57:44.326, Tesla T4, 10409 MiB, 4504 MiB, 15360 MiB, 100 %, 32 %, 630 MHz, 5000 MHz, 72.69 W, 77, P0
2026/09/30 06:57:44.843, Tesla T4, 10409 MiB, 4504 MiB, 15360 MiB, 100 %, 31 %, 825 MHz, 5000 MHz, 65.04 W, 77, P0
2026/09/30 06:57:45.354, Tesla T4, 10409 MiB, 4504 MiB, 15360 MiB, 100 %, 34 %, 585 MHz, 5000 MHz, 66.51 W, 77, P0
2026/09/30 06:57:45.871, Tesla T4, 10409 MiB, 4504 MiB, 15360 MiB, 98 %, 29 %, 555 MHz, 5000 MHz, 63.57 W, 77, P0
2026/09/30 06:57:46.383, Tesla T4, 10409 MiB, 4504 MiB, 15360 MiB, 100 %, 34 %, 630 MHz, 5000 MHz, 65.44 W, 77, P0
2026/09/30 06:57:46.897, Tesla T4, 10409 MiB, 4504 MiB, 15360 MiB, 96 %, 28 %, 630 MHz, 5000 MHz, 67.79 W, 77, P0
2026/09/30 06:57:47.409, Tesla T4, 10409 MiB, 4504 MiB, 15360 MiB, 100 %, 27 %, 630 MHz, 5000 MHz, 66.61 W, 77, P0
2026/09/30 06:57:47.926, Tesla T4, 10409 MiB, 4504 MiB, 15360 MiB, 100 %, 23 %, 735 MHz, 5000 MHz, 67.59 W, 77, P0
2026/09/30 06:57:48.436, Tesla T4, 10409 MiB, 4504 MiB, 15360 MiB, 100 %, 23 %, 720 MHz, 5000 MHz, 65.57 W, 77, P0
2026/09/30 06:57:48.952, Tesla T4, 10409 MiB, 4504 MiB, 15360 MiB, 93 %, 26 %, 630 MHz, 5000 MHz, 65.08 W, 77, P0
2026/09/30 06:57:49.463, Tesla T4, 10409 MiB, 4504 MiB, 15360 MiB, 100 %, 23 %, 765 MHz, 5000 MHz, 54.59 W, 77, P0
2026/09/30 06:57:49.974, Tesla T4, 10409 MiB, 4504 MiB, 15360 MiB, 100 %, 22 %, 720 MHz, 5000 MHz, 65.18 W, 77, P0
2026/09/30 06:57:50.490, Tesla T4, 10409 MiB, 4504 MiB, 15360 MiB, 100 %, 19 %, 795 MHz, 5000 MHz, 64.65 W, 77, P0
2026/09/30 06:57:51.000, Tesla T4, 10409 MiB, 4504 MiB, 15360 MiB, 100 %, 47 %, 630 MHz, 5000 MHz, 66.77 W, 77, P0
2026/09/30 06:57:51.517, Tesla T4, 10409 MiB, 4504 MiB, 15360 MiB, 95 %, 38 %, 585 MHz, 5000 MHz, 69.41 W, 77, P0
2026/09/30 06:57:52.029, Tesla T4, 10409 MiB, 4504 MiB, 15360 MiB, 86 %, 32 %, 570 MHz, 5000 MHz, 65.77 W, 77, P0
2026/09/30 06:57:52.555, Tesla T4, 10409 MiB, 4504 MiB, 15360 MiB, 98 %, 36 %, 630 MHz, 5000 MHz, 64.00 W, 77, P0
2026/09/30 06:57:53.079, Tesla T4, 10409 MiB, 4504 MiB, 15360 MiB, 98 %, 36 %, 645 MHz, 5000 MHz, 66.12 W, 77, P0
2026/09/30 06:57:53.619, Tesla T4, 10409 MiB, 4504 MiB, 15360 MiB, 100 %, 30 %, 630 MHz, 5000 MHz, 66.91 W, 77, P0
2026/09/30 06:57:54.173, Tesla T4, 10409 MiB, 4504 MiB, 15360 MiB, 100 %, 25 %, 690 MHz, 5000 MHz, 66.71 W, 77, P0
2026/09/30 06:57:54.698, Tesla T4, 10409 MiB, 4504 MiB, 15360 MiB, 100 %, 30 %, 615 MHz, 5000 MHz, 65.83 W, 77, P0
2026/09/30 06:57:55.210, Tesla T4, 10409 MiB, 4504 MiB, 15360 MiB, 100 %, 25 %, 690 MHz, 5000 MHz, 65.73 W, 77, P0
2026/09/30 06:57:55.721, Tesla T4, 10409 MiB, 4504 MiB, 15360 MiB, 100 %, 35 %, 570 MHz, 5000 MHz, 66.32 W, 77, P0
2026/09/30 06:57:56.234, Tesla T4, 10409 MiB, 4504 MiB, 15360 MiB, 100 %, 23 %, 705 MHz, 5000 MHz, 66.42 W, 77, P0
2026/09/30 06:57:56.749, Tesla T4, 10409 MiB, 4504 MiB, 15360 MiB, 100 %, 21 %, 690 MHz, 5000 MHz, 66.12 W, 77, P0
2026/09/30 06:57:57.262, Tesla T4, 10409 MiB, 4504 MiB, 15360 MiB, 100 %, 35 %, 735 MHz, 5000 MHz, 58.29 W, 77, P0
2026/09/30 06:57:57.775, Tesla T4, 10409 MiB, 4504 MiB, 15360 MiB, 100 %, 22 %, 750 MHz, 5000 MHz, 66.22 W, 77, P0
2026/09/30 06:57:58.287, Tesla T4, 10409 MiB, 4504 MiB, 15360 MiB, 100 %, 22 %, 585 MHz, 5000 MHz, 51.51 W, 77, P0
2026/09/30 06:57:58.806, Tesla T4, 10409 MiB, 4504 MiB, 15360 MiB, 98 %, 31 %, 645 MHz, 5000 MHz, 66.32 W, 77, P0
2026/09/30 06:57:59.318, Tesla T4, 10409 MiB, 4504 MiB, 15360 MiB, 100 %, 24 %, 660 MHz, 5000 MHz, 66.61 W, 77, P0
2026/09/30 06:57:59.836, Tesla T4, 10409 MiB, 4504 MiB, 15360 MiB, 100 %, 32 %, 630 MHz, 5000 MHz, 65.34 W, 77, P0
2026/09/30 06:58:00.347, Tesla T4, 10409 MiB, 4504 MiB, 15360 MiB, 100 %, 27 %, 630 MHz, 5000 MHz, 64.99 W, 77, P0
2026/09/30 06:58:00.863, Tesla T4, 10409 MiB, 4504 MiB, 15360 MiB, 100 %, 35 %, 630 MHz, 5000 MHz, 66.65 W, 77, P0
2026/09/30 06:58:01.375, Tesla T4, 10409 MiB, 4504 MiB, 15360 MiB, 100 %, 30 %, 570 MHz, 5000 MHz, 67.20 W, 77, P0
2026/09/30 06:58:01.888, Tesla T4, 10409 MiB, 4504 MiB, 15360 MiB, 100 %, 35 %, 645 MHz, 5000 MHz, 64.20 W, 77, P0
2026/09/30 06:58:02.403, Tesla T4, 10409 MiB, 4504 MiB, 15360 MiB, 100 %, 28 %, 675 MHz, 5000 MHz, 55.97 W, 77, P0
2026/09/30 06:58:02.921, Tesla T4, 10409 MiB, 4504 MiB, 15360 MiB, 100 %, 32 %, 615 MHz, 5000 MHz, 65.14 W, 77, P0
2026/09/30 06:58:03.433, Tesla T4, 10409 MiB, 4504 MiB, 15360 MiB, 92 %, 29 %, 630 MHz, 5000 MHz, 67.00 W, 77, P0
2026/09/30 06:58:03.945, Tesla T4, 10409 MiB, 4504 MiB, 15360 MiB, 98 %, 31 %, 615 MHz, 5000 MHz, 64.55 W, 77, P0
2026/09/30 06:58:04.465, Tesla T4, 10409 MiB, 4504 MiB, 15360 MiB, 97 %, 35 %, 690 MHz, 5000 MHz, 66.32 W, 77, P0
2026/09/30 06:58:04.992, Tesla T4, 10409 MiB, 4504 MiB, 15360 MiB, 98 %, 24 %, 1215 MHz, 5000 MHz, 61.00 W, 77, P0
2026/09/30 06:58:05.540, Tesla T4, 10409 MiB, 4504 MiB, 15360 MiB, 97 %, 26 %, 705 MHz, 5000 MHz, 65.83 W, 77, P0
2026/09/30 06:58:06.061, Tesla T4, 10409 MiB, 4504 MiB, 15360 MiB, 100 %, 36 %, 630 MHz, 5000 MHz, 61.65 W, 77, P0
2026/09/30 06:58:06.577, Tesla T4, 10409 MiB, 4504 MiB, 15360 MiB, 85 %, 26 %, 1095 MHz, 5000 MHz, 66.81 W, 77, P0
2026/09/30 06:58:07.096, Tesla T4, 10409 MiB, 4504 MiB, 15360 MiB, 97 %, 29 %, 615 MHz, 5000 MHz, 65.83 W, 77, P0
2026/09/30 06:58:07.628, Tesla T4, 10409 MiB, 4504 MiB, 15360 MiB, 100 %, 38 %, 630 MHz, 5000 MHz, 59.08 W, 77, P0
2026/09/30 06:58:08.141, Tesla T4, 10409 MiB, 4504 MiB, 15360 MiB, 92 %, 32 %, 570 MHz, 5000 MHz, 66.38 W, 77, P0
2026/09/30 06:58:08.657, Tesla T4, 10409 MiB, 4504 MiB, 15360 MiB, 97 %, 35 %, 690 MHz, 5000 MHz, 62.77 W, 77, P0
2026/09/30 06:58:09.169, Tesla T4, 10409 MiB, 4504 MiB, 15360 MiB, 98 %, 38 %, 540 MHz, 5000 MHz, 67.94 W, 77, P0
2026/09/30 06:58:09.687, Tesla T4, 10409 MiB, 4504 MiB, 15360 MiB, 91 %, 43 %, 555 MHz, 5000 MHz, 69.02 W, 77, P0
2026/09/30 06:58:10.198, Tesla T4, 10409 MiB, 4504 MiB, 15360 MiB, 99 %, 36 %, 570 MHz, 5000 MHz, 68.14 W, 77, P0
2026/09/30 06:58:10.711, Tesla T4, 10409 MiB, 4504 MiB, 15360 MiB, 92 %, 37 %, 585 MHz, 5000 MHz, 67.16 W, 77, P0
2026/09/30 06:58:11.223, Tesla T4, 10409 MiB, 4504 MiB, 15360 MiB, 100 %, 33 %, 585 MHz, 5000 MHz, 66.22 W, 77, P0
2026/09/30 06:58:11.735, Tesla T4, 10409 MiB, 4504 MiB, 15360 MiB, 100 %, 30 %, 555 MHz, 5000 MHz, 55.12 W, 77, P0
2026/09/30 06:58:12.247, Tesla T4, 10409 MiB, 4504 MiB, 15360 MiB, 100 %, 31 %, 585 MHz, 5000 MHz, 64.85 W, 77, P0
2026/09/30 06:58:12.761, Tesla T4, 10409 MiB, 4504 MiB, 15360 MiB, 100 %, 29 %, 645 MHz, 5000 MHz, 67.35 W, 77, P0
2026/09/30 06:58:13.273, Tesla T4, 10409 MiB, 4504 MiB, 15360 MiB, 90 %, 33 %, 825 MHz, 5000 MHz, 82.33 W, 77, P0
2026/09/30 06:58:13.789, Tesla T4, 10409 MiB, 4504 MiB, 15360 MiB, 100 %, 29 %, 630 MHz, 5000 MHz, 66.81 W, 77, P0
2026/09/30 06:58:14.307, Tesla T4, 10409 MiB, 4504 MiB, 15360 MiB, 96 %, 29 %, 690 MHz, 5000 MHz, 65.73 W, 77, P0
2026/09/30 06:58:14.818, Tesla T4, 10409 MiB, 4504 MiB, 15360 MiB, 100 %, 23 %, 705 MHz, 5000 MHz, 66.06 W, 77, P0
2026/09/30 06:58:15.331, Tesla T4, 10409 MiB, 4504 MiB, 15360 MiB, 92 %, 23 %, 675 MHz, 5000 MHz, 66.12 W, 77, P0
2026/09/30 06:58:15.842, Tesla T4, 10409 MiB, 4504 MiB, 15360 MiB, 100 %, 24 %, 720 MHz, 5000 MHz, 66.96 W, 77, P0
2026/09/30 06:58:16.358, Tesla T4, 10409 MiB, 4504 MiB, 15360 MiB, 96 %, 27 %, 555 MHz, 5000 MHz, 67.40 W, 77, P0
2026/09/30 06:58:16.873, Tesla T4, 10409 MiB, 4504 MiB, 15360 MiB, 99 %, 39 %, 660 MHz, 5000 MHz, 61.22 W, 77, P0
2026/09/30 06:58:17.384, Tesla T4, 10409 MiB, 4504 MiB, 15360 MiB, 100 %, 25 %, 690 MHz, 5000 MHz, 66.51 W, 77, P0
2026/09/30 06:58:17.911, Tesla T4, 10409 MiB, 4504 MiB, 15360 MiB, 100 %, 30 %, 585 MHz, 5000 MHz, 64.46 W, 77, P0
2026/09/30 06:58:18.445, Tesla T4, 10409 MiB, 4504 MiB, 15360 MiB, 86 %, 25 %, 690 MHz, 5000 MHz, 66.42 W, 77, P0
2026/09/30 06:58:18.982, Tesla T4, 10409 MiB, 4504 MiB, 15360 MiB, 100 %, 30 %, 600 MHz, 5000 MHz, 66.56 W, 77, P0
2026/09/30 06:58:19.525, Tesla T4, 10409 MiB, 4504 MiB, 15360 MiB, 100 %, 30 %, 795 MHz, 5000 MHz, 58.29 W, 77, P0
2026/09/30 06:58:20.058, Tesla T4, 10409 MiB, 4504 MiB, 15360 MiB, 100 %, 33 %, 705 MHz, 5000 MHz, 66.22 W, 77, P0
2026/09/30 06:58:20.569, Tesla T4, 10409 MiB, 4504 MiB, 15360 MiB, 100 %, 32 %, 645 MHz, 5000 MHz, 61.55 W, 77, P0
2026/09/30 06:58:21.087, Tesla T4, 10409 MiB, 4504 MiB, 15360 MiB, 100 %, 32 %, 540 MHz, 5000 MHz, 71.28 W, 77, P0
2026/09/30 06:58:21.599, Tesla T4, 10409 MiB, 4504 MiB, 15360 MiB, 98 %, 32 %, 615 MHz, 5000 MHz, 65.83 W, 77, P0
2026/09/30 06:58:22.111, Tesla T4, 10409 MiB, 4504 MiB, 15360 MiB, 98 %, 36 %, 615 MHz, 5000 MHz, 66.12 W, 77, P0
2026/09/30 06:58:22.627, Tesla T4, 10409 MiB, 4504 MiB, 15360 MiB, 93 %, 32 %, 645 MHz, 5000 MHz, 71.72 W, 77, P0
2026/09/30 06:58:23.138, Tesla T4, 10409 MiB, 4504 MiB, 15360 MiB, 100 %, 33 %, 555 MHz, 5000 MHz, 66.02 W, 77, P0
2026/09/30 06:58:23.650, Tesla T4, 10409 MiB, 4504 MiB, 15360 MiB, 99 %, 30 %, 900 MHz, 5000 MHz, 69.65 W, 77, P0
2026/09/30 06:58:24.164, Tesla T4, 10409 MiB, 4504 MiB, 15360 MiB, 96 %, 29 %, 630 MHz, 5000 MHz, 66.96 W, 77, P0
2026/09/30 06:58:24.676, Tesla T4, 10409 MiB, 4504 MiB, 15360 MiB, 100 %, 30 %, 690 MHz, 5000 MHz, 67.65 W, 77, P0
2026/09/30 06:58:25.186, Tesla T4, 10409 MiB, 4504 MiB, 15360 MiB, 100 %, 26 %, 645 MHz, 5000 MHz, 66.32 W, 77, P0
2026/09/30 06:58:25.702, Tesla T4, 10409 MiB, 4504 MiB, 15360 MiB, 91 %, 26 %, 615 MHz, 5000 MHz, 66.12 W, 77, P0
2026/09/30 06:58:26.214, Tesla T4, 10409 MiB, 4504 MiB, 15360 MiB, 98 %, 27 %, 615 MHz, 5000 MHz, 65.63 W, 77, P0
2026/09/30 06:58:26.725, Tesla T4, 10409 MiB, 4504 MiB, 15360 MiB, 100 %, 26 %, 630 MHz, 5000 MHz, 65.53 W, 77, P0
2026/09/30 06:58:27.243, Tesla T4, 10409 MiB, 4504 MiB, 15360 MiB, 100 %, 31 %, 720 MHz, 5000 MHz, 64.20 W, 77, P0
2026/09/30 06:58:27.755, Tesla T4, 10409 MiB, 4504 MiB, 15360 MiB, 100 %, 25 %, 930 MHz, 5000 MHz, 64.79 W, 78, P0
2026/09/30 06:58:28.273, Tesla T4, 10409 MiB, 4504 MiB, 15360 MiB, 98 %, 24 %, 705 MHz, 5000 MHz, 66.32 W, 77, P0
2026/09/30 06:58:28.783, Tesla T4, 10409 MiB, 4504 MiB, 15360 MiB, 100 %, 28 %, 615 MHz, 5000 MHz, 65.14 W, 77, P0
2026/09/30 06:58:29.295, Tesla T4, 10409 MiB, 4504 MiB, 15360 MiB, 100 %, 29 %, 615 MHz, 5000 MHz, 65.04 W, 77, P0
2026/09/30 06:58:29.811, Tesla T4, 10409 MiB, 4504 MiB, 15360 MiB, 100 %, 28 %, 660 MHz, 5000 MHz, 63.57 W, 77, P0
2026/09/30 06:58:30.322, Tesla T4, 10409 MiB, 4504 MiB, 15360 MiB, 100 %, 25 %, 615 MHz, 5000 MHz, 68.72 W, 77, P0
2026/09/30 06:58:30.839, Tesla T4, 10409 MiB, 4504 MiB, 15360 MiB, 100 %, 28 %, 600 MHz, 5000 MHz, 65.93 W, 77, P0
2026/09/30 06:58:31.367, Tesla T4, 10409 MiB, 4504 MiB, 15360 MiB, 100 %, 25 %, 690 MHz, 5000 MHz, 65.48 W, 77, P0
2026/09/30 06:58:31.890, Tesla T4, 10409 MiB, 4504 MiB, 15360 MiB, 100 %, 27 %, 630 MHz, 5000 MHz, 65.34 W, 77, P0
2026/09/30 06:58:32.411, Tesla T4, 10409 MiB, 4504 MiB, 15360 MiB, 100 %, 29 %, 660 MHz, 5000 MHz, 64.50 W, 77, P0
2026/09/30 06:58:32.946, Tesla T4, 10409 MiB, 4504 MiB, 15360 MiB, 98 %, 34 %, 570 MHz, 5000 MHz, 66.81 W, 77, P0
2026/09/30 06:58:33.463, Tesla T4, 10409 MiB, 4504 MiB, 15360 MiB, 100 %, 27 %, 660 MHz, 5000 MHz, 67.00 W, 77, P0
2026/09/30 06:58:33.976, Tesla T4, 10409 MiB, 4504 MiB, 15360 MiB, 98 %, 29 %, 555 MHz, 5000 MHz, 65.63 W, 77, P0
2026/09/30 06:58:34.487, Tesla T4, 10409 MiB, 4504 MiB, 15360 MiB, 100 %, 23 %, 750 MHz, 5000 MHz, 65.44 W, 77, P0
2026/09/30 06:58:35.003, Tesla T4, 10409 MiB, 4504 MiB, 15360 MiB, 100 %, 23 %, 705 MHz, 5000 MHz, 65.34 W, 78, P0
2026/09/30 06:58:35.514, Tesla T4, 10409 MiB, 4504 MiB, 15360 MiB, 99 %, 38 %, 930 MHz, 5000 MHz, 65.57 W, 77, P0
2026/09/30 06:58:36.024, Tesla T4, 10409 MiB, 4504 MiB, 15360 MiB, 100 %, 22 %, 720 MHz, 5000 MHz, 65.83 W, 78, P0
2026/09/30 06:58:36.540, Tesla T4, 10409 MiB, 4504 MiB, 15360 MiB, 100 %, 20 %, 810 MHz, 5000 MHz, 66.02 W, 77, P0
2026/09/30 06:58:37.053, Tesla T4, 10409 MiB, 4504 MiB, 15360 MiB, 97 %, 33 %, 585 MHz, 5000 MHz, 65.14 W, 77, P0
2026/09/30 06:58:37.577, Tesla T4, 10409 MiB, 4504 MiB, 15360 MiB, 98 %, 30 %, 585 MHz, 5000 MHz, 67.00 W, 77, P0
2026/09/30 06:58:38.094, Tesla T4, 10409 MiB, 4504 MiB, 15360 MiB, 100 %, 30 %, 570 MHz, 5000 MHz, 65.77 W, 77, P0
2026/09/30 06:58:38.607, Tesla T4, 10409 MiB, 4504 MiB, 15360 MiB, 98 %, 30 %, 615 MHz, 5000 MHz, 66.16 W, 77, P0
2026/09/30 06:58:39.118, Tesla T4, 10409 MiB, 4504 MiB, 15360 MiB, 100 %, 23 %, 690 MHz, 5000 MHz, 65.48 W, 77, P0
2026/09/30 06:58:39.637, Tesla T4, 10409 MiB, 4504 MiB, 15360 MiB, 100 %, 23 %, 705 MHz, 5000 MHz, 65.73 W, 78, P0
2026/09/30 06:58:40.147, Tesla T4, 10409 MiB, 4504 MiB, 15360 MiB, 91 %, 38 %, 735 MHz, 5000 MHz, 65.44 W, 77, P0
2026/09/30 06:58:40.662, Tesla T4, 10409 MiB, 4504 MiB, 15360 MiB, 100 %, 22 %, 720 MHz, 5000 MHz, 66.02 W, 77, P0
2026/09/30 06:58:41.173, Tesla T4, 10409 MiB, 4504 MiB, 15360 MiB, 98 %, 37 %, 615 MHz, 5000 MHz, 61.40 W, 77, P0
2026/09/30 06:58:41.689, Tesla T4, 10409 MiB, 4504 MiB, 15360 MiB, 100 %, 30 %, 540 MHz, 5000 MHz, 67.00 W, 77, P0
2026/09/30 06:58:42.201, Tesla T4, 10409 MiB, 4504 MiB, 15360 MiB, 100 %, 31 %, 855 MHz, 5000 MHz, 65.28 W, 77, P0
2026/09/30 06:58:42.712, Tesla T4, 10409 MiB, 4504 MiB, 15360 MiB, 100 %, 30 %, 555 MHz, 5000 MHz, 67.89 W, 77, P0
2026/09/30 06:58:43.240, Tesla T4, 10409 MiB, 4504 MiB, 15360 MiB, 100 %, 32 %, 705 MHz, 5000 MHz, 64.00 W, 77, P0
2026/09/30 06:58:43.761, Tesla T4, 10409 MiB, 4504 MiB, 15360 MiB, 98 %, 33 %, 555 MHz, 5000 MHz, 64.46 W, 77, P0
2026/09/30 06:58:44.294, Tesla T4, 10409 MiB, 4504 MiB, 15360 MiB, 86 %, 32 %, 645 MHz, 5000 MHz, 65.53 W, 77, P0
2026/09/30 06:58:44.818, Tesla T4, 10409 MiB, 4504 MiB, 15360 MiB, 100 %, 35 %, 570 MHz, 5000 MHz, 66.22 W, 77, P0
2026/09/30 06:58:45.335, Tesla T4, 10409 MiB, 4504 MiB, 15360 MiB, 100 %, 36 %, 540 MHz, 5000 MHz, 66.12 W, 77, P0
2026/09/30 06:58:45.865, Tesla T4, 10409 MiB, 4504 MiB, 15360 MiB, 100 %, 35 %, 570 MHz, 5000 MHz, 66.22 W, 77, P0
2026/09/30 06:58:46.383, Tesla T4, 10409 MiB, 4504 MiB, 15360 MiB, 99 %, 38 %, 645 MHz, 5000 MHz, 66.06 W, 77, P0
2026/09/30 06:58:46.894, Tesla T4, 10409 MiB, 4504 MiB, 15360 MiB, 98 %, 38 %, 690 MHz, 5000 MHz, 68.04 W, 77, P0
2026/09/30 06:58:47.411, Tesla T4, 10409 MiB, 4504 MiB, 15360 MiB, 92 %, 35 %, 600 MHz, 5000 MHz, 70.00 W, 77, P0
2026/09/30 06:58:47.922, Tesla T4, 10409 MiB, 4504 MiB, 15360 MiB, 99 %, 37 %, 495 MHz, 5000 MHz, 68.22 W, 77, P0
2026/09/30 06:58:48.441, Tesla T4, 10409 MiB, 4504 MiB, 15360 MiB, 96 %, 36 %, 555 MHz, 5000 MHz, 67.45 W, 77, P0
2026/09/30 06:58:48.953, Tesla T4, 10409 MiB, 4504 MiB, 15360 MiB, 99 %, 34 %, 825 MHz, 5000 MHz, 66.36 W, 77, P0
2026/09/30 06:58:49.473, Tesla T4, 10409 MiB, 4504 MiB, 15360 MiB, 98 %, 35 %, 585 MHz, 5000 MHz, 65.83 W, 77, P0
2026/09/30 06:58:49.985, Tesla T4, 10409 MiB, 4504 MiB, 15360 MiB, 99 %, 36 %, 645 MHz, 5000 MHz, 52.86 W, 77, P0
2026/09/30 06:58:50.504, Tesla T4, 10409 MiB, 4504 MiB, 15360 MiB, 97 %, 38 %, 570 MHz, 5000 MHz, 65.83 W, 77, P0
2026/09/30 06:58:51.015, Tesla T4, 10409 MiB, 4504 MiB, 15360 MiB, 92 %, 35 %, 615 MHz, 5000 MHz, 68.33 W, 77, P0
2026/09/30 06:58:51.531, Tesla T4, 10409 MiB, 4504 MiB, 15360 MiB, 99 %, 34 %, 585 MHz, 5000 MHz, 65.69 W, 77, P0
2026/09/30 06:58:52.042, Tesla T4, 10409 MiB, 4504 MiB, 15360 MiB, 90 %, 53 %, 645 MHz, 5000 MHz, 62.97 W, 77, P0
2026/09/30 06:58:52.558, Tesla T4, 10409 MiB, 4504 MiB, 15360 MiB, 99 %, 36 %, 690 MHz, 5000 MHz, 70.69 W, 77, P0
2026/09/30 06:58:53.071, Tesla T4, 10409 MiB, 4504 MiB, 15360 MiB, 97 %, 35 %, 705 MHz, 5000 MHz, 67.65 W, 77, P0
2026/09/30 06:58:53.582, Tesla T4, 10409 MiB, 4504 MiB, 15360 MiB, 92 %, 37 %, 615 MHz, 5000 MHz, 66.46 W, 77, P0
2026/09/30 06:58:54.100, Tesla T4, 10409 MiB, 4504 MiB, 15360 MiB, 100 %, 23 %, 705 MHz, 5000 MHz, 66.61 W, 77, P0
2026/09/30 06:58:54.610, Tesla T4, 10409 MiB, 4504 MiB, 15360 MiB, 100 %, 23 %, 705 MHz, 5000 MHz, 66.71 W, 77, P0
2026/09/30 06:58:55.126, Tesla T4, 10409 MiB, 4504 MiB, 15360 MiB, 100 %, 29 %, 585 MHz, 5000 MHz, 67.20 W, 77, P0
2026/09/30 06:58:55.638, Tesla T4, 10409 MiB, 4504 MiB, 15360 MiB, 100 %, 26 %, 690 MHz, 5000 MHz, 68.24 W, 77, P0
2026/09/30 06:58:56.165, Tesla T4, 10409 MiB, 4504 MiB, 15360 MiB, 100 %, 22 %, 720 MHz, 5000 MHz, 66.71 W, 77, P0
2026/09/30 06:58:56.688, Tesla T4, 10409 MiB, 4504 MiB, 15360 MiB, 97 %, 29 %, 615 MHz, 5000 MHz, 65.44 W, 77, P0
2026/09/30 06:58:57.212, Tesla T4, 10409 MiB, 4504 MiB, 15360 MiB, 100 %, 28 %, 510 MHz, 5000 MHz, 66.71 W, 77, P0
2026/09/30 06:58:57.741, Tesla T4, 10409 MiB, 4504 MiB, 15360 MiB, 92 %, 48 %, 720 MHz, 5000 MHz, 66.71 W, 77, P0
2026/09/30 06:58:58.255, Tesla T4, 10409 MiB, 4504 MiB, 15360 MiB, 100 %, 23 %, 705 MHz, 5000 MHz, 65.57 W, 77, P0
2026/09/30 06:58:58.765, Tesla T4, 10409 MiB, 4504 MiB, 15360 MiB, 97 %, 22 %, 720 MHz, 5000 MHz, 68.14 W, 77, P0
2026/09/30 06:58:59.277, Tesla T4, 10409 MiB, 4504 MiB, 15360 MiB, 100 %, 23 %, 720 MHz, 5000 MHz, 66.02 W, 77, P0
2026/09/30 06:58:59.789, Tesla T4, 10409 MiB, 4504 MiB, 15360 MiB, 100 %, 19 %, 690 MHz, 5000 MHz, 57.80 W, 77, P0
2026/09/30 06:59:00.300, Tesla T4, 10409 MiB, 4504 MiB, 15360 MiB, 100 %, 22 %, 720 MHz, 5000 MHz, 66.77 W, 77, P0
2026/09/30 06:59:00.812, Tesla T4, 10409 MiB, 4504 MiB, 15360 MiB, 100 %, 19 %, 705 MHz, 5000 MHz, 54.10 W, 77, P0
2026/09/30 06:59:01.325, Tesla T4, 10409 MiB, 4504 MiB, 15360 MiB, 100 %, 22 %, 735 MHz, 5000 MHz, 66.02 W, 77, P0
2026/09/30 06:59:01.836, Tesla T4, 10409 MiB, 4504 MiB, 15360 MiB, 100 %, 19 %, 585 MHz, 5000 MHz, 66.42 W, 77, P0
2026/09/30 06:59:02.348, Tesla T4, 10409 MiB, 4504 MiB, 15360 MiB, 90 %, 36 %, 570 MHz, 5000 MHz, 64.36 W, 77, P0
2026/09/30 06:59:02.860, Tesla T4, 10409 MiB, 4504 MiB, 15360 MiB, 96 %, 37 %, 600 MHz, 5000 MHz, 65.24 W, 77, P0
2026/09/30 06:59:03.380, Tesla T4, 10409 MiB, 4504 MiB, 15360 MiB, 100 %, 25 %, 705 MHz, 5000 MHz, 66.02 W, 77, P0
2026/09/30 06:59:03.890, Tesla T4, 10409 MiB, 4504 MiB, 15360 MiB, 100 %, 31 %, 690 MHz, 5000 MHz, 66.61 W, 77, P0
2026/09/30 06:59:04.405, Tesla T4, 10409 MiB, 4504 MiB, 15360 MiB, 96 %, 24 %, 570 MHz, 5000 MHz, 69.80 W, 77, P0
2026/09/30 06:59:04.916, Tesla T4, 10409 MiB, 4504 MiB, 15360 MiB, 100 %, 25 %, 690 MHz, 5000 MHz, 65.34 W, 77, P0
2026/09/30 06:59:05.433, Tesla T4, 10409 MiB, 4504 MiB, 15360 MiB, 91 %, 28 %, 570 MHz, 5000 MHz, 64.79 W, 77, P0
2026/09/30 06:59:05.945, Tesla T4, 10409 MiB, 4504 MiB, 15360 MiB, 100 %, 25 %, 690 MHz, 5000 MHz, 66.22 W, 77, P0
2026/09/30 06:59:06.461, Tesla T4, 10409 MiB, 4504 MiB, 15360 MiB, 94 %, 36 %, 585 MHz, 5000 MHz, 66.51 W, 77, P0
2026/09/30 06:59:06.973, Tesla T4, 10409 MiB, 4504 MiB, 15360 MiB, 99 %, 34 %, 570 MHz, 5000 MHz, 66.71 W, 77, P0
2026/09/30 06:59:07.486, Tesla T4, 10409 MiB, 4504 MiB, 15360 MiB, 100 %, 31 %, 630 MHz, 5000 MHz, 67.49 W, 77, P0
2026/09/30 06:59:08.000, Tesla T4, 10409 MiB, 4504 MiB, 15360 MiB, 98 %, 30 %, 630 MHz, 5000 MHz, 66.81 W, 77, P0
2026/09/30 06:59:08.511, Tesla T4, 10409 MiB, 4504 MiB, 15360 MiB, 93 %, 28 %, 630 MHz, 5000 MHz, 67.55 W, 77, P0
2026/09/30 06:59:09.052, Tesla T4, 10409 MiB, 4504 MiB, 15360 MiB, 98 %, 31 %, 600 MHz, 5000 MHz, 66.22 W, 77, P0
2026/09/30 06:59:09.584, Tesla T4, 10409 MiB, 4504 MiB, 15360 MiB, 100 %, 29 %, 630 MHz, 5000 MHz, 67.00 W, 77, P0
2026/09/30 06:59:10.104, Tesla T4, 10409 MiB, 4504 MiB, 15360 MiB, 98 %, 33 %, 600 MHz, 5000 MHz, 65.04 W, 77, P0
2026/09/30 06:59:10.643, Tesla T4, 10409 MiB, 4504 MiB, 15360 MiB, 85 %, 45 %, 840 MHz, 5000 MHz, 66.81 W, 77, P0
2026/09/30 06:59:11.168, Tesla T4, 10409 MiB, 4504 MiB, 15360 MiB, 92 %, 38 %, 600 MHz, 5000 MHz, 67.04 W, 77, P0
2026/09/30 06:59:11.680, Tesla T4, 10409 MiB, 4504 MiB, 15360 MiB, 96 %, 39 %, 660 MHz, 5000 MHz, 66.12 W, 77, P0
2026/09/30 06:59:12.196, Tesla T4, 10409 MiB, 4504 MiB, 15360 MiB, 97 %, 27 %, 705 MHz, 5000 MHz, 66.61 W, 77, P0
2026/09/30 06:59:12.706, Tesla T4, 10409 MiB, 4504 MiB, 15360 MiB, 98 %, 27 %, 615 MHz, 5000 MHz, 66.91 W, 77, P0
2026/09/30 06:59:13.221, Tesla T4, 10409 MiB, 4504 MiB, 15360 MiB, 94 %, 24 %, 690 MHz, 5000 MHz, 65.24 W, 77, P0
2026/09/30 06:59:13.735, Tesla T4, 10409 MiB, 4504 MiB, 15360 MiB, 98 %, 27 %, 615 MHz, 5000 MHz, 65.28 W, 77, P0
2026/09/30 06:59:14.252, Tesla T4, 10409 MiB, 4504 MiB, 15360 MiB, 100 %, 28 %, 660 MHz, 5000 MHz, 65.34 W, 77, P0
2026/09/30 06:59:14.764, Tesla T4, 10409 MiB, 4504 MiB, 15360 MiB, 100 %, 25 %, 630 MHz, 5000 MHz, 65.14 W, 77, P0
2026/09/30 06:59:15.279, Tesla T4, 10409 MiB, 4504 MiB, 15360 MiB, 91 %, 27 %, 660 MHz, 5000 MHz, 64.59 W, 77, P0
2026/09/30 06:59:15.791, Tesla T4, 10409 MiB, 4504 MiB, 15360 MiB, 100 %, 27 %, 675 MHz, 5000 MHz, 65.18 W, 77, P0
2026/09/30 06:59:16.302, Tesla T4, 10409 MiB, 4504 MiB, 15360 MiB, 100 %, 31 %, 765 MHz, 5000 MHz, 64.79 W, 77, P0
2026/09/30 06:59:16.818, Tesla T4, 10409 MiB, 4504 MiB, 15360 MiB, 100 %, 32 %, 705 MHz, 5000 MHz, 65.30 W, 77, P0
2026/09/30 06:59:17.330, Tesla T4, 10409 MiB, 4504 MiB, 15360 MiB, 100 %, 32 %, 645 MHz, 5000 MHz, 66.36 W, 77, P0
2026/09/30 06:59:17.849, Tesla T4, 10409 MiB, 4504 MiB, 15360 MiB, 100 %, 25 %, 720 MHz, 5000 MHz, 66.81 W, 77, P0
2026/09/30 06:59:18.359, Tesla T4, 10409 MiB, 4504 MiB, 15360 MiB, 92 %, 33 %, 690 MHz, 5000 MHz, 70.04 W, 77, P0
2026/09/30 06:59:18.873, Tesla T4, 10409 MiB, 4504 MiB, 15360 MiB, 99 %, 31 %, 630 MHz, 5000 MHz, 65.77 W, 77, P0
2026/09/30 06:59:19.387, Tesla T4, 10409 MiB, 4504 MiB, 15360 MiB, 99 %, 41 %, 675 MHz, 5000 MHz, 66.22 W, 77, P0
2026/09/30 06:59:19.905, Tesla T4, 10409 MiB, 4504 MiB, 15360 MiB, 100 %, 32 %, 645 MHz, 5000 MHz, 66.81 W, 77, P0
2026/09/30 06:59:20.417, Tesla T4, 10409 MiB, 4504 MiB, 15360 MiB, 91 %, 36 %, 600 MHz, 5000 MHz, 66.61 W, 77, P0
2026/09/30 06:59:20.928, Tesla T4, 10409 MiB, 4504 MiB, 15360 MiB, 97 %, 39 %, 630 MHz, 5000 MHz, 65.73 W, 77, P0
2026/09/30 06:59:21.448, Tesla T4, 10409 MiB, 4504 MiB, 15360 MiB, 100 %, 37 %, 600 MHz, 5000 MHz, 65.73 W, 77, P0
2026/09/30 06:59:21.993, Tesla T4, 10409 MiB, 4504 MiB, 15360 MiB, 94 %, 33 %, 645 MHz, 5000 MHz, 67.40 W, 77, P0
2026/09/30 06:59:22.519, Tesla T4, 10409 MiB, 4504 MiB, 15360 MiB, 98 %, 30 %, 660 MHz, 5000 MHz, 67.40 W, 77, P0
2026/09/30 06:59:23.046, Tesla T4, 10409 MiB, 4504 MiB, 15360 MiB, 100 %, 29 %, 645 MHz, 5000 MHz, 67.16 W, 77, P0
2026/09/30 06:59:23.571, Tesla T4, 10409 MiB, 4504 MiB, 15360 MiB, 95 %, 31 %, 675 MHz, 5000 MHz, 66.51 W, 77, P0
2026/09/30 06:59:24.090, Tesla T4, 10409 MiB, 4504 MiB, 15360 MiB, 100 %, 30 %, 630 MHz, 5000 MHz, 66.06 W, 77, P0
2026/09/30 06:59:24.602, Tesla T4, 10409 MiB, 4504 MiB, 15360 MiB, 92 %, 26 %, 675 MHz, 5000 MHz, 65.44 W, 77, P0
2026/09/30 06:59:25.115, Tesla T4, 10409 MiB, 4504 MiB, 15360 MiB, 98 %, 30 %, 615 MHz, 5000 MHz, 65.34 W, 77, P0
2026/09/30 06:59:25.626, Tesla T4, 10409 MiB, 4504 MiB, 15360 MiB, 97 %, 29 %, 600 MHz, 5000 MHz, 67.10 W, 77, P0
2026/09/30 06:59:26.144, Tesla T4, 10409 MiB, 4504 MiB, 15360 MiB, 90 %, 39 %, 615 MHz, 5000 MHz, 66.42 W, 77, P0
2026/09/30 06:59:26.656, Tesla T4, 10409 MiB, 4504 MiB, 15360 MiB, 97 %, 31 %, 630 MHz, 5000 MHz, 65.14 W, 77, P0
2026/09/30 06:59:27.175, Tesla T4, 10409 MiB, 4504 MiB, 15360 MiB, 92 %, 33 %, 615 MHz, 5000 MHz, 66.56 W, 77, P0
2026/09/30 06:59:27.686, Tesla T4, 10409 MiB, 4504 MiB, 15360 MiB, 99 %, 36 %, 600 MHz, 5000 MHz, 66.12 W, 77, P0
2026/09/30 06:59:28.197, Tesla T4, 10409 MiB, 4504 MiB, 15360 MiB, 92 %, 36 %, 585 MHz, 5000 MHz, 65.83 W, 77, P0
2026/09/30 06:59:28.713, Tesla T4, 10409 MiB, 4504 MiB, 15360 MiB, 96 %, 36 %, 705 MHz, 5000 MHz, 66.12 W, 77, P0
2026/09/30 06:59:29.225, Tesla T4, 10409 MiB, 4504 MiB, 15360 MiB, 100 %, 23 %, 750 MHz, 5000 MHz, 66.12 W, 77, P0
2026/09/30 06:59:29.743, Tesla T4, 10409 MiB, 4504 MiB, 15360 MiB, 98 %, 33 %, 630 MHz, 5000 MHz, 66.12 W, 77, P0
2026/09/30 06:59:30.255, Tesla T4, 10409 MiB, 4504 MiB, 15360 MiB, 91 %, 24 %, 720 MHz, 5000 MHz, 64.99 W, 77, P0
2026/09/30 06:59:30.770, Tesla T4, 10409 MiB, 4504 MiB, 15360 MiB, 100 %, 22 %, 720 MHz, 5000 MHz, 65.73 W, 77, P0
2026/09/30 06:59:31.284, Tesla T4, 10409 MiB, 4504 MiB, 15360 MiB, 98 %, 33 %, 630 MHz, 5000 MHz, 66.51 W, 77, P0
2026/09/30 06:59:31.795, Tesla T4, 10409 MiB, 4504 MiB, 15360 MiB, 92 %, 40 %, 630 MHz, 5000 MHz, 65.44 W, 77, P0
2026/09/30 06:59:32.315, Tesla T4, 10409 MiB, 4504 MiB, 15360 MiB, 100 %, 39 %, 585 MHz, 5000 MHz, 65.83 W, 77, P0
2026/09/30 06:59:32.827, Tesla T4, 10409 MiB, 4504 MiB, 15360 MiB, 92 %, 39 %, 600 MHz, 5000 MHz, 68.82 W, 77, P0
2026/09/30 06:59:33.344, Tesla T4, 10409 MiB, 4504 MiB, 15360 MiB, 100 %, 35 %, 720 MHz, 5000 MHz, 66.42 W, 77, P0
2026/09/30 06:59:33.855, Tesla T4, 10409 MiB, 4504 MiB, 15360 MiB, 93 %, 43 %, 645 MHz, 5000 MHz, 65.44 W, 77, P0
2026/09/30 06:59:34.368, Tesla T4, 10409 MiB, 4504 MiB, 15360 MiB, 100 %, 28 %, 675 MHz, 5000 MHz, 66.51 W, 77, P0
2026/09/30 06:59:34.903, Tesla T4, 10409 MiB, 4504 MiB, 15360 MiB, 100 %, 27 %, 675 MHz, 5000 MHz, 66.51 W, 77, P0
2026/09/30 06:59:35.428, Tesla T4, 10409 MiB, 4504 MiB, 15360 MiB, 93 %, 46 %, 555 MHz, 5000 MHz, 66.71 W, 77, P0
2026/09/30 06:59:35.952, Tesla T4, 10409 MiB, 4504 MiB, 15360 MiB, 98 %, 31 %, 615 MHz, 5000 MHz, 65.83 W, 77, P0
2026/09/30 06:59:36.484, Tesla T4, 10409 MiB, 4504 MiB, 15360 MiB, 84 %, 31 %, 555 MHz, 5000 MHz, 63.87 W, 77, P0
2026/09/30 06:59:37.000, Tesla T4, 10409 MiB, 4504 MiB, 15360 MiB, 98 %, 31 %, 600 MHz, 5000 MHz, 65.34 W, 77, P0
2026/09/30 06:59:37.522, Tesla T4, 10409 MiB, 4504 MiB, 15360 MiB, 96 %, 31 %, 630 MHz, 5000 MHz, 66.12 W, 77, P0
2026/09/30 06:59:38.047, Tesla T4, 10409 MiB, 4504 MiB, 15360 MiB, 92 %, 34 %, 690 MHz, 5000 MHz, 68.92 W, 77, P0
2026/09/30 06:59:38.564, Tesla T4, 10409 MiB, 4504 MiB, 15360 MiB, 100 %, 29 %, 630 MHz, 5000 MHz, 65.77 W, 77, P0
2026/09/30 06:59:39.091, Tesla T4, 10409 MiB, 4504 MiB, 15360 MiB, 100 %, 35 %, 555 MHz, 5000 MHz, 65.63 W, 77, P0
2026/09/30 06:59:39.602, Tesla T4, 10409 MiB, 4504 MiB, 15360 MiB, 92 %, 35 %, 540 MHz, 5000 MHz, 66.36 W, 77, P0
2026/09/30 06:59:40.121, Tesla T4, 10409 MiB, 4504 MiB, 15360 MiB, 96 %, 26 %, 615 MHz, 5000 MHz, 64.85 W, 77, P0
2026/09/30 06:59:40.632, Tesla T4, 10409 MiB, 4504 MiB, 15360 MiB, 100 %, 27 %, 600 MHz, 5000 MHz, 65.93 W, 77, P0
2026/09/30 06:59:41.145, Tesla T4, 10409 MiB, 4504 MiB, 15360 MiB, 100 %, 23 %, 735 MHz, 5000 MHz, 67.59 W, 77, P0
2026/09/30 06:59:41.656, Tesla T4, 10409 MiB, 4504 MiB, 15360 MiB, 100 %, 23 %, 690 MHz, 5000 MHz, 66.51 W, 77, P0
2026/09/30 06:59:42.166, Tesla T4, 10409 MiB, 4504 MiB, 15360 MiB, 100 %, 26 %, 615 MHz, 5000 MHz, 66.12 W, 77, P0
2026/09/30 06:59:42.683, Tesla T4, 10409 MiB, 4504 MiB, 15360 MiB, 97 %, 24 %, 720 MHz, 5000 MHz, 66.91 W, 77, P0
2026/09/30 06:59:43.194, Tesla T4, 10409 MiB, 4504 MiB, 15360 MiB, 100 %, 22 %, 720 MHz, 5000 MHz, 66.81 W, 77, P0
2026/09/30 06:59:43.705, Tesla T4, 10409 MiB, 4504 MiB, 15360 MiB, 97 %, 34 %, 630 MHz, 5000 MHz, 70.36 W, 77, P0
2026/09/30 06:59:44.222, Tesla T4, 10409 MiB, 4504 MiB, 15360 MiB, 92 %, 38 %, 660 MHz, 5000 MHz, 68.04 W, 77, P0
2026/09/30 06:59:44.733, Tesla T4, 10409 MiB, 4504 MiB, 15360 MiB, 98 %, 34 %, 570 MHz, 5000 MHz, 64.79 W, 77, P0
2026/09/30 06:59:45.245, Tesla T4, 10409 MiB, 4504 MiB, 15360 MiB, 99 %, 36 %, 570 MHz, 5000 MHz, 65.73 W, 77, P0
2026/09/30 06:59:45.757, Tesla T4, 10409 MiB, 4504 MiB, 15360 MiB, 100 %, 29 %, 645 MHz, 5000 MHz, 66.51 W, 77, P0
2026/09/30 06:59:46.268, Tesla T4, 10409 MiB, 4504 MiB, 15360 MiB, 98 %, 30 %, 630 MHz, 5000 MHz, 65.83 W, 77, P0
2026/09/30 06:59:46.783, Tesla T4, 10409 MiB, 4504 MiB, 15360 MiB, 100 %, 29 %, 600 MHz, 5000 MHz, 65.34 W, 77, P0
2026/09/30 06:59:47.313, Tesla T4, 10409 MiB, 4504 MiB, 15360 MiB, 98 %, 31 %, 855 MHz, 5000 MHz, 64.89 W, 77, P0
2026/09/30 06:59:47.839, Tesla T4, 10409 MiB, 4504 MiB, 15360 MiB, 98 %, 36 %, 840 MHz, 5000 MHz, 69.31 W, 77, P0
2026/09/30 06:59:48.371, Tesla T4, 10409 MiB, 4504 MiB, 15360 MiB, 96 %, 39 %, 555 MHz, 5000 MHz, 67.80 W, 77, P0
2026/09/30 06:59:48.913, Tesla T4, 10409 MiB, 4504 MiB, 15360 MiB, 94 %, 50 %, 615 MHz, 5000 MHz, 65.67 W, 77, P0
2026/09/30 06:59:49.441, Tesla T4, 10409 MiB, 4504 MiB, 15360 MiB, 98 %, 27 %, 675 MHz, 5000 MHz, 65.87 W, 77, P0
2026/09/30 06:59:49.958, Tesla T4, 10409 MiB, 4504 MiB, 15360 MiB, 92 %, 30 %, 630 MHz, 5000 MHz, 64.95 W, 77, P0
2026/09/30 06:59:50.468, Tesla T4, 10409 MiB, 4504 MiB, 15360 MiB, 98 %, 28 %, 675 MHz, 5000 MHz, 66.71 W, 77, P0
2026/09/30 06:59:50.982, Tesla T4, 10409 MiB, 4504 MiB, 15360 MiB, 96 %, 24 %, 705 MHz, 5000 MHz, 68.72 W, 77, P0
2026/09/30 06:59:51.493, Tesla T4, 10409 MiB, 4504 MiB, 15360 MiB, 100 %, 22 %, 630 MHz, 5000 MHz, 66.81 W, 77, P0
2026/09/30 06:59:52.010, Tesla T4, 10409 MiB, 4504 MiB, 15360 MiB, 90 %, 27 %, 705 MHz, 5000 MHz, 66.32 W, 77, P0
2026/09/30 06:59:52.521, Tesla T4, 10409 MiB, 4504 MiB, 15360 MiB, 100 %, 24 %, 600 MHz, 5000 MHz, 65.83 W, 77, P0
2026/09/30 06:59:53.037, Tesla T4, 10409 MiB, 4504 MiB, 15360 MiB, 97 %, 28 %, 540 MHz, 5000 MHz, 68.86 W, 77, P0
2026/09/30 06:59:53.553, Tesla T4, 10409 MiB, 4504 MiB, 15360 MiB, 100 %, 32 %, 720 MHz, 5000 MHz, 66.91 W, 77, P0
2026/09/30 06:59:54.072, Tesla T4, 10409 MiB, 4504 MiB, 15360 MiB, 100 %, 23 %, 735 MHz, 5000 MHz, 67.59 W, 77, P0
2026/09/30 06:59:54.583, Tesla T4, 10409 MiB, 4504 MiB, 15360 MiB, 92 %, 35 %, 540 MHz, 5000 MHz, 65.52 W, 77, P0
2026/09/30 06:59:55.098, Tesla T4, 10409 MiB, 4504 MiB, 15360 MiB, 97 %, 26 %, 720 MHz, 5000 MHz, 66.91 W, 77, P0
2026/09/30 06:59:55.613, Tesla T4, 10409 MiB, 4504 MiB, 15360 MiB, 100 %, 22 %, 720 MHz, 5000 MHz, 65.93 W, 77, P0
2026/09/30 06:59:56.124, Tesla T4, 10409 MiB, 4504 MiB, 15360 MiB, 97 %, 33 %, 570 MHz, 5000 MHz, 66.12 W, 77, P0
2026/09/30 06:59:56.637, Tesla T4, 10409 MiB, 4504 MiB, 15360 MiB, 100 %, 28 %, 645 MHz, 5000 MHz, 67.06 W, 77, P0
2026/09/30 06:59:57.148, Tesla T4, 10409 MiB, 4504 MiB, 15360 MiB, 91 %, 26 %, 540 MHz, 5000 MHz, 65.28 W, 77, P0
2026/09/30 06:59:57.663, Tesla T4, 10409 MiB, 4504 MiB, 15360 MiB, 100 %, 26 %, 660 MHz, 5000 MHz, 65.67 W, 77, P0
2026/09/30 06:59:58.174, Tesla T4, 10409 MiB, 4504 MiB, 15360 MiB, 100 %, 27 %, 690 MHz, 5000 MHz, 66.71 W, 77, P0
2026/09/30 06:59:58.685, Tesla T4, 10409 MiB, 4504 MiB, 15360 MiB, 96 %, 46 %, 630 MHz, 5000 MHz, 66.22 W, 77, P0
2026/09/30 06:59:59.200, Tesla T4, 10409 MiB, 4504 MiB, 15360 MiB, 100 %, 27 %, 630 MHz, 5000 MHz, 65.28 W, 77, P0
2026/09/30 06:59:59.733, Tesla T4, 10409 MiB, 4504 MiB, 15360 MiB, 84 %, 36 %, 630 MHz, 5000 MHz, 66.71 W, 77, P0
2026/09/30 07:00:00.261, Tesla T4, 10409 MiB, 4504 MiB, 15360 MiB, 100 %, 26 %, 615 MHz, 5000 MHz, 65.73 W, 77, P0
2026/09/30 07:00:00.782, Tesla T4, 10409 MiB, 4504 MiB, 15360 MiB, 95 %, 39 %, 540 MHz, 5000 MHz, 65.18 W, 77, P0
2026/09/30 07:00:01.306, Tesla T4, 10409 MiB, 4504 MiB, 15360 MiB, 100 %, 30 %, 615 MHz, 5000 MHz, 65.04 W, 77, P0
2026/09/30 07:00:01.828, Tesla T4, 10409 MiB, 4504 MiB, 15360 MiB, 85 %, 31 %, 555 MHz, 5000 MHz, 65.44 W, 77, P0
2026/09/30 07:00:02.340, Tesla T4, 10409 MiB, 4504 MiB, 15360 MiB, 100 %, 30 %, 600 MHz, 5000 MHz, 66.71 W, 77, P0
2026/09/30 07:00:02.856, Tesla T4, 10409 MiB, 4504 MiB, 15360 MiB, 92 %, 54 %, 615 MHz, 5000 MHz, 67.20 W, 77, P0
2026/09/30 07:00:03.368, Tesla T4, 10409 MiB, 4504 MiB, 15360 MiB, 100 %, 25 %, 615 MHz, 5000 MHz, 64.85 W, 77, P0
2026/09/30 07:00:03.882, Tesla T4, 10409 MiB, 4504 MiB, 15360 MiB, 98 %, 33 %, 615 MHz, 5000 MHz, 58.33 W, 77, P0
2026/09/30 07:00:04.397, Tesla T4, 10409 MiB, 4504 MiB, 15360 MiB, 100 %, 25 %, 645 MHz, 5000 MHz, 66.51 W, 77, P0
2026/09/30 07:00:04.915, Tesla T4, 10409 MiB, 4504 MiB, 15360 MiB, 99 %, 36 %, 570 MHz, 5000 MHz, 62.63 W, 77, P0
2026/09/30 07:00:05.430, Tesla T4, 10409 MiB, 4504 MiB, 15360 MiB, 100 %, 33 %, 660 MHz, 5000 MHz, 65.49 W, 77, P0
2026/09/30 07:00:05.944, Tesla T4, 10409 MiB, 4504 MiB, 15360 MiB, 100 %, 34 %, 555 MHz, 5000 MHz, 65.63 W, 77, P0
2026/09/30 07:00:06.456, Tesla T4, 10409 MiB, 4504 MiB, 15360 MiB, 96 %, 31 %, 690 MHz, 5000 MHz, 66.51 W, 77, P0
2026/09/30 07:00:06.967, Tesla T4, 10409 MiB, 4504 MiB, 15360 MiB, 96 %, 36 %, 735 MHz, 5000 MHz, 70.21 W, 77, P0
2026/09/30 07:00:07.484, Tesla T4, 10409 MiB, 4504 MiB, 15360 MiB, 100 %, 25 %, 645 MHz, 5000 MHz, 67.04 W, 77, P0
2026/09/30 07:00:07.995, Tesla T4, 10409 MiB, 4504 MiB, 15360 MiB, 100 %, 32 %, 630 MHz, 5000 MHz, 67.06 W, 77, P0
2026/09/30 07:00:08.512, Tesla T4, 10409 MiB, 4504 MiB, 15360 MiB, 92 %, 27 %, 1050 MHz, 5000 MHz, 64.20 W, 77, P0
2026/09/30 07:00:09.037, Tesla T4, 10409 MiB, 4504 MiB, 15360 MiB, 100 %, 30 %, 615 MHz, 5000 MHz, 67.26 W, 77, P0
2026/09/30 07:00:09.548, Tesla T4, 10409 MiB, 4504 MiB, 15360 MiB, 97 %, 32 %, 585 MHz, 5000 MHz, 66.32 W, 77, P0
2026/09/30 07:00:10.065, Tesla T4, 10409 MiB, 4504 MiB, 15360 MiB, 99 %, 35 %, 540 MHz, 5000 MHz, 66.16 W, 77, P0
2026/09/30 07:00:10.580, Tesla T4, 10409 MiB, 4504 MiB, 15360 MiB, 95 %, 36 %, 735 MHz, 5000 MHz, 66.65 W, 77, P0
2026/09/30 07:00:11.092, Tesla T4, 10409 MiB, 4504 MiB, 15360 MiB, 100 %, 25 %, 630 MHz, 5000 MHz, 68.77 W, 77, P0
2026/09/30 07:00:11.606, Tesla T4, 10409 MiB, 4504 MiB, 15360 MiB, 92 %, 28 %, 705 MHz, 5000 MHz, 66.91 W, 77, P0
2026/09/30 07:00:12.118, Tesla T4, 10409 MiB, 4504 MiB, 15360 MiB, 100 %, 23 %, 630 MHz, 5000 MHz, 65.34 W, 77, P0
2026/09/30 07:00:12.638, Tesla T4, 10409 MiB, 4504 MiB, 15360 MiB, 95 %, 32 %, 570 MHz, 5000 MHz, 64.85 W, 77, P0
2026/09/30 07:00:13.174, Tesla T4, 10409 MiB, 4504 MiB, 15360 MiB, 100 %, 34 %, 585 MHz, 5000 MHz, 66.71 W, 77, P0
2026/09/30 07:00:13.696, Tesla T4, 10409 MiB, 4504 MiB, 15360 MiB, 94 %, 38 %, 690 MHz, 5000 MHz, 66.02 W, 77, P0
2026/09/30 07:00:14.225, Tesla T4, 10409 MiB, 4504 MiB, 15360 MiB, 98 %, 36 %, 660 MHz, 5000 MHz, 61.89 W, 77, P0
2026/09/30 07:00:14.760, Tesla T4, 10409 MiB, 4504 MiB, 15360 MiB, 100 %, 32 %, 555 MHz, 5000 MHz, 66.02 W, 77, P0
2026/09/30 07:00:15.281, Tesla T4, 10409 MiB, 4504 MiB, 15360 MiB, 92 %, 32 %, 600 MHz, 5000 MHz, 64.65 W, 77, P0
2026/09/30 07:00:15.792, Tesla T4, 10409 MiB, 4504 MiB, 15360 MiB, 100 %, 35 %, 555 MHz, 5000 MHz, 66.96 W, 77, P0
2026/09/30 07:00:16.305, Tesla T4, 10409 MiB, 4504 MiB, 15360 MiB, 91 %, 53 %, 570 MHz, 5000 MHz, 71.57 W, 77, P0
2026/09/30 07:00:16.819, Tesla T4, 10409 MiB, 4504 MiB, 15360 MiB, 98 %, 26 %, 705 MHz, 5000 MHz, 66.26 W, 77, P0
2026/09/30 07:00:17.336, Tesla T4, 10409 MiB, 4504 MiB, 15360 MiB, 91 %, 24 %, 630 MHz, 5000 MHz, 66.46 W, 77, P0
2026/09/30 07:00:17.848, Tesla T4, 10409 MiB, 4504 MiB, 15360 MiB, 100 %, 25 %, 690 MHz, 5000 MHz, 66.06 W, 77, P0
2026/09/30 07:00:18.366, Tesla T4, 10409 MiB, 4504 MiB, 15360 MiB, 100 %, 28 %, 630 MHz, 5000 MHz, 67.00 W, 77, P0
2026/09/30 07:00:18.878, Tesla T4, 10409 MiB, 4504 MiB, 15360 MiB, 90 %, 38 %, 630 MHz, 5000 MHz, 69.41 W, 77, P0
2026/09/30 07:00:19.390, Tesla T4, 10409 MiB, 4504 MiB, 15360 MiB, 100 %, 29 %, 600 MHz, 5000 MHz, 66.71 W, 77, P0
2026/09/30 07:00:19.901, Tesla T4, 10409 MiB, 4504 MiB, 15360 MiB, 100 %, 36 %, 570 MHz, 5000 MHz, 64.79 W, 77, P0
2026/09/30 07:00:20.412, Tesla T4, 10409 MiB, 4504 MiB, 15360 MiB, 100 %, 37 %, 570 MHz, 5000 MHz, 65.83 W, 77, P0
2026/09/30 07:00:20.929, Tesla T4, 10409 MiB, 4504 MiB, 15360 MiB, 99 %, 38 %, 690 MHz, 5000 MHz, 68.28 W, 77, P0
2026/09/30 07:00:21.442, Tesla T4, 10409 MiB, 4504 MiB, 15360 MiB, 92 %, 41 %, 615 MHz, 5000 MHz, 65.67 W, 77, P0
2026/09/30 07:00:21.956, Tesla T4, 10409 MiB, 4504 MiB, 15360 MiB, 100 %, 31 %, 630 MHz, 5000 MHz, 65.44 W, 77, P0
2026/09/30 07:00:22.468, Tesla T4, 10409 MiB, 4504 MiB, 15360 MiB, 100 %, 29 %, 540 MHz, 5000 MHz, 67.69 W, 77, P0
2026/09/30 07:00:22.978, Tesla T4, 10409 MiB, 4504 MiB, 15360 MiB, 98 %, 30 %, 630 MHz, 5000 MHz, 64.36 W, 77, P0
2026/09/30 07:00:23.495, Tesla T4, 10409 MiB, 4504 MiB, 15360 MiB, 96 %, 28 %, 630 MHz, 5000 MHz, 65.04 W, 77, P0
2026/09/30 07:00:24.007, Tesla T4, 10409 MiB, 4504 MiB, 15360 MiB, 100 %, 28 %, 675 MHz, 5000 MHz, 65.34 W, 77, P0
2026/09/30 07:00:24.520, Tesla T4, 10409 MiB, 4504 MiB, 15360 MiB, 100 %, 26 %, 675 MHz, 5000 MHz, 66.81 W, 77, P0
2026/09/30 07:00:25.033, Tesla T4, 10409 MiB, 4504 MiB, 15360 MiB, 100 %, 27 %, 630 MHz, 5000 MHz, 65.97 W, 77, P0
2026/09/30 07:00:25.579, Tesla T4, 10409 MiB, 4504 MiB, 15360 MiB, 97 %, 28 %, 690 MHz, 5000 MHz, 66.12 W, 77, P0
2026/09/30 07:00:26.103, Tesla T4, 10409 MiB, 4504 MiB, 15360 MiB, 98 %, 36 %, 645 MHz, 5000 MHz, 66.16 W, 77, P0
2026/09/30 07:00:26.624, Tesla T4, 10409 MiB, 4504 MiB, 15360 MiB, 87 %, 32 %, 540 MHz, 5000 MHz, 56.07 W, 77, P0
2026/09/30 07:00:27.149, Tesla T4, 10409 MiB, 4504 MiB, 15360 MiB, 94 %, 25 %, 690 MHz, 5000 MHz, 66.12 W, 77, P0
2026/09/30 07:00:27.666, Tesla T4, 10409 MiB, 4504 MiB, 15360 MiB, 98 %, 29 %, 690 MHz, 5000 MHz, 66.61 W, 77, P0
2026/09/30 07:00:28.177, Tesla T4, 10409 MiB, 4504 MiB, 15360 MiB, 98 %, 26 %, 720 MHz, 5000 MHz, 66.91 W, 77, P0
2026/09/30 07:00:28.688, Tesla T4, 10409 MiB, 4504 MiB, 15360 MiB, 100 %, 28 %, 645 MHz, 5000 MHz, 66.02 W, 77, P0
2026/09/30 07:00:29.200, Tesla T4, 10409 MiB, 4504 MiB, 15360 MiB, 92 %, 35 %, 675 MHz, 5000 MHz, 66.02 W, 77, P0
2026/09/30 07:00:29.711, Tesla T4, 10409 MiB, 4504 MiB, 15360 MiB, 100 %, 25 %, 585 MHz, 5000 MHz, 65.38 W, 77, P0
2026/09/30 07:00:30.228, Tesla T4, 10409 MiB, 4504 MiB, 15360 MiB, 98 %, 38 %, 750 MHz, 5000 MHz, 66.12 W, 77, P0
2026/09/30 07:00:30.740, Tesla T4, 10409 MiB, 4504 MiB, 15360 MiB, 99 %, 38 %, 675 MHz, 5000 MHz, 63.32 W, 77, P0
2026/09/30 07:00:31.254, Tesla T4, 10409 MiB, 4504 MiB, 15360 MiB, 99 %, 38 %, 660 MHz, 5000 MHz, 69.61 W, 77, P0
2026/09/30 07:00:31.769, Tesla T4, 10409 MiB, 4504 MiB, 15360 MiB, 96 %, 41 %, 660 MHz, 5000 MHz, 66.42 W, 77, P0
2026/09/30 07:00:32.289, Tesla T4, 10409 MiB, 4504 MiB, 15360 MiB, 99 %, 34 %, 720 MHz, 5000 MHz, 63.12 W, 77, P0
2026/09/30 07:00:32.802, Tesla T4, 10409 MiB, 4504 MiB, 15360 MiB, 99 %, 33 %, 585 MHz, 5000 MHz, 66.12 W, 77, P0
2026/09/30 07:00:33.314, Tesla T4, 10409 MiB, 4504 MiB, 15360 MiB, 100 %, 23 %, 735 MHz, 5000 MHz, 65.87 W, 77, P0
2026/09/30 07:00:33.832, Tesla T4, 10409 MiB, 4504 MiB, 15360 MiB, 100 %, 23 %, 690 MHz, 5000 MHz, 66.42 W, 77, P0
2026/09/30 07:00:34.345, Tesla T4, 10409 MiB, 4504 MiB, 15360 MiB, 100 %, 26 %, 600 MHz, 5000 MHz, 65.53 W, 77, P0
2026/09/30 07:00:34.860, Tesla T4, 10409 MiB, 4504 MiB, 15360 MiB, 100 %, 26 %, 630 MHz, 5000 MHz, 65.98 W, 77, P0
2026/09/30 07:00:35.371, Tesla T4, 10409 MiB, 4504 MiB, 15360 MiB, 100 %, 22 %, 720 MHz, 5000 MHz, 64.79 W, 77, P0
2026/09/30 07:00:35.886, Tesla T4, 10409 MiB, 4504 MiB, 15360 MiB, 100 %, 22 %, 720 MHz, 5000 MHz, 65.04 W, 77, P0
2026/09/30 07:00:36.398, Tesla T4, 10409 MiB, 4504 MiB, 15360 MiB, 100 %, 26 %, 630 MHz, 5000 MHz, 65.18 W, 77, P0
2026/09/30 07:00:36.916, Tesla T4, 10409 MiB, 4504 MiB, 15360 MiB, 100 %, 26 %, 630 MHz, 5000 MHz, 66.02 W, 77, P0
2026/09/30 07:00:37.455, Tesla T4, 10409 MiB, 4504 MiB, 15360 MiB, 22 %, 13 %, 855 MHz, 5000 MHz, 71.48 W, 77, P0
2026/09/30 07:00:37.978, Tesla T4, 10409 MiB, 4504 MiB, 15360 MiB, 100 %, 36 %, 585 MHz, 5000 MHz, 66.42 W, 77, P0
2026/09/30 07:00:38.501, Tesla T4, 10409 MiB, 4504 MiB, 15360 MiB, 98 %, 38 %, 585 MHz, 5000 MHz, 66.06 W, 77, P0
2026/09/30 07:00:39.033, Tesla T4, 10409 MiB, 4504 MiB, 15360 MiB, 100 %, 34 %, 555 MHz, 5000 MHz, 64.85 W, 77, P0
2026/09/30 07:00:39.550, Tesla T4, 10409 MiB, 4504 MiB, 15360 MiB, 94 %, 34 %, 780 MHz, 5000 MHz, 66.51 W, 77, P0
2026/09/30 07:00:40.079, Tesla T4, 10409 MiB, 4504 MiB, 15360 MiB, 98 %, 31 %, 720 MHz, 5000 MHz, 66.81 W, 77, P0
2026/09/30 07:00:40.604, Tesla T4, 10409 MiB, 4504 MiB, 15360 MiB, 98 %, 33 %, 585 MHz, 5000 MHz, 64.95 W, 77, P0
2026/09/30 07:00:41.121, Tesla T4, 10409 MiB, 4504 MiB, 15360 MiB, 100 %, 30 %, 570 MHz, 5000 MHz, 67.45 W, 77, P0
2026/09/30 07:00:41.637, Tesla T4, 10409 MiB, 4504 MiB, 15360 MiB, 100 %, 29 %, 645 MHz, 5000 MHz, 66.81 W, 77, P0
2026/09/30 07:00:42.151, Tesla T4, 10409 MiB, 4504 MiB, 15360 MiB, 99 %, 29 %, 660 MHz, 5000 MHz, 66.28 W, 77, P0
2026/09/30 07:00:42.664, Tesla T4, 10409 MiB, 4504 MiB, 15360 MiB, 100 %, 29 %, 645 MHz, 5000 MHz, 66.22 W, 77, P0
2026/09/30 07:00:43.176, Tesla T4, 10409 MiB, 4504 MiB, 15360 MiB, 98 %, 35 %, 765 MHz, 5000 MHz, 66.56 W, 77, P0
2026/09/30 07:00:43.688, Tesla T4, 10409 MiB, 4504 MiB, 15360 MiB, 100 %, 24 %, 675 MHz, 5000 MHz, 68.12 W, 77, P0
2026/09/30 07:00:44.201, Tesla T4, 10409 MiB, 4504 MiB, 15360 MiB, 100 %, 30 %, 570 MHz, 5000 MHz, 66.32 W, 77, P0
2026/09/30 07:00:44.718, Tesla T4, 10409 MiB, 4504 MiB, 15360 MiB, 100 %, 25 %, 690 MHz, 5000 MHz, 65.83 W, 77, P0
2026/09/30 07:00:45.228, Tesla T4, 10409 MiB, 4504 MiB, 15360 MiB, 100 %, 30 %, 600 MHz, 5000 MHz, 66.71 W, 77, P0
2026/09/30 07:00:45.745, Tesla T4, 10409 MiB, 4504 MiB, 15360 MiB, 93 %, 40 %, 645 MHz, 5000 MHz, 72.06 W, 77, P0
2026/09/30 07:00:46.259, Tesla T4, 10409 MiB, 4504 MiB, 15360 MiB, 100 %, 25 %, 705 MHz, 5000 MHz, 66.22 W, 77, P0
2026/09/30 07:00:46.770, Tesla T4, 10409 MiB, 4504 MiB, 15360 MiB, 98 %, 32 %, 630 MHz, 5000 MHz, 66.42 W, 77, P0
2026/09/30 07:00:47.283, Tesla T4, 10409 MiB, 4504 MiB, 15360 MiB, 100 %, 26 %, 720 MHz, 5000 MHz, 66.02 W, 77, P0
2026/09/30 07:00:47.794, Tesla T4, 10409 MiB, 4504 MiB, 15360 MiB, 98 %, 28 %, 630 MHz, 5000 MHz, 65.73 W, 77, P0
2026/09/30 07:00:48.306, Tesla T4, 10409 MiB, 4504 MiB, 15360 MiB, 96 %, 32 %, 600 MHz, 5000 MHz, 66.42 W, 77, P0
2026/09/30 07:00:48.819, Tesla T4, 10409 MiB, 4504 MiB, 15360 MiB, 91 %, 32 %, 660 MHz, 5000 MHz, 66.91 W, 77, P0
2026/09/30 07:00:49.330, Tesla T4, 10409 MiB, 4504 MiB, 15360 MiB, 100 %, 33 %, 660 MHz, 5000 MHz, 66.61 W, 77, P0
2026/09/30 07:00:49.849, Tesla T4, 10409 MiB, 4504 MiB, 15360 MiB, 100 %, 32 %, 555 MHz, 5000 MHz, 68.08 W, 77, P0
2026/09/30 07:00:50.363, Tesla T4, 10409 MiB, 4504 MiB, 15360 MiB, 97 %, 32 %, 615 MHz, 5000 MHz, 65.04 W, 77, P0
2026/09/30 07:00:50.893, Tesla T4, 10409 MiB, 4504 MiB, 15360 MiB, 94 %, 38 %, 600 MHz, 5000 MHz, 66.91 W, 77, P0
2026/09/30 07:00:51.438, Tesla T4, 10409 MiB, 4504 MiB, 15360 MiB, 84 %, 30 %, 600 MHz, 5000 MHz, 65.79 W, 77, P0
2026/09/30 07:00:51.974, Tesla T4, 10409 MiB, 4504 MiB, 15360 MiB, 100 %, 33 %, 705 MHz, 5000 MHz, 68.15 W, 77, P0
2026/09/30 07:00:52.506, Tesla T4, 10409 MiB, 4504 MiB, 15360 MiB, 100 %, 37 %, 615 MHz, 5000 MHz, 65.93 W, 76, P0
2026/09/30 07:00:53.033, Tesla T4, 10409 MiB, 4504 MiB, 15360 MiB, 93 %, 32 %, 600 MHz, 5000 MHz, 65.04 W, 77, P0
2026/09/30 07:00:53.546, Tesla T4, 10409 MiB, 4504 MiB, 15360 MiB, 100 %, 26 %, 630 MHz, 5000 MHz, 66.91 W, 77, P0
2026/09/30 07:00:54.057, Tesla T4, 10409 MiB, 4504 MiB, 15360 MiB, 100 %, 27 %, 570 MHz, 5000 MHz, 65.83 W, 77, P0
2026/09/30 07:00:54.705, Tesla T4, 10409 MiB, 4504 MiB, 15360 MiB, 100 %, 28 %, 615 MHz, 5000 MHz, 64.36 W, 77, P0
2026/09/30 07:00:55.224, Tesla T4, 10409 MiB, 4504 MiB, 15360 MiB, 100 %, 26 %, 630 MHz, 5000 MHz, 65.44 W, 77, P0
2026/09/30 07:00:55.738, Tesla T4, 10409 MiB, 4504 MiB, 15360 MiB, 96 %, 37 %, 585 MHz, 5000 MHz, 67.49 W, 77, P0
2026/09/30 07:00:56.259, Tesla T4, 10409 MiB, 4504 MiB, 15360 MiB, 100 %, 29 %, 720 MHz, 5000 MHz, 57.34 W, 77, P0
2026/09/30 07:00:56.771, Tesla T4, 10409 MiB, 4504 MiB, 15360 MiB, 100 %, 30 %, 585 MHz, 5000 MHz, 66.22 W, 77, P0
2026/09/30 07:00:57.287, Tesla T4, 10415 MiB, 4498 MiB, 15360 MiB, 96 %, 29 %, 585 MHz, 5000 MHz, 64.10 W, 77, P0
2026/09/30 07:00:57.801, Tesla T4, 10415 MiB, 4498 MiB, 15360 MiB, 100 %, 29 %, 615 MHz, 5000 MHz, 63.81 W, 77, P0
2026/09/30 07:00:58.319, Tesla T4, 10415 MiB, 4498 MiB, 15360 MiB, 98 %, 30 %, 675 MHz, 5000 MHz, 65.93 W, 77, P0
2026/09/30 07:00:58.831, Tesla T4, 10415 MiB, 4498 MiB, 15360 MiB, 89 %, 26 %, 585 MHz, 5000 MHz, 66.42 W, 77, P0
2026/09/30 07:00:59.349, Tesla T4, 10415 MiB, 4498 MiB, 15360 MiB, 100 %, 28 %, 615 MHz, 5000 MHz, 65.18 W, 77, P0
2026/09/30 07:00:59.861, Tesla T4, 10415 MiB, 4498 MiB, 15360 MiB, 98 %, 27 %, 645 MHz, 5000 MHz, 65.93 W, 77, P0
2026/09/30 07:01:00.372, Tesla T4, 10415 MiB, 4498 MiB, 15360 MiB, 100 %, 28 %, 660 MHz, 5000 MHz, 66.91 W, 77, P0
2026/09/30 07:01:00.884, Tesla T4, 10415 MiB, 4498 MiB, 15360 MiB, 100 %, 28 %, 675 MHz, 5000 MHz, 65.53 W, 77, P0
2026/09/30 07:01:01.395, Tesla T4, 10415 MiB, 4498 MiB, 15360 MiB, 98 %, 31 %, 600 MHz, 5000 MHz, 65.04 W, 77, P0
2026/09/30 07:01:01.916, Tesla T4, 10415 MiB, 4498 MiB, 15360 MiB, 100 %, 28 %, 675 MHz, 5000 MHz, 66.16 W, 77, P0
2026/09/30 07:01:02.427, Tesla T4, 10415 MiB, 4498 MiB, 15360 MiB, 100 %, 36 %, 585 MHz, 5000 MHz, 66.81 W, 77, P0
2026/09/30 07:01:02.946, Tesla T4, 10417 MiB, 4496 MiB, 15360 MiB, 100 %, 23 %, 750 MHz, 5000 MHz, 66.06 W, 77, P0
2026/09/30 07:01:03.474, Tesla T4, 10417 MiB, 4496 MiB, 15360 MiB, 100 %, 23 %, 750 MHz, 5000 MHz, 66.71 W, 77, P0
2026/09/30 07:01:04.006, Tesla T4, 10417 MiB, 4496 MiB, 15360 MiB, 98 %, 41 %, 720 MHz, 5000 MHz, 65.24 W, 77, P0
2026/09/30 07:01:04.522, Tesla T4, 10417 MiB, 4496 MiB, 15360 MiB, 100 %, 22 %, 720 MHz, 5000 MHz, 65.57 W, 77, P0
2026/09/30 07:01:05.040, Tesla T4, 10417 MiB, 4496 MiB, 15360 MiB, 97 %, 36 %, 615 MHz, 5000 MHz, 65.59 W, 77, P0
2026/09/30 07:01:05.577, Tesla T4, 10417 MiB, 4496 MiB, 15360 MiB, 100 %, 30 %, 615 MHz, 5000 MHz, 65.93 W, 77, P0
2026/09/30 07:01:06.100, Tesla T4, 10417 MiB, 4496 MiB, 15360 MiB, 100 %, 33 %, 630 MHz, 5000 MHz, 64.95 W, 77, P0
2026/09/30 07:01:06.617, Tesla T4, 10417 MiB, 4496 MiB, 15360 MiB, 100 %, 30 %, 600 MHz, 5000 MHz, 66.32 W, 77, P0
2026/09/30 07:01:07.128, Tesla T4, 10417 MiB, 4496 MiB, 15360 MiB, 100 %, 32 %, 645 MHz, 5000 MHz, 64.65 W, 77, P0
2026/09/30 07:01:07.639, Tesla T4, 10417 MiB, 4496 MiB, 15360 MiB, 100 %, 23 %, 735 MHz, 5000 MHz, 66.32 W, 77, P0
2026/09/30 07:01:08.152, Tesla T4, 10417 MiB, 4496 MiB, 15360 MiB, 100 %, 22 %, 705 MHz, 5000 MHz, 65.83 W, 77, P0
2026/09/30 07:01:08.663, Tesla T4, 10417 MiB, 4496 MiB, 15360 MiB, 90 %, 23 %, 720 MHz, 5000 MHz, 66.02 W, 77, P0
2026/09/30 07:01:09.174, Tesla T4, 10417 MiB, 4496 MiB, 15360 MiB, 100 %, 22 %, 705 MHz, 5000 MHz, 65.18 W, 77, P0
2026/09/30 07:01:09.685, Tesla T4, 10417 MiB, 4496 MiB, 15360 MiB, 100 %, 30 %, 645 MHz, 5000 MHz, 66.47 W, 77, P0
2026/09/30 07:01:10.198, Tesla T4, 10417 MiB, 4496 MiB, 15360 MiB, 98 %, 32 %, 645 MHz, 5000 MHz, 65.48 W, 77, P0
2026/09/30 07:01:10.714, Tesla T4, 10417 MiB, 4496 MiB, 15360 MiB, 100 %, 30 %, 615 MHz, 5000 MHz, 65.53 W, 77, P0
2026/09/30 07:01:11.227, Tesla T4, 10417 MiB, 4496 MiB, 15360 MiB, 98 %, 32 %, 615 MHz, 5000 MHz, 64.30 W, 77, P0
2026/09/30 07:01:11.744, Tesla T4, 10417 MiB, 4496 MiB, 15360 MiB, 100 %, 35 %, 570 MHz, 5000 MHz, 65.73 W, 77, P0
2026/09/30 07:01:12.257, Tesla T4, 10417 MiB, 4496 MiB, 15360 MiB, 100 %, 31 %, 540 MHz, 5000 MHz, 65.63 W, 77, P0
2026/09/30 07:01:12.772, Tesla T4, 10417 MiB, 4496 MiB, 15360 MiB, 98 %, 32 %, 570 MHz, 5000 MHz, 65.44 W, 77, P0
2026/09/30 07:01:13.284, Tesla T4, 10417 MiB, 4496 MiB, 15360 MiB, 100 %, 37 %, 555 MHz, 5000 MHz, 65.48 W, 77, P0
2026/09/30 07:01:13.796, Tesla T4, 10417 MiB, 4496 MiB, 15360 MiB, 100 %, 34 %, 570 MHz, 5000 MHz, 66.22 W, 77, P0
2026/09/30 07:01:14.315, Tesla T4, 10417 MiB, 4496 MiB, 15360 MiB, 96 %, 39 %, 555 MHz, 5000 MHz, 65.24 W, 76, P0
2026/09/30 07:01:14.836, Tesla T4, 10417 MiB, 4496 MiB, 15360 MiB, 96 %, 40 %, 645 MHz, 5000 MHz, 65.93 W, 77, P0
2026/09/30 07:01:15.347, Tesla T4, 10417 MiB, 4496 MiB, 15360 MiB, 97 %, 38 %, 585 MHz, 5000 MHz, 66.28 W, 77, P0
2026/09/30 07:01:15.866, Tesla T4, 10417 MiB, 4496 MiB, 15360 MiB, 94 %, 45 %, 900 MHz, 5000 MHz, 66.02 W, 76, P0
2026/09/30 07:01:16.385, Tesla T4, 10417 MiB, 4496 MiB, 15360 MiB, 100 %, 37 %, 585 MHz, 5000 MHz, 66.81 W, 77, P0
2026/09/30 07:01:16.909, Tesla T4, 10417 MiB, 4496 MiB, 15360 MiB, 84 %, 38 %, 585 MHz, 5000 MHz, 66.02 W, 77, P0
2026/09/30 07:01:17.455, Tesla T4, 10417 MiB, 4496 MiB, 15360 MiB, 94 %, 39 %, 630 MHz, 5000 MHz, 66.12 W, 77, P0
2026/09/30 07:01:17.978, Tesla T4, 10417 MiB, 4496 MiB, 15360 MiB, 92 %, 43 %, 705 MHz, 5000 MHz, 66.61 W, 77, P0
2026/09/30 07:01:18.510, Tesla T4, 10417 MiB, 4496 MiB, 15360 MiB, 98 %, 33 %, 555 MHz, 5000 MHz, 65.24 W, 76, P0
2026/09/30 07:01:19.022, Tesla T4, 10417 MiB, 4496 MiB, 15360 MiB, 99 %, 34 %, 630 MHz, 5000 MHz, 66.42 W, 77, P0
2026/09/30 07:01:19.534, Tesla T4, 10417 MiB, 4496 MiB, 15360 MiB, 90 %, 55 %, 630 MHz, 5000 MHz, 67.00 W, 76, P0
2026/09/30 07:01:20.050, Tesla T4, 10417 MiB, 4496 MiB, 15360 MiB, 91 %, 38 %, 615 MHz, 5000 MHz, 68.63 W, 77, P0
2026/09/30 07:01:20.562, Tesla T4, 10417 MiB, 4496 MiB, 15360 MiB, 97 %, 38 %, 735 MHz, 5000 MHz, 65.83 W, 76, P0
2026/09/30 07:01:21.077, Tesla T4, 10417 MiB, 4496 MiB, 15360 MiB, 96 %, 33 %, 720 MHz, 5000 MHz, 66.42 W, 77, P0
2026/09/30 07:01:21.592, Tesla T4, 10417 MiB, 4496 MiB, 15360 MiB, 100 %, 23 %, 750 MHz, 5000 MHz, 64.95 W, 77, P0
2026/09/30 07:01:22.103, Tesla T4, 10417 MiB, 4496 MiB, 15360 MiB, 98 %, 26 %, 630 MHz, 5000 MHz, 67.69 W, 77, P0
2026/09/30 07:01:22.616, Tesla T4, 10417 MiB, 4496 MiB, 15360 MiB, 100 %, 25 %, 540 MHz, 5000 MHz, 66.02 W, 77, P0
2026/09/30 07:01:23.128, Tesla T4, 10417 MiB, 4496 MiB, 15360 MiB, 100 %, 22 %, 735 MHz, 5000 MHz, 66.71 W, 77, P0
2026/09/30 07:01:23.643, Tesla T4, 10417 MiB, 4496 MiB, 15360 MiB, 100 %, 19 %, 705 MHz, 5000 MHz, 65.93 W, 77, P0
2026/09/30 07:01:24.156, Tesla T4, 10417 MiB, 4496 MiB, 15360 MiB, 100 %, 29 %, 645 MHz, 5000 MHz, 67.30 W, 77, P0
2026/09/30 07:01:24.672, Tesla T4, 10417 MiB, 4496 MiB, 15360 MiB, 90 %, 59 %, 750 MHz, 5000 MHz, 67.30 W, 77, P0
2026/09/30 07:01:25.185, Tesla T4, 10417 MiB, 4496 MiB, 15360 MiB, 100 %, 23 %, 720 MHz, 5000 MHz, 65.57 W, 77, P0
2026/09/30 07:01:25.699, Tesla T4, 10417 MiB, 4496 MiB, 15360 MiB, 100 %, 19 %, 750 MHz, 5000 MHz, 65.63 W, 77, P0
2026/09/30 07:01:26.215, Tesla T4, 10417 MiB, 4496 MiB, 15360 MiB, 100 %, 23 %, 750 MHz, 5000 MHz, 66.22 W, 77, P0
2026/09/30 07:01:26.732, Tesla T4, 10417 MiB, 4496 MiB, 15360 MiB, 100 %, 20 %, 885 MHz, 5000 MHz, 46.16 W, 77, P0
2026/09/30 07:01:27.246, Tesla T4, 10417 MiB, 4496 MiB, 15360 MiB, 100 %, 22 %, 720 MHz, 5000 MHz, 65.34 W, 77, P0
2026/09/30 07:01:27.762, Tesla T4, 10417 MiB, 4496 MiB, 15360 MiB, 100 %, 20 %, 765 MHz, 5000 MHz, 65.08 W, 77, P0
2026/09/30 07:01:28.273, Tesla T4, 10417 MiB, 4496 MiB, 15360 MiB, 100 %, 22 %, 720 MHz, 5000 MHz, 64.59 W, 77, P0
2026/09/30 07:01:28.785, Tesla T4, 10417 MiB, 4496 MiB, 15360 MiB, 100 %, 20 %, 630 MHz, 5000 MHz, 65.44 W, 77, P0
2026/09/30 07:01:29.323, Tesla T4, 10417 MiB, 4496 MiB, 15360 MiB, 85 %, 38 %, 615 MHz, 5000 MHz, 66.42 W, 77, P0
2026/09/30 07:01:29.852, Tesla T4, 10417 MiB, 4496 MiB, 15360 MiB, 95 %, 39 %, 750 MHz, 5000 MHz, 54.72 W, 77, P0
2026/09/30 07:01:30.382, Tesla T4, 10417 MiB, 4496 MiB, 15360 MiB, 100 %, 24 %, 795 MHz, 5000 MHz, 62.81 W, 77, P0
2026/09/30 07:01:30.920, Tesla T4, 10417 MiB, 4496 MiB, 15360 MiB, 100 %, 25 %, 720 MHz, 5000 MHz, 66.51 W, 77, P0
2026/09/30 07:01:31.454, Tesla T4, 10417 MiB, 4496 MiB, 15360 MiB, 93 %, 32 %, 585 MHz, 5000 MHz, 64.95 W, 77, P0
2026/09/30 07:01:31.966, Tesla T4, 10417 MiB, 4496 MiB, 15360 MiB, 100 %, 25 %, 705 MHz, 5000 MHz, 65.14 W, 77, P0
2026/09/30 07:01:32.483, Tesla T4, 10417 MiB, 4496 MiB, 15360 MiB, 100 %, 38 %, 630 MHz, 5000 MHz, 66.22 W, 77, P0
2026/09/30 07:01:33.009, Tesla T4, 10417 MiB, 4496 MiB, 15360 MiB, 100 %, 25 %, 855 MHz, 5000 MHz, 66.12 W, 77, P0
2026/09/30 07:01:33.521, Tesla T4, 10417 MiB, 4496 MiB, 15360 MiB, 91 %, 41 %, 600 MHz, 5000 MHz, 74.07 W, 77, P0
2026/09/30 07:01:34.036, Tesla T4, 10417 MiB, 4496 MiB, 15360 MiB, 97 %, 33 %, 615 MHz, 5000 MHz, 66.75 W, 77, P0
2026/09/30 07:01:34.547, Tesla T4, 10417 MiB, 4496 MiB, 15360 MiB, 99 %, 36 %, 585 MHz, 5000 MHz, 68.24 W, 77, P0
2026/09/30 07:01:35.058, Tesla T4, 10417 MiB, 4496 MiB, 15360 MiB, 100 %, 29 %, 645 MHz, 5000 MHz, 66.81 W, 77, P0
2026/09/30 07:01:35.572, Tesla T4, 10417 MiB, 4496 MiB, 15360 MiB, 98 %, 34 %, 615 MHz, 5000 MHz, 66.32 W, 77, P0
2026/09/30 07:01:36.084, Tesla T4, 10417 MiB, 4496 MiB, 15360 MiB, 100 %, 28 %, 645 MHz, 5000 MHz, 67.00 W, 77, P0
2026/09/30 07:01:36.596, Tesla T4, 10417 MiB, 4496 MiB, 15360 MiB, 100 %, 31 %, 645 MHz, 5000 MHz, 65.44 W, 77, P0
2026/09/30 07:01:37.109, Tesla T4, 10417 MiB, 4496 MiB, 15360 MiB, 91 %, 54 %, 645 MHz, 5000 MHz, 64.47 W, 77, P0
2026/09/30 07:01:37.621, Tesla T4, 10417 MiB, 4496 MiB, 15360 MiB, 90 %, 36 %, 630 MHz, 5000 MHz, 63.73 W, 77, P0
2026/09/30 07:01:38.138, Tesla T4, 10417 MiB, 4496 MiB, 15360 MiB, 94 %, 45 %, 705 MHz, 5000 MHz, 65.08 W, 76, P0
2026/09/30 07:01:38.650, Tesla T4, 10417 MiB, 4496 MiB, 15360 MiB, 100 %, 25 %, 705 MHz, 5000 MHz, 66.02 W, 77, P0
2026/09/30 07:01:39.161, Tesla T4, 10417 MiB, 4496 MiB, 15360 MiB, 98 %, 32 %, 540 MHz, 5000 MHz, 68.33 W, 76, P0
2026/09/30 07:01:39.679, Tesla T4, 10417 MiB, 4496 MiB, 15360 MiB, 100 %, 25 %, 750 MHz, 5000 MHz, 66.22 W, 77, P0
2026/09/30 07:01:40.195, Tesla T4, 10417 MiB, 4496 MiB, 15360 MiB, 96 %, 30 %, 660 MHz, 5000 MHz, 51.68 W, 77, P0
2026/09/30 07:01:40.707, Tesla T4, 10417 MiB, 4496 MiB, 15360 MiB, 100 %, 28 %, 675 MHz, 5000 MHz, 65.67 W, 77, P0
2026/09/30 07:01:41.224, Tesla T4, 10417 MiB, 4496 MiB, 15360 MiB, 100 %, 33 %, 570 MHz, 5000 MHz, 67.20 W, 76, P0
2026/09/30 07:01:41.763, Tesla T4, 10417 MiB, 4496 MiB, 15360 MiB, 100 %, 27 %, 660 MHz, 5000 MHz, 65.63 W, 77, P0
2026/09/30 07:01:42.284, Tesla T4, 10417 MiB, 4496 MiB, 15360 MiB, 100 %, 33 %, 630 MHz, 5000 MHz, 67.30 W, 77, P0
2026/09/30 07:01:42.807, Tesla T4, 10417 MiB, 4496 MiB, 15360 MiB, 100 %, 33 %, 630 MHz, 5000 MHz, 64.50 W, 77, P0
2026/09/30 07:01:43.319, Tesla T4, 10417 MiB, 4496 MiB, 15360 MiB, 97 %, 34 %, 615 MHz, 5000 MHz, 64.89 W, 77, P0
2026/09/30 07:01:43.862, Tesla T4, 10417 MiB, 4496 MiB, 15360 MiB, 100 %, 25 %, 705 MHz, 5000 MHz, 66.96 W, 77, P0
2026/09/30 07:01:44.387, Tesla T4, 10417 MiB, 4496 MiB, 15360 MiB, 91 %, 38 %, 720 MHz, 5000 MHz, 65.93 W, 77, P0
2026/09/30 07:01:44.902, Tesla T4, 10417 MiB, 4496 MiB, 15360 MiB, 99 %, 34 %, 750 MHz, 5000 MHz, 56.98 W, 77, P0
2026/09/30 07:01:45.414, Tesla T4, 10417 MiB, 4496 MiB, 15360 MiB, 99 %, 39 %, 660 MHz, 5000 MHz, 66.32 W, 77, P0
2026/09/30 07:01:45.931, Tesla T4, 10417 MiB, 4496 MiB, 15360 MiB, 100 %, 32 %, 660 MHz, 5000 MHz, 66.71 W, 77, P0
2026/09/30 07:01:46.443, Tesla T4, 10417 MiB, 4496 MiB, 15360 MiB, 100 %, 31 %, 555 MHz, 5000 MHz, 66.12 W, 77, P0
2026/09/30 07:01:46.956, Tesla T4, 10417 MiB, 4496 MiB, 15360 MiB, 99 %, 36 %, 630 MHz, 5000 MHz, 64.65 W, 77, P0
2026/09/30 07:01:47.467, Tesla T4, 10417 MiB, 4496 MiB, 15360 MiB, 99 %, 36 %, 660 MHz, 5000 MHz, 64.83 W, 77, P0
2026/09/30 07:01:47.983, Tesla T4, 10417 MiB, 4496 MiB, 15360 MiB, 100 %, 29 %, 645 MHz, 5000 MHz, 66.02 W, 77, P0
2026/09/30 07:01:48.498, Tesla T4, 10417 MiB, 4496 MiB, 15360 MiB, 91 %, 31 %, 630 MHz, 5000 MHz, 66.61 W, 77, P0
2026/09/30 07:01:49.011, Tesla T4, 10417 MiB, 4496 MiB, 15360 MiB, 100 %, 27 %, 750 MHz, 5000 MHz, 70.05 W, 77, P0
2026/09/30 07:01:49.522, Tesla T4, 10417 MiB, 4496 MiB, 15360 MiB, 100 %, 24 %, 735 MHz, 5000 MHz, 66.81 W, 77, P0
2026/09/30 07:01:50.038, Tesla T4, 10417 MiB, 4496 MiB, 15360 MiB, 100 %, 32 %, 690 MHz, 5000 MHz, 69.02 W, 77, P0
2026/09/30 07:01:50.549, Tesla T4, 10417 MiB, 4496 MiB, 15360 MiB, 100 %, 22 %, 630 MHz, 5000 MHz, 68.10 W, 77, P0
2026/09/30 07:01:51.061, Tesla T4, 10417 MiB, 4496 MiB, 15360 MiB, 97 %, 37 %, 585 MHz, 5000 MHz, 65.87 W, 77, P0
2026/09/30 07:01:51.581, Tesla T4, 10417 MiB, 4496 MiB, 15360 MiB, 91 %, 39 %, 585 MHz, 5000 MHz, 64.73 W, 77, P0
2026/09/30 07:01:52.098, Tesla T4, 10417 MiB, 4496 MiB, 15360 MiB, 100 %, 35 %, 555 MHz, 5000 MHz, 65.93 W, 77, P0
2026/09/30 07:01:52.610, Tesla T4, 10417 MiB, 4496 MiB, 15360 MiB, 94 %, 35 %, 570 MHz, 5000 MHz, 66.61 W, 77, P0
2026/09/30 07:01:53.121, Tesla T4, 10417 MiB, 4496 MiB, 15360 MiB, 99 %, 37 %, 600 MHz, 5000 MHz, 60.10 W, 76, P0
2026/09/30 07:01:53.639, Tesla T4, 10417 MiB, 4496 MiB, 15360 MiB, 90 %, 37 %, 585 MHz, 5000 MHz, 61.75 W, 76, P0
2026/09/30 07:01:54.152, Tesla T4, 10417 MiB, 4496 MiB, 15360 MiB, 100 %, 23 %, 750 MHz, 5000 MHz, 65.87 W, 77, P0
2026/09/30 07:01:54.693, Tesla T4, 10417 MiB, 4496 MiB, 15360 MiB, 100 %, 23 %, 720 MHz, 5000 MHz, 66.81 W, 77, P0
2026/09/30 07:01:55.220, Tesla T4, 10417 MiB, 4496 MiB, 15360 MiB, 100 %, 32 %, 570 MHz, 5000 MHz, 66.51 W, 77, P0
2026/09/30 07:01:55.743, Tesla T4, 10417 MiB, 4496 MiB, 15360 MiB, 100 %, 22 %, 735 MHz, 5000 MHz, 66.12 W, 77, P0
2026/09/30 07:01:56.263, Tesla T4, 10417 MiB, 4496 MiB, 15360 MiB, 100 %, 22 %, 705 MHz, 5000 MHz, 61.85 W, 77, P0
2026/09/30 07:01:56.795, Tesla T4, 10417 MiB, 4496 MiB, 15360 MiB, 100 %, 32 %, 675 MHz, 5000 MHz, 67.49 W, 77, P0
2026/09/30 07:01:57.313, Tesla T4, 10417 MiB, 4496 MiB, 15360 MiB, 92 %, 54 %, 585 MHz, 5000 MHz, 65.81 W, 76, P0
2026/09/30 07:01:57.834, Tesla T4, 10417 MiB, 4496 MiB, 15360 MiB, 91 %, 29 %, 600 MHz, 5000 MHz, 65.53 W, 76, P0
2026/09/30 07:01:58.351, Tesla T4, 10417 MiB, 4496 MiB, 15360 MiB, 97 %, 37 %, 630 MHz, 5000 MHz, 68.63 W, 77, P0
2026/09/30 07:01:58.869, Tesla T4, 10417 MiB, 4496 MiB, 15360 MiB, 96 %, 45 %, 645 MHz, 5000 MHz, 66.42 W, 77, P0
2026/09/30 07:01:59.381, Tesla T4, 10417 MiB, 4496 MiB, 15360 MiB, 99 %, 29 %, 705 MHz, 5000 MHz, 65.73 W, 77, P0
2026/09/30 07:01:59.894, Tesla T4, 10417 MiB, 4496 MiB, 15360 MiB, 100 %, 29 %, 630 MHz, 5000 MHz, 66.12 W, 77, P0
2026/09/30 07:02:00.410, Tesla T4, 10417 MiB, 4496 MiB, 15360 MiB, 97 %, 43 %, 570 MHz, 5000 MHz, 66.32 W, 77, P0
2026/09/30 07:02:00.924, Tesla T4, 10417 MiB, 4496 MiB, 15360 MiB, 98 %, 31 %, 615 MHz, 5000 MHz, 65.77 W, 77, P0
2026/09/30 07:02:01.443, Tesla T4, 10417 MiB, 4496 MiB, 15360 MiB, 91 %, 36 %, 555 MHz, 5000 MHz, 66.38 W, 77, P0
2026/09/30 07:02:01.958, Tesla T4, 10417 MiB, 4496 MiB, 15360 MiB, 99 %, 31 %, 630 MHz, 5000 MHz, 65.67 W, 77, P0
2026/09/30 07:02:02.469, Tesla T4, 10417 MiB, 4496 MiB, 15360 MiB, 100 %, 33 %, 615 MHz, 5000 MHz, 66.51 W, 77, P0
2026/09/30 07:02:02.980, Tesla T4, 10417 MiB, 4496 MiB, 15360 MiB, 91 %, 32 %, 615 MHz, 5000 MHz, 66.61 W, 77, P0
2026/09/30 07:02:03.498, Tesla T4, 10417 MiB, 4496 MiB, 15360 MiB, 99 %, 34 %, 570 MHz, 5000 MHz, 64.65 W, 76, P0
2026/09/30 07:02:04.009, Tesla T4, 10417 MiB, 4496 MiB, 15360 MiB, 99 %, 35 %, 720 MHz, 5000 MHz, 63.71 W, 76, P0
2026/09/30 07:02:04.525, Tesla T4, 10417 MiB, 4496 MiB, 15360 MiB, 100 %, 35 %, 705 MHz, 5000 MHz, 67.00 W, 76, P0
2026/09/30 07:02:05.037, Tesla T4, 10417 MiB, 4496 MiB, 15360 MiB, 100 %, 27 %, 660 MHz, 5000 MHz, 64.65 W, 77, P0
2026/09/30 07:02:05.548, Tesla T4, 10417 MiB, 4496 MiB, 15360 MiB, 100 %, 24 %, 720 MHz, 5000 MHz, 63.81 W, 77, P0
2026/09/30 07:02:06.062, Tesla T4, 10417 MiB, 4496 MiB, 15360 MiB, 100 %, 23 %, 735 MHz, 5000 MHz, 66.22 W, 77, P0
2026/09/30 07:02:06.574, Tesla T4, 10417 MiB, 4496 MiB, 15360 MiB, 100 %, 20 %, 615 MHz, 5000 MHz, 65.53 W, 77, P0
2026/09/30 07:02:07.088, Tesla T4, 10417 MiB, 4496 MiB, 15360 MiB, 100 %, 26 %, 630 MHz, 5000 MHz, 65.34 W, 77, P0
2026/09/30 07:02:07.613, Tesla T4, 10417 MiB, 4496 MiB, 15360 MiB, 95 %, 25 %, 720 MHz, 5000 MHz, 65.48 W, 77, P0
2026/09/30 07:02:08.133, Tesla T4, 10417 MiB, 4496 MiB, 15360 MiB, 100 %, 23 %, 720 MHz, 5000 MHz, 66.22 W, 77, P0
2026/09/30 07:02:08.659, Tesla T4, 10417 MiB, 4496 MiB, 15360 MiB, 98 %, 46 %, 585 MHz, 5000 MHz, 65.97 W, 77, P0
2026/09/30 07:02:09.181, Tesla T4, 10417 MiB, 4496 MiB, 15360 MiB, 99 %, 45 %, 870 MHz, 5000 MHz, 65.04 W, 77, P0
2026/09/30 07:02:09.706, Tesla T4, 10417 MiB, 4496 MiB, 15360 MiB, 90 %, 29 %, 705 MHz, 5000 MHz, 66.32 W, 77, P0
2026/09/30 07:02:10.218, Tesla T4, 10417 MiB, 4496 MiB, 15360 MiB, 100 %, 30 %, 630 MHz, 5000 MHz, 65.28 W, 77, P0
2026/09/30 07:02:10.729, Tesla T4, 10417 MiB, 4496 MiB, 15360 MiB, 100 %, 29 %, 540 MHz, 5000 MHz, 68.53 W, 77, P0
2026/09/30 07:02:11.246, Tesla T4, 10417 MiB, 4496 MiB, 15360 MiB, 90 %, 33 %, 630 MHz, 5000 MHz, 65.73 W, 77, P0
2026/09/30 07:02:11.758, Tesla T4, 10417 MiB, 4496 MiB, 15360 MiB, 99 %, 29 %, 615 MHz, 5000 MHz, 66.36 W, 77, P0
2026/09/30 07:02:12.271, Tesla T4, 10417 MiB, 4496 MiB, 15360 MiB, 99 %, 36 %, 630 MHz, 5000 MHz, 65.44 W, 77, P0
2026/09/30 07:02:12.785, Tesla T4, 10417 MiB, 4496 MiB, 15360 MiB, 99 %, 36 %, 630 MHz, 5000 MHz, 66.75 W, 77, P0
2026/09/30 07:02:13.296, Tesla T4, 10417 MiB, 4496 MiB, 15360 MiB, 95 %, 54 %, 645 MHz, 5000 MHz, 70.64 W, 77, P0
2026/09/30 07:02:13.812, Tesla T4, 10417 MiB, 4496 MiB, 15360 MiB, 100 %, 30 %, 705 MHz, 5000 MHz, 65.63 W, 77, P0
2026/09/30 07:02:14.323, Tesla T4, 10417 MiB, 4496 MiB, 15360 MiB, 98 %, 24 %, 855 MHz, 5000 MHz, 65.83 W, 77, P0
2026/09/30 07:02:14.840, Tesla T4, 10417 MiB, 4496 MiB, 15360 MiB, 100 %, 30 %, 690 MHz, 5000 MHz, 67.94 W, 77, P0
2026/09/30 07:02:15.351, Tesla T4, 10417 MiB, 4496 MiB, 15360 MiB, 100 %, 24 %, 885 MHz, 5000 MHz, 66.85 W, 77, P0
2026/09/30 07:02:15.869, Tesla T4, 10417 MiB, 4496 MiB, 15360 MiB, 100 %, 31 %, 555 MHz, 5000 MHz, 66.91 W, 77, P0
2026/09/30 07:02:16.380, Tesla T4, 10417 MiB, 4496 MiB, 15360 MiB, 100 %, 33 %, 1005 MHz, 5000 MHz, 49.28 W, 77, P0
2026/09/30 07:02:16.890, Tesla T4, 10417 MiB, 4496 MiB, 15360 MiB, 100 %, 30 %, 570 MHz, 5000 MHz, 66.81 W, 77, P0
2026/09/30 07:02:17.408, Tesla T4, 10417 MiB, 4496 MiB, 15360 MiB, 100 %, 32 %, 900 MHz, 5000 MHz, 65.63 W, 77, P0
2026/09/30 07:02:17.918, Tesla T4, 10417 MiB, 4496 MiB, 15360 MiB, 97 %, 28 %, 750 MHz, 5000 MHz, 65.44 W, 77, P0
2026/09/30 07:02:18.433, Tesla T4, 10417 MiB, 4496 MiB, 15360 MiB, 100 %, 23 %, 720 MHz, 5000 MHz, 65.83 W, 77, P0
2026/09/30 07:02:18.944, Tesla T4, 10417 MiB, 4496 MiB, 15360 MiB, 90 %, 30 %, 540 MHz, 5000 MHz, 80.42 W, 77, P0
2026/09/30 07:02:19.459, Tesla T4, 10417 MiB, 4496 MiB, 15360 MiB, 97 %, 28 %, 705 MHz, 5000 MHz, 65.14 W, 77, P0
2026/09/30 07:02:19.974, Tesla T4, 10417 MiB, 4496 MiB, 15360 MiB, 100 %, 22 %, 705 MHz, 5000 MHz, 66.42 W, 77, P0
2026/09/30 07:02:20.499, Tesla T4, 10417 MiB, 4496 MiB, 15360 MiB, 94 %, 27 %, 570 MHz, 5000 MHz, 66.42 W, 77, P0
2026/09/30 07:02:21.024, Tesla T4, 10417 MiB, 4496 MiB, 15360 MiB, 100 %, 28 %, 675 MHz, 5000 MHz, 66.36 W, 77, P0
2026/09/30 07:02:21.548, Tesla T4, 10417 MiB, 4496 MiB, 15360 MiB, 83 %, 35 %, 570 MHz, 5000 MHz, 64.26 W, 77, P0
2026/09/30 07:02:22.074, Tesla T4, 10417 MiB, 4496 MiB, 15360 MiB, 97 %, 29 %, 675 MHz, 5000 MHz, 65.73 W, 77, P0
2026/09/30 07:02:22.596, Tesla T4, 10417 MiB, 4496 MiB, 15360 MiB, 96 %, 31 %, 735 MHz, 5000 MHz, 67.49 W, 77, P0
2026/09/30 07:02:23.114, Tesla T4, 10417 MiB, 4496 MiB, 15360 MiB, 97 %, 49 %, 630 MHz, 5000 MHz, 67.84 W, 77, P0
2026/09/30 07:02:23.625, Tesla T4, 10417 MiB, 4496 MiB, 15360 MiB, 100 %, 28 %, 675 MHz, 5000 MHz, 65.53 W, 77, P0
2026/09/30 07:02:24.140, Tesla T4, 10417 MiB, 4496 MiB, 15360 MiB, 90 %, 30 %, 660 MHz, 5000 MHz, 66.81 W, 77, P0
2026/09/30 07:02:24.651, Tesla T4, 10417 MiB, 4496 MiB, 15360 MiB, 99 %, 30 %, 690 MHz, 5000 MHz, 66.22 W, 77, P0
2026/09/30 07:02:25.162, Tesla T4, 10417 MiB, 4496 MiB, 15360 MiB, 100 %, 34 %, 615 MHz, 5000 MHz, 66.32 W, 77, P0
2026/09/30 07:02:25.683, Tesla T4, 10417 MiB, 4496 MiB, 15360 MiB, 100 %, 29 %, 615 MHz, 5000 MHz, 44.36 W, 77, P0
2026/09/30 07:02:26.194, Tesla T4, 10417 MiB, 4496 MiB, 15360 MiB, 98 %, 30 %, 615 MHz, 5000 MHz, 65.93 W, 77, P0
2026/09/30 07:02:26.714, Tesla T4, 10417 MiB, 4496 MiB, 15360 MiB, 100 %, 29 %, 585 MHz, 5000 MHz, 67.75 W, 77, P0
2026/09/30 07:02:27.231, Tesla T4, 10417 MiB, 4496 MiB, 15360 MiB, 100 %, 25 %, 660 MHz, 5000 MHz, 66.32 W, 77, P0
2026/09/30 07:02:27.744, Tesla T4, 10417 MiB, 4496 MiB, 15360 MiB, 100 %, 25 %, 615 MHz, 5000 MHz, 65.34 W, 77, P0
2026/09/30 07:02:28.255, Tesla T4, 10417 MiB, 4496 MiB, 15360 MiB, 100 %, 25 %, 630 MHz, 5000 MHz, 63.81 W, 77, P0
2026/09/30 07:02:28.768, Tesla T4, 10417 MiB, 4496 MiB, 15360 MiB, 100 %, 24 %, 675 MHz, 5000 MHz, 65.44 W, 77, P0
2026/09/30 07:02:29.280, Tesla T4, 10417 MiB, 4496 MiB, 15360 MiB, 100 %, 35 %, 570 MHz, 5000 MHz, 66.61 W, 77, P0
2026/09/30 07:02:29.794, Tesla T4, 10417 MiB, 4496 MiB, 15360 MiB, 91 %, 35 %, 585 MHz, 5000 MHz, 66.32 W, 77, P0
2026/09/30 07:02:30.311, Tesla T4, 10417 MiB, 4496 MiB, 15360 MiB, 96 %, 34 %, 690 MHz, 5000 MHz, 66.75 W, 77, P0
2026/09/30 07:02:30.822, Tesla T4, 10417 MiB, 4496 MiB, 15360 MiB, 100 %, 25 %, 675 MHz, 5000 MHz, 67.34 W, 77, P0
2026/09/30 07:02:31.335, Tesla T4, 10417 MiB, 4496 MiB, 15360 MiB, 100 %, 25 %, 690 MHz, 5000 MHz, 66.02 W, 77, P0
2026/09/30 07:02:31.846, Tesla T4, 10417 MiB, 4496 MiB, 15360 MiB, 100 %, 32 %, 615 MHz, 5000 MHz, 65.44 W, 77, P0
2026/09/30 07:02:32.360, Tesla T4, 10417 MiB, 4496 MiB, 15360 MiB, 100 %, 32 %, 630 MHz, 5000 MHz, 66.51 W, 77, P0
2026/09/30 07:02:32.889, Tesla T4, 10417 MiB, 4496 MiB, 15360 MiB, 100 %, 32 %, 540 MHz, 5000 MHz, 61.69 W, 77, P0
2026/09/30 07:02:33.444, Tesla T4, 10417 MiB, 4496 MiB, 15360 MiB, 100 %, 32 %, 570 MHz, 5000 MHz, 68.96 W, 77, P0
2026/09/30 07:02:33.977, Tesla T4, 10417 MiB, 4496 MiB, 15360 MiB, 98 %, 41 %, 555 MHz, 5000 MHz, 85.64 W, 77, P0
2026/09/30 07:02:34.501, Tesla T4, 10417 MiB, 4496 MiB, 15360 MiB, 91 %, 44 %, 630 MHz, 5000 MHz, 71.42 W, 77, P0
2026/09/30 07:02:35.038, Tesla T4, 10417 MiB, 4496 MiB, 15360 MiB, 100 %, 31 %, 630 MHz, 5000 MHz, 67.30 W, 77, P0
2026/09/30 07:02:35.549, Tesla T4, 10417 MiB, 4496 MiB, 15360 MiB, 90 %, 31 %, 570 MHz, 5000 MHz, 64.26 W, 77, P0
2026/09/30 07:02:36.065, Tesla T4, 10417 MiB, 4496 MiB, 15360 MiB, 100 %, 30 %, 645 MHz, 5000 MHz, 65.48 W, 77, P0
2026/09/30 07:02:36.576, Tesla T4, 10417 MiB, 4496 MiB, 15360 MiB, 97 %, 32 %, 585 MHz, 5000 MHz, 65.53 W, 77, P0
2026/09/30 07:02:37.090, Tesla T4, 10417 MiB, 4496 MiB, 15360 MiB, 89 %, 31 %, 600 MHz, 5000 MHz, 64.85 W, 77, P0
2026/09/30 07:02:37.604, Tesla T4, 10417 MiB, 4496 MiB, 15360 MiB, 97 %, 39 %, 720 MHz, 5000 MHz, 63.42 W, 77, P0
2026/09/30 07:02:38.115, Tesla T4, 10417 MiB, 4496 MiB, 15360 MiB, 96 %, 36 %, 615 MHz, 5000 MHz, 66.81 W, 77, P0
2026/09/30 07:02:38.630, Tesla T4, 10417 MiB, 4496 MiB, 15360 MiB, 98 %, 32 %, 555 MHz, 5000 MHz, 66.71 W, 77, P0
2026/09/30 07:02:39.142, Tesla T4, 10417 MiB, 4496 MiB, 15360 MiB, 100 %, 33 %, 645 MHz, 5000 MHz, 65.53 W, 77, P0
2026/09/30 07:02:39.660, Tesla T4, 10417 MiB, 4496 MiB, 15360 MiB, 98 %, 36 %, 570 MHz, 5000 MHz, 66.32 W, 77, P0
2026/09/30 07:02:40.173, Tesla T4, 10417 MiB, 4496 MiB, 15360 MiB, 91 %, 53 %, 660 MHz, 5000 MHz, 64.40 W, 77, P0
2026/09/30 07:02:40.684, Tesla T4, 10417 MiB, 4496 MiB, 15360 MiB, 98 %, 29 %, 705 MHz, 5000 MHz, 65.83 W, 77, P0
2026/09/30 07:02:41.201, Tesla T4, 10417 MiB, 4496 MiB, 15360 MiB, 98 %, 40 %, 705 MHz, 5000 MHz, 63.16 W, 77, P0
2026/09/30 07:02:41.711, Tesla T4, 10417 MiB, 4496 MiB, 15360 MiB, 100 %, 24 %, 825 MHz, 5000 MHz, 68.43 W, 77, P0
2026/09/30 07:02:42.228, Tesla T4, 10417 MiB, 4496 MiB, 15360 MiB, 100 %, 25 %, 720 MHz, 5000 MHz, 59.57 W, 77, P0
2026/09/30 07:02:42.740, Tesla T4, 10417 MiB, 4496 MiB, 15360 MiB, 100 %, 25 %, 675 MHz, 5000 MHz, 65.73 W, 77, P0
2026/09/30 07:02:43.253, Tesla T4, 10417 MiB, 4496 MiB, 15360 MiB, 100 %, 35 %, 570 MHz, 5000 MHz, 65.14 W, 77, P0
2026/09/30 07:02:43.765, Tesla T4, 10417 MiB, 4496 MiB, 15360 MiB, 91 %, 34 %, 585 MHz, 5000 MHz, 65.53 W, 77, P0
2026/09/30 07:02:44.279, Tesla T4, 10417 MiB, 4496 MiB, 15360 MiB, 99 %, 36 %, 690 MHz, 5000 MHz, 65.73 W, 77, P0
2026/09/30 07:02:44.791, Tesla T4, 10417 MiB, 4496 MiB, 15360 MiB, 91 %, 42 %, 630 MHz, 5000 MHz, 66.46 W, 77, P0
2026/09/30 07:02:45.303, Tesla T4, 10417 MiB, 4496 MiB, 15360 MiB, 100 %, 37 %, 630 MHz, 5000 MHz, 64.59 W, 77, P0
2026/09/30 07:02:45.818, Tesla T4, 10417 MiB, 4496 MiB, 15360 MiB, 94 %, 28 %, 750 MHz, 5000 MHz, 66.91 W, 77, P0
2026/09/30 07:02:46.348, Tesla T4, 10417 MiB, 4496 MiB, 15360 MiB, 98 %, 30 %, 615 MHz, 5000 MHz, 66.46 W, 77, P0
2026/09/30 07:02:46.885, Tesla T4, 10417 MiB, 4496 MiB, 15360 MiB, 92 %, 28 %, 645 MHz, 5000 MHz, 64.46 W, 77, P0
2026/09/30 07:02:47.404, Tesla T4, 10417 MiB, 4496 MiB, 15360 MiB, 98 %, 26 %, 690 MHz, 5000 MHz, 65.63 W, 77, P0
2026/09/30 07:02:47.918, Tesla T4, 10417 MiB, 4496 MiB, 15360 MiB, 100 %, 24 %, 645 MHz, 5000 MHz, 75.44 W, 77, P0
2026/09/30 07:02:48.429, Tesla T4, 10417 MiB, 4496 MiB, 15360 MiB, 100 %, 27 %, 645 MHz, 5000 MHz, 65.08 W, 77, P0
2026/09/30 07:02:48.943, Tesla T4, 10417 MiB, 4496 MiB, 15360 MiB, 100 %, 25 %, 690 MHz, 5000 MHz, 65.53 W, 77, P0
2026/09/30 07:02:49.453, Tesla T4, 10417 MiB, 4496 MiB, 15360 MiB, 99 %, 33 %, 615 MHz, 5000 MHz, 64.75 W, 77, P0
2026/09/30 07:02:49.969, Tesla T4, 10417 MiB, 4496 MiB, 15360 MiB, 100 %, 40 %, 615 MHz, 5000 MHz, 66.16 W, 77, P0
2026/09/30 07:02:50.480, Tesla T4, 10417 MiB, 4496 MiB, 15360 MiB, 100 %, 25 %, 705 MHz, 5000 MHz, 66.22 W, 77, P0
2026/09/30 07:02:50.991, Tesla T4, 10417 MiB, 4496 MiB, 15360 MiB, 89 %, 40 %, 690 MHz, 5000 MHz, 66.22 W, 77, P0
2026/09/30 07:02:51.510, Tesla T4, 10417 MiB, 4496 MiB, 15360 MiB, 95 %, 42 %, 630 MHz, 5000 MHz, 66.71 W, 77, P0
2026/09/30 07:02:52.022, Tesla T4, 10417 MiB, 4496 MiB, 15360 MiB, 100 %, 27 %, 600 MHz, 5000 MHz, 65.83 W, 77, P0
2026/09/30 07:02:52.540, Tesla T4, 10417 MiB, 4496 MiB, 15360 MiB, 100 %, 30 %, 585 MHz, 5000 MHz, 66.32 W, 77, P0
2026/09/30 07:02:53.055, Tesla T4, 10417 MiB, 4496 MiB, 15360 MiB, 95 %, 38 %, 720 MHz, 5000 MHz, 67.45 W, 77, P0
2026/09/30 07:02:53.567, Tesla T4, 10417 MiB, 4496 MiB, 15360 MiB, 91 %, 38 %, 675 MHz, 5000 MHz, 64.50 W, 77, P0
2026/09/30 07:02:54.078, Tesla T4, 10417 MiB, 4496 MiB, 15360 MiB, 89 %, 38 %, 645 MHz, 5000 MHz, 65.44 W, 77, P0
2026/09/30 07:02:54.594, Tesla T4, 10417 MiB, 4496 MiB, 15360 MiB, 94 %, 47 %, 735 MHz, 5000 MHz, 70.78 W, 77, P0
2026/09/30 07:02:55.108, Tesla T4, 10417 MiB, 4496 MiB, 15360 MiB, 100 %, 32 %, 570 MHz, 5000 MHz, 64.46 W, 77, P0
2026/09/30 07:02:55.619, Tesla T4, 10417 MiB, 4496 MiB, 15360 MiB, 91 %, 33 %, 630 MHz, 5000 MHz, 65.77 W, 77, P0
2026/09/30 07:02:56.139, Tesla T4, 10417 MiB, 4496 MiB, 15360 MiB, 92 %, 26 %, 735 MHz, 5000 MHz, 64.06 W, 77, P0
2026/09/30 07:02:56.650, Tesla T4, 10417 MiB, 4496 MiB, 15360 MiB, 100 %, 23 %, 720 MHz, 5000 MHz, 63.77 W, 77, P0
2026/09/30 07:02:57.161, Tesla T4, 10417 MiB, 4496 MiB, 15360 MiB, 96 %, 27 %, 630 MHz, 5000 MHz, 65.93 W, 77, P0
2026/09/30 07:02:57.675, Tesla T4, 10417 MiB, 4496 MiB, 15360 MiB, 100 %, 27 %, 630 MHz, 5000 MHz, 64.85 W, 77, P0
2026/09/30 07:02:58.187, Tesla T4, 10417 MiB, 4496 MiB, 15360 MiB, 100 %, 22 %, 675 MHz, 5000 MHz, 90.40 W, 77, P0
2026/09/30 07:02:58.705, Tesla T4, 10417 MiB, 4496 MiB, 15360 MiB, 100 %, 22 %, 705 MHz, 5000 MHz, 66.22 W, 77, P0
2026/09/30 07:02:59.228, Tesla T4, 10417 MiB, 4496 MiB, 15360 MiB, 100 %, 19 %, 615 MHz, 5000 MHz, 72.69 W, 77, P0
2026/09/30 07:02:59.740, Tesla T4, 10417 MiB, 4496 MiB, 15360 MiB, 100 %, 26 %, 630 MHz, 5000 MHz, 65.28 W, 77, P0
2026/09/30 07:03:00.268, Tesla T4, 10417 MiB, 4496 MiB, 15360 MiB, 100 %, 26 %, 555 MHz, 5000 MHz, 42.07 W, 77, P0
2026/09/30 07:03:00.817, Tesla T4, 10417 MiB, 4496 MiB, 15360 MiB, 99 %, 34 %, 690 MHz, 5000 MHz, 66.36 W, 77, P0
2026/09/30 07:03:01.332, Tesla T4, 10417 MiB, 4496 MiB, 15360 MiB, 99 %, 34 %, 690 MHz, 5000 MHz, 61.69 W, 77, P0
2026/09/30 07:03:01.843, Tesla T4, 10417 MiB, 4496 MiB, 15360 MiB, 100 %, 30 %, 615 MHz, 5000 MHz, 66.51 W, 77, P0
2026/09/30 07:03:02.361, Tesla T4, 10417 MiB, 4496 MiB, 15360 MiB, 100 %, 30 %, 690 MHz, 5000 MHz, 65.34 W, 77, P0
2026/09/30 07:03:02.872, Tesla T4, 10417 MiB, 4496 MiB, 15360 MiB, 95 %, 29 %, 615 MHz, 5000 MHz, 64.20 W, 77, P0
2026/09/30 07:03:03.385, Tesla T4, 10417 MiB, 4496 MiB, 15360 MiB, 100 %, 27 %, 630 MHz, 5000 MHz, 65.67 W, 77, P0
2026/09/30 07:03:03.901, Tesla T4, 10417 MiB, 4496 MiB, 15360 MiB, 100 %, 23 %, 585 MHz, 5000 MHz, 57.84 W, 77, P0
2026/09/30 07:03:04.415, Tesla T4, 10417 MiB, 4496 MiB, 15360 MiB, 95 %, 26 %, 600 MHz, 5000 MHz, 64.40 W, 77, P0
2026/09/30 07:03:04.933, Tesla T4, 10417 MiB, 4496 MiB, 15360 MiB, 100 %, 26 %, 615 MHz, 5000 MHz, 64.79 W, 77, P0
2026/09/30 07:03:05.448, Tesla T4, 10417 MiB, 4496 MiB, 15360 MiB, 98 %, 28 %, 585 MHz, 5000 MHz, 66.81 W, 77, P0
2026/09/30 07:03:05.959, Tesla T4, 10417 MiB, 4496 MiB, 15360 MiB, 100 %, 29 %, 630 MHz, 5000 MHz, 66.02 W, 77, P0
2026/09/30 07:03:06.471, Tesla T4, 10417 MiB, 4496 MiB, 15360 MiB, 99 %, 30 %, 690 MHz, 5000 MHz, 68.43 W, 77, P0
2026/09/30 07:03:06.989, Tesla T4, 10417 MiB, 4496 MiB, 15360 MiB, 100 %, 29 %, 600 MHz, 5000 MHz, 66.32 W, 77, P0
2026/09/30 07:03:07.501, Tesla T4, 10417 MiB, 4496 MiB, 15360 MiB, 97 %, 39 %, 645 MHz, 5000 MHz, 66.22 W, 77, P0
2026/09/30 07:03:08.017, Tesla T4, 10417 MiB, 4496 MiB, 15360 MiB, 92 %, 43 %, 735 MHz, 5000 MHz, 72.06 W, 77, P0
2026/09/30 07:03:08.528, Tesla T4, 10417 MiB, 4496 MiB, 15360 MiB, 100 %, 25 %, 705 MHz, 5000 MHz, 65.57 W, 77, P0
2026/09/30 07:03:09.045, Tesla T4, 10417 MiB, 4496 MiB, 15360 MiB, 100 %, 25 %, 690 MHz, 5000 MHz, 65.83 W, 77, P0
2026/09/30 07:03:09.557, Tesla T4, 10417 MiB, 4496 MiB, 15360 MiB, 95 %, 39 %, 720 MHz, 5000 MHz, 65.93 W, 77, P0
2026/09/30 07:03:10.067, Tesla T4, 10417 MiB, 4496 MiB, 15360 MiB, 97 %, 37 %, 630 MHz, 5000 MHz, 65.93 W, 77, P0
2026/09/30 07:03:10.585, Tesla T4, 10417 MiB, 4496 MiB, 15360 MiB, 100 %, 34 %, 600 MHz, 5000 MHz, 65.28 W, 77, P0
2026/09/30 07:03:11.131, Tesla T4, 10417 MiB, 4496 MiB, 15360 MiB, 100 %, 35 %, 750 MHz, 5000 MHz, 66.32 W, 77, P0
2026/09/30 07:03:11.660, Tesla T4, 10417 MiB, 4496 MiB, 15360 MiB, 100 %, 28 %, 645 MHz, 5000 MHz, 67.00 W, 77, P0
2026/09/30 07:03:12.183, Tesla T4, 10417 MiB, 4496 MiB, 15360 MiB, 82 %, 38 %, 645 MHz, 5000 MHz, 66.42 W, 77, P0
2026/09/30 07:03:12.702, Tesla T4, 10417 MiB, 4496 MiB, 15360 MiB, 100 %, 26 %, 975 MHz, 5000 MHz, 47.60 W, 77, P0
2026/09/30 07:03:13.237, Tesla T4, 10417 MiB, 4496 MiB, 15360 MiB, 100 %, 46 %, 600 MHz, 5000 MHz, 67.04 W, 77, P0
2026/09/30 07:03:13.753, Tesla T4, 10417 MiB, 4496 MiB, 15360 MiB, 99 %, 36 %, 570 MHz, 5000 MHz, 64.59 W, 77, P0
2026/09/30 07:03:14.270, Tesla T4, 10417 MiB, 4496 MiB, 15360 MiB, 99 %, 36 %, 645 MHz, 5000 MHz, 65.00 W, 77, P0
2026/09/30 07:03:14.783, Tesla T4, 10417 MiB, 4496 MiB, 15360 MiB, 99 %, 36 %, 615 MHz, 5000 MHz, 65.08 W, 77, P0
2026/09/30 07:03:15.304, Tesla T4, 10417 MiB, 4496 MiB, 15360 MiB, 99 %, 34 %, 630 MHz, 5000 MHz, 65.08 W, 77, P0
2026/09/30 07:03:15.816, Tesla T4, 10417 MiB, 4496 MiB, 15360 MiB, 100 %, 30 %, 975 MHz, 5000 MHz, 40.79 W, 77, P0
2026/09/30 07:03:16.336, Tesla T4, 10417 MiB, 4496 MiB, 15360 MiB, 98 %, 32 %, 615 MHz, 5000 MHz, 65.48 W, 77, P0
2026/09/30 07:03:16.847, Tesla T4, 10417 MiB, 4496 MiB, 15360 MiB, 100 %, 30 %, 600 MHz, 5000 MHz, 69.61 W, 77, P0
2026/09/30 07:03:17.373, Tesla T4, 10417 MiB, 4496 MiB, 15360 MiB, 98 %, 30 %, 645 MHz, 5000 MHz, 65.98 W, 77, P0
2026/09/30 07:03:17.890, Tesla T4, 10417 MiB, 4496 MiB, 15360 MiB, 90 %, 32 %, 630 MHz, 5000 MHz, 66.61 W, 77, P0
2026/09/30 07:03:18.411, Tesla T4, 10417 MiB, 4496 MiB, 15360 MiB, 98 %, 30 %, 615 MHz, 5000 MHz, 63.77 W, 77, P0
2026/09/30 07:03:18.923, Tesla T4, 10417 MiB, 4496 MiB, 15360 MiB, 100 %, 32 %, 630 MHz, 5000 MHz, 65.63 W, 77, P0
2026/09/30 07:03:19.442, Tesla T4, 10417 MiB, 4496 MiB, 15360 MiB, 90 %, 36 %, 645 MHz, 5000 MHz, 65.48 W, 77, P0
2026/09/30 07:03:19.955, Tesla T4, 10417 MiB, 4496 MiB, 15360 MiB, 97 %, 38 %, 630 MHz, 5000 MHz, 65.83 W, 77, P0
2026/09/30 07:03:20.479, Tesla T4, 10417 MiB, 4496 MiB, 15360 MiB, 90 %, 37 %, 660 MHz, 5000 MHz, 63.77 W, 77, P0
2026/09/30 07:03:20.991, Tesla T4, 10417 MiB, 4496 MiB, 15360 MiB, 100 %, 32 %, 600 MHz, 5000 MHz, 66.42 W, 77, P0
2026/09/30 07:03:21.510, Tesla T4, 10417 MiB, 4496 MiB, 15360 MiB, 100 %, 30 %, 585 MHz, 5000 MHz, 65.89 W, 77, P0
2026/09/30 07:03:22.023, Tesla T4, 10417 MiB, 4496 MiB, 15360 MiB, 100 %, 31 %, 645 MHz, 5000 MHz, 64.85 W, 77, P0
2026/09/30 07:03:22.545, Tesla T4, 10417 MiB, 4496 MiB, 15360 MiB, 100 %, 30 %, 570 MHz, 5000 MHz, 65.83 W, 77, P0
2026/09/30 07:03:23.062, Tesla T4, 10417 MiB, 4496 MiB, 15360 MiB, 100 %, 28 %, 630 MHz, 5000 MHz, 67.30 W, 77, P0
2026/09/30 07:03:23.584, Tesla T4, 10417 MiB, 4496 MiB, 15360 MiB, 98 %, 45 %, 570 MHz, 5000 MHz, 66.32 W, 77, P0
2026/09/30 07:03:24.115, Tesla T4, 10417 MiB, 4496 MiB, 15360 MiB, 100 %, 27 %, 630 MHz, 5000 MHz, 67.94 W, 77, P0
2026/09/30 07:03:24.645, Tesla T4, 10417 MiB, 4496 MiB, 15360 MiB, 98 %, 46 %, 600 MHz, 5000 MHz, 46.92 W, 77, P0
2026/09/30 07:03:25.169, Tesla T4, 10417 MiB, 4496 MiB, 15360 MiB, 98 %, 33 %, 600 MHz, 5000 MHz, 66.71 W, 77, P0
2026/09/30 07:03:25.700, Tesla T4, 10417 MiB, 4496 MiB, 15360 MiB, 83 %, 29 %, 570 MHz, 5000 MHz, 65.73 W, 77, P0
2026/09/30 07:03:26.216, Tesla T4, 10417 MiB, 4496 MiB, 15360 MiB, 100 %, 32 %, 630 MHz, 5000 MHz, 64.65 W, 77, P0
2026/09/30 07:03:26.728, Tesla T4, 10417 MiB, 4496 MiB, 15360 MiB, 100 %, 31 %, 615 MHz, 5000 MHz, 65.53 W, 77, P0
2026/09/30 07:03:27.241, Tesla T4, 10417 MiB, 4496 MiB, 15360 MiB, 90 %, 34 %, 615 MHz, 5000 MHz, 65.24 W, 77, P0
2026/09/30 07:03:27.752, Tesla T4, 10417 MiB, 4496 MiB, 15360 MiB, 100 %, 30 %, 660 MHz, 5000 MHz, 64.91 W, 77, P0
2026/09/30 07:03:28.266, Tesla T4, 10417 MiB, 4496 MiB, 15360 MiB, 100 %, 31 %, 675 MHz, 5000 MHz, 66.42 W, 77, P0
2026/09/30 07:03:28.777, Tesla T4, 10417 MiB, 4496 MiB, 15360 MiB, 100 %, 26 %, 645 MHz, 5000 MHz, 65.73 W, 77, P0
2026/09/30 07:03:29.288, Tesla T4, 10417 MiB, 4496 MiB, 15360 MiB, 91 %, 30 %, 600 MHz, 5000 MHz, 65.87 W, 77, P0
2026/09/30 07:03:29.803, Tesla T4, 10417 MiB, 4496 MiB, 15360 MiB, 100 %, 26 %, 600 MHz, 5000 MHz, 65.38 W, 77, P0
2026/09/30 07:03:30.315, Tesla T4, 10417 MiB, 4496 MiB, 15360 MiB, 98 %, 25 %, 570 MHz, 5000 MHz, 66.08 W, 77, P0
2026/09/30 07:03:30.834, Tesla T4, 10417 MiB, 4496 MiB, 15360 MiB, 99 %, 47 %, 585 MHz, 5000 MHz, 65.14 W, 77, P0
2026/09/30 07:03:31.346, Tesla T4, 10417 MiB, 4496 MiB, 15360 MiB, 100 %, 34 %, 600 MHz, 5000 MHz, 68.33 W, 77, P0
2026/09/30 07:03:31.861, Tesla T4, 10417 MiB, 4496 MiB, 15360 MiB, 90 %, 56 %, 675 MHz, 5000 MHz, 67.06 W, 77, P0
2026/09/30 07:03:32.377, Tesla T4, 10417 MiB, 4496 MiB, 15360 MiB, 90 %, 45 %, 540 MHz, 5000 MHz, 67.40 W, 77, P0
2026/09/30 07:03:32.897, Tesla T4, 10417 MiB, 4496 MiB, 15360 MiB, 99 %, 33 %, 990 MHz, 5000 MHz, 42.54 W, 77, P0
2026/09/30 07:03:33.408, Tesla T4, 10417 MiB, 4496 MiB, 15360 MiB, 96 %, 37 %, 615 MHz, 5000 MHz, 69.31 W, 77, P0
2026/09/30 07:03:33.925, Tesla T4, 10417 MiB, 4496 MiB, 15360 MiB, 100 %, 30 %, 690 MHz, 5000 MHz, 65.83 W, 77, P0
2026/09/30 07:03:34.437, Tesla T4, 10417 MiB, 4496 MiB, 15360 MiB, 100 %, 30 %, 615 MHz, 5000 MHz, 65.83 W, 77, P0
2026/09/30 07:03:34.951, Tesla T4, 10417 MiB, 4496 MiB, 15360 MiB, 96 %, 30 %, 630 MHz, 5000 MHz, 65.28 W, 77, P0
2026/09/30 07:03:35.462, Tesla T4, 10417 MiB, 4496 MiB, 15360 MiB, 100 %, 25 %, 600 MHz, 5000 MHz, 66.22 W, 77, P0
2026/09/30 07:03:35.975, Tesla T4, 10417 MiB, 4496 MiB, 15360 MiB, 100 %, 26 %, 615 MHz, 5000 MHz, 66.22 W, 77, P0
2026/09/30 07:03:36.499, Tesla T4, 10417 MiB, 4496 MiB, 15360 MiB, 83 %, 25 %, 600 MHz, 5000 MHz, 63.91 W, 77, P0
2026/09/30 07:03:37.062, Tesla T4, 10417 MiB, 4496 MiB, 15360 MiB, 100 %, 26 %, 615 MHz, 5000 MHz, 66.91 W, 77, P0
2026/09/30 07:03:37.587, Tesla T4, 10417 MiB, 4496 MiB, 15360 MiB, 100 %, 26 %, 615 MHz, 5000 MHz, 66.61 W, 77, P0
2026/09/30 07:03:38.118, Tesla T4, 10417 MiB, 4496 MiB, 15360 MiB, 93 %, 26 %, 525 MHz, 5000 MHz, 56.56 W, 77, P0
2026/09/30 07:03:38.661, Tesla T4, 10417 MiB, 4496 MiB, 15360 MiB, 93 %, 37 %, 570 MHz, 5000 MHz, 68.33 W, 77, P0
2026/09/30 07:03:39.177, Tesla T4, 10417 MiB, 4496 MiB, 15360 MiB, 99 %, 41 %, 555 MHz, 5000 MHz, 71.48 W, 77, P0
2026/09/30 07:03:39.689, Tesla T4, 10417 MiB, 4496 MiB, 15360 MiB, 95 %, 47 %, 645 MHz, 5000 MHz, 67.04 W, 77, P0
2026/09/30 07:03:40.204, Tesla T4, 10417 MiB, 4496 MiB, 15360 MiB, 100 %, 28 %, 630 MHz, 5000 MHz, 67.49 W, 77, P0
2026/09/30 07:03:40.716, Tesla T4, 10417 MiB, 4496 MiB, 15360 MiB, 90 %, 38 %, 615 MHz, 5000 MHz, 67.83 W, 77, P0
2026/09/30 07:03:41.234, Tesla T4, 10417 MiB, 4496 MiB, 15360 MiB, 100 %, 28 %, 630 MHz, 5000 MHz, 66.71 W, 77, P0
2026/09/30 07:03:41.746, Tesla T4, 10417 MiB, 4496 MiB, 15360 MiB, 100 %, 31 %, 630 MHz, 5000 MHz, 66.02 W, 77, P0
2026/09/30 07:03:42.264, Tesla T4, 10417 MiB, 4496 MiB, 15360 MiB, 90 %, 32 %, 615 MHz, 5000 MHz, 65.38 W, 77, P0
2026/09/30 07:03:42.775, Tesla T4, 10417 MiB, 4496 MiB, 15360 MiB, 96 %, 34 %, 570 MHz, 5000 MHz, 66.42 W, 77, P0
2026/09/30 07:03:43.286, Tesla T4, 10417 MiB, 4496 MiB, 15360 MiB, 98 %, 31 %, 630 MHz, 5000 MHz, 66.71 W, 77, P0
2026/09/30 07:03:43.806, Tesla T4, 10417 MiB, 4496 MiB, 15360 MiB, 100 %, 34 %, 555 MHz, 5000 MHz, 66.12 W, 77, P0
2026/09/30 07:03:44.321, Tesla T4, 10417 MiB, 4496 MiB, 15360 MiB, 97 %, 31 %, 555 MHz, 5000 MHz, 66.81 W, 77, P0
2026/09/30 07:03:44.837, Tesla T4, 10417 MiB, 4496 MiB, 15360 MiB, 100 %, 27 %, 600 MHz, 5000 MHz, 66.61 W, 77, P0
2026/09/30 07:03:45.355, Tesla T4, 10417 MiB, 4496 MiB, 15360 MiB, 100 %, 23 %, 660 MHz, 5000 MHz, 64.69 W, 77, P0
2026/09/30 07:03:45.866, Tesla T4, 10417 MiB, 4496 MiB, 15360 MiB, 100 %, 25 %, 630 MHz, 5000 MHz, 64.85 W, 77, P0
2026/09/30 07:03:46.384, Tesla T4, 10417 MiB, 4496 MiB, 15360 MiB, 89 %, 23 %, 570 MHz, 5000 MHz, 55.44 W, 77, P0
2026/09/30 07:03:46.895, Tesla T4, 10417 MiB, 4496 MiB, 15360 MiB, 100 %, 26 %, 630 MHz, 5000 MHz, 66.51 W, 77, P0
2026/09/30 07:03:47.407, Tesla T4, 10417 MiB, 4496 MiB, 15360 MiB, 100 %, 21 %, 630 MHz, 5000 MHz, 67.00 W, 77, P0
2026/09/30 07:03:47.924, Tesla T4, 10417 MiB, 4496 MiB, 15360 MiB, 100 %, 24 %, 615 MHz, 5000 MHz, 66.42 W, 77, P0
2026/09/30 07:03:48.435, Tesla T4, 10417 MiB, 4496 MiB, 15360 MiB, 96 %, 32 %, 600 MHz, 5000 MHz, 67.16 W, 77, P0
2026/09/30 07:03:48.951, Tesla T4, 10417 MiB, 4496 MiB, 15360 MiB, 100 %, 35 %, 645 MHz, 5000 MHz, 65.87 W, 77, P0
2026/09/30 07:03:49.489, Tesla T4, 10417 MiB, 4496 MiB, 15360 MiB, 100 %, 33 %, 585 MHz, 5000 MHz, 71.07 W, 77, P0
2026/09/30 07:03:50.009, Tesla T4, 10417 MiB, 4496 MiB, 15360 MiB, 100 %, 29 %, 645 MHz, 5000 MHz, 66.81 W, 77, P0
2026/09/30 07:03:50.525, Tesla T4, 10417 MiB, 4496 MiB, 15360 MiB, 100 %, 31 %, 555 MHz, 5000 MHz, 45.59 W, 77, P0
2026/09/30 07:03:51.054, Tesla T4, 10417 MiB, 4496 MiB, 15360 MiB, 100 %, 29 %, 645 MHz, 5000 MHz, 67.45 W, 77, P0
2026/09/30 07:03:51.578, Tesla T4, 10417 MiB, 4496 MiB, 15360 MiB, 96 %, 34 %, 585 MHz, 5000 MHz, 67.40 W, 77, P0
2026/09/30 07:03:52.092, Tesla T4, 10417 MiB, 4496 MiB, 15360 MiB, 99 %, 46 %, 645 MHz, 5000 MHz, 66.51 W, 77, P0
2026/09/30 07:03:52.611, Tesla T4, 10417 MiB, 4496 MiB, 15360 MiB, 96 %, 35 %, 705 MHz, 5000 MHz, 66.51 W, 77, P0
2026/09/30 07:03:53.123, Tesla T4, 10417 MiB, 4496 MiB, 15360 MiB, 100 %, 25 %, 645 MHz, 5000 MHz, 64.00 W, 77, P0
2026/09/30 07:03:53.640, Tesla T4, 10417 MiB, 4496 MiB, 15360 MiB, 100 %, 28 %, 630 MHz, 5000 MHz, 66.32 W, 77, P0
2026/09/30 07:03:54.152, Tesla T4, 10417 MiB, 4496 MiB, 15360 MiB, 100 %, 25 %, 690 MHz, 5000 MHz, 66.36 W, 77, P0
2026/09/30 07:03:54.688, Tesla T4, 10417 MiB, 4496 MiB, 15360 MiB, 100 %, 28 %, 630 MHz, 5000 MHz, 66.42 W, 77, P0
2026/09/30 07:03:55.274, Tesla T4, 10417 MiB, 4496 MiB, 15360 MiB, 100 %, 35 %, 570 MHz, 5000 MHz, 65.93 W, 77, P0
2026/09/30 07:03:55.789, Tesla T4, 10417 MiB, 4496 MiB, 15360 MiB, 100 %, 32 %, 600 MHz, 5000 MHz, 66.12 W, 77, P0
2026/09/30 07:03:56.305, Tesla T4, 10417 MiB, 4496 MiB, 15360 MiB, 100 %, 33 %, 615 MHz, 5000 MHz, 66.81 W, 77, P0
2026/09/30 07:03:56.821, Tesla T4, 10417 MiB, 4496 MiB, 15360 MiB, 100 %, 33 %, 600 MHz, 5000 MHz, 66.12 W, 77, P0
2026/09/30 07:03:57.341, Tesla T4, 10417 MiB, 4496 MiB, 15360 MiB, 98 %, 37 %, 660 MHz, 5000 MHz, 71.17 W, 77, P0
2026/09/30 07:03:57.855, Tesla T4, 10417 MiB, 4496 MiB, 15360 MiB, 95 %, 42 %, 795 MHz, 5000 MHz, 68.24 W, 77, P0
2026/09/30 07:03:58.371, Tesla T4, 10417 MiB, 4496 MiB, 15360 MiB, 94 %, 39 %, 615 MHz, 5000 MHz, 66.81 W, 77, P0
2026/09/30 07:03:58.885, Tesla T4, 10417 MiB, 4496 MiB, 15360 MiB, 96 %, 30 %, 600 MHz, 5000 MHz, 65.32 W, 77, P0
2026/09/30 07:03:59.402, Tesla T4, 10417 MiB, 4496 MiB, 15360 MiB, 99 %, 29 %, 645 MHz, 5000 MHz, 64.69 W, 77, P0
2026/09/30 07:03:59.915, Tesla T4, 10417 MiB, 4496 MiB, 15360 MiB, 100 %, 30 %, 570 MHz, 5000 MHz, 65.18 W, 77, P0
2026/09/30 07:04:00.433, Tesla T4, 10417 MiB, 4496 MiB, 15360 MiB, 100 %, 37 %, 675 MHz, 5000 MHz, 69.21 W, 77, P0
2026/09/30 07:04:00.944, Tesla T4, 10417 MiB, 4496 MiB, 15360 MiB, 100 %, 28 %, 660 MHz, 5000 MHz, 66.12 W, 77, P0
2026/09/30 07:04:01.463, Tesla T4, 10417 MiB, 4496 MiB, 15360 MiB, 100 %, 29 %, 630 MHz, 5000 MHz, 66.12 W, 77, P0
2026/09/30 07:04:01.996, Tesla T4, 10417 MiB, 4496 MiB, 15360 MiB, 87 %, 26 %, 630 MHz, 5000 MHz, 66.51 W, 77, P0
2026/09/30 07:04:02.526, Tesla T4, 10417 MiB, 4496 MiB, 15360 MiB, 97 %, 28 %, 630 MHz, 5000 MHz, 66.22 W, 77, P0
2026/09/30 07:04:03.052, Tesla T4, 10417 MiB, 4496 MiB, 15360 MiB, 100 %, 28 %, 525 MHz, 5000 MHz, 41.77 W, 77, P0
2026/09/30 07:04:03.587, Tesla T4, 10417 MiB, 4496 MiB, 15360 MiB, 100 %, 30 %, 555 MHz, 5000 MHz, 67.40 W, 77, P0
2026/09/30 07:04:04.111, Tesla T4, 10417 MiB, 4496 MiB, 15360 MiB, 82 %, 26 %, 615 MHz, 5000 MHz, 63.77 W, 77, P0
2026/09/30 07:04:04.640, Tesla T4, 10417 MiB, 4496 MiB, 15360 MiB, 100 %, 28 %, 570 MHz, 5000 MHz, 66.32 W, 77, P0
2026/09/30 07:04:05.152, Tesla T4, 10417 MiB, 4496 MiB, 15360 MiB, 100 %, 32 %, 630 MHz, 5000 MHz, 65.53 W, 77, P0
2026/09/30 07:04:05.667, Tesla T4, 10417 MiB, 4496 MiB, 15360 MiB, 100 %, 32 %, 615 MHz, 5000 MHz, 65.87 W, 77, P0
2026/09/30 07:04:06.183, Tesla T4, 10417 MiB, 4496 MiB, 15360 MiB, 100 %, 32 %, 570 MHz, 5000 MHz, 65.83 W, 77, P0
2026/09/30 07:04:06.700, Tesla T4, 10417 MiB, 4496 MiB, 15360 MiB, 100 %, 31 %, 645 MHz, 5000 MHz, 65.40 W, 77, P0
2026/09/30 07:04:07.210, Tesla T4, 10417 MiB, 4496 MiB, 15360 MiB, 90 %, 37 %, 660 MHz, 5000 MHz, 64.99 W, 77, P0
2026/09/30 07:04:07.730, Tesla T4, 10417 MiB, 4496 MiB, 15360 MiB, 100 %, 27 %, 615 MHz, 5000 MHz, 65.93 W, 77, P0
2026/09/30 07:04:08.243, Tesla T4, 10417 MiB, 4496 MiB, 15360 MiB, 100 %, 27 %, 600 MHz, 5000 MHz, 66.22 W, 77, P0
2026/09/30 07:04:08.760, Tesla T4, 10417 MiB, 4496 MiB, 15360 MiB, 100 %, 25 %, 690 MHz, 5000 MHz, 66.42 W, 77, P0
2026/09/30 07:04:09.271, Tesla T4, 10417 MiB, 4496 MiB, 15360 MiB, 100 %, 26 %, 600 MHz, 5000 MHz, 65.83 W, 77, P0
2026/09/30 07:04:09.783, Tesla T4, 10417 MiB, 4496 MiB, 15360 MiB, 100 %, 26 %, 615 MHz, 5000 MHz, 66.02 W, 77, P0
2026/09/30 07:04:10.301, Tesla T4, 10417 MiB, 4496 MiB, 15360 MiB, 100 %, 25 %, 690 MHz, 5000 MHz, 66.06 W, 77, P0
2026/09/30 07:04:10.812, Tesla T4, 10417 MiB, 4496 MiB, 15360 MiB, 99 %, 40 %, 555 MHz, 5000 MHz, 65.24 W, 77, P0
2026/09/30 07:04:11.329, Tesla T4, 10417 MiB, 4496 MiB, 15360 MiB, 95 %, 38 %, 555 MHz, 5000 MHz, 66.06 W, 77, P0
2026/09/30 07:04:11.841, Tesla T4, 10417 MiB, 4496 MiB, 15360 MiB, 100 %, 31 %, 600 MHz, 5000 MHz, 65.44 W, 77, P0
2026/09/30 07:04:12.358, Tesla T4, 10417 MiB, 4496 MiB, 15360 MiB, 100 %, 34 %, 570 MHz, 5000 MHz, 65.93 W, 77, P0
2026/09/30 07:04:12.870, Tesla T4, 10417 MiB, 4496 MiB, 15360 MiB, 95 %, 48 %, 930 MHz, 5000 MHz, 70.30 W, 77, P0
2026/09/30 07:04:13.392, Tesla T4, 10417 MiB, 4496 MiB, 15360 MiB, 96 %, 30 %, 705 MHz, 5000 MHz, 65.44 W, 77, P0
2026/09/30 07:04:13.903, Tesla T4, 10417 MiB, 4496 MiB, 15360 MiB, 100 %, 29 %, 645 MHz, 5000 MHz, 66.32 W, 77, P0
2026/09/30 07:04:14.420, Tesla T4, 10417 MiB, 4496 MiB, 15360 MiB, 81 %, 27 %, 690 MHz, 5000 MHz, 64.40 W, 77, P0
2026/09/30 07:04:14.943, Tesla T4, 10417 MiB, 4496 MiB, 15360 MiB, 97 %, 25 %, 615 MHz, 5000 MHz, 65.83 W, 77, P0
2026/09/30 07:04:15.469, Tesla T4, 10417 MiB, 4496 MiB, 15360 MiB, 100 %, 24 %, 840 MHz, 5000 MHz, 65.24 W, 77, P0
2026/09/30 07:04:16.000, Tesla T4, 10417 MiB, 4496 MiB, 15360 MiB, 100 %, 30 %, 540 MHz, 5000 MHz, 63.55 W, 77, P0
2026/09/30 07:04:16.528, Tesla T4, 10417 MiB, 4496 MiB, 15360 MiB, 100 %, 29 %, 600 MHz, 5000 MHz, 65.73 W, 77, P0
2026/09/30 07:04:17.047, Tesla T4, 10417 MiB, 4496 MiB, 15360 MiB, 100 %, 30 %, 615 MHz, 5000 MHz, 66.36 W, 77, P0
2026/09/30 07:04:17.558, Tesla T4, 10417 MiB, 4496 MiB, 15360 MiB, 98 %, 31 %, 555 MHz, 5000 MHz, 65.87 W, 77, P0
2026/09/30 07:04:18.072, Tesla T4, 10417 MiB, 4496 MiB, 15360 MiB, 100 %, 30 %, 600 MHz, 5000 MHz, 66.12 W, 77, P0
2026/09/30 07:04:18.583, Tesla T4, 10417 MiB, 4496 MiB, 15360 MiB, 98 %, 32 %, 555 MHz, 5000 MHz, 66.42 W, 77, P0
2026/09/30 07:04:19.094, Tesla T4, 10417 MiB, 4496 MiB, 15360 MiB, 100 %, 35 %, 555 MHz, 5000 MHz, 66.81 W, 77, P0
2026/09/30 07:04:19.612, Tesla T4, 10417 MiB, 4496 MiB, 15360 MiB, 90 %, 36 %, 570 MHz, 5000 MHz, 66.61 W, 77, P0
2026/09/30 07:04:20.124, Tesla T4, 10417 MiB, 4496 MiB, 15360 MiB, 95 %, 37 %, 630 MHz, 5000 MHz, 65.24 W, 77, P0
2026/09/30 07:04:20.640, Tesla T4, 10417 MiB, 4496 MiB, 15360 MiB, 96 %, 29 %, 630 MHz, 5000 MHz, 66.95 W, 77, P0
2026/09/30 07:04:21.151, Tesla T4, 10417 MiB, 4496 MiB, 15360 MiB, 96 %, 30 %, 630 MHz, 5000 MHz, 66.51 W, 77, P0
2026/09/30 07:04:21.668, Tesla T4, 10417 MiB, 4496 MiB, 15360 MiB, 98 %, 35 %, 615 MHz, 5000 MHz, 66.12 W, 77, P0
2026/09/30 07:04:22.181, Tesla T4, 10417 MiB, 4496 MiB, 15360 MiB, 96 %, 36 %, 585 MHz, 5000 MHz, 65.93 W, 77, P0
2026/09/30 07:04:22.704, Tesla T4, 10417 MiB, 4496 MiB, 15360 MiB, 89 %, 33 %, 570 MHz, 5000 MHz, 64.69 W, 77, P0
2026/09/30 07:04:23.219, Tesla T4, 10417 MiB, 4496 MiB, 15360 MiB, 97 %, 40 %, 615 MHz, 5000 MHz, 65.77 W, 77, P0
2026/09/30 07:04:23.731, Tesla T4, 10417 MiB, 4496 MiB, 15360 MiB, 99 %, 41 %, 570 MHz, 5000 MHz, 66.71 W, 77, P0
2026/09/30 07:04:24.242, Tesla T4, 10417 MiB, 4496 MiB, 15360 MiB, 100 %, 37 %, 645 MHz, 5000 MHz, 72.75 W, 77, P0
2026/09/30 07:04:24.758, Tesla T4, 10417 MiB, 4496 MiB, 15360 MiB, 96 %, 28 %, 630 MHz, 5000 MHz, 65.57 W, 77, P0
2026/09/30 07:04:25.271, Tesla T4, 10417 MiB, 4496 MiB, 15360 MiB, 100 %, 29 %, 735 MHz, 5000 MHz, 66.42 W, 77, P0
2026/09/30 07:04:25.788, Tesla T4, 10417 MiB, 4496 MiB, 15360 MiB, 100 %, 28 %, 630 MHz, 5000 MHz, 65.93 W, 77, P0
2026/09/30 07:04:26.299, Tesla T4, 10417 MiB, 4496 MiB, 15360 MiB, 95 %, 41 %, 690 MHz, 5000 MHz, 65.18 W, 77, P0
2026/09/30 07:04:26.815, Tesla T4, 10417 MiB, 4496 MiB, 15360 MiB, 89 %, 38 %, 690 MHz, 5000 MHz, 66.32 W, 77, P0
2026/09/30 07:04:27.326, Tesla T4, 10417 MiB, 4496 MiB, 15360 MiB, 98 %, 33 %, 600 MHz, 5000 MHz, 65.73 W, 77, P0
2026/09/30 07:04:27.849, Tesla T4, 10417 MiB, 4496 MiB, 15360 MiB, 84 %, 53 %, 570 MHz, 5000 MHz, 66.81 W, 77, P0
2026/09/30 07:04:28.378, Tesla T4, 10417 MiB, 4496 MiB, 15360 MiB, 98 %, 33 %, 600 MHz, 5000 MHz, 66.51 W, 77, P0
2026/09/30 07:04:28.907, Tesla T4, 10417 MiB, 4496 MiB, 15360 MiB, 100 %, 34 %, 615 MHz, 5000 MHz, 68.08 W, 77, P0
2026/09/30 07:04:29.440, Tesla T4, 10417 MiB, 4496 MiB, 15360 MiB, 94 %, 29 %, 615 MHz, 5000 MHz, 65.77 W, 77, P0
2026/09/30 07:04:29.963, Tesla T4, 10417 MiB, 4496 MiB, 15360 MiB, 100 %, 25 %, 690 MHz, 5000 MHz, 66.32 W, 77, P0
2026/09/30 07:04:30.474, Tesla T4, 10417 MiB, 4496 MiB, 15360 MiB, 98 %, 28 %, 705 MHz, 5000 MHz, 65.53 W, 77, P0
2026/09/30 07:04:30.989, Tesla T4, 10417 MiB, 4496 MiB, 15360 MiB, 96 %, 31 %, 555 MHz, 5000 MHz, 65.97 W, 77, P0
2026/09/30 07:04:31.502, Tesla T4, 10417 MiB, 4496 MiB, 15360 MiB, 99 %, 37 %, 540 MHz, 5000 MHz, 72.36 W, 77, P0
2026/09/30 07:04:32.014, Tesla T4, 10417 MiB, 4496 MiB, 15360 MiB, 99 %, 40 %, 660 MHz, 5000 MHz, 65.77 W, 77, P0
2026/09/30 07:04:32.531, Tesla T4, 10417 MiB, 4496 MiB, 15360 MiB, 99 %, 33 %, 555 MHz, 5000 MHz, 66.42 W, 77, P0
2026/09/30 07:04:33.043, Tesla T4, 10417 MiB, 4496 MiB, 15360 MiB, 100 %, 31 %, 600 MHz, 5000 MHz, 66.42 W, 77, P0
2026/09/30 07:04:33.560, Tesla T4, 10417 MiB, 4496 MiB, 15360 MiB, 100 %, 34 %, 705 MHz, 5000 MHz, 66.71 W, 77, P0
2026/09/30 07:04:34.072, Tesla T4, 10417 MiB, 4496 MiB, 15360 MiB, 97 %, 24 %, 600 MHz, 5000 MHz, 65.08 W, 77, P0
2026/09/30 07:04:34.586, Tesla T4, 10417 MiB, 4496 MiB, 15360 MiB, 90 %, 24 %, 705 MHz, 5000 MHz, 65.18 W, 77, P0
2026/09/30 07:04:35.098, Tesla T4, 10417 MiB, 4496 MiB, 15360 MiB, 98 %, 27 %, 600 MHz, 5000 MHz, 65.67 W, 77, P0
2026/09/30 07:04:35.614, Tesla T4, 10417 MiB, 4496 MiB, 15360 MiB, 97 %, 38 %, 585 MHz, 5000 MHz, 65.93 W, 77, P0
2026/09/30 07:04:36.126, Tesla T4, 10417 MiB, 4496 MiB, 15360 MiB, 95 %, 39 %, 690 MHz, 5000 MHz, 65.34 W, 77, P0
2026/09/30 07:04:36.640, Tesla T4, 10417 MiB, 4496 MiB, 15360 MiB, 100 %, 22 %, 720 MHz, 5000 MHz, 65.57 W, 77, P0
2026/09/30 07:04:37.155, Tesla T4, 10417 MiB, 4496 MiB, 15360 MiB, 100 %, 23 %, 690 MHz, 5000 MHz, 66.32 W, 77, P0
2026/09/30 07:04:37.666, Tesla T4, 10417 MiB, 4496 MiB, 15360 MiB, 100 %, 23 %, 705 MHz, 5000 MHz, 65.44 W, 77, P0
2026/09/30 07:04:38.182, Tesla T4, 10417 MiB, 4496 MiB, 15360 MiB, 100 %, 23 %, 690 MHz, 5000 MHz, 66.12 W, 78, P0
2026/09/30 07:04:38.693, Tesla T4, 10417 MiB, 4496 MiB, 15360 MiB, 100 %, 22 %, 720 MHz, 5000 MHz, 64.00 W, 77, P0
2026/09/30 07:04:39.208, Tesla T4, 10417 MiB, 4496 MiB, 15360 MiB, 100 %, 22 %, 690 MHz, 5000 MHz, 66.02 W, 78, P0
2026/09/30 07:04:39.720, Tesla T4, 10417 MiB, 4496 MiB, 15360 MiB, 100 %, 22 %, 705 MHz, 5000 MHz, 66.16 W, 78, P0
2026/09/30 07:04:40.258, Tesla T4, 10417 MiB, 4496 MiB, 15360 MiB, 100 %, 20 %, 690 MHz, 5000 MHz, 66.02 W, 78, P0
2026/09/30 07:04:40.785, Tesla T4, 10417 MiB, 4496 MiB, 15360 MiB, 98 %, 35 %, 615 MHz, 5000 MHz, 64.65 W, 77, P0
2026/09/30 07:04:41.314, Tesla T4, 10417 MiB, 4496 MiB, 15360 MiB, 98 %, 35 %, 585 MHz, 5000 MHz, 66.81 W, 77, P0
2026/09/30 07:04:41.842, Tesla T4, 10417 MiB, 4496 MiB, 15360 MiB, 100 %, 32 %, 660 MHz, 5000 MHz, 65.00 W, 77, P0
2026/09/30 07:04:42.387, Tesla T4, 10417 MiB, 4496 MiB, 15360 MiB, 89 %, 31 %, 615 MHz, 5000 MHz, 65.04 W, 77, P0
2026/09/30 07:04:42.914, Tesla T4, 10417 MiB, 4496 MiB, 15360 MiB, 96 %, 33 %, 615 MHz, 5000 MHz, 64.00 W, 77, P0
2026/09/30 07:04:43.426, Tesla T4, 10417 MiB, 4496 MiB, 15360 MiB, 98 %, 29 %, 630 MHz, 5000 MHz, 66.56 W, 77, P0
2026/09/30 07:04:43.942, Tesla T4, 10417 MiB, 4496 MiB, 15360 MiB, 100 %, 32 %, 630 MHz, 5000 MHz, 67.40 W, 77, P0
2026/09/30 07:04:44.453, Tesla T4, 10417 MiB, 4496 MiB, 15360 MiB, 96 %, 28 %, 690 MHz, 5000 MHz, 65.93 W, 77, P0
2026/09/30 07:04:44.967, Tesla T4, 10417 MiB, 4496 MiB, 15360 MiB, 99 %, 32 %, 540 MHz, 5000 MHz, 67.20 W, 77, P0
2026/09/30 07:04:45.483, Tesla T4, 10417 MiB, 4496 MiB, 15360 MiB, 100 %, 24 %, 675 MHz, 5000 MHz, 65.53 W, 77, P0
2026/09/30 07:04:46.004, Tesla T4, 10417 MiB, 4496 MiB, 15360 MiB, 100 %, 30 %, 585 MHz, 5000 MHz, 66.56 W, 77, P0
2026/09/30 07:04:46.515, Tesla T4, 10417 MiB, 4496 MiB, 15360 MiB, 91 %, 33 %, 570 MHz, 5000 MHz, 65.28 W, 77, P0
2026/09/30 07:04:47.032, Tesla T4, 10417 MiB, 4496 MiB, 15360 MiB, 100 %, 29 %, 615 MHz, 5000 MHz, 65.44 W, 77, P0
2026/09/30 07:04:47.546, Tesla T4, 10417 MiB, 4496 MiB, 15360 MiB, 99 %, 36 %, 645 MHz, 5000 MHz, 67.04 W, 77, P0
2026/09/30 07:04:48.063, Tesla T4, 10417 MiB, 4496 MiB, 15360 MiB, 99 %, 36 %, 570 MHz, 5000 MHz, 64.46 W, 77, P0
2026/09/30 07:04:48.576, Tesla T4, 10417 MiB, 4496 MiB, 15360 MiB, 100 %, 31 %, 615 MHz, 5000 MHz, 65.93 W, 77, P0
2026/09/30 07:04:49.091, Tesla T4, 10417 MiB, 4496 MiB, 15360 MiB, 99 %, 34 %, 615 MHz, 5000 MHz, 66.51 W, 77, P0
2026/09/30 07:04:49.602, Tesla T4, 10417 MiB, 4496 MiB, 15360 MiB, 100 %, 31 %, 585 MHz, 5000 MHz, 65.71 W, 77, P0
2026/09/30 07:04:50.113, Tesla T4, 10417 MiB, 4496 MiB, 15360 MiB, 98 %, 26 %, 720 MHz, 5000 MHz, 66.26 W, 77, P0
2026/09/30 07:04:50.625, Tesla T4, 10417 MiB, 4496 MiB, 15360 MiB, 100 %, 30 %, 600 MHz, 5000 MHz, 65.77 W, 77, P0
2026/09/30 07:04:51.136, Tesla T4, 10417 MiB, 4496 MiB, 15360 MiB, 98 %, 25 %, 705 MHz, 5000 MHz, 66.65 W, 77, P0
2026/09/30 07:04:51.647, Tesla T4, 10417 MiB, 4496 MiB, 15360 MiB, 94 %, 30 %, 615 MHz, 5000 MHz, 66.42 W, 77, P0
2026/09/30 07:04:52.164, Tesla T4, 10417 MiB, 4496 MiB, 15360 MiB, 100 %, 35 %, 570 MHz, 5000 MHz, 66.22 W, 77, P0
2026/09/30 07:04:52.677, Tesla T4, 10417 MiB, 4496 MiB, 15360 MiB, 100 %, 31 %, 600 MHz, 5000 MHz, 66.32 W, 77, P0
2026/09/30 07:04:53.207, Tesla T4, 10417 MiB, 4496 MiB, 15360 MiB, 100 %, 35 %, 585 MHz, 5000 MHz, 65.38 W, 77, P0
2026/09/30 07:04:53.731, Tesla T4, 10417 MiB, 4496 MiB, 15360 MiB, 100 %, 23 %, 705 MHz, 5000 MHz, 64.55 W, 77, P0
2026/09/30 07:04:54.254, Tesla T4, 10417 MiB, 4496 MiB, 15360 MiB, 100 %, 23 %, 690 MHz, 5000 MHz, 66.12 W, 77, P0
2026/09/30 07:04:54.777, Tesla T4, 10417 MiB, 4496 MiB, 15360 MiB, 100 %, 27 %, 615 MHz, 5000 MHz, 65.93 W, 77, P0
2026/09/30 07:04:55.317, Tesla T4, 10417 MiB, 4496 MiB, 15360 MiB, 100 %, 27 %, 645 MHz, 5000 MHz, 66.32 W, 77, P0
2026/09/30 07:04:55.851, Tesla T4, 10417 MiB, 4496 MiB, 15360 MiB, 100 %, 22 %, 705 MHz, 5000 MHz, 65.18 W, 77, P0
2026/09/30 07:04:56.367, Tesla T4, 10417 MiB, 4496 MiB, 15360 MiB, 100 %, 22 %, 690 MHz, 5000 MHz, 65.77 W, 78, P0
2026/09/30 07:04:56.878, Tesla T4, 10417 MiB, 4496 MiB, 15360 MiB, 100 %, 26 %, 630 MHz, 5000 MHz, 65.14 W, 77, P0
2026/09/30 07:04:57.395, Tesla T4, 10417 MiB, 4496 MiB, 15360 MiB, 100 %, 26 %, 600 MHz, 5000 MHz, 63.91 W, 77, P0
2026/09/30 07:04:57.908, Tesla T4, 10417 MiB, 4496 MiB, 15360 MiB, 100 %, 35 %, 555 MHz, 5000 MHz, 65.93 W, 77, P0
2026/09/30 07:04:58.425, Tesla T4, 10417 MiB, 4496 MiB, 15360 MiB, 100 %, 34 %, 570 MHz, 5000 MHz, 66.12 W, 77, P0
2026/09/30 07:04:58.937, Tesla T4, 10417 MiB, 4496 MiB, 15360 MiB, 96 %, 29 %, 675 MHz, 5000 MHz, 65.73 W, 77, P0
2026/09/30 07:04:59.450, Tesla T4, 10417 MiB, 4496 MiB, 15360 MiB, 99 %, 35 %, 615 MHz, 5000 MHz, 67.65 W, 77, P0
2026/09/30 07:04:59.962, Tesla T4, 10417 MiB, 4496 MiB, 15360 MiB, 100 %, 27 %, 660 MHz, 5000 MHz, 67.30 W, 77, P0
2026/09/30 07:05:00.476, Tesla T4, 10417 MiB, 4496 MiB, 15360 MiB, 96 %, 38 %, 555 MHz, 5000 MHz, 65.44 W, 77, P0
2026/09/30 07:05:00.990, Tesla T4, 10417 MiB, 4496 MiB, 15360 MiB, 98 %, 37 %, 555 MHz, 5000 MHz, 68.08 W, 77, P0
2026/09/30 07:05:01.503, Tesla T4, 10417 MiB, 4496 MiB, 15360 MiB, 95 %, 38 %, 555 MHz, 5000 MHz, 70.64 W, 77, P0
2026/09/30 07:05:02.015, Tesla T4, 10417 MiB, 4496 MiB, 15360 MiB, 98 %, 34 %, 615 MHz, 5000 MHz, 66.30 W, 77, P0
2026/09/30 07:05:02.526, Tesla T4, 10417 MiB, 4496 MiB, 15360 MiB, 90 %, 31 %, 555 MHz, 5000 MHz, 73.14 W, 77, P0
2026/09/30 07:05:03.044, Tesla T4, 10417 MiB, 4496 MiB, 15360 MiB, 98 %, 33 %, 600 MHz, 5000 MHz, 66.36 W, 77, P0
2026/09/30 07:05:03.557, Tesla T4, 10417 MiB, 4496 MiB, 15360 MiB, 96 %, 28 %, 615 MHz, 5000 MHz, 67.00 W, 77, P0
2026/09/30 07:05:04.072, Tesla T4, 10417 MiB, 4496 MiB, 15360 MiB, 98 %, 30 %, 615 MHz, 5000 MHz, 63.77 W, 77, P0
2026/09/30 07:05:04.588, Tesla T4, 10417 MiB, 4496 MiB, 15360 MiB, 100 %, 29 %, 630 MHz, 5000 MHz, 66.42 W, 77, P0
2026/09/30 07:05:05.105, Tesla T4, 10417 MiB, 4496 MiB, 15360 MiB, 95 %, 39 %, 615 MHz, 5000 MHz, 69.96 W, 77, P0
2026/09/30 07:05:05.617, Tesla T4, 10417 MiB, 4496 MiB, 15360 MiB, 100 %, 29 %, 585 MHz, 5000 MHz, 68.38 W, 77, P0
2026/09/30 07:05:06.148, Tesla T4, 10417 MiB, 4496 MiB, 15360 MiB, 88 %, 26 %, 555 MHz, 5000 MHz, 40.98 W, 77, P0
2026/09/30 07:05:06.679, Tesla T4, 10417 MiB, 4496 MiB, 15360 MiB, 100 %, 30 %, 600 MHz, 5000 MHz, 65.93 W, 77, P0
2026/09/30 07:05:07.203, Tesla T4, 10417 MiB, 4496 MiB, 15360 MiB, 100 %, 28 %, 600 MHz, 5000 MHz, 65.04 W, 77, P0
2026/09/30 07:05:07.720, Tesla T4, 10417 MiB, 4496 MiB, 15360 MiB, 100 %, 28 %, 600 MHz, 5000 MHz, 66.02 W, 77, P0
2026/09/30 07:05:08.242, Tesla T4, 10417 MiB, 4496 MiB, 15360 MiB, 100 %, 26 %, 615 MHz, 5000 MHz, 65.87 W, 77, P0
2026/09/30 07:05:08.753, Tesla T4, 10417 MiB, 4496 MiB, 15360 MiB, 90 %, 25 %, 600 MHz, 5000 MHz, 74.41 W, 77, P0
2026/09/30 07:05:09.269, Tesla T4, 10417 MiB, 4496 MiB, 15360 MiB, 100 %, 28 %, 585 MHz, 5000 MHz, 66.32 W, 77, P0
2026/09/30 07:05:09.780, Tesla T4, 10417 MiB, 4496 MiB, 15360 MiB, 100 %, 26 %, 615 MHz, 5000 MHz, 65.83 W, 77, P0
2026/09/30 07:05:10.294, Tesla T4, 10417 MiB, 4496 MiB, 15360 MiB, 100 %, 24 %, 615 MHz, 5000 MHz, 53.15 W, 77, P0
2026/09/30 07:05:10.809, Tesla T4, 10417 MiB, 4496 MiB, 15360 MiB, 98 %, 32 %, 570 MHz, 5000 MHz, 66.91 W, 77, P0
2026/09/30 07:05:11.320, Tesla T4, 10417 MiB, 4496 MiB, 15360 MiB, 91 %, 30 %, 630 MHz, 5000 MHz, 63.57 W, 77, P0
2026/09/30 07:05:11.842, Tesla T4, 10417 MiB, 4496 MiB, 15360 MiB, 100 %, 31 %, 630 MHz, 5000 MHz, 68.24 W, 77, P0
2026/09/30 07:05:12.359, Tesla T4, 10417 MiB, 4496 MiB, 15360 MiB, 100 %, 25 %, 600 MHz, 5000 MHz, 65.53 W, 77, P0
2026/09/30 07:05:12.873, Tesla T4, 10417 MiB, 4496 MiB, 15360 MiB, 99 %, 36 %, 645 MHz, 5000 MHz, 68.14 W, 77, P0
2026/09/30 07:05:13.384, Tesla T4, 10417 MiB, 4496 MiB, 15360 MiB, 100 %, 25 %, 615 MHz, 5000 MHz, 64.95 W, 77, P0
2026/09/30 07:05:13.900, Tesla T4, 10417 MiB, 4496 MiB, 15360 MiB, 95 %, 39 %, 630 MHz, 5000 MHz, 66.91 W, 77, P0
2026/09/30 07:05:14.412, Tesla T4, 10417 MiB, 4496 MiB, 15360 MiB, 98 %, 34 %, 645 MHz, 5000 MHz, 67.34 W, 77, P0
2026/09/30 07:05:14.923, Tesla T4, 10417 MiB, 4496 MiB, 15360 MiB, 100 %, 32 %, 660 MHz, 5000 MHz, 65.04 W, 77, P0
2026/09/30 07:05:15.440, Tesla T4, 10417 MiB, 4496 MiB, 15360 MiB, 100 %, 28 %, 675 MHz, 5000 MHz, 66.91 W, 77, P0
2026/09/30 07:05:15.951, Tesla T4, 10417 MiB, 4496 MiB, 15360 MiB, 100 %, 27 %, 600 MHz, 5000 MHz, 62.42 W, 77, P0
2026/09/30 07:05:16.468, Tesla T4, 10417 MiB, 4496 MiB, 15360 MiB, 90 %, 28 %, 645 MHz, 5000 MHz, 75.93 W, 77, P0
2026/09/30 07:05:16.980, Tesla T4, 10417 MiB, 4496 MiB, 15360 MiB, 100 %, 27 %, 660 MHz, 5000 MHz, 65.28 W, 77, P0
2026/09/30 07:05:17.491, Tesla T4, 10417 MiB, 4496 MiB, 15360 MiB, 100 %, 32 %, 645 MHz, 5000 MHz, 52.79 W, 77, P0
2026/09/30 07:05:18.012, Tesla T4, 10417 MiB, 4496 MiB, 15360 MiB, 90 %, 40 %, 540 MHz, 5000 MHz, 63.95 W, 77, P0
2026/09/30 07:05:18.526, Tesla T4, 10417 MiB, 4496 MiB, 15360 MiB, 100 %, 32 %, 660 MHz, 5000 MHz, 66.06 W, 77, P0
2026/09/30 07:05:19.050, Tesla T4, 10417 MiB, 4496 MiB, 15360 MiB, 100 %, 27 %, 660 MHz, 5000 MHz, 66.22 W, 77, P0
2026/09/30 07:05:19.573, Tesla T4, 10417 MiB, 4496 MiB, 15360 MiB, 98 %, 35 %, 660 MHz, 5000 MHz, 58.59 W, 77, P0
2026/09/30 07:05:20.098, Tesla T4, 10417 MiB, 4496 MiB, 15360 MiB, 100 %, 27 %, 645 MHz, 5000 MHz, 66.12 W, 77, P0
2026/09/30 07:05:20.622, Tesla T4, 10417 MiB, 4496 MiB, 15360 MiB, 100 %, 31 %, 600 MHz, 5000 MHz, 64.99 W, 77, P0
2026/09/30 07:05:21.153, Tesla T4, 10417 MiB, 4496 MiB, 15360 MiB, 100 %, 29 %, 585 MHz, 5000 MHz, 65.38 W, 77, P0
2026/09/30 07:05:21.667, Tesla T4, 10417 MiB, 4496 MiB, 15360 MiB, 86 %, 29 %, 525 MHz, 5000 MHz, 78.42 W, 77, P0
2026/09/30 07:05:22.178, Tesla T4, 10417 MiB, 4496 MiB, 15360 MiB, 100 %, 29 %, 570 MHz, 5000 MHz, 65.04 W, 77, P0
2026/09/30 07:05:22.697, Tesla T4, 10417 MiB, 4496 MiB, 15360 MiB, 97 %, 28 %, 570 MHz, 5000 MHz, 66.61 W, 77, P0
2026/09/30 07:05:23.210, Tesla T4, 10417 MiB, 4496 MiB, 15360 MiB, 96 %, 35 %, 570 MHz, 5000 MHz, 65.53 W, 77, P0
2026/09/30 07:05:23.727, Tesla T4, 10417 MiB, 4496 MiB, 15360 MiB, 99 %, 34 %, 555 MHz, 5000 MHz, 65.67 W, 77, P0
2026/09/30 07:05:24.238, Tesla T4, 10417 MiB, 4496 MiB, 15360 MiB, 97 %, 32 %, 630 MHz, 5000 MHz, 66.36 W, 77, P0
2026/09/30 07:05:24.752, Tesla T4, 10417 MiB, 4496 MiB, 15360 MiB, 100 %, 35 %, 765 MHz, 5000 MHz, 66.42 W, 77, P0
2026/09/30 07:05:25.268, Tesla T4, 10417 MiB, 4496 MiB, 15360 MiB, 100 %, 33 %, 570 MHz, 5000 MHz, 67.10 W, 77, P0
2026/09/30 07:05:25.781, Tesla T4, 10417 MiB, 4496 MiB, 15360 MiB, 97 %, 37 %, 630 MHz, 5000 MHz, 62.63 W, 77, P0
2026/09/30 07:05:26.297, Tesla T4, 10417 MiB, 4496 MiB, 15360 MiB, 97 %, 38 %, 585 MHz, 5000 MHz, 68.14 W, 77, P0
2026/09/30 07:05:26.812, Tesla T4, 10417 MiB, 4496 MiB, 15360 MiB, 98 %, 34 %, 600 MHz, 5000 MHz, 65.67 W, 77, P0
2026/09/30 07:05:27.327, Tesla T4, 10417 MiB, 4496 MiB, 15360 MiB, 100 %, 33 %, 540 MHz, 5000 MHz, 66.42 W, 77, P0
2026/09/30 07:05:27.839, Tesla T4, 10417 MiB, 4496 MiB, 15360 MiB, 96 %, 32 %, 585 MHz, 5000 MHz, 66.22 W, 77, P0
2026/09/30 07:05:28.355, Tesla T4, 10417 MiB, 4496 MiB, 15360 MiB, 90 %, 38 %, 585 MHz, 5000 MHz, 65.87 W, 77, P0
2026/09/30 07:05:28.868, Tesla T4, 10417 MiB, 4496 MiB, 15360 MiB, 95 %, 44 %, 630 MHz, 5000 MHz, 65.10 W, 77, P0
2026/09/30 07:05:29.380, Tesla T4, 10417 MiB, 4496 MiB, 15360 MiB, 99 %, 42 %, 825 MHz, 5000 MHz, 66.36 W, 77, P0
2026/09/30 07:05:29.896, Tesla T4, 10417 MiB, 4496 MiB, 15360 MiB, 100 %, 28 %, 675 MHz, 5000 MHz, 66.12 W, 77, P0
2026/09/30 07:05:30.409, Tesla T4, 10417 MiB, 4496 MiB, 15360 MiB, 100 %, 29 %, 645 MHz, 5000 MHz, 65.53 W, 77, P0
2026/09/30 07:05:30.924, Tesla T4, 10417 MiB, 4496 MiB, 15360 MiB, 100 %, 27 %, 660 MHz, 5000 MHz, 66.42 W, 77, P0
2026/09/30 07:05:31.440, Tesla T4, 10417 MiB, 4496 MiB, 15360 MiB, 94 %, 28 %, 570 MHz, 5000 MHz, 64.36 W, 77, P0
2026/09/30 07:05:31.971, Tesla T4, 10417 MiB, 4496 MiB, 15360 MiB, 100 %, 38 %, 555 MHz, 5000 MHz, 66.57 W, 76, P0
2026/09/30 07:05:32.503, Tesla T4, 10417 MiB, 4496 MiB, 15360 MiB, 100 %, 34 %, 660 MHz, 5000 MHz, 63.03 W, 77, P0
2026/09/30 07:05:33.027, Tesla T4, 10417 MiB, 4496 MiB, 15360 MiB, 100 %, 30 %, 630 MHz, 5000 MHz, 65.18 W, 77, P0
2026/09/30 07:05:33.546, Tesla T4, 10417 MiB, 4496 MiB, 15360 MiB, 83 %, 29 %, 570 MHz, 5000 MHz, 65.53 W, 77, P0
2026/09/30 07:05:34.072, Tesla T4, 10417 MiB, 4496 MiB, 15360 MiB, 96 %, 28 %, 690 MHz, 5000 MHz, 65.57 W, 77, P0
2026/09/30 07:05:34.583, Tesla T4, 10417 MiB, 4496 MiB, 15360 MiB, 98 %, 29 %, 600 MHz, 5000 MHz, 66.32 W, 77, P0
2026/09/30 07:05:35.096, Tesla T4, 10417 MiB, 4496 MiB, 15360 MiB, 100 %, 28 %, 675 MHz, 5000 MHz, 70.10 W, 77, P0
2026/09/30 07:05:35.610, Tesla T4, 10417 MiB, 4496 MiB, 15360 MiB, 98 %, 26 %, 600 MHz, 5000 MHz, 70.68 W, 77, P0
2026/09/30 07:05:36.125, Tesla T4, 10417 MiB, 4496 MiB, 15360 MiB, 100 %, 30 %, 735 MHz, 5000 MHz, 67.00 W, 77, P0
2026/09/30 07:05:36.638, Tesla T4, 10417 MiB, 4496 MiB, 15360 MiB, 89 %, 37 %, 600 MHz, 5000 MHz, 62.67 W, 77, P0
2026/09/30 07:05:37.151, Tesla T4, 10417 MiB, 4496 MiB, 15360 MiB, 100 %, 35 %, 690 MHz, 5000 MHz, 66.02 W, 77, P0
2026/09/30 07:05:37.667, Tesla T4, 10417 MiB, 4496 MiB, 15360 MiB, 100 %, 30 %, 615 MHz, 5000 MHz, 66.42 W, 77, P0
2026/09/30 07:05:38.184, Tesla T4, 10417 MiB, 4496 MiB, 15360 MiB, 100 %, 33 %, 630 MHz, 5000 MHz, 66.91 W, 77, P0
2026/09/30 07:05:38.696, Tesla T4, 10417 MiB, 4496 MiB, 15360 MiB, 96 %, 41 %, 585 MHz, 5000 MHz, 66.81 W, 77, P0
2026/09/30 07:05:39.213, Tesla T4, 10417 MiB, 4496 MiB, 15360 MiB, 90 %, 38 %, 600 MHz, 5000 MHz, 68.82 W, 77, P0
2026/09/30 07:05:39.727, Tesla T4, 10417 MiB, 4496 MiB, 15360 MiB, 100 %, 35 %, 570 MHz, 5000 MHz, 65.63 W, 77, P0
2026/09/30 07:05:40.242, Tesla T4, 10417 MiB, 4496 MiB, 15360 MiB, 100 %, 36 %, 540 MHz, 5000 MHz, 67.89 W, 77, P0
2026/09/30 07:05:40.759, Tesla T4, 10417 MiB, 4496 MiB, 15360 MiB, 100 %, 36 %, 600 MHz, 5000 MHz, 66.46 W, 77, P0
2026/09/30 07:05:41.272, Tesla T4, 10417 MiB, 4496 MiB, 15360 MiB, 98 %, 27 %, 600 MHz, 5000 MHz, 64.50 W, 77, P0
2026/09/30 07:05:41.787, Tesla T4, 10417 MiB, 4496 MiB, 15360 MiB, 100 %, 26 %, 630 MHz, 5000 MHz, 65.24 W, 77, P0
2026/09/30 07:05:42.298, Tesla T4, 10417 MiB, 4496 MiB, 15360 MiB, 100 %, 32 %, 585 MHz, 5000 MHz, 66.51 W, 77, P0
2026/09/30 07:05:42.815, Tesla T4, 10417 MiB, 4496 MiB, 15360 MiB, 100 %, 27 %, 615 MHz, 5000 MHz, 67.30 W, 77, P0
2026/09/30 07:05:43.326, Tesla T4, 10417 MiB, 4496 MiB, 15360 MiB, 100 %, 23 %, 705 MHz, 5000 MHz, 67.20 W, 77, P0
2026/09/30 07:05:43.843, Tesla T4, 10417 MiB, 4496 MiB, 15360 MiB, 98 %, 32 %, 600 MHz, 5000 MHz, 66.95 W, 77, P0
2026/09/30 07:05:44.360, Tesla T4, 10417 MiB, 4496 MiB, 15360 MiB, 83 %, 34 %, 615 MHz, 5000 MHz, 67.84 W, 77, P0
2026/09/30 07:05:44.906, Tesla T4, 10417 MiB, 4496 MiB, 15360 MiB, 100 %, 30 %, 540 MHz, 5000 MHz, 67.16 W, 77, P0
2026/09/30 07:05:45.434, Tesla T4, 10417 MiB, 4496 MiB, 15360 MiB, 88 %, 38 %, 630 MHz, 5000 MHz, 66.51 W, 77, P0
2026/09/30 07:05:45.960, Tesla T4, 10417 MiB, 4496 MiB, 15360 MiB, 98 %, 40 %, 600 MHz, 5000 MHz, 65.89 W, 77, P0
2026/09/30 07:05:46.487, Tesla T4, 10417 MiB, 4496 MiB, 15360 MiB, 98 %, 44 %, 615 MHz, 5000 MHz, 64.95 W, 77, P0
2026/09/30 07:05:47.001, Tesla T4, 10417 MiB, 4496 MiB, 15360 MiB, 91 %, 44 %, 705 MHz, 5000 MHz, 65.63 W, 77, P0
2026/09/30 07:05:47.512, Tesla T4, 10417 MiB, 4496 MiB, 15360 MiB, 91 %, 34 %, 615 MHz, 5000 MHz, 66.96 W, 77, P0
2026/09/30 07:05:48.037, Tesla T4, 10417 MiB, 4496 MiB, 15360 MiB, 96 %, 34 %, 630 MHz, 5000 MHz, 65.83 W, 77, P0
2026/09/30 07:05:48.550, Tesla T4, 10417 MiB, 4496 MiB, 15360 MiB, 100 %, 25 %, 705 MHz, 5000 MHz, 66.16 W, 77, P0
2026/09/30 07:05:49.067, Tesla T4, 10417 MiB, 4496 MiB, 15360 MiB, 100 %, 33 %, 720 MHz, 5000 MHz, 63.61 W, 77, P0
2026/09/30 07:05:49.584, Tesla T4, 10417 MiB, 4496 MiB, 15360 MiB, 96 %, 25 %, 555 MHz, 5000 MHz, 68.53 W, 77, P0
2026/09/30 07:05:50.102, Tesla T4, 10417 MiB, 4496 MiB, 15360 MiB, 98 %, 33 %, 690 MHz, 5000 MHz, 65.77 W, 77, P0
2026/09/30 07:05:50.617, Tesla T4, 10417 MiB, 4496 MiB, 15360 MiB, 90 %, 29 %, 555 MHz, 5000 MHz, 65.53 W, 77, P0
2026/09/30 07:05:51.139, Tesla T4, 10417 MiB, 4496 MiB, 15360 MiB, 100 %, 25 %, 690 MHz, 5000 MHz, 65.93 W, 77, P0
2026/09/30 07:05:51.653, Tesla T4, 10417 MiB, 4496 MiB, 15360 MiB, 95 %, 43 %, 600 MHz, 5000 MHz, 66.02 W, 77, P0
2026/09/30 07:05:52.176, Tesla T4, 10417 MiB, 4496 MiB, 15360 MiB, 100 %, 31 %, 630 MHz, 5000 MHz, 65.93 W, 77, P0
2026/09/30 07:05:52.692, Tesla T4, 10417 MiB, 4496 MiB, 15360 MiB, 90 %, 54 %, 660 MHz, 5000 MHz, 65.93 W, 77, P0
2026/09/30 07:05:53.213, Tesla T4, 10417 MiB, 4496 MiB, 15360 MiB, 97 %, 37 %, 600 MHz, 5000 MHz, 66.02 W, 77, P0
2026/09/30 07:05:53.726, Tesla T4, 10417 MiB, 4496 MiB, 15360 MiB, 89 %, 38 %, 615 MHz, 5000 MHz, 66.51 W, 77, P0
2026/09/30 07:05:54.263, Tesla T4, 10417 MiB, 4496 MiB, 15360 MiB, 91 %, 36 %, 615 MHz, 5000 MHz, 60.45 W, 77, P0
2026/09/30 07:05:54.777, Tesla T4, 10417 MiB, 4496 MiB, 15360 MiB, 90 %, 54 %, 600 MHz, 5000 MHz, 71.91 W, 77, P0
2026/09/30 07:05:55.300, Tesla T4, 10417 MiB, 4496 MiB, 15360 MiB, 98 %, 44 %, 570 MHz, 5000 MHz, 66.32 W, 77, P0
2026/09/30 07:05:55.811, Tesla T4, 10417 MiB, 4496 MiB, 15360 MiB, 99 %, 42 %, 555 MHz, 5000 MHz, 68.82 W, 77, P0
2026/09/30 07:05:56.327, Tesla T4, 10417 MiB, 4496 MiB, 15360 MiB, 97 %, 33 %, 570 MHz, 5000 MHz, 66.12 W, 77, P0
2026/09/30 07:05:56.839, Tesla T4, 10417 MiB, 4496 MiB, 15360 MiB, 100 %, 30 %, 630 MHz, 5000 MHz, 66.12 W, 77, P0
2026/09/30 07:05:57.366, Tesla T4, 10417 MiB, 4496 MiB, 15360 MiB, 84 %, 32 %, 555 MHz, 5000 MHz, 66.51 W, 77, P0
2026/09/30 07:05:57.890, Tesla T4, 10417 MiB, 4496 MiB, 15360 MiB, 100 %, 30 %, 615 MHz, 5000 MHz, 65.89 W, 77, P0
2026/09/30 07:05:58.435, Tesla T4, 10417 MiB, 4496 MiB, 15360 MiB, 100 %, 26 %, 615 MHz, 5000 MHz, 66.26 W, 77, P0
2026/09/30 07:05:58.964, Tesla T4, 10417 MiB, 4496 MiB, 15360 MiB, 100 %, 23 %, 705 MHz, 5000 MHz, 68.14 W, 77, P0
2026/09/30 07:05:59.477, Tesla T4, 10417 MiB, 4496 MiB, 15360 MiB, 100 %, 23 %, 720 MHz, 5000 MHz, 66.12 W, 77, P0
2026/09/30 07:05:59.988, Tesla T4, 10417 MiB, 4496 MiB, 15360 MiB, 100 %, 20 %, 615 MHz, 5000 MHz, 67.44 W, 77, P0
2026/09/30 07:06:00.504, Tesla T4, 10417 MiB, 4496 MiB, 15360 MiB, 100 %, 26 %, 615 MHz, 5000 MHz, 65.63 W, 77, P0
2026/09/30 07:06:01.016, Tesla T4, 10417 MiB, 4496 MiB, 15360 MiB, 100 %, 22 %, 720 MHz, 5000 MHz, 66.81 W, 77, P0
2026/09/30 07:06:01.535, Tesla T4, 10417 MiB, 4496 MiB, 15360 MiB, 100 %, 22 %, 735 MHz, 5000 MHz, 66.32 W, 77, P0
2026/09/30 07:06:02.046, Tesla T4, 10417 MiB, 4496 MiB, 15360 MiB, 99 %, 45 %, 585 MHz, 5000 MHz, 66.36 W, 77, P0
2026/09/30 07:06:02.564, Tesla T4, 10417 MiB, 4496 MiB, 15360 MiB, 99 %, 45 %, 795 MHz, 5000 MHz, 66.12 W, 77, P0
2026/09/30 07:06:03.078, Tesla T4, 10417 MiB, 4496 MiB, 15360 MiB, 91 %, 27 %, 720 MHz, 5000 MHz, 57.84 W, 77, P0
2026/09/30 07:06:03.594, Tesla T4, 10417 MiB, 4496 MiB, 15360 MiB, 100 %, 31 %, 645 MHz, 5000 MHz, 67.79 W, 77, P0
2026/09/30 07:06:04.107, Tesla T4, 10417 MiB, 4496 MiB, 15360 MiB, 91 %, 35 %, 615 MHz, 5000 MHz, 66.32 W, 77, P0
2026/09/30 07:06:04.618, Tesla T4, 10417 MiB, 4496 MiB, 15360 MiB, 98 %, 36 %, 630 MHz, 5000 MHz, 64.85 W, 77, P0
2026/09/30 07:06:05.131, Tesla T4, 10417 MiB, 4496 MiB, 15360 MiB, 98 %, 28 %, 690 MHz, 5000 MHz, 66.22 W, 77, P0
2026/09/30 07:06:05.641, Tesla T4, 10417 MiB, 4496 MiB, 15360 MiB, 100 %, 25 %, 615 MHz, 5000 MHz, 68.49 W, 77, P0
2026/09/30 07:06:06.153, Tesla T4, 10417 MiB, 4496 MiB, 15360 MiB, 100 %, 28 %, 705 MHz, 5000 MHz, 67.10 W, 77, P0
2026/09/30 07:06:06.666, Tesla T4, 10417 MiB, 4496 MiB, 15360 MiB, 96 %, 29 %, 600 MHz, 5000 MHz, 67.35 W, 77, P0
2026/09/30 07:06:07.178, Tesla T4, 10417 MiB, 4496 MiB, 15360 MiB, 97 %, 30 %, 705 MHz, 5000 MHz, 64.26 W, 77, P0
2026/09/30 07:06:07.694, Tesla T4, 10417 MiB, 4496 MiB, 15360 MiB, 100 %, 23 %, 720 MHz, 5000 MHz, 64.46 W, 77, P0
2026/09/30 07:06:08.205, Tesla T4, 10417 MiB, 4496 MiB, 15360 MiB, 91 %, 23 %, 555 MHz, 5000 MHz, 66.16 W, 77, P0
2026/09/30 07:06:08.724, Tesla T4, 10417 MiB, 4496 MiB, 15360 MiB, 100 %, 22 %, 735 MHz, 5000 MHz, 65.67 W, 77, P0
2026/09/30 07:06:09.235, Tesla T4, 10417 MiB, 4496 MiB, 15360 MiB, 100 %, 22 %, 720 MHz, 5000 MHz, 65.93 W, 77, P0
2026/09/30 07:06:09.752, Tesla T4, 10417 MiB, 4496 MiB, 15360 MiB, 96 %, 36 %, 570 MHz, 5000 MHz, 65.63 W, 77, P0
2026/09/30 07:06:10.284, Tesla T4, 10417 MiB, 4496 MiB, 15360 MiB, 98 %, 26 %, 675 MHz, 5000 MHz, 66.18 W, 77, P0
2026/09/30 07:06:10.828, Tesla T4, 10417 MiB, 4496 MiB, 15360 MiB, 84 %, 30 %, 555 MHz, 5000 MHz, 66.51 W, 77, P0
2026/09/30 07:06:11.353, Tesla T4, 10417 MiB, 4496 MiB, 15360 MiB, 100 %, 27 %, 660 MHz, 5000 MHz, 67.10 W, 77, P0
2026/09/30 07:06:11.880, Tesla T4, 10417 MiB, 4496 MiB, 15360 MiB, 98 %, 26 %, 570 MHz, 5000 MHz, 65.34 W, 77, P0
2026/09/30 07:06:12.410, Tesla T4, 10417 MiB, 4496 MiB, 15360 MiB, 98 %, 32 %, 615 MHz, 5000 MHz, 66.06 W, 77, P0
2026/09/30 07:06:12.929, Tesla T4, 10417 MiB, 4496 MiB, 15360 MiB, 100 %, 35 %, 555 MHz, 5000 MHz, 65.61 W, 77, P0
2026/09/30 07:06:13.445, Tesla T4, 10417 MiB, 4496 MiB, 15360 MiB, 100 %, 30 %, 615 MHz, 5000 MHz, 65.93 W, 77, P0
2026/09/30 07:06:13.960, Tesla T4, 10417 MiB, 4496 MiB, 15360 MiB, 100 %, 32 %, 645 MHz, 5000 MHz, 66.16 W, 77, P0
2026/09/30 07:06:14.471, Tesla T4, 10417 MiB, 4496 MiB, 15360 MiB, 100 %, 32 %, 630 MHz, 5000 MHz, 65.93 W, 77, P0
2026/09/30 07:06:14.986, Tesla T4, 10417 MiB, 4496 MiB, 15360 MiB, 100 %, 31 %, 570 MHz, 5000 MHz, 66.18 W, 77, P0
2026/09/30 07:06:15.498, Tesla T4, 10417 MiB, 4496 MiB, 15360 MiB, 100 %, 32 %, 765 MHz, 5000 MHz, 64.59 W, 77, P0
2026/09/30 07:06:16.009, Tesla T4, 10417 MiB, 4496 MiB, 15360 MiB, 100 %, 25 %, 720 MHz, 5000 MHz, 65.73 W, 77, P0
2026/09/30 07:06:16.521, Tesla T4, 10417 MiB, 4496 MiB, 15360 MiB, 90 %, 30 %, 690 MHz, 5000 MHz, 68.14 W, 77, P0
2026/09/30 07:06:17.036, Tesla T4, 10417 MiB, 4496 MiB, 15360 MiB, 100 %, 23 %, 765 MHz, 5000 MHz, 66.22 W, 77, P0
2026/09/30 07:06:17.553, Tesla T4, 10417 MiB, 4496 MiB, 15360 MiB, 98 %, 31 %, 600 MHz, 5000 MHz, 66.06 W, 77, P0
2026/09/30 07:06:18.065, Tesla T4, 10417 MiB, 4496 MiB, 15360 MiB, 91 %, 36 %, 540 MHz, 5000 MHz, 66.56 W, 77, P0
2026/09/30 07:06:18.576, Tesla T4, 10417 MiB, 4496 MiB, 15360 MiB, 100 %, 30 %, 585 MHz, 5000 MHz, 67.10 W, 77, P0
2026/09/30 07:06:19.098, Tesla T4, 10417 MiB, 4496 MiB, 15360 MiB, 99 %, 34 %, 630 MHz, 5000 MHz, 66.22 W, 77, P0
2026/09/30 07:06:19.616, Tesla T4, 10417 MiB, 4496 MiB, 15360 MiB, 99 %, 31 %, 615 MHz, 5000 MHz, 65.34 W, 77, P0
2026/09/30 07:06:20.132, Tesla T4, 10417 MiB, 4496 MiB, 15360 MiB, 99 %, 39 %, 660 MHz, 5000 MHz, 66.77 W, 77, P0
2026/09/30 07:06:20.647, Tesla T4, 10417 MiB, 4496 MiB, 15360 MiB, 100 %, 35 %, 555 MHz, 5000 MHz, 64.06 W, 77, P0
2026/09/30 07:06:21.160, Tesla T4, 10417 MiB, 4496 MiB, 15360 MiB, 91 %, 37 %, 570 MHz, 5000 MHz, 66.06 W, 77, P0
2026/09/30 07:06:21.677, Tesla T4, 10417 MiB, 4496 MiB, 15360 MiB, 100 %, 32 %, 690 MHz, 5000 MHz, 66.22 W, 77, P0
2026/09/30 07:06:22.191, Tesla T4, 10417 MiB, 4496 MiB, 15360 MiB, 92 %, 32 %, 705 MHz, 5000 MHz, 60.29 W, 77, P0
2026/09/30 07:06:22.722, Tesla T4, 10417 MiB, 4496 MiB, 15360 MiB, 98 %, 30 %, 570 MHz, 5000 MHz, 65.18 W, 77, P0
2026/09/30 07:06:23.245, Tesla T4, 10417 MiB, 4496 MiB, 15360 MiB, 100 %, 29 %, 645 MHz, 5000 MHz, 57.15 W, 77, P0
2026/09/30 07:06:23.789, Tesla T4, 10417 MiB, 4496 MiB, 15360 MiB, 93 %, 28 %, 630 MHz, 5000 MHz, 66.12 W, 77, P0
2026/09/30 07:06:24.314, Tesla T4, 10417 MiB, 4496 MiB, 15360 MiB, 99 %, 29 %, 630 MHz, 5000 MHz, 61.49 W, 77, P0
2026/09/30 07:06:24.833, Tesla T4, 10417 MiB, 4496 MiB, 15360 MiB, 82 %, 28 %, 600 MHz, 5000 MHz, 66.22 W, 77, P0
2026/09/30 07:06:25.347, Tesla T4, 10417 MiB, 4496 MiB, 15360 MiB, 99 %, 31 %, 630 MHz, 5000 MHz, 65.48 W, 77, P0
2026/09/30 07:06:25.867, Tesla T4, 10417 MiB, 4496 MiB, 15360 MiB, 100 %, 25 %, 690 MHz, 5000 MHz, 65.24 W, 77, P0
2026/09/30 07:06:26.378, Tesla T4, 10417 MiB, 4496 MiB, 15360 MiB, 100 %, 25 %, 705 MHz, 5000 MHz, 65.73 W, 77, P0
2026/09/30 07:06:26.890, Tesla T4, 10417 MiB, 4496 MiB, 15360 MiB, 100 %, 25 %, 675 MHz, 5000 MHz, 65.77 W, 77, P0
2026/09/30 07:06:27.401, Tesla T4, 10417 MiB, 4496 MiB, 15360 MiB, 100 %, 24 %, 705 MHz, 5000 MHz, 65.93 W, 77, P0
2026/09/30 07:06:27.915, Tesla T4, 10417 MiB, 4496 MiB, 15360 MiB, 100 %, 37 %, 990 MHz, 5000 MHz, 68.72 W, 77, P0
2026/09/30 07:06:28.431, Tesla T4, 10417 MiB, 4496 MiB, 15360 MiB, 100 %, 37 %, 690 MHz, 5000 MHz, 66.22 W, 77, P0
2026/09/30 07:06:28.947, Tesla T4, 10417 MiB, 4496 MiB, 15360 MiB, 98 %, 26 %, 585 MHz, 5000 MHz, 68.24 W, 77, P0
2026/09/30 07:06:29.458, Tesla T4, 10417 MiB, 4496 MiB, 15360 MiB, 100 %, 30 %, 735 MHz, 5000 MHz, 57.34 W, 77, P0
2026/09/30 07:06:29.976, Tesla T4, 10417 MiB, 4496 MiB, 15360 MiB, 100 %, 23 %, 585 MHz, 5000 MHz, 65.93 W, 77, P0
2026/09/30 07:06:30.488, Tesla T4, 10417 MiB, 4496 MiB, 15360 MiB, 100 %, 29 %, 795 MHz, 5000 MHz, 71.62 W, 77, P0
2026/09/30 07:06:31.012, Tesla T4, 10417 MiB, 4496 MiB, 15360 MiB, 99 %, 34 %, 570 MHz, 5000 MHz, 68.18 W, 77, P0
2026/09/30 07:06:31.523, Tesla T4, 10417 MiB, 4496 MiB, 15360 MiB, 96 %, 38 %, 570 MHz, 5000 MHz, 65.08 W, 77, P0
2026/09/30 07:06:32.037, Tesla T4, 10417 MiB, 4496 MiB, 15360 MiB, 98 %, 32 %, 615 MHz, 5000 MHz, 66.22 W, 77, P0
2026/09/30 07:06:32.548, Tesla T4, 10417 MiB, 4496 MiB, 15360 MiB, 100 %, 35 %, 570 MHz, 5000 MHz, 64.00 W, 77, P0
2026/09/30 07:06:33.063, Tesla T4, 10417 MiB, 4496 MiB, 15360 MiB, 100 %, 32 %, 570 MHz, 5000 MHz, 65.83 W, 77, P0
2026/09/30 07:06:33.577, Tesla T4, 10417 MiB, 4496 MiB, 15360 MiB, 98 %, 35 %, 570 MHz, 5000 MHz, 65.73 W, 77, P0
2026/09/30 07:06:34.089, Tesla T4, 10417 MiB, 4496 MiB, 15360 MiB, 90 %, 37 %, 570 MHz, 5000 MHz, 67.55 W, 77, P0
2026/09/30 07:06:34.602, Tesla T4, 10417 MiB, 4496 MiB, 15360 MiB, 97 %, 38 %, 630 MHz, 5000 MHz, 65.44 W, 77, P0
2026/09/30 07:06:35.113, Tesla T4, 10417 MiB, 4496 MiB, 15360 MiB, 83 %, 29 %, 600 MHz, 5000 MHz, 69.02 W, 77, P0
2026/09/30 07:06:35.650, Tesla T4, 10417 MiB, 4496 MiB, 15360 MiB, 94 %, 30 %, 615 MHz, 5000 MHz, 66.81 W, 77, P0
2026/09/30 07:06:36.192, Tesla T4, 10417 MiB, 4496 MiB, 15360 MiB, 100 %, 27 %, 630 MHz, 5000 MHz, 65.08 W, 77, P0
2026/09/30 07:06:36.737, Tesla T4, 10417 MiB, 4496 MiB, 15360 MiB, 100 %, 26 %, 540 MHz, 5000 MHz, 65.87 W, 77, P0
2026/09/30 07:06:37.265, Tesla T4, 10417 MiB, 4496 MiB, 15360 MiB, 100 %, 30 %, 570 MHz, 5000 MHz, 67.20 W, 77, P0
2026/09/30 07:06:37.784, Tesla T4, 10417 MiB, 4496 MiB, 15360 MiB, 100 %, 26 %, 630 MHz, 5000 MHz, 64.89 W, 77, P0
2026/09/30 07:06:38.299, Tesla T4, 10417 MiB, 4496 MiB, 15360 MiB, 99 %, 26 %, 630 MHz, 5000 MHz, 66.42 W, 77, P0
2026/09/30 07:06:38.811, Tesla T4, 10417 MiB, 4496 MiB, 15360 MiB, 100 %, 25 %, 720 MHz, 5000 MHz, 65.87 W, 77, P0
2026/09/30 07:06:39.326, Tesla T4, 10417 MiB, 4496 MiB, 15360 MiB, 93 %, 31 %, 705 MHz, 5000 MHz, 63.91 W, 77, P0
2026/09/30 07:06:39.838, Tesla T4, 10417 MiB, 4496 MiB, 15360 MiB, 96 %, 23 %, 615 MHz, 5000 MHz, 66.42 W, 77, P0
2026/09/30 07:06:40.356, Tesla T4, 10417 MiB, 4496 MiB, 15360 MiB, 100 %, 29 %, 600 MHz, 5000 MHz, 66.71 W, 77, P0
2026/09/30 07:06:40.869, Tesla T4, 10417 MiB, 4496 MiB, 15360 MiB, 100 %, 28 %, 645 MHz, 5000 MHz, 57.60 W, 77, P0
2026/09/30 07:06:41.384, Tesla T4, 10417 MiB, 4496 MiB, 15360 MiB, 100 %, 28 %, 675 MHz, 5000 MHz, 64.40 W, 77, P0
2026/09/30 07:06:41.897, Tesla T4, 10417 MiB, 4496 MiB, 15360 MiB, 100 %, 28 %, 585 MHz, 5000 MHz, 63.71 W, 77, P0
2026/09/30 07:06:42.416, Tesla T4, 10417 MiB, 4496 MiB, 15360 MiB, 100 %, 27 %, 585 MHz, 5000 MHz, 65.38 W, 77, P0
2026/09/30 07:06:42.928, Tesla T4, 10417 MiB, 4496 MiB, 15360 MiB, 100 %, 27 %, 675 MHz, 5000 MHz, 66.16 W, 77, P0
2026/09/30 07:06:43.441, Tesla T4, 10417 MiB, 4496 MiB, 15360 MiB, 96 %, 28 %, 645 MHz, 5000 MHz, 65.28 W, 77, P0
2026/09/30 07:06:43.954, Tesla T4, 10417 MiB, 4496 MiB, 15360 MiB, 100 %, 28 %, 615 MHz, 5000 MHz, 70.49 W, 77, P0
2026/09/30 07:06:44.466, Tesla T4, 10417 MiB, 4496 MiB, 15360 MiB, 90 %, 29 %, 660 MHz, 5000 MHz, 65.38 W, 77, P0
2026/09/30 07:06:44.979, Tesla T4, 10417 MiB, 4496 MiB, 15360 MiB, 100 %, 27 %, 675 MHz, 5000 MHz, 65.73 W, 77, P0
2026/09/30 07:06:45.491, Tesla T4, 10417 MiB, 4496 MiB, 15360 MiB, 95 %, 32 %, 720 MHz, 5000 MHz, 60.12 W, 77, P0
2026/09/30 07:06:46.003, Tesla T4, 10417 MiB, 4496 MiB, 15360 MiB, 100 %, 23 %, 720 MHz, 5000 MHz, 66.85 W, 77, P0
2026/09/30 07:06:46.514, Tesla T4, 10417 MiB, 4496 MiB, 15360 MiB, 100 %, 18 %, 615 MHz, 5000 MHz, 64.59 W, 77, P0
2026/09/30 07:06:47.025, Tesla T4, 10417 MiB, 4496 MiB, 15360 MiB, 83 %, 23 %, 720 MHz, 5000 MHz, 66.51 W, 77, P0
2026/09/30 07:06:47.547, Tesla T4, 10417 MiB, 4496 MiB, 15360 MiB, 100 %, 22 %, 720 MHz, 5000 MHz, 66.42 W, 77, P0
2026/09/30 07:06:48.075, Tesla T4, 10417 MiB, 4496 MiB, 15360 MiB, 94 %, 34 %, 585 MHz, 5000 MHz, 65.93 W, 77, P0
2026/09/30 07:06:48.593, Tesla T4, 10417 MiB, 4496 MiB, 15360 MiB, 100 %, 30 %, 630 MHz, 5000 MHz, 59.76 W, 77, P0
2026/09/30 07:06:49.144, Tesla T4, 10417 MiB, 4496 MiB, 15360 MiB, 83 %, 25 %, 555 MHz, 5000 MHz, 83.20 W, 77, P0
2026/09/30 07:06:49.673, Tesla T4, 10417 MiB, 4496 MiB, 15360 MiB, 98 %, 30 %, 615 MHz, 5000 MHz, 67.10 W, 77, P0
2026/09/30 07:06:50.195, Tesla T4, 10417 MiB, 4496 MiB, 15360 MiB, 92 %, 27 %, 720 MHz, 5000 MHz, 66.32 W, 77, P0
2026/09/30 07:06:50.714, Tesla T4, 10417 MiB, 4496 MiB, 15360 MiB, 100 %, 23 %, 720 MHz, 5000 MHz, 67.16 W, 77, P0
2026/09/30 07:06:51.225, Tesla T4, 10417 MiB, 4496 MiB, 15360 MiB, 100 %, 19 %, 885 MHz, 5000 MHz, 55.51 W, 77, P0
2026/09/30 07:06:51.744, Tesla T4, 10417 MiB, 4496 MiB, 15360 MiB, 100 %, 22 %, 705 MHz, 5000 MHz, 66.12 W, 77, P0
2026/09/30 07:06:52.254, Tesla T4, 10417 MiB, 4496 MiB, 15360 MiB, 100 %, 22 %, 660 MHz, 5000 MHz, 65.93 W, 77, P0
2026/09/30 07:06:52.771, Tesla T4, 10417 MiB, 4496 MiB, 15360 MiB, 100 %, 30 %, 585 MHz, 5000 MHz, 65.71 W, 77, P0
2026/09/30 07:06:53.284, Tesla T4, 10417 MiB, 4496 MiB, 15360 MiB, 100 %, 32 %, 600 MHz, 5000 MHz, 64.99 W, 77, P0
2026/09/30 07:06:53.804, Tesla T4, 10417 MiB, 4496 MiB, 15360 MiB, 100 %, 30 %, 600 MHz, 5000 MHz, 66.56 W, 77, P0
2026/09/30 07:06:54.316, Tesla T4, 10417 MiB, 4496 MiB, 15360 MiB, 100 %, 32 %, 600 MHz, 5000 MHz, 66.16 W, 77, P0
2026/09/30 07:06:54.833, Tesla T4, 10417 MiB, 4496 MiB, 15360 MiB, 100 %, 32 %, 675 MHz, 5000 MHz, 66.32 W, 77, P0
2026/09/30 07:06:55.350, Tesla T4, 10417 MiB, 4496 MiB, 15360 MiB, 82 %, 31 %, 585 MHz, 5000 MHz, 70.19 W, 77, P0
2026/09/30 07:06:55.873, Tesla T4, 10417 MiB, 4496 MiB, 15360 MiB, 98 %, 32 %, 570 MHz, 5000 MHz, 65.73 W, 77, P0
2026/09/30 07:06:56.389, Tesla T4, 10417 MiB, 4496 MiB, 15360 MiB, 100 %, 35 %, 570 MHz, 5000 MHz, 66.36 W, 77, P0
2026/09/30 07:06:56.901, Tesla T4, 10417 MiB, 4496 MiB, 15360 MiB, 91 %, 36 %, 540 MHz, 5000 MHz, 65.93 W, 77, P0
2026/09/30 07:06:57.413, Tesla T4, 10417 MiB, 4496 MiB, 15360 MiB, 97 %, 38 %, 645 MHz, 5000 MHz, 66.77 W, 77, P0
2026/09/30 07:06:57.929, Tesla T4, 10417 MiB, 4496 MiB, 15360 MiB, 91 %, 36 %, 615 MHz, 5000 MHz, 66.65 W, 77, P0
2026/09/30 07:06:58.441, Tesla T4, 10417 MiB, 4496 MiB, 15360 MiB, 99 %, 36 %, 630 MHz, 5000 MHz, 66.32 W, 77, P0
2026/09/30 07:06:58.954, Tesla T4, 10417 MiB, 4496 MiB, 15360 MiB, 99 %, 37 %, 645 MHz, 5000 MHz, 64.30 W, 77, P0
2026/09/30 07:06:59.472, Tesla T4, 10417 MiB, 4496 MiB, 15360 MiB, 90 %, 46 %, 690 MHz, 5000 MHz, 66.16 W, 77, P0
2026/09/30 07:06:59.989, Tesla T4, 10417 MiB, 4496 MiB, 15360 MiB, 99 %, 35 %, 600 MHz, 5000 MHz, 65.55 W, 77, P0
2026/09/30 07:07:00.501, Tesla T4, 10417 MiB, 4496 MiB, 15360 MiB, 100 %, 34 %, 555 MHz, 5000 MHz, 65.63 W, 77, P0
2026/09/30 07:07:01.044, Tesla T4, 10417 MiB, 4496 MiB, 15360 MiB, 98 %, 35 %, 735 MHz, 5000 MHz, 64.00 W, 77, P0
2026/09/30 07:07:01.567, Tesla T4, 10417 MiB, 4496 MiB, 15360 MiB, 98 %, 34 %, 600 MHz, 5000 MHz, 57.05 W, 77, P0
2026/09/30 07:07:02.080, Tesla T4, 10417 MiB, 4496 MiB, 15360 MiB, 98 %, 35 %, 630 MHz, 5000 MHz, 65.57 W, 77, P0
2026/09/30 07:07:02.606, Tesla T4, 10417 MiB, 4496 MiB, 15360 MiB, 98 %, 35 %, 630 MHz, 5000 MHz, 66.57 W, 77, P0
2026/09/30 07:07:03.138, Tesla T4, 10417 MiB, 4496 MiB, 15360 MiB, 92 %, 51 %, 585 MHz, 5000 MHz, 70.64 W, 77, P0
2026/09/30 07:07:03.653, Tesla T4, 10417 MiB, 4496 MiB, 15360 MiB, 99 %, 36 %, 600 MHz, 5000 MHz, 65.98 W, 77, P0
2026/09/30 07:07:04.171, Tesla T4, 10417 MiB, 4496 MiB, 15360 MiB, 99 %, 35 %, 555 MHz, 5000 MHz, 66.85 W, 77, P0
2026/09/30 07:07:04.684, Tesla T4, 10417 MiB, 4496 MiB, 15360 MiB, 89 %, 36 %, 630 MHz, 5000 MHz, 73.39 W, 77, P0
2026/09/30 07:07:05.195, Tesla T4, 10417 MiB, 4496 MiB, 15360 MiB, 96 %, 33 %, 720 MHz, 5000 MHz, 66.02 W, 77, P0
2026/09/30 07:07:05.708, Tesla T4, 10417 MiB, 4496 MiB, 15360 MiB, 100 %, 23 %, 720 MHz, 5000 MHz, 66.42 W, 77, P0
2026/09/30 07:07:06.219, Tesla T4, 10417 MiB, 4496 MiB, 15360 MiB, 98 %, 24 %, 630 MHz, 5000 MHz, 66.71 W, 77, P0
2026/09/30 07:07:06.734, Tesla T4, 10417 MiB, 4496 MiB, 15360 MiB, 100 %, 27 %, 810 MHz, 5000 MHz, 74.12 W, 77, P0
2026/09/30 07:07:07.248, Tesla T4, 10417 MiB, 4496 MiB, 15360 MiB, 100 %, 22 %, 735 MHz, 5000 MHz, 65.93 W, 77, P0
2026/09/30 07:07:07.764, Tesla T4, 10417 MiB, 4496 MiB, 15360 MiB, 100 %, 20 %, 630 MHz, 5000 MHz, 71.62 W, 77, P0
2026/09/30 07:07:08.275, Tesla T4, 10417 MiB, 4496 MiB, 15360 MiB, 100 %, 29 %, 600 MHz, 5000 MHz, 67.00 W, 77, P0
2026/09/30 07:07:08.787, Tesla T4, 10417 MiB, 4496 MiB, 15360 MiB, 90 %, 50 %, 615 MHz, 5000 MHz, 61.81 W, 77, P0
2026/09/30 07:07:09.304, Tesla T4, 10417 MiB, 4496 MiB, 15360 MiB, 100 %, 23 %, 720 MHz, 5000 MHz, 65.83 W, 77, P0
2026/09/30 07:07:09.814, Tesla T4, 10417 MiB, 4496 MiB, 15360 MiB, 100 %, 23 %, 690 MHz, 5000 MHz, 66.02 W, 77, P0
2026/09/30 07:07:10.326, Tesla T4, 10417 MiB, 4496 MiB, 15360 MiB, 100 %, 23 %, 720 MHz, 5000 MHz, 67.00 W, 77, P0
2026/09/30 07:07:10.837, Tesla T4, 10417 MiB, 4496 MiB, 15360 MiB, 100 %, 23 %, 690 MHz, 5000 MHz, 66.51 W, 77, P0
2026/09/30 07:07:11.347, Tesla T4, 10417 MiB, 4496 MiB, 15360 MiB, 100 %, 22 %, 720 MHz, 5000 MHz, 66.22 W, 77, P0
2026/09/30 07:07:11.864, Tesla T4, 10417 MiB, 4496 MiB, 15360 MiB, 100 %, 22 %, 690 MHz, 5000 MHz, 66.51 W, 77, P0
2026/09/30 07:07:12.375, Tesla T4, 10417 MiB, 4496 MiB, 15360 MiB, 100 %, 22 %, 720 MHz, 5000 MHz, 66.06 W, 77, P0
2026/09/30 07:07:12.889, Tesla T4, 10417 MiB, 4496 MiB, 15360 MiB, 100 %, 20 %, 690 MHz, 5000 MHz, 65.93 W, 77, P0
2026/09/30 07:07:13.401, Tesla T4, 10417 MiB, 4496 MiB, 15360 MiB, 98 %, 30 %, 630 MHz, 5000 MHz, 70.05 W, 77, P0
2026/09/30 07:07:13.927, Tesla T4, 10417 MiB, 4496 MiB, 15360 MiB, 92 %, 35 %, 660 MHz, 5000 MHz, 74.02 W, 77, P0
2026/09/30 07:07:14.459, Tesla T4, 10417 MiB, 4496 MiB, 15360 MiB, 98 %, 26 %, 705 MHz, 5000 MHz, 66.71 W, 77, P0
2026/09/30 07:07:14.982, Tesla T4, 10417 MiB, 4496 MiB, 15360 MiB, 90 %, 30 %, 615 MHz, 5000 MHz, 66.22 W, 77, P0
2026/09/30 07:07:15.507, Tesla T4, 10417 MiB, 4496 MiB, 15360 MiB, 100 %, 22 %, 720 MHz, 5000 MHz, 49.08 W, 77, P0
2026/09/30 07:07:16.036, Tesla T4, 10417 MiB, 4496 MiB, 15360 MiB, 100 %, 32 %, 690 MHz, 5000 MHz, 65.83 W, 77, P0
2026/09/30 07:07:16.549, Tesla T4, 10417 MiB, 4496 MiB, 15360 MiB, 90 %, 26 %, 525 MHz, 5000 MHz, 74.26 W, 77, P0
2026/09/30 07:07:17.061, Tesla T4, 10417 MiB, 4496 MiB, 15360 MiB, 98 %, 32 %, 690 MHz, 5000 MHz, 65.93 W, 77, P0
2026/09/30 07:07:17.573, Tesla T4, 10417 MiB, 4496 MiB, 15360 MiB, 96 %, 32 %, 615 MHz, 5000 MHz, 69.26 W, 77, P0
2026/09/30 07:07:18.085, Tesla T4, 10417 MiB, 4496 MiB, 15360 MiB, 90 %, 30 %, 570 MHz, 5000 MHz, 71.17 W, 77, P0
2026/09/30 07:07:18.601, Tesla T4, 10417 MiB, 4496 MiB, 15360 MiB, 100 %, 32 %, 630 MHz, 5000 MHz, 66.02 W, 77, P0
2026/09/30 07:07:19.113, Tesla T4, 10417 MiB, 4496 MiB, 15360 MiB, 90 %, 34 %, 600 MHz, 5000 MHz, 65.93 W, 77, P0
2026/09/30 07:07:19.633, Tesla T4, 10417 MiB, 4496 MiB, 15360 MiB, 96 %, 29 %, 630 MHz, 5000 MHz, 66.71 W, 77, P0
2026/09/30 07:07:20.144, Tesla T4, 10417 MiB, 4496 MiB, 15360 MiB, 98 %, 29 %, 585 MHz, 5000 MHz, 65.93 W, 77, P0
2026/09/30 07:07:20.657, Tesla T4, 10417 MiB, 4496 MiB, 15360 MiB, 91 %, 27 %, 630 MHz, 5000 MHz, 66.51 W, 77, P0
2026/09/30 07:07:21.169, Tesla T4, 10417 MiB, 4496 MiB, 15360 MiB, 98 %, 30 %, 585 MHz, 5000 MHz, 66.12 W, 77, P0
2026/09/30 07:07:21.681, Tesla T4, 10417 MiB, 4496 MiB, 15360 MiB, 95 %, 43 %, 885 MHz, 5000 MHz, 70.10 W, 77, P0
2026/09/30 07:07:22.197, Tesla T4, 10417 MiB, 4496 MiB, 15360 MiB, 99 %, 36 %, 735 MHz, 5000 MHz, 65.83 W, 77, P0
2026/09/30 07:07:22.708, Tesla T4, 10417 MiB, 4496 MiB, 15360 MiB, 99 %, 35 %, 780 MHz, 5000 MHz, 59.92 W, 77, P0
2026/09/30 07:07:23.218, Tesla T4, 10417 MiB, 4496 MiB, 15360 MiB, 97 %, 39 %, 630 MHz, 5000 MHz, 65.93 W, 77, P0
2026/09/30 07:07:23.731, Tesla T4, 10417 MiB, 4496 MiB, 15360 MiB, 100 %, 25 %, 690 MHz, 5000 MHz, 64.95 W, 77, P0
2026/09/30 07:07:24.243, Tesla T4, 10417 MiB, 4496 MiB, 15360 MiB, 100 %, 32 %, 645 MHz, 5000 MHz, 64.55 W, 77, P0
2026/09/30 07:07:24.762, Tesla T4, 10417 MiB, 4496 MiB, 15360 MiB, 100 %, 25 %, 690 MHz, 5000 MHz, 66.22 W, 77, P0
2026/09/30 07:07:25.276, Tesla T4, 10417 MiB, 4496 MiB, 15360 MiB, 100 %, 30 %, 690 MHz, 5000 MHz, 64.79 W, 77, P0
2026/09/30 07:07:25.792, Tesla T4, 10417 MiB, 4496 MiB, 15360 MiB, 100 %, 27 %, 630 MHz, 5000 MHz, 65.63 W, 77, P0
2026/09/30 07:07:26.314, Tesla T4, 10417 MiB, 4496 MiB, 15360 MiB, 100 %, 32 %, 630 MHz, 5000 MHz, 65.97 W, 77, P0
2026/09/30 07:07:26.846, Tesla T4, 10417 MiB, 4496 MiB, 15360 MiB, 100 %, 27 %, 660 MHz, 5000 MHz, 66.61 W, 77, P0
2026/09/30 07:07:27.374, Tesla T4, 10417 MiB, 4496 MiB, 15360 MiB, 98 %, 31 %, 600 MHz, 5000 MHz, 66.22 W, 77, P0
2026/09/30 07:07:27.903, Tesla T4, 10417 MiB, 4496 MiB, 15360 MiB, 100 %, 32 %, 600 MHz, 5000 MHz, 65.83 W, 77, P0
2026/09/30 07:07:28.455, Tesla T4, 10417 MiB, 4496 MiB, 15360 MiB, 100 %, 32 %, 630 MHz, 5000 MHz, 65.14 W, 77, P0
2026/09/30 07:07:28.981, Tesla T4, 10417 MiB, 4496 MiB, 15360 MiB, 96 %, 34 %, 705 MHz, 5000 MHz, 65.53 W, 77, P0
2026/09/30 07:07:29.494, Tesla T4, 10417 MiB, 4496 MiB, 15360 MiB, 98 %, 38 %, 570 MHz, 5000 MHz, 66.26 W, 77, P0
2026/09/30 07:07:30.004, Tesla T4, 10417 MiB, 4496 MiB, 15360 MiB, 100 %, 24 %, 705 MHz, 5000 MHz, 66.22 W, 77, P0
2026/09/30 07:07:30.522, Tesla T4, 10417 MiB, 4496 MiB, 15360 MiB, 97 %, 39 %, 600 MHz, 5000 MHz, 66.67 W, 77, P0
2026/09/30 07:07:31.034, Tesla T4, 10417 MiB, 4496 MiB, 15360 MiB, 99 %, 40 %, 630 MHz, 5000 MHz, 67.40 W, 77, P0
2026/09/30 07:07:31.550, Tesla T4, 10417 MiB, 4496 MiB, 15360 MiB, 98 %, 34 %, 645 MHz, 5000 MHz, 70.88 W, 77, P0
2026/09/30 07:07:32.064, Tesla T4, 10417 MiB, 4496 MiB, 15360 MiB, 99 %, 35 %, 705 MHz, 5000 MHz, 64.75 W, 77, P0
2026/09/30 07:07:32.575, Tesla T4, 10417 MiB, 4496 MiB, 15360 MiB, 98 %, 36 %, 555 MHz, 5000 MHz, 44.31 W, 77, P0
2026/09/30 07:07:33.096, Tesla T4, 10417 MiB, 4496 MiB, 15360 MiB, 100 %, 36 %, 735 MHz, 5000 MHz, 54.53 W, 77, P0
2026/09/30 07:07:33.616, Tesla T4, 10417 MiB, 4496 MiB, 15360 MiB, 100 %, 29 %, 645 MHz, 5000 MHz, 66.32 W, 77, P0
2026/09/30 07:07:34.127, Tesla T4, 10417 MiB, 4496 MiB, 15360 MiB, 100 %, 30 %, 645 MHz, 5000 MHz, 66.12 W, 77, P0
2026/09/30 07:07:34.643, Tesla T4, 10417 MiB, 4496 MiB, 15360 MiB, 100 %, 26 %, 675 MHz, 5000 MHz, 67.49 W, 77, P0
2026/09/30 07:07:35.155, Tesla T4, 10417 MiB, 4496 MiB, 15360 MiB, 100 %, 25 %, 675 MHz, 5000 MHz, 65.83 W, 77, P0
2026/09/30 07:07:35.672, Tesla T4, 10417 MiB, 4496 MiB, 15360 MiB, 100 %, 30 %, 570 MHz, 5000 MHz, 67.00 W, 77, P0
2026/09/30 07:07:36.183, Tesla T4, 10417 MiB, 4496 MiB, 15360 MiB, 100 %, 25 %, 675 MHz, 5000 MHz, 66.91 W, 77, P0
2026/09/30 07:07:36.694, Tesla T4, 10417 MiB, 4496 MiB, 15360 MiB, 100 %, 30 %, 615 MHz, 5000 MHz, 66.75 W, 77, P0
2026/09/30 07:07:37.208, Tesla T4, 10417 MiB, 4496 MiB, 15360 MiB, 99 %, 38 %, 525 MHz, 5000 MHz, 64.46 W, 77, P0
2026/09/30 07:07:37.719, Tesla T4, 10417 MiB, 4496 MiB, 15360 MiB, 96 %, 34 %, 600 MHz, 5000 MHz, 68.43 W, 77, P0
2026/09/30 07:07:38.237, Tesla T4, 10417 MiB, 4496 MiB, 15360 MiB, 99 %, 32 %, 585 MHz, 5000 MHz, 54.72 W, 77, P0
2026/09/30 07:07:38.753, Tesla T4, 10417 MiB, 4496 MiB, 15360 MiB, 98 %, 32 %, 720 MHz, 5000 MHz, 65.87 W, 77, P0
2026/09/30 07:07:39.283, Tesla T4, 10417 MiB, 4496 MiB, 15360 MiB, 98 %, 35 %, 645 MHz, 5000 MHz, 66.91 W, 77, P0
2026/09/30 07:07:39.826, Tesla T4, 10417 MiB, 4496 MiB, 15360 MiB, 98 %, 35 %, 630 MHz, 5000 MHz, 65.87 W, 77, P0
2026/09/30 07:07:40.357, Tesla T4, 10417 MiB, 4496 MiB, 15360 MiB, 100 %, 23 %, 735 MHz, 5000 MHz, 64.99 W, 77, P0
2026/09/30 07:07:40.905, Tesla T4, 10417 MiB, 4496 MiB, 15360 MiB, 100 %, 22 %, 675 MHz, 5000 MHz, 66.32 W, 77, P0
2026/09/30 07:07:41.430, Tesla T4, 10417 MiB, 4496 MiB, 15360 MiB, 85 %, 28 %, 675 MHz, 5000 MHz, 54.59 W, 77, P0
2026/09/30 07:07:41.945, Tesla T4, 10417 MiB, 4496 MiB, 15360 MiB, 100 %, 22 %, 720 MHz, 5000 MHz, 66.32 W, 77, P0
2026/09/30 07:07:42.456, Tesla T4, 10417 MiB, 4496 MiB, 15360 MiB, 99 %, 22 %, 615 MHz, 5000 MHz, 64.46 W, 77, P0
2026/09/30 07:07:42.968, Tesla T4, 10417 MiB, 4496 MiB, 15360 MiB, 94 %, 44 %, 735 MHz, 5000 MHz, 66.71 W, 77, P0
2026/09/30 07:07:43.492, Tesla T4, 10417 MiB, 4496 MiB, 15360 MiB, 96 %, 39 %, 630 MHz, 5000 MHz, 65.48 W, 77, P0
2026/09/30 07:07:44.009, Tesla T4, 10417 MiB, 4496 MiB, 15360 MiB, 88 %, 32 %, 660 MHz, 5000 MHz, 73.24 W, 77, P0
2026/09/30 07:07:44.525, Tesla T4, 10417 MiB, 4496 MiB, 15360 MiB, 99 %, 35 %, 570 MHz, 5000 MHz, 66.91 W, 77, P0
2026/09/30 07:07:45.036, Tesla T4, 10417 MiB, 4496 MiB, 15360 MiB, 89 %, 42 %, 600 MHz, 5000 MHz, 68.08 W, 77, P0
2026/09/30 07:07:45.548, Tesla T4, 10417 MiB, 4496 MiB, 15360 MiB, 100 %, 28 %, 675 MHz, 5000 MHz, 66.02 W, 77, P0
2026/09/30 07:07:46.061, Tesla T4, 10417 MiB, 4496 MiB, 15360 MiB, 90 %, 36 %, 645 MHz, 5000 MHz, 66.91 W, 77, P0
2026/09/30 07:07:46.572, Tesla T4, 10417 MiB, 4496 MiB, 15360 MiB, 100 %, 28 %, 690 MHz, 5000 MHz, 65.83 W, 77, P0
2026/09/30 07:07:47.089, Tesla T4, 10417 MiB, 4496 MiB, 15360 MiB, 100 %, 34 %, 600 MHz, 5000 MHz, 65.18 W, 77, P0
2026/09/30 07:07:47.601, Tesla T4, 10417 MiB, 4496 MiB, 15360 MiB, 100 %, 30 %, 570 MHz, 5000 MHz, 66.02 W, 77, P0
2026/09/30 07:07:48.121, Tesla T4, 10417 MiB, 4496 MiB, 15360 MiB, 100 %, 33 %, 600 MHz, 5000 MHz, 65.08 W, 77, P0
2026/09/30 07:07:48.633, Tesla T4, 10417 MiB, 4496 MiB, 15360 MiB, 96 %, 28 %, 810 MHz, 5000 MHz, 64.55 W, 77, P0
2026/09/30 07:07:49.152, Tesla T4, 10417 MiB, 4496 MiB, 15360 MiB, 100 %, 31 %, 615 MHz, 5000 MHz, 66.57 W, 77, P0
2026/09/30 07:07:49.663, Tesla T4, 10417 MiB, 4496 MiB, 15360 MiB, 100 %, 32 %, 615 MHz, 5000 MHz, 65.34 W, 77, P0
2026/09/30 07:07:50.178, Tesla T4, 10417 MiB, 4496 MiB, 15360 MiB, 97 %, 34 %, 540 MHz, 5000 MHz, 66.12 W, 77, P0
2026/09/30 07:07:50.694, Tesla T4, 10417 MiB, 4496 MiB, 15360 MiB, 90 %, 37 %, 525 MHz, 5000 MHz, 76.32 W, 77, P0
2026/09/30 07:07:51.209, Tesla T4, 10417 MiB, 4496 MiB, 15360 MiB, 99 %, 33 %, 780 MHz, 5000 MHz, 66.42 W, 77, P0
2026/09/30 07:07:51.722, Tesla T4, 10417 MiB, 4496 MiB, 15360 MiB, 100 %, 26 %, 630 MHz, 5000 MHz, 67.40 W, 77, P0
2026/09/30 07:07:52.246, Tesla T4, 10417 MiB, 4496 MiB, 15360 MiB, 96 %, 24 %, 705 MHz, 5000 MHz, 65.63 W, 77, P0
2026/09/30 07:07:52.772, Tesla T4, 10417 MiB, 4496 MiB, 15360 MiB, 100 %, 23 %, 735 MHz, 5000 MHz, 66.32 W, 77, P0
2026/09/30 07:07:53.300, Tesla T4, 10417 MiB, 4496 MiB, 15360 MiB, 83 %, 24 %, 645 MHz, 5000 MHz, 64.85 W, 77, P0
2026/09/30 07:07:53.818, Tesla T4, 10417 MiB, 4496 MiB, 15360 MiB, 100 %, 26 %, 615 MHz, 5000 MHz, 66.77 W, 77, P0
2026/09/30 07:07:54.349, Tesla T4, 10417 MiB, 4496 MiB, 15360 MiB, 100 %, 22 %, 705 MHz, 5000 MHz, 65.18 W, 77, P0
2026/09/30 07:07:54.866, Tesla T4, 10417 MiB, 4496 MiB, 15360 MiB, 100 %, 22 %, 690 MHz, 5000 MHz, 66.81 W, 77, P0
2026/09/30 07:07:55.378, Tesla T4, 10417 MiB, 4496 MiB, 15360 MiB, 99 %, 37 %, 1215 MHz, 5000 MHz, 67.00 W, 77, P0
2026/09/30 07:07:55.902, Tesla T4, 10417 MiB, 4496 MiB, 15360 MiB, 96 %, 36 %, 600 MHz, 5000 MHz, 61.20 W, 77, P0
2026/09/30 07:07:56.415, Tesla T4, 10417 MiB, 4496 MiB, 15360 MiB, 91 %, 31 %, 615 MHz, 5000 MHz, 65.83 W, 77, P0
2026/09/30 07:07:56.931, Tesla T4, 10417 MiB, 4496 MiB, 15360 MiB, 96 %, 29 %, 630 MHz, 5000 MHz, 67.30 W, 77, P0
2026/09/30 07:07:57.442, Tesla T4, 10417 MiB, 4496 MiB, 15360 MiB, 100 %, 28 %, 615 MHz, 5000 MHz, 62.47 W, 77, P0
2026/09/30 07:07:57.958, Tesla T4, 10417 MiB, 4496 MiB, 15360 MiB, 95 %, 29 %, 630 MHz, 5000 MHz, 67.59 W, 77, P0
2026/09/30 07:07:58.470, Tesla T4, 10417 MiB, 4496 MiB, 15360 MiB, 100 %, 26 %, 615 MHz, 5000 MHz, 65.44 W, 77, P0
2026/09/30 07:07:58.983, Tesla T4, 10417 MiB, 4496 MiB, 15360 MiB, 100 %, 37 %, 630 MHz, 5000 MHz, 60.35 W, 77, P0
2026/09/30 07:07:59.496, Tesla T4, 10417 MiB, 4496 MiB, 15360 MiB, 91 %, 35 %, 600 MHz, 5000 MHz, 61.10 W, 77, P0
2026/09/30 07:08:00.015, Tesla T4, 10417 MiB, 4496 MiB, 15360 MiB, 90 %, 53 %, 615 MHz, 5000 MHz, 69.27 W, 77, P0
2026/09/30 07:08:00.527, Tesla T4, 10417 MiB, 4496 MiB, 15360 MiB, 100 %, 30 %, 615 MHz, 5000 MHz, 65.08 W, 77, P0
2026/09/30 07:08:01.046, Tesla T4, 10417 MiB, 4496 MiB, 15360 MiB, 100 %, 25 %, 690 MHz, 5000 MHz, 66.71 W, 77, P0
2026/09/30 07:08:01.557, Tesla T4, 10417 MiB, 4496 MiB, 15360 MiB, 100 %, 30 %, 645 MHz, 5000 MHz, 67.10 W, 77, P0
2026/09/30 07:08:02.076, Tesla T4, 10417 MiB, 4496 MiB, 15360 MiB, 100 %, 25 %, 690 MHz, 5000 MHz, 65.77 W, 77, P0
2026/09/30 07:08:02.587, Tesla T4, 10417 MiB, 4496 MiB, 15360 MiB, 100 %, 25 %, 720 MHz, 5000 MHz, 66.06 W, 77, P0
2026/09/30 07:08:03.098, Tesla T4, 10417 MiB, 4496 MiB, 15360 MiB, 98 %, 31 %, 630 MHz, 5000 MHz, 66.42 W, 77, P0
2026/09/30 07:08:03.614, Tesla T4, 10417 MiB, 4496 MiB, 15360 MiB, 100 %, 24 %, 705 MHz, 5000 MHz, 66.42 W, 77, P0
2026/09/30 07:08:04.132, Tesla T4, 10417 MiB, 4496 MiB, 15360 MiB, 98 %, 30 %, 600 MHz, 5000 MHz, 66.16 W, 77, P0
2026/09/30 07:08:04.643, Tesla T4, 10417 MiB, 4496 MiB, 15360 MiB, 100 %, 36 %, 540 MHz, 5000 MHz, 64.85 W, 77, P0
2026/09/30 07:08:05.170, Tesla T4, 10417 MiB, 4496 MiB, 15360 MiB, 100 %, 23 %, 720 MHz, 5000 MHz, 67.00 W, 77, P0
2026/09/30 07:08:05.700, Tesla T4, 10417 MiB, 4496 MiB, 15360 MiB, 100 %, 23 %, 690 MHz, 5000 MHz, 66.61 W, 77, P0
2026/09/30 07:08:06.222, Tesla T4, 10417 MiB, 4496 MiB, 15360 MiB, 100 %, 34 %, 555 MHz, 5000 MHz, 66.12 W, 77, P0
2026/09/30 07:08:06.767, Tesla T4, 10417 MiB, 4496 MiB, 15360 MiB, 100 %, 22 %, 720 MHz, 5000 MHz, 65.53 W, 77, P0
2026/09/30 07:08:07.302, Tesla T4, 10417 MiB, 4496 MiB, 15360 MiB, 100 %, 21 %, 885 MHz, 5000 MHz, 69.41 W, 77, P0
2026/09/30 07:08:07.814, Tesla T4, 10417 MiB, 4496 MiB, 15360 MiB, 98 %, 31 %, 660 MHz, 5000 MHz, 65.44 W, 77, P0
2026/09/30 07:08:08.327, Tesla T4, 10417 MiB, 4496 MiB, 15360 MiB, 100 %, 28 %, 660 MHz, 5000 MHz, 65.48 W, 77, P0
2026/09/30 07:08:08.839, Tesla T4, 10417 MiB, 4496 MiB, 15360 MiB, 100 %, 32 %, 600 MHz, 5000 MHz, 57.01 W, 77, P0
2026/09/30 07:08:09.351, Tesla T4, 10417 MiB, 4496 MiB, 15360 MiB, 100 %, 28 %, 630 MHz, 5000 MHz, 65.67 W, 77, P0
2026/09/30 07:08:09.868, Tesla T4, 10417 MiB, 4496 MiB, 15360 MiB, 83 %, 42 %, 660 MHz, 5000 MHz, 79.93 W, 77, P0
2026/09/30 07:08:10.379, Tesla T4, 10417 MiB, 4496 MiB, 15360 MiB, 96 %, 28 %, 615 MHz, 5000 MHz, 65.93 W, 77, P0
2026/09/30 07:08:10.891, Tesla T4, 10417 MiB, 4496 MiB, 15360 MiB, 100 %, 23 %, 660 MHz, 5000 MHz, 66.51 W, 77, P0
2026/09/30 07:08:11.404, Tesla T4, 10417 MiB, 4496 MiB, 15360 MiB, 90 %, 26 %, 645 MHz, 5000 MHz, 66.36 W, 77, P0
2026/09/30 07:08:11.920, Tesla T4, 10417 MiB, 4496 MiB, 15360 MiB, 100 %, 23 %, 675 MHz, 5000 MHz, 67.00 W, 77, P0
2026/09/30 07:08:12.435, Tesla T4, 10417 MiB, 4496 MiB, 15360 MiB, 98 %, 34 %, 465 MHz, 5000 MHz, 66.56 W, 77, P0
2026/09/30 07:08:12.954, Tesla T4, 10417 MiB, 4496 MiB, 15360 MiB, 100 %, 30 %, 555 MHz, 5000 MHz, 66.42 W, 77, P0
2026/09/30 07:08:13.465, Tesla T4, 10417 MiB, 4496 MiB, 15360 MiB, 98 %, 33 %, 630 MHz, 5000 MHz, 66.22 W, 77, P0
2026/09/30 07:08:13.978, Tesla T4, 10417 MiB, 4496 MiB, 15360 MiB, 100 %, 30 %, 765 MHz, 5000 MHz, 66.42 W, 77, P0
2026/09/30 07:08:14.494, Tesla T4, 10417 MiB, 4496 MiB, 15360 MiB, 95 %, 43 %, 600 MHz, 5000 MHz, 66.42 W, 77, P0
2026/09/30 07:08:15.011, Tesla T4, 10417 MiB, 4496 MiB, 15360 MiB, 100 %, 25 %, 600 MHz, 5000 MHz, 66.42 W, 77, P0
2026/09/30 07:08:15.524, Tesla T4, 10417 MiB, 4496 MiB, 15360 MiB, 89 %, 42 %, 615 MHz, 5000 MHz, 65.24 W, 77, P0
2026/09/30 07:08:16.035, Tesla T4, 10417 MiB, 4496 MiB, 15360 MiB, 100 %, 25 %, 600 MHz, 5000 MHz, 66.02 W, 77, P0
2026/09/30 07:08:16.552, Tesla T4, 10417 MiB, 4496 MiB, 15360 MiB, 97 %, 42 %, 585 MHz, 5000 MHz, 65.44 W, 77, P0
2026/09/30 07:08:17.064, Tesla T4, 10417 MiB, 4496 MiB, 15360 MiB, 98 %, 35 %, 1140 MHz, 5000 MHz, 68.72 W, 77, P0
2026/09/30 07:08:17.590, Tesla T4, 10417 MiB, 4496 MiB, 15360 MiB, 98 %, 35 %, 630 MHz, 5000 MHz, 66.71 W, 77, P0
2026/09/30 07:08:18.120, Tesla T4, 10417 MiB, 4496 MiB, 15360 MiB, 100 %, 25 %, 675 MHz, 5000 MHz, 66.42 W, 77, P0
2026/09/30 07:08:18.644, Tesla T4, 10417 MiB, 4496 MiB, 15360 MiB, 83 %, 28 %, 675 MHz, 5000 MHz, 66.02 W, 77, P0
2026/09/30 07:08:19.168, Tesla T4, 10417 MiB, 4496 MiB, 15360 MiB, 92 %, 38 %, 615 MHz, 5000 MHz, 69.31 W, 77, P0
2026/09/30 07:08:19.689, Tesla T4, 10417 MiB, 4496 MiB, 15360 MiB, 100 %, 29 %, 630 MHz, 5000 MHz, 65.77 W, 77, P0
2026/09/30 07:08:20.225, Tesla T4, 10417 MiB, 4496 MiB, 15360 MiB, 90 %, 29 %, 630 MHz, 5000 MHz, 67.10 W, 77, P0
2026/09/30 07:08:20.737, Tesla T4, 10417 MiB, 4496 MiB, 15360 MiB, 100 %, 32 %, 615 MHz, 5000 MHz, 65.97 W, 77, P0
2026/09/30 07:08:21.251, Tesla T4, 10417 MiB, 4496 MiB, 15360 MiB, 100 %, 35 %, 555 MHz, 5000 MHz, 66.42 W, 77, P0
2026/09/30 07:08:21.762, Tesla T4, 10417 MiB, 4496 MiB, 15360 MiB, 100 %, 34 %, 555 MHz, 5000 MHz, 66.32 W, 77, P0
2026/09/30 07:08:22.274, Tesla T4, 10417 MiB, 4496 MiB, 15360 MiB, 96 %, 30 %, 705 MHz, 5000 MHz, 64.85 W, 77, P0
2026/09/30 07:08:22.790, Tesla T4, 10417 MiB, 4496 MiB, 15360 MiB, 100 %, 32 %, 660 MHz, 5000 MHz, 66.86 W, 77, P0
2026/09/30 07:08:23.301, Tesla T4, 10417 MiB, 4496 MiB, 15360 MiB, 90 %, 26 %, 705 MHz, 5000 MHz, 65.93 W, 77, P0
2026/09/30 07:08:23.814, Tesla T4, 10417 MiB, 4496 MiB, 15360 MiB, 100 %, 32 %, 600 MHz, 5000 MHz, 65.44 W, 77, P0
2026/09/30 07:08:24.327, Tesla T4, 10417 MiB, 4496 MiB, 15360 MiB, 100 %, 33 %, 615 MHz, 5000 MHz, 64.93 W, 77, P0
2026/09/30 07:08:24.843, Tesla T4, 10417 MiB, 4496 MiB, 15360 MiB, 99 %, 30 %, 570 MHz, 5000 MHz, 66.67 W, 77, P0
2026/09/30 07:08:25.357, Tesla T4, 10417 MiB, 4496 MiB, 15360 MiB, 91 %, 38 %, 645 MHz, 5000 MHz, 70.10 W, 77, P0
2026/09/30 07:08:25.868, Tesla T4, 10417 MiB, 4496 MiB, 15360 MiB, 96 %, 36 %, 630 MHz, 5000 MHz, 65.97 W, 77, P0
2026/09/30 07:08:26.380, Tesla T4, 10417 MiB, 4496 MiB, 15360 MiB, 100 %, 35 %, 555 MHz, 5000 MHz, 65.28 W, 77, P0
2026/09/30 07:08:26.892, Tesla T4, 10417 MiB, 4496 MiB, 15360 MiB, 100 %, 33 %, 615 MHz, 5000 MHz, 66.42 W, 77, P0
2026/09/30 07:08:27.404, Tesla T4, 10417 MiB, 4496 MiB, 15360 MiB, 100 %, 34 %, 555 MHz, 5000 MHz, 65.67 W, 77, P0
2026/09/30 07:08:27.922, Tesla T4, 10417 MiB, 4496 MiB, 15360 MiB, 90 %, 53 %, 630 MHz, 5000 MHz, 67.20 W, 77, P0
2026/09/30 07:08:28.434, Tesla T4, 10417 MiB, 4496 MiB, 15360 MiB, 100 %, 25 %, 705 MHz, 5000 MHz, 65.83 W, 77, P0
2026/09/30 07:08:28.951, Tesla T4, 10417 MiB, 4496 MiB, 15360 MiB, 90 %, 28 %, 765 MHz, 5000 MHz, 64.59 W, 77, P0
2026/09/30 07:08:29.461, Tesla T4, 10417 MiB, 4496 MiB, 15360 MiB, 100 %, 24 %, 705 MHz, 5000 MHz, 66.02 W, 77, P0
2026/09/30 07:08:29.979, Tesla T4, 10417 MiB, 4496 MiB, 15360 MiB, 100 %, 29 %, 645 MHz, 5000 MHz, 66.22 W, 77, P0
2026/09/30 07:08:30.501, Tesla T4, 10417 MiB, 4496 MiB, 15360 MiB, 84 %, 31 %, 615 MHz, 5000 MHz, 63.51 W, 77, P0
2026/09/30 07:08:31.037, Tesla T4, 10417 MiB, 4496 MiB, 15360 MiB, 98 %, 30 %, 705 MHz, 5000 MHz, 66.51 W, 77, P0
2026/09/30 07:08:31.561, Tesla T4, 10417 MiB, 4496 MiB, 15360 MiB, 100 %, 35 %, 600 MHz, 5000 MHz, 67.00 W, 77, P0
2026/09/30 07:08:32.086, Tesla T4, 10417 MiB, 4496 MiB, 15360 MiB, 100 %, 37 %, 555 MHz, 5000 MHz, 66.42 W, 77, P0
2026/09/30 07:08:32.612, Tesla T4, 10417 MiB, 4496 MiB, 15360 MiB, 100 %, 36 %, 615 MHz, 5000 MHz, 67.16 W, 77, P0
2026/09/30 07:08:33.131, Tesla T4, 10417 MiB, 4496 MiB, 15360 MiB, 100 %, 39 %, 585 MHz, 5000 MHz, 63.55 W, 77, P0
2026/09/30 07:08:33.642, Tesla T4, 10417 MiB, 4496 MiB, 15360 MiB, 98 %, 31 %, 600 MHz, 5000 MHz, 65.93 W, 77, P0
2026/09/30 07:08:34.159, Tesla T4, 10417 MiB, 4496 MiB, 15360 MiB, 90 %, 28 %, 600 MHz, 5000 MHz, 65.93 W, 77, P0
2026/09/30 07:08:34.674, Tesla T4, 10417 MiB, 4496 MiB, 15360 MiB, 100 %, 30 %, 600 MHz, 5000 MHz, 64.50 W, 77, P0
2026/09/30 07:08:35.188, Tesla T4, 10417 MiB, 4496 MiB, 15360 MiB, 96 %, 29 %, 660 MHz, 5000 MHz, 66.22 W, 77, P0
2026/09/30 07:08:35.699, Tesla T4, 10417 MiB, 4496 MiB, 15360 MiB, 98 %, 26 %, 675 MHz, 5000 MHz, 66.91 W, 77, P0
2026/09/30 07:08:36.211, Tesla T4, 10417 MiB, 4496 MiB, 15360 MiB, 100 %, 25 %, 645 MHz, 5000 MHz, 77.30 W, 77, P0
2026/09/30 07:08:36.726, Tesla T4, 10417 MiB, 4496 MiB, 15360 MiB, 100 %, 27 %, 630 MHz, 5000 MHz, 66.32 W, 77, P0
2026/09/30 07:08:37.237, Tesla T4, 10417 MiB, 4496 MiB, 15360 MiB, 100 %, 25 %, 675 MHz, 5000 MHz, 65.93 W, 77, P0
2026/09/30 07:08:37.751, Tesla T4, 10417 MiB, 4496 MiB, 15360 MiB, 99 %, 34 %, 615 MHz, 5000 MHz, 65.08 W, 77, P0
2026/09/30 07:08:38.265, Tesla T4, 10417 MiB, 4496 MiB, 15360 MiB, 87 %, 33 %, 615 MHz, 5000 MHz, 65.18 W, 77, P0
2026/09/30 07:08:38.778, Tesla T4, 10417 MiB, 4496 MiB, 15360 MiB, 99 %, 26 %, 690 MHz, 5000 MHz, 66.26 W, 77, P0
2026/09/30 07:08:39.291, Tesla T4, 10417 MiB, 4496 MiB, 15360 MiB, 91 %, 24 %, 690 MHz, 5000 MHz, 65.83 W, 77, P0
2026/09/30 07:08:39.803, Tesla T4, 10417 MiB, 4496 MiB, 15360 MiB, 99 %, 34 %, 675 MHz, 5000 MHz, 66.32 W, 77, P0
2026/09/30 07:08:40.322, Tesla T4, 10417 MiB, 4496 MiB, 15360 MiB, 100 %, 28 %, 630 MHz, 5000 MHz, 66.22 W, 77, P0
2026/09/30 07:08:40.833, Tesla T4, 10417 MiB, 4496 MiB, 15360 MiB, 90 %, 32 %, 675 MHz, 5000 MHz, 66.12 W, 77, P0
2026/09/30 07:08:41.346, Tesla T4, 10417 MiB, 4496 MiB, 15360 MiB, 98 %, 30 %, 600 MHz, 5000 MHz, 66.12 W, 77, P0
2026/09/30 07:08:41.857, Tesla T4, 10417 MiB, 4496 MiB, 15360 MiB, 99 %, 37 %, 630 MHz, 5000 MHz, 65.89 W, 77, P0
2026/09/30 07:08:42.368, Tesla T4, 10417 MiB, 4496 MiB, 15360 MiB, 99 %, 38 %, 585 MHz, 5000 MHz, 65.87 W, 77, P0
2026/09/30 07:08:42.886, Tesla T4, 10417 MiB, 4496 MiB, 15360 MiB, 92 %, 36 %, 675 MHz, 5000 MHz, 63.22 W, 77, P0
2026/09/30 07:08:43.417, Tesla T4, 10417 MiB, 4496 MiB, 15360 MiB, 93 %, 40 %, 630 MHz, 5000 MHz, 66.42 W, 77, P0
2026/09/30 07:08:43.941, Tesla T4, 10417 MiB, 4496 MiB, 15360 MiB, 84 %, 34 %, 585 MHz, 5000 MHz, 64.36 W, 77, P0
2026/09/30 07:08:44.476, Tesla T4, 10417 MiB, 4496 MiB, 15360 MiB, 97 %, 33 %, 930 MHz, 5000 MHz, 50.33 W, 77, P0
2026/09/30 07:08:45.004, Tesla T4, 10417 MiB, 4496 MiB, 15360 MiB, 100 %, 23 %, 720 MHz, 5000 MHz, 64.50 W, 77, P0
2026/09/30 07:08:45.535, Tesla T4, 10417 MiB, 4496 MiB, 15360 MiB, 100 %, 23 %, 660 MHz, 5000 MHz, 65.93 W, 77, P0
2026/09/30 07:08:46.047, Tesla T4, 10417 MiB, 4496 MiB, 15360 MiB, 100 %, 26 %, 615 MHz, 5000 MHz, 63.48 W, 77, P0
2026/09/30 07:08:46.565, Tesla T4, 10417 MiB, 4496 MiB, 15360 MiB, 100 %, 23 %, 600 MHz, 5000 MHz, 66.71 W, 77, P0
2026/09/30 07:08:47.076, Tesla T4, 10417 MiB, 4496 MiB, 15360 MiB, 100 %, 22 %, 720 MHz, 5000 MHz, 65.34 W, 77, P0
2026/09/30 07:08:47.586, Tesla T4, 10417 MiB, 4496 MiB, 15360 MiB, 100 %, 21 %, 690 MHz, 5000 MHz, 66.22 W, 77, P0
2026/09/30 07:08:48.098, Tesla T4, 10417 MiB, 4496 MiB, 15360 MiB, 100 %, 26 %, 600 MHz, 5000 MHz, 66.42 W, 77, P0
2026/09/30 07:08:48.613, Tesla T4, 10417 MiB, 4496 MiB, 15360 MiB, 100 %, 26 %, 615 MHz, 5000 MHz, 65.67 W, 77, P0
2026/09/30 07:08:49.124, Tesla T4, 10417 MiB, 4496 MiB, 15360 MiB, 25 %, 14 %, 1515 MHz, 5000 MHz, 42.56 W, 76, P0
2026/09/30 07:08:49.632, Tesla T4, 10417 MiB, 4496 MiB, 15360 MiB, 0 %, 0 %, 1515 MHz, 5000 MHz, 42.64 W, 76, P0
