timestamp, name, memory.used [MiB], memory.free [MiB], memory.total [MiB], utilization.gpu [%], utilization.memory [%], clocks.current.sm [MHz], clocks.current.memory [MHz], power.draw [W], temperature.gpu, pstate
2026/09/30 07:10:47.249, Tesla T4, 0 MiB, 14913 MiB, 15360 MiB, 0 %, 0 %, 300 MHz, 405 MHz, 12.24 W, 59, P0
2026/09/30 07:10:47.938, Tesla T4, 0 MiB, 14913 MiB, 15360 MiB, 0 %, 0 %, 795 MHz, 5000 MHz, 30.50 W, 60, P0
2026/09/30 07:10:48.460, Tesla T4, 0 MiB, 14913 MiB, 15360 MiB, 0 %, 0 %, 795 MHz, 5000 MHz, 30.20 W, 60, P0
2026/09/30 07:10:48.971, Tesla T4, 0 MiB, 14913 MiB, 15360 MiB, 0 %, 0 %, 795 MHz, 5000 MHz, 30.20 W, 60, P0
2026/09/30 07:10:49.489, Tesla T4, 0 MiB, 14913 MiB, 15360 MiB, 0 %, 0 %, 300 MHz, 405 MHz, 15.22 W, 59, P8
2026/09/30 07:10:50.003, Tesla T4, 0 MiB, 14913 MiB, 15360 MiB, 0 %, 0 %, 300 MHz, 405 MHz, 15.12 W, 59, P8
2026/09/30 07:10:50.531, Tesla T4, 0 MiB, 14913 MiB, 15360 MiB, 0 %, 0 %, 300 MHz, 405 MHz, 15.12 W, 59, P8
2026/09/30 07:10:51.047, Tesla T4, 0 MiB, 14913 MiB, 15360 MiB, 0 %, 0 %, 300 MHz, 405 MHz, 15.22 W, 59, P8
2026/09/30 07:10:51.580, Tesla T4, 0 MiB, 14913 MiB, 15360 MiB, 0 %, 0 %, 300 MHz, 405 MHz, 15.12 W, 59, P8
2026/09/30 07:10:52.107, Tesla T4, 0 MiB, 14913 MiB, 15360 MiB, 0 %, 0 %, 300 MHz, 405 MHz, 15.12 W, 59, P8
2026/09/30 07:10:52.639, Tesla T4, 0 MiB, 14913 MiB, 15360 MiB, 0 %, 0 %, 300 MHz, 405 MHz, 15.22 W, 59, P8
2026/09/30 07:10:53.174, Tesla T4, 0 MiB, 14913 MiB, 15360 MiB, 0 %, 0 %, 300 MHz, 405 MHz, 15.12 W, 59, P8
2026/09/30 07:10:53.708, Tesla T4, 0 MiB, 14913 MiB, 15360 MiB, 0 %, 0 %, 300 MHz, 405 MHz, 15.12 W, 59, P8
2026/09/30 07:10:54.223, Tesla T4, 0 MiB, 14913 MiB, 15360 MiB, 0 %, 0 %, 300 MHz, 405 MHz, 15.12 W, 59, P8
2026/09/30 07:10:54.737, Tesla T4, 0 MiB, 14913 MiB, 15360 MiB, 0 %, 0 %, 300 MHz, 405 MHz, 15.12 W, 59, P8
2026/09/30 07:10:55.252, Tesla T4, 13 MiB, 14900 MiB, 15360 MiB, 0 %, 0 %, 585 MHz, 5000 MHz, 30.20 W, 59, P0
2026/09/30 07:10:55.766, Tesla T4, 551 MiB, 14362 MiB, 15360 MiB, 3 %, 0 %, 765 MHz, 5000 MHz, 30.20 W, 60, P0
2026/09/30 07:10:56.276, Tesla T4, 551 MiB, 14362 MiB, 15360 MiB, 2 %, 0 %, 585 MHz, 5000 MHz, 30.10 W, 60, P0
2026/09/30 07:10:56.785, Tesla T4, 551 MiB, 14362 MiB, 15360 MiB, 2 %, 0 %, 585 MHz, 5000 MHz, 30.10 W, 60, P0
2026/09/30 07:10:57.295, Tesla T4, 601 MiB, 14312 MiB, 15360 MiB, 2 %, 0 %, 585 MHz, 5000 MHz, 30.10 W, 60, P0
2026/09/30 07:10:57.805, Tesla T4, 743 MiB, 14170 MiB, 15360 MiB, 2 %, 0 %, 585 MHz, 5000 MHz, 30.10 W, 60, P0
2026/09/30 07:10:58.315, Tesla T4, 879 MiB, 14034 MiB, 15360 MiB, 2 %, 0 %, 585 MHz, 5000 MHz, 30.10 W, 60, P0
2026/09/30 07:10:58.824, Tesla T4, 1013 MiB, 13900 MiB, 15360 MiB, 2 %, 0 %, 585 MHz, 5000 MHz, 30.20 W, 60, P0
2026/09/30 07:10:59.334, Tesla T4, 1149 MiB, 13764 MiB, 15360 MiB, 2 %, 0 %, 585 MHz, 5000 MHz, 30.20 W, 60, P0
2026/09/30 07:10:59.844, Tesla T4, 1291 MiB, 13622 MiB, 15360 MiB, 2 %, 0 %, 585 MHz, 5000 MHz, 30.20 W, 60, P0
2026/09/30 07:11:00.353, Tesla T4, 1425 MiB, 13488 MiB, 15360 MiB, 2 %, 0 %, 585 MHz, 5000 MHz, 30.10 W, 60, P0
2026/09/30 07:11:00.864, Tesla T4, 1561 MiB, 13352 MiB, 15360 MiB, 2 %, 0 %, 585 MHz, 5000 MHz, 30.20 W, 61, P0
2026/09/30 07:11:01.374, Tesla T4, 2251 MiB, 12662 MiB, 15360 MiB, 10 %, 1 %, 585 MHz, 5000 MHz, 30.80 W, 61, P0
2026/09/30 07:11:01.886, Tesla T4, 3211 MiB, 11702 MiB, 15360 MiB, 20 %, 1 %, 585 MHz, 5000 MHz, 30.60 W, 61, P0
2026/09/30 07:11:02.396, Tesla T4, 3239 MiB, 11674 MiB, 15360 MiB, 0 %, 0 %, 585 MHz, 5000 MHz, 30.20 W, 61, P0
2026/09/30 07:11:02.905, Tesla T4, 3239 MiB, 11674 MiB, 15360 MiB, 0 %, 0 %, 585 MHz, 5000 MHz, 30.20 W, 61, P0
2026/09/30 07:11:03.414, Tesla T4, 3239 MiB, 11674 MiB, 15360 MiB, 0 %, 0 %, 585 MHz, 5000 MHz, 30.20 W, 61, P0
2026/09/30 07:11:03.923, Tesla T4, 3239 MiB, 11674 MiB, 15360 MiB, 0 %, 0 %, 585 MHz, 5000 MHz, 30.20 W, 61, P0
2026/09/30 07:11:04.448, Tesla T4, 3685 MiB, 11228 MiB, 15360 MiB, 14 %, 1 %, 585 MHz, 5000 MHz, 30.70 W, 61, P0
2026/09/30 07:11:04.969, Tesla T4, 5299 MiB, 9614 MiB, 15360 MiB, 28 %, 1 %, 585 MHz, 5000 MHz, 30.80 W, 61, P0
2026/09/30 07:11:05.487, Tesla T4, 6389 MiB, 8524 MiB, 15360 MiB, 10 %, 1 %, 585 MHz, 5000 MHz, 30.50 W, 61, P0
2026/09/30 07:11:06.003, Tesla T4, 6389 MiB, 8524 MiB, 15360 MiB, 1 %, 0 %, 585 MHz, 5000 MHz, 30.20 W, 61, P0
2026/09/30 07:11:06.520, Tesla T4, 6389 MiB, 8524 MiB, 15360 MiB, 0 %, 0 %, 585 MHz, 5000 MHz, 30.30 W, 61, P0
2026/09/30 07:11:07.029, Tesla T4, 6389 MiB, 8524 MiB, 15360 MiB, 0 %, 0 %, 585 MHz, 5000 MHz, 30.30 W, 61, P0
2026/09/30 07:11:07.538, Tesla T4, 6419 MiB, 8494 MiB, 15360 MiB, 0 %, 0 %, 585 MHz, 5000 MHz, 30.30 W, 61, P0
2026/09/30 07:11:08.048, Tesla T4, 6421 MiB, 8492 MiB, 15360 MiB, 86 %, 12 %, 1275 MHz, 5000 MHz, 33.15 W, 62, P0
2026/09/30 07:11:08.558, Tesla T4, 6421 MiB, 8492 MiB, 15360 MiB, 43 %, 38 %, 1500 MHz, 5000 MHz, 57.15 W, 63, P0
2026/09/30 07:11:09.067, Tesla T4, 6421 MiB, 8492 MiB, 15360 MiB, 41 %, 37 %, 1575 MHz, 5000 MHz, 59.97 W, 64, P0
2026/09/30 07:11:09.647, Tesla T4, 6421 MiB, 8492 MiB, 15360 MiB, 42 %, 38 %, 1590 MHz, 5000 MHz, 65.03 W, 64, P0
2026/09/30 07:11:10.157, Tesla T4, 6423 MiB, 8490 MiB, 15360 MiB, 40 %, 37 %, 1590 MHz, 5000 MHz, 59.01 W, 65, P0
2026/09/30 07:11:10.665, Tesla T4, 6423 MiB, 8490 MiB, 15360 MiB, 42 %, 38 %, 1590 MHz, 5000 MHz, 60.06 W, 65, P0
2026/09/30 07:11:11.175, Tesla T4, 6423 MiB, 8490 MiB, 15360 MiB, 32 %, 29 %, 1590 MHz, 5000 MHz, 60.59 W, 65, P0
2026/09/30 07:11:11.684, Tesla T4, 6425 MiB, 8488 MiB, 15360 MiB, 44 %, 40 %, 1590 MHz, 5000 MHz, 61.46 W, 65, P0
2026/09/30 07:11:12.192, Tesla T4, 6425 MiB, 8488 MiB, 15360 MiB, 40 %, 37 %, 1590 MHz, 5000 MHz, 62.81 W, 66, P0
2026/09/30 07:11:12.700, Tesla T4, 6425 MiB, 8488 MiB, 15360 MiB, 43 %, 39 %, 1590 MHz, 5000 MHz, 61.18 W, 66, P0
2026/09/30 07:11:13.210, Tesla T4, 6425 MiB, 8488 MiB, 15360 MiB, 39 %, 35 %, 1590 MHz, 5000 MHz, 59.79 W, 66, P0
2026/09/30 07:11:13.718, Tesla T4, 6425 MiB, 8488 MiB, 15360 MiB, 44 %, 40 %, 1590 MHz, 5000 MHz, 59.36 W, 66, P0
2026/09/30 07:11:14.227, Tesla T4, 6425 MiB, 8488 MiB, 15360 MiB, 39 %, 35 %, 1590 MHz, 5000 MHz, 60.37 W, 67, P0
2026/09/30 07:11:14.737, Tesla T4, 6425 MiB, 8488 MiB, 15360 MiB, 42 %, 38 %, 1590 MHz, 5000 MHz, 59.46 W, 67, P0
2026/09/30 07:11:15.244, Tesla T4, 6425 MiB, 8488 MiB, 15360 MiB, 38 %, 34 %, 1590 MHz, 5000 MHz, 64.10 W, 67, P0
2026/09/30 07:11:15.753, Tesla T4, 6425 MiB, 8488 MiB, 15360 MiB, 43 %, 39 %, 1590 MHz, 5000 MHz, 65.18 W, 67, P0
2026/09/30 07:11:16.261, Tesla T4, 6425 MiB, 8488 MiB, 15360 MiB, 39 %, 36 %, 1590 MHz, 5000 MHz, 60.19 W, 67, P0
2026/09/30 07:11:16.781, Tesla T4, 6425 MiB, 8488 MiB, 15360 MiB, 32 %, 30 %, 1590 MHz, 5000 MHz, 56.10 W, 67, P0
2026/09/30 07:11:17.295, Tesla T4, 6425 MiB, 8488 MiB, 15360 MiB, 33 %, 31 %, 1590 MHz, 5000 MHz, 56.82 W, 67, P0
2026/09/30 07:11:17.810, Tesla T4, 6425 MiB, 8488 MiB, 15360 MiB, 35 %, 32 %, 1455 MHz, 5000 MHz, 49.25 W, 67, P0
2026/09/30 07:11:18.325, Tesla T4, 6425 MiB, 8488 MiB, 15360 MiB, 29 %, 26 %, 1350 MHz, 5000 MHz, 48.04 W, 67, P0
2026/09/30 07:11:18.840, Tesla T4, 6425 MiB, 8488 MiB, 15360 MiB, 29 %, 25 %, 1305 MHz, 5000 MHz, 45.92 W, 67, P0
2026/09/30 07:11:19.351, Tesla T4, 6425 MiB, 8488 MiB, 15360 MiB, 42 %, 37 %, 1515 MHz, 5000 MHz, 60.10 W, 68, P0
2026/09/30 07:11:19.859, Tesla T4, 6425 MiB, 8488 MiB, 15360 MiB, 47 %, 38 %, 1575 MHz, 5000 MHz, 58.92 W, 68, P0
2026/09/30 07:11:20.368, Tesla T4, 6425 MiB, 8488 MiB, 15360 MiB, 39 %, 36 %, 1590 MHz, 5000 MHz, 61.85 W, 68, P0
2026/09/30 07:11:20.878, Tesla T4, 6425 MiB, 8488 MiB, 15360 MiB, 42 %, 38 %, 1590 MHz, 5000 MHz, 62.28 W, 69, P0
2026/09/30 07:11:21.387, Tesla T4, 6425 MiB, 8488 MiB, 15360 MiB, 41 %, 37 %, 1590 MHz, 5000 MHz, 61.36 W, 69, P0
2026/09/30 07:11:21.895, Tesla T4, 6425 MiB, 8488 MiB, 15360 MiB, 42 %, 38 %, 1590 MHz, 5000 MHz, 65.14 W, 69, P0
2026/09/30 07:11:22.405, Tesla T4, 6425 MiB, 8488 MiB, 15360 MiB, 42 %, 38 %, 1590 MHz, 5000 MHz, 54.00 W, 69, P0
2026/09/30 07:11:22.914, Tesla T4, 6425 MiB, 8488 MiB, 15360 MiB, 40 %, 36 %, 1590 MHz, 5000 MHz, 63.34 W, 69, P0
2026/09/30 07:11:23.428, Tesla T4, 6425 MiB, 8488 MiB, 15360 MiB, 42 %, 38 %, 1590 MHz, 5000 MHz, 60.49 W, 69, P0
2026/09/30 07:11:23.937, Tesla T4, 6425 MiB, 8488 MiB, 15360 MiB, 42 %, 38 %, 1590 MHz, 5000 MHz, 63.06 W, 70, P0
2026/09/30 07:11:24.445, Tesla T4, 6425 MiB, 8488 MiB, 15360 MiB, 43 %, 39 %, 1590 MHz, 5000 MHz, 61.91 W, 70, P0
2026/09/30 07:11:24.955, Tesla T4, 6425 MiB, 8488 MiB, 15360 MiB, 41 %, 38 %, 1590 MHz, 5000 MHz, 64.48 W, 70, P0
2026/09/30 07:11:25.463, Tesla T4, 6425 MiB, 8488 MiB, 15360 MiB, 43 %, 39 %, 1590 MHz, 5000 MHz, 58.97 W, 70, P0
2026/09/30 07:11:25.972, Tesla T4, 6425 MiB, 8488 MiB, 15360 MiB, 42 %, 38 %, 1590 MHz, 5000 MHz, 63.61 W, 71, P0
2026/09/30 07:11:26.482, Tesla T4, 6425 MiB, 8488 MiB, 15360 MiB, 43 %, 39 %, 1590 MHz, 5000 MHz, 65.75 W, 71, P0
2026/09/30 07:11:26.991, Tesla T4, 6425 MiB, 8488 MiB, 15360 MiB, 42 %, 38 %, 1590 MHz, 5000 MHz, 62.87 W, 71, P0
2026/09/30 07:11:27.500, Tesla T4, 6425 MiB, 8488 MiB, 15360 MiB, 43 %, 39 %, 1590 MHz, 5000 MHz, 63.73 W, 71, P0
2026/09/30 07:11:28.015, Tesla T4, 6425 MiB, 8488 MiB, 15360 MiB, 42 %, 38 %, 1590 MHz, 5000 MHz, 64.47 W, 71, P0
2026/09/30 07:11:28.526, Tesla T4, 6425 MiB, 8488 MiB, 15360 MiB, 38 %, 35 %, 1590 MHz, 5000 MHz, 63.03 W, 71, P0
2026/09/30 07:11:29.040, Tesla T4, 6425 MiB, 8488 MiB, 15360 MiB, 35 %, 32 %, 1590 MHz, 5000 MHz, 54.46 W, 71, P0
2026/09/30 07:11:29.557, Tesla T4, 6425 MiB, 8488 MiB, 15360 MiB, 35 %, 32 %, 1590 MHz, 5000 MHz, 57.84 W, 71, P0
2026/09/30 07:11:30.074, Tesla T4, 6425 MiB, 8488 MiB, 15360 MiB, 35 %, 32 %, 1590 MHz, 5000 MHz, 58.26 W, 72, P0
2026/09/30 07:11:30.591, Tesla T4, 6425 MiB, 8488 MiB, 15360 MiB, 33 %, 29 %, 1395 MHz, 5000 MHz, 51.81 W, 71, P0
2026/09/30 07:11:31.107, Tesla T4, 6425 MiB, 8488 MiB, 15360 MiB, 30 %, 27 %, 1335 MHz, 5000 MHz, 49.08 W, 71, P0
2026/09/30 07:11:31.627, Tesla T4, 6425 MiB, 8488 MiB, 15360 MiB, 67 %, 31 %, 1575 MHz, 5000 MHz, 62.18 W, 72, P0
2026/09/30 07:11:32.136, Tesla T4, 6425 MiB, 8488 MiB, 15360 MiB, 42 %, 38 %, 1590 MHz, 5000 MHz, 64.51 W, 72, P0
2026/09/30 07:11:32.646, Tesla T4, 6425 MiB, 8488 MiB, 15360 MiB, 41 %, 37 %, 1590 MHz, 5000 MHz, 69.81 W, 72, P0
2026/09/30 07:11:33.155, Tesla T4, 6425 MiB, 8488 MiB, 15360 MiB, 41 %, 37 %, 1590 MHz, 5000 MHz, 64.61 W, 73, P0
2026/09/30 07:11:33.663, Tesla T4, 6425 MiB, 8488 MiB, 15360 MiB, 41 %, 37 %, 1575 MHz, 5000 MHz, 66.28 W, 73, P0
2026/09/30 07:11:34.177, Tesla T4, 6425 MiB, 8488 MiB, 15360 MiB, 42 %, 38 %, 1590 MHz, 5000 MHz, 66.82 W, 73, P0
2026/09/30 07:11:34.686, Tesla T4, 6425 MiB, 8488 MiB, 15360 MiB, 41 %, 37 %, 1590 MHz, 5000 MHz, 68.64 W, 73, P0
2026/09/30 07:11:35.196, Tesla T4, 6425 MiB, 8488 MiB, 15360 MiB, 41 %, 37 %, 1575 MHz, 5000 MHz, 60.84 W, 73, P0
2026/09/30 07:11:35.704, Tesla T4, 6425 MiB, 8488 MiB, 15360 MiB, 43 %, 39 %, 1590 MHz, 5000 MHz, 64.14 W, 74, P0
2026/09/30 07:11:36.213, Tesla T4, 6425 MiB, 8488 MiB, 15360 MiB, 42 %, 38 %, 1590 MHz, 5000 MHz, 66.96 W, 74, P0
2026/09/30 07:11:36.722, Tesla T4, 6425 MiB, 8488 MiB, 15360 MiB, 44 %, 40 %, 1590 MHz, 5000 MHz, 65.93 W, 74, P0
2026/09/30 07:11:37.231, Tesla T4, 6425 MiB, 8488 MiB, 15360 MiB, 43 %, 39 %, 1590 MHz, 5000 MHz, 64.59 W, 74, P0
2026/09/30 07:11:37.739, Tesla T4, 6425 MiB, 8488 MiB, 15360 MiB, 43 %, 39 %, 1590 MHz, 5000 MHz, 65.77 W, 74, P0
2026/09/30 07:11:38.249, Tesla T4, 6425 MiB, 8488 MiB, 15360 MiB, 41 %, 38 %, 1575 MHz, 5000 MHz, 65.97 W, 74, P0
2026/09/30 07:11:38.758, Tesla T4, 6425 MiB, 8488 MiB, 15360 MiB, 43 %, 39 %, 1545 MHz, 5000 MHz, 64.32 W, 75, P0
2026/09/30 07:11:39.266, Tesla T4, 6425 MiB, 8488 MiB, 15360 MiB, 43 %, 39 %, 1590 MHz, 5000 MHz, 64.61 W, 75, P0
2026/09/30 07:11:39.776, Tesla T4, 6425 MiB, 8488 MiB, 15360 MiB, 44 %, 40 %, 1590 MHz, 5000 MHz, 68.38 W, 75, P0
2026/09/30 07:11:40.284, Tesla T4, 6425 MiB, 8488 MiB, 15360 MiB, 40 %, 37 %, 1590 MHz, 5000 MHz, 64.79 W, 75, P0
2026/09/30 07:11:40.792, Tesla T4, 6425 MiB, 8488 MiB, 15360 MiB, 43 %, 39 %, 1575 MHz, 5000 MHz, 62.49 W, 75, P0
2026/09/30 07:11:41.301, Tesla T4, 6425 MiB, 8488 MiB, 15360 MiB, 39 %, 35 %, 1590 MHz, 5000 MHz, 56.23 W, 75, P0
2026/09/30 07:11:41.815, Tesla T4, 6425 MiB, 8488 MiB, 15360 MiB, 32 %, 29 %, 1590 MHz, 5000 MHz, 65.44 W, 75, P0
2026/09/30 07:11:42.338, Tesla T4, 6425 MiB, 8488 MiB, 15360 MiB, 28 %, 26 %, 1590 MHz, 5000 MHz, 58.16 W, 75, P0
2026/09/30 07:11:42.862, Tesla T4, 6425 MiB, 8488 MiB, 15360 MiB, 81 %, 27 %, 1530 MHz, 5000 MHz, 50.99 W, 75, P0
2026/09/30 07:11:43.401, Tesla T4, 6425 MiB, 8488 MiB, 15360 MiB, 28 %, 25 %, 1590 MHz, 5000 MHz, 58.87 W, 75, P0
2026/09/30 07:11:43.916, Tesla T4, 6425 MiB, 8488 MiB, 15360 MiB, 32 %, 28 %, 1590 MHz, 5000 MHz, 59.27 W, 76, P0
2026/09/30 07:11:44.438, Tesla T4, 6425 MiB, 8488 MiB, 15360 MiB, 40 %, 36 %, 1590 MHz, 5000 MHz, 66.96 W, 76, P0
2026/09/30 07:11:44.946, Tesla T4, 6425 MiB, 8488 MiB, 15360 MiB, 42 %, 38 %, 1590 MHz, 5000 MHz, 63.87 W, 76, P0
2026/09/30 07:11:45.456, Tesla T4, 6425 MiB, 8488 MiB, 15360 MiB, 38 %, 34 %, 1530 MHz, 5000 MHz, 65.85 W, 76, P0
2026/09/30 07:11:45.970, Tesla T4, 6425 MiB, 8488 MiB, 15360 MiB, 42 %, 38 %, 1590 MHz, 5000 MHz, 67.84 W, 77, P0
2026/09/30 07:11:46.478, Tesla T4, 6425 MiB, 8488 MiB, 15360 MiB, 39 %, 35 %, 1590 MHz, 5000 MHz, 63.91 W, 77, P0
2026/09/30 07:11:46.987, Tesla T4, 6425 MiB, 8488 MiB, 15360 MiB, 42 %, 37 %, 1590 MHz, 5000 MHz, 65.98 W, 77, P0
2026/09/30 07:11:47.499, Tesla T4, 6425 MiB, 8488 MiB, 15360 MiB, 39 %, 36 %, 1590 MHz, 5000 MHz, 68.70 W, 77, P0
2026/09/30 07:11:48.077, Tesla T4, 6425 MiB, 8488 MiB, 15360 MiB, 40 %, 37 %, 1590 MHz, 5000 MHz, 65.67 W, 77, P0
2026/09/30 07:11:48.586, Tesla T4, 6425 MiB, 8488 MiB, 15360 MiB, 40 %, 37 %, 1590 MHz, 5000 MHz, 68.99 W, 78, P0
2026/09/30 07:11:49.096, Tesla T4, 6425 MiB, 8488 MiB, 15360 MiB, 41 %, 38 %, 1575 MHz, 5000 MHz, 61.95 W, 78, P0
2026/09/30 07:11:49.604, Tesla T4, 6425 MiB, 8488 MiB, 15360 MiB, 39 %, 35 %, 1590 MHz, 5000 MHz, 65.45 W, 78, P0
2026/09/30 07:11:50.114, Tesla T4, 6425 MiB, 8488 MiB, 15360 MiB, 40 %, 37 %, 1590 MHz, 5000 MHz, 65.59 W, 78, P0
2026/09/30 07:11:50.624, Tesla T4, 6425 MiB, 8488 MiB, 15360 MiB, 38 %, 35 %, 1575 MHz, 5000 MHz, 68.70 W, 79, P0
2026/09/30 07:11:51.132, Tesla T4, 6425 MiB, 8488 MiB, 15360 MiB, 42 %, 38 %, 1545 MHz, 5000 MHz, 64.75 W, 79, P0
2026/09/30 07:11:51.646, Tesla T4, 6425 MiB, 8488 MiB, 15360 MiB, 41 %, 38 %, 1575 MHz, 5000 MHz, 67.62 W, 79, P0
2026/09/30 07:11:52.155, Tesla T4, 6425 MiB, 8488 MiB, 15360 MiB, 42 %, 38 %, 1530 MHz, 5000 MHz, 63.87 W, 79, P0
2026/09/30 07:11:52.663, Tesla T4, 6425 MiB, 8488 MiB, 15360 MiB, 40 %, 36 %, 1575 MHz, 5000 MHz, 67.82 W, 79, P0
2026/09/30 07:11:53.172, Tesla T4, 6425 MiB, 8488 MiB, 15360 MiB, 42 %, 38 %, 1530 MHz, 5000 MHz, 68.33 W, 79, P0
2026/09/30 07:11:53.686, Tesla T4, 6425 MiB, 8488 MiB, 15360 MiB, 42 %, 38 %, 1575 MHz, 5000 MHz, 67.89 W, 80, P0
2026/09/30 07:11:54.196, Tesla T4, 6425 MiB, 8488 MiB, 15360 MiB, 43 %, 39 %, 1590 MHz, 5000 MHz, 66.04 W, 80, P0
2026/09/30 07:11:54.710, Tesla T4, 6425 MiB, 8488 MiB, 15360 MiB, 31 %, 28 %, 1590 MHz, 5000 MHz, 62.87 W, 80, P0
2026/09/30 07:11:55.227, Tesla T4, 6425 MiB, 8488 MiB, 15360 MiB, 32 %, 29 %, 1590 MHz, 5000 MHz, 62.73 W, 80, P0
2026/09/30 07:11:55.748, Tesla T4, 6425 MiB, 8488 MiB, 15360 MiB, 29 %, 26 %, 1590 MHz, 5000 MHz, 61.26 W, 80, P0
2026/09/30 07:11:56.272, Tesla T4, 6425 MiB, 8488 MiB, 15360 MiB, 32 %, 29 %, 1335 MHz, 5000 MHz, 65.04 W, 80, P0
2026/09/30 07:11:56.793, Tesla T4, 6425 MiB, 8488 MiB, 15360 MiB, 28 %, 24 %, 1275 MHz, 5000 MHz, 49.17 W, 79, P0
2026/09/30 07:11:57.302, Tesla T4, 6425 MiB, 8488 MiB, 15360 MiB, 43 %, 38 %, 1500 MHz, 5000 MHz, 57.18 W, 80, P0
2026/09/30 07:11:57.813, Tesla T4, 6425 MiB, 8488 MiB, 15360 MiB, 43 %, 38 %, 1515 MHz, 5000 MHz, 68.35 W, 81, P0
2026/09/30 07:11:58.324, Tesla T4, 6425 MiB, 8488 MiB, 15360 MiB, 42 %, 38 %, 1575 MHz, 5000 MHz, 68.63 W, 81, P0
2026/09/30 07:11:58.832, Tesla T4, 6425 MiB, 8488 MiB, 15360 MiB, 43 %, 38 %, 1590 MHz, 5000 MHz, 67.37 W, 81, P0
2026/09/30 07:11:59.341, Tesla T4, 6425 MiB, 8488 MiB, 15360 MiB, 43 %, 39 %, 1530 MHz, 5000 MHz, 68.03 W, 82, P0
2026/09/30 07:11:59.856, Tesla T4, 6425 MiB, 8488 MiB, 15360 MiB, 44 %, 40 %, 1575 MHz, 5000 MHz, 65.73 W, 82, P0
2026/09/30 07:12:00.371, Tesla T4, 6425 MiB, 8488 MiB, 15360 MiB, 43 %, 39 %, 1515 MHz, 5000 MHz, 61.44 W, 82, P0
2026/09/30 07:12:00.881, Tesla T4, 6425 MiB, 8488 MiB, 15360 MiB, 44 %, 39 %, 1575 MHz, 5000 MHz, 59.17 W, 82, P0
2026/09/30 07:12:01.392, Tesla T4, 6425 MiB, 8488 MiB, 15360 MiB, 40 %, 37 %, 1575 MHz, 5000 MHz, 67.30 W, 82, P0
2026/09/30 07:12:01.906, Tesla T4, 6425 MiB, 8488 MiB, 15360 MiB, 43 %, 39 %, 1560 MHz, 5000 MHz, 66.51 W, 82, P0
2026/09/30 07:12:02.428, Tesla T4, 6425 MiB, 8488 MiB, 15360 MiB, 43 %, 39 %, 1530 MHz, 5000 MHz, 67.21 W, 83, P0
2026/09/30 07:12:02.937, Tesla T4, 6425 MiB, 8488 MiB, 15360 MiB, 42 %, 38 %, 1560 MHz, 5000 MHz, 66.98 W, 82, P0
2026/09/30 07:12:03.450, Tesla T4, 6425 MiB, 8488 MiB, 15360 MiB, 44 %, 40 %, 1530 MHz, 5000 MHz, 68.00 W, 83, P0
2026/09/30 07:12:03.961, Tesla T4, 6425 MiB, 8488 MiB, 15360 MiB, 43 %, 39 %, 1545 MHz, 5000 MHz, 66.73 W, 83, P0
2026/09/30 07:12:04.497, Tesla T4, 6425 MiB, 8488 MiB, 15360 MiB, 44 %, 40 %, 1485 MHz, 5000 MHz, 66.43 W, 83, P0
2026/09/30 07:12:05.006, Tesla T4, 6425 MiB, 8488 MiB, 15360 MiB, 44 %, 40 %, 1545 MHz, 5000 MHz, 64.06 W, 83, P0
2026/09/30 07:12:05.530, Tesla T4, 6425 MiB, 8488 MiB, 15360 MiB, 44 %, 40 %, 1515 MHz, 5000 MHz, 66.04 W, 83, P0
2026/09/30 07:12:06.038, Tesla T4, 6425 MiB, 8488 MiB, 15360 MiB, 88 %, 27 %, 1425 MHz, 5000 MHz, 57.84 W, 82, P0
2026/09/30 07:12:06.555, Tesla T4, 6425 MiB, 8488 MiB, 15360 MiB, 43 %, 39 %, 1545 MHz, 5000 MHz, 66.67 W, 83, P0
2026/09/30 07:12:07.064, Tesla T4, 6425 MiB, 8488 MiB, 15360 MiB, 29 %, 26 %, 1560 MHz, 5000 MHz, 65.49 W, 83, P0
2026/09/30 07:12:07.591, Tesla T4, 6425 MiB, 8488 MiB, 15360 MiB, 34 %, 30 %, 1560 MHz, 5000 MHz, 65.91 W, 83, P0
2026/09/30 07:12:08.103, Tesla T4, 6425 MiB, 8488 MiB, 15360 MiB, 34 %, 31 %, 1560 MHz, 5000 MHz, 63.36 W, 83, P0
2026/09/30 07:12:08.617, Tesla T4, 6425 MiB, 8488 MiB, 15360 MiB, 31 %, 28 %, 1335 MHz, 5000 MHz, 62.83 W, 82, P0
2026/09/30 07:12:09.133, Tesla T4, 6425 MiB, 8488 MiB, 15360 MiB, 35 %, 30 %, 1290 MHz, 5000 MHz, 50.95 W, 81, P0
2026/09/30 07:12:09.652, Tesla T4, 6425 MiB, 8488 MiB, 15360 MiB, 46 %, 39 %, 1410 MHz, 5000 MHz, 60.28 W, 81, P0
2026/09/30 07:12:10.161, Tesla T4, 6425 MiB, 8488 MiB, 15360 MiB, 42 %, 38 %, 1530 MHz, 5000 MHz, 67.45 W, 82, P0
2026/09/30 07:12:10.670, Tesla T4, 6425 MiB, 8488 MiB, 15360 MiB, 43 %, 39 %, 1500 MHz, 5000 MHz, 65.91 W, 82, P0
2026/09/30 07:12:11.185, Tesla T4, 6425 MiB, 8488 MiB, 15360 MiB, 43 %, 38 %, 1530 MHz, 5000 MHz, 68.14 W, 82, P0
2026/09/30 07:12:11.700, Tesla T4, 6425 MiB, 8488 MiB, 15360 MiB, 41 %, 37 %, 1575 MHz, 5000 MHz, 69.02 W, 82, P0
2026/09/30 07:12:12.208, Tesla T4, 6425 MiB, 8488 MiB, 15360 MiB, 44 %, 40 %, 1485 MHz, 5000 MHz, 62.69 W, 82, P0
2026/09/30 07:12:12.728, Tesla T4, 6425 MiB, 8488 MiB, 15360 MiB, 43 %, 38 %, 1545 MHz, 5000 MHz, 67.40 W, 82, P0
2026/09/30 07:12:13.236, Tesla T4, 6425 MiB, 8488 MiB, 15360 MiB, 43 %, 39 %, 1545 MHz, 5000 MHz, 64.00 W, 81, P0
2026/09/30 07:12:13.744, Tesla T4, 6425 MiB, 8488 MiB, 15360 MiB, 42 %, 39 %, 1545 MHz, 5000 MHz, 68.70 W, 81, P0
2026/09/30 07:12:14.258, Tesla T4, 6425 MiB, 8488 MiB, 15360 MiB, 43 %, 39 %, 1575 MHz, 5000 MHz, 68.19 W, 81, P0
2026/09/30 07:12:14.767, Tesla T4, 6425 MiB, 8488 MiB, 15360 MiB, 41 %, 37 %, 1560 MHz, 5000 MHz, 67.66 W, 81, P0
2026/09/30 07:12:15.275, Tesla T4, 6425 MiB, 8488 MiB, 15360 MiB, 44 %, 40 %, 1575 MHz, 5000 MHz, 64.30 W, 81, P0
2026/09/30 07:12:15.784, Tesla T4, 6425 MiB, 8488 MiB, 15360 MiB, 42 %, 38 %, 1575 MHz, 5000 MHz, 67.10 W, 80, P0
2026/09/30 07:12:16.295, Tesla T4, 6425 MiB, 8488 MiB, 15360 MiB, 44 %, 40 %, 1560 MHz, 5000 MHz, 66.32 W, 80, P0
2026/09/30 07:12:16.809, Tesla T4, 6425 MiB, 8488 MiB, 15360 MiB, 40 %, 37 %, 1530 MHz, 5000 MHz, 68.19 W, 80, P0
2026/09/30 07:12:17.317, Tesla T4, 6425 MiB, 8488 MiB, 15360 MiB, 44 %, 40 %, 1530 MHz, 5000 MHz, 65.71 W, 80, P0
2026/09/30 07:12:17.826, Tesla T4, 6425 MiB, 8488 MiB, 15360 MiB, 77 %, 31 %, 1575 MHz, 5000 MHz, 70.35 W, 80, P0
2026/09/30 07:12:18.337, Tesla T4, 6425 MiB, 8488 MiB, 15360 MiB, 43 %, 39 %, 1575 MHz, 5000 MHz, 69.37 W, 80, P0
2026/09/30 07:12:18.847, Tesla T4, 6425 MiB, 8488 MiB, 15360 MiB, 41 %, 37 %, 1530 MHz, 5000 MHz, 65.28 W, 79, P0
2026/09/30 07:12:19.355, Tesla T4, 6425 MiB, 8488 MiB, 15360 MiB, 43 %, 39 %, 1590 MHz, 5000 MHz, 68.28 W, 79, P0
2026/09/30 07:12:19.876, Tesla T4, 6425 MiB, 8488 MiB, 15360 MiB, 30 %, 27 %, 1590 MHz, 5000 MHz, 59.81 W, 79, P0
2026/09/30 07:12:20.404, Tesla T4, 6425 MiB, 8488 MiB, 15360 MiB, 33 %, 30 %, 1590 MHz, 5000 MHz, 74.70 W, 79, P0
2026/09/30 07:12:20.927, Tesla T4, 6425 MiB, 8488 MiB, 15360 MiB, 32 %, 30 %, 1590 MHz, 5000 MHz, 56.35 W, 78, P0
2026/09/30 07:12:21.439, Tesla T4, 6425 MiB, 8488 MiB, 15360 MiB, 30 %, 27 %, 1365 MHz, 5000 MHz, 58.33 W, 77, P0
2026/09/30 07:12:21.967, Tesla T4, 6425 MiB, 8488 MiB, 15360 MiB, 28 %, 24 %, 1290 MHz, 5000 MHz, 48.49 W, 76, P0
2026/09/30 07:12:22.490, Tesla T4, 6425 MiB, 8488 MiB, 15360 MiB, 46 %, 40 %, 1470 MHz, 5000 MHz, 63.03 W, 77, P0
2026/09/30 07:12:23.001, Tesla T4, 6425 MiB, 8488 MiB, 15360 MiB, 40 %, 36 %, 1560 MHz, 5000 MHz, 72.30 W, 77, P0
2026/09/30 07:12:23.511, Tesla T4, 6425 MiB, 8488 MiB, 15360 MiB, 43 %, 40 %, 1530 MHz, 5000 MHz, 65.83 W, 77, P0
2026/09/30 07:12:24.021, Tesla T4, 6425 MiB, 8488 MiB, 15360 MiB, 40 %, 37 %, 1590 MHz, 5000 MHz, 66.57 W, 77, P0
2026/09/30 07:12:24.530, Tesla T4, 6425 MiB, 8488 MiB, 15360 MiB, 43 %, 39 %, 1575 MHz, 5000 MHz, 65.61 W, 77, P0
2026/09/30 07:12:25.041, Tesla T4, 6425 MiB, 8488 MiB, 15360 MiB, 40 %, 37 %, 1575 MHz, 5000 MHz, 68.68 W, 77, P0
2026/09/30 07:12:25.549, Tesla T4, 6425 MiB, 8488 MiB, 15360 MiB, 43 %, 40 %, 1590 MHz, 5000 MHz, 70.49 W, 77, P0
2026/09/30 07:12:26.058, Tesla T4, 6425 MiB, 8488 MiB, 15360 MiB, 42 %, 38 %, 1590 MHz, 5000 MHz, 61.98 W, 77, P0
2026/09/30 07:12:26.566, Tesla T4, 6425 MiB, 8488 MiB, 15360 MiB, 43 %, 39 %, 1560 MHz, 5000 MHz, 64.75 W, 77, P0
2026/09/30 07:12:27.081, Tesla T4, 6425 MiB, 8488 MiB, 15360 MiB, 43 %, 39 %, 1590 MHz, 5000 MHz, 69.56 W, 77, P0
2026/09/30 07:12:27.590, Tesla T4, 6425 MiB, 8488 MiB, 15360 MiB, 44 %, 40 %, 1590 MHz, 5000 MHz, 71.03 W, 76, P0
2026/09/30 07:12:28.100, Tesla T4, 6425 MiB, 8488 MiB, 15360 MiB, 43 %, 39 %, 1590 MHz, 5000 MHz, 65.56 W, 76, P0
2026/09/30 07:12:28.609, Tesla T4, 6425 MiB, 8488 MiB, 15360 MiB, 45 %, 42 %, 1575 MHz, 5000 MHz, 67.49 W, 76, P0
2026/09/30 07:12:29.117, Tesla T4, 6425 MiB, 8488 MiB, 15360 MiB, 44 %, 40 %, 1380 MHz, 5000 MHz, 53.02 W, 75, P0
2026/09/30 07:12:29.627, Tesla T4, 6425 MiB, 8488 MiB, 15360 MiB, 43 %, 39 %, 1590 MHz, 5000 MHz, 64.36 W, 76, P0
2026/09/30 07:12:30.140, Tesla T4, 6425 MiB, 8488 MiB, 15360 MiB, 42 %, 38 %, 1590 MHz, 5000 MHz, 61.52 W, 76, P0
2026/09/30 07:12:30.650, Tesla T4, 6425 MiB, 8488 MiB, 15360 MiB, 43 %, 39 %, 1590 MHz, 5000 MHz, 65.48 W, 76, P0
2026/09/30 07:12:31.161, Tesla T4, 6425 MiB, 8488 MiB, 15360 MiB, 39 %, 35 %, 1575 MHz, 5000 MHz, 58.00 W, 75, P0
2026/09/30 07:12:31.669, Tesla T4, 6425 MiB, 8488 MiB, 15360 MiB, 44 %, 40 %, 1590 MHz, 5000 MHz, 67.55 W, 76, P0
2026/09/30 07:12:32.180, Tesla T4, 6425 MiB, 8488 MiB, 15360 MiB, 30 %, 28 %, 1590 MHz, 5000 MHz, 54.13 W, 75, P0
2026/09/30 07:12:32.695, Tesla T4, 6425 MiB, 8488 MiB, 15360 MiB, 33 %, 30 %, 1590 MHz, 5000 MHz, 63.36 W, 75, P0
2026/09/30 07:12:33.210, Tesla T4, 6425 MiB, 8488 MiB, 15360 MiB, 34 %, 31 %, 1590 MHz, 5000 MHz, 58.02 W, 75, P0
2026/09/30 07:12:33.730, Tesla T4, 6425 MiB, 8488 MiB, 15360 MiB, 32 %, 29 %, 1590 MHz, 5000 MHz, 59.76 W, 75, P0
2026/09/30 07:12:34.253, Tesla T4, 6425 MiB, 8488 MiB, 15360 MiB, 35 %, 31 %, 1335 MHz, 5000 MHz, 49.15 W, 73, P0
2026/09/30 07:12:34.770, Tesla T4, 6425 MiB, 8488 MiB, 15360 MiB, 33 %, 29 %, 1230 MHz, 5000 MHz, 52.33 W, 73, P0
2026/09/30 07:12:35.286, Tesla T4, 6425 MiB, 8488 MiB, 15360 MiB, 45 %, 39 %, 1515 MHz, 5000 MHz, 62.30 W, 74, P0
2026/09/30 07:12:35.795, Tesla T4, 6425 MiB, 8488 MiB, 15360 MiB, 42 %, 38 %, 1590 MHz, 5000 MHz, 64.12 W, 74, P0
2026/09/30 07:12:36.304, Tesla T4, 6425 MiB, 8488 MiB, 15360 MiB, 42 %, 38 %, 1590 MHz, 5000 MHz, 65.67 W, 74, P0
2026/09/30 07:12:36.813, Tesla T4, 6425 MiB, 8488 MiB, 15360 MiB, 43 %, 40 %, 1590 MHz, 5000 MHz, 66.42 W, 74, P0
2026/09/30 07:12:37.321, Tesla T4, 6425 MiB, 8488 MiB, 15360 MiB, 42 %, 38 %, 1590 MHz, 5000 MHz, 64.93 W, 74, P0
2026/09/30 07:12:37.831, Tesla T4, 6425 MiB, 8488 MiB, 15360 MiB, 44 %, 40 %, 1590 MHz, 5000 MHz, 66.16 W, 74, P0
2026/09/30 07:12:38.340, Tesla T4, 6425 MiB, 8488 MiB, 15360 MiB, 49 %, 37 %, 1560 MHz, 5000 MHz, 58.85 W, 74, P0
2026/09/30 07:12:38.852, Tesla T4, 6425 MiB, 8488 MiB, 15360 MiB, 43 %, 38 %, 1590 MHz, 5000 MHz, 66.43 W, 74, P0
2026/09/30 07:12:39.362, Tesla T4, 6425 MiB, 8488 MiB, 15360 MiB, 43 %, 38 %, 1590 MHz, 5000 MHz, 66.06 W, 74, P0
2026/09/30 07:12:39.871, Tesla T4, 6425 MiB, 8488 MiB, 15360 MiB, 43 %, 38 %, 1590 MHz, 5000 MHz, 65.77 W, 74, P0
2026/09/30 07:12:40.379, Tesla T4, 6425 MiB, 8488 MiB, 15360 MiB, 43 %, 39 %, 1590 MHz, 5000 MHz, 63.51 W, 74, P0
2026/09/30 07:12:40.890, Tesla T4, 6425 MiB, 8488 MiB, 15360 MiB, 43 %, 39 %, 1575 MHz, 5000 MHz, 65.97 W, 74, P0
2026/09/30 07:12:41.401, Tesla T4, 6425 MiB, 8488 MiB, 15360 MiB, 42 %, 38 %, 1590 MHz, 5000 MHz, 63.65 W, 74, P0
2026/09/30 07:12:41.910, Tesla T4, 6425 MiB, 8488 MiB, 15360 MiB, 40 %, 37 %, 1590 MHz, 5000 MHz, 66.81 W, 74, P0
2026/09/30 07:12:42.419, Tesla T4, 6425 MiB, 8488 MiB, 15360 MiB, 41 %, 37 %, 1590 MHz, 5000 MHz, 65.77 W, 74, P0
2026/09/30 07:12:42.929, Tesla T4, 6425 MiB, 8488 MiB, 15360 MiB, 40 %, 36 %, 1590 MHz, 5000 MHz, 65.53 W, 74, P0
2026/09/30 07:12:43.437, Tesla T4, 6425 MiB, 8488 MiB, 15360 MiB, 43 %, 39 %, 1575 MHz, 5000 MHz, 66.86 W, 74, P0
2026/09/30 07:12:43.952, Tesla T4, 6425 MiB, 8488 MiB, 15360 MiB, 40 %, 36 %, 1590 MHz, 5000 MHz, 66.92 W, 74, P0
2026/09/30 07:12:44.460, Tesla T4, 6425 MiB, 8488 MiB, 15360 MiB, 43 %, 39 %, 1590 MHz, 5000 MHz, 69.59 W, 74, P0
2026/09/30 07:12:44.970, Tesla T4, 6425 MiB, 8488 MiB, 15360 MiB, 31 %, 29 %, 1590 MHz, 5000 MHz, 64.03 W, 74, P0
2026/09/30 07:12:45.494, Tesla T4, 6425 MiB, 8488 MiB, 15360 MiB, 34 %, 31 %, 1590 MHz, 5000 MHz, 60.68 W, 74, P0
2026/09/30 07:12:46.012, Tesla T4, 6425 MiB, 8488 MiB, 15360 MiB, 32 %, 29 %, 1590 MHz, 5000 MHz, 61.42 W, 74, P0
2026/09/30 07:12:46.526, Tesla T4, 6425 MiB, 8488 MiB, 15360 MiB, 29 %, 26 %, 1395 MHz, 5000 MHz, 47.67 W, 73, P0
2026/09/30 07:12:47.043, Tesla T4, 6425 MiB, 8488 MiB, 15360 MiB, 32 %, 28 %, 1320 MHz, 5000 MHz, 52.03 W, 72, P0
2026/09/30 07:12:47.562, Tesla T4, 6425 MiB, 8488 MiB, 15360 MiB, 34 %, 29 %, 1275 MHz, 5000 MHz, 50.72 W, 72, P0
2026/09/30 07:12:48.071, Tesla T4, 6425 MiB, 8488 MiB, 15360 MiB, 42 %, 36 %, 1425 MHz, 5000 MHz, 54.46 W, 73, P0
2026/09/30 07:12:48.580, Tesla T4, 6425 MiB, 8488 MiB, 15360 MiB, 43 %, 39 %, 1590 MHz, 5000 MHz, 68.46 W, 73, P0
2026/09/30 07:12:49.096, Tesla T4, 6425 MiB, 8488 MiB, 15360 MiB, 40 %, 37 %, 1575 MHz, 5000 MHz, 64.79 W, 74, P0
2026/09/30 07:12:49.605, Tesla T4, 6425 MiB, 8488 MiB, 15360 MiB, 43 %, 39 %, 1590 MHz, 5000 MHz, 65.98 W, 74, P0
2026/09/30 07:12:50.113, Tesla T4, 6425 MiB, 8488 MiB, 15360 MiB, 58 %, 31 %, 1590 MHz, 5000 MHz, 64.71 W, 74, P0
2026/09/30 07:12:50.621, Tesla T4, 6425 MiB, 8488 MiB, 15360 MiB, 40 %, 36 %, 1590 MHz, 5000 MHz, 67.84 W, 74, P0
2026/09/30 07:12:51.130, Tesla T4, 6425 MiB, 8488 MiB, 15360 MiB, 39 %, 35 %, 1590 MHz, 5000 MHz, 65.77 W, 74, P0
2026/09/30 07:12:51.640, Tesla T4, 6425 MiB, 8488 MiB, 15360 MiB, 43 %, 39 %, 1590 MHz, 5000 MHz, 63.46 W, 74, P0
2026/09/30 07:12:52.149, Tesla T4, 6425 MiB, 8488 MiB, 15360 MiB, 39 %, 35 %, 1590 MHz, 5000 MHz, 64.38 W, 74, P0
2026/09/30 07:12:52.657, Tesla T4, 6425 MiB, 8488 MiB, 15360 MiB, 43 %, 39 %, 1590 MHz, 5000 MHz, 64.22 W, 74, P0
2026/09/30 07:12:53.166, Tesla T4, 6425 MiB, 8488 MiB, 15360 MiB, 42 %, 38 %, 1575 MHz, 5000 MHz, 67.69 W, 74, P0
2026/09/30 07:12:53.677, Tesla T4, 6425 MiB, 8488 MiB, 15360 MiB, 43 %, 39 %, 1590 MHz, 5000 MHz, 67.30 W, 74, P0
2026/09/30 07:12:54.187, Tesla T4, 6425 MiB, 8488 MiB, 15360 MiB, 41 %, 37 %, 1590 MHz, 5000 MHz, 56.23 W, 74, P0
2026/09/30 07:12:54.697, Tesla T4, 6425 MiB, 8488 MiB, 15360 MiB, 43 %, 39 %, 1590 MHz, 5000 MHz, 66.14 W, 74, P0
2026/09/30 07:12:55.206, Tesla T4, 6425 MiB, 8488 MiB, 15360 MiB, 41 %, 38 %, 1590 MHz, 5000 MHz, 63.44 W, 74, P0
2026/09/30 07:12:55.714, Tesla T4, 6425 MiB, 8488 MiB, 15360 MiB, 43 %, 39 %, 1590 MHz, 5000 MHz, 64.42 W, 75, P0
2026/09/30 07:12:56.226, Tesla T4, 6425 MiB, 8488 MiB, 15360 MiB, 42 %, 38 %, 1590 MHz, 5000 MHz, 65.49 W, 75, P0
2026/09/30 07:12:56.734, Tesla T4, 6425 MiB, 8488 MiB, 15360 MiB, 43 %, 39 %, 1560 MHz, 5000 MHz, 63.32 W, 75, P0
2026/09/30 07:12:57.242, Tesla T4, 6425 MiB, 8488 MiB, 15360 MiB, 42 %, 38 %, 1590 MHz, 5000 MHz, 68.32 W, 75, P0
2026/09/30 07:12:57.753, Tesla T4, 6425 MiB, 8488 MiB, 15360 MiB, 33 %, 30 %, 1590 MHz, 5000 MHz, 60.83 W, 75, P0
2026/09/30 07:12:58.268, Tesla T4, 6425 MiB, 8488 MiB, 15360 MiB, 32 %, 29 %, 1590 MHz, 5000 MHz, 57.86 W, 75, P0
2026/09/30 07:12:58.782, Tesla T4, 6425 MiB, 8488 MiB, 15360 MiB, 35 %, 32 %, 1590 MHz, 5000 MHz, 67.61 W, 75, P0
2026/09/30 07:12:59.299, Tesla T4, 6425 MiB, 8488 MiB, 15360 MiB, 30 %, 26 %, 1365 MHz, 5000 MHz, 50.33 W, 74, P0
2026/09/30 07:12:59.819, Tesla T4, 6425 MiB, 8488 MiB, 15360 MiB, 32 %, 28 %, 1320 MHz, 5000 MHz, 42.54 W, 74, P0
2026/09/30 07:13:00.340, Tesla T4, 6425 MiB, 8488 MiB, 15360 MiB, 46 %, 40 %, 1455 MHz, 5000 MHz, 61.59 W, 74, P0
2026/09/30 07:13:00.850, Tesla T4, 6425 MiB, 8488 MiB, 15360 MiB, 45 %, 40 %, 1590 MHz, 5000 MHz, 66.36 W, 75, P0
2026/09/30 07:13:01.359, Tesla T4, 6425 MiB, 8488 MiB, 15360 MiB, 44 %, 41 %, 1590 MHz, 5000 MHz, 71.81 W, 75, P0
2026/09/30 07:13:01.873, Tesla T4, 6425 MiB, 8488 MiB, 15360 MiB, 59 %, 35 %, 1590 MHz, 5000 MHz, 68.66 W, 75, P0
2026/09/30 07:13:02.382, Tesla T4, 6425 MiB, 8488 MiB, 15360 MiB, 42 %, 38 %, 1590 MHz, 5000 MHz, 66.95 W, 76, P0
2026/09/30 07:13:02.890, Tesla T4, 6425 MiB, 8488 MiB, 15360 MiB, 68 %, 33 %, 1590 MHz, 5000 MHz, 65.14 W, 76, P0
2026/09/30 07:13:03.399, Tesla T4, 6425 MiB, 8488 MiB, 15360 MiB, 42 %, 38 %, 1590 MHz, 5000 MHz, 68.58 W, 76, P0
2026/09/30 07:13:03.909, Tesla T4, 6425 MiB, 8488 MiB, 15360 MiB, 41 %, 36 %, 1590 MHz, 5000 MHz, 65.67 W, 76, P0
2026/09/30 07:13:04.417, Tesla T4, 6425 MiB, 8488 MiB, 15360 MiB, 42 %, 38 %, 1590 MHz, 5000 MHz, 65.07 W, 76, P0
2026/09/30 07:13:04.927, Tesla T4, 6425 MiB, 8488 MiB, 15360 MiB, 42 %, 38 %, 1575 MHz, 5000 MHz, 63.67 W, 76, P0
2026/09/30 07:13:05.439, Tesla T4, 6425 MiB, 8488 MiB, 15360 MiB, 43 %, 39 %, 1575 MHz, 5000 MHz, 62.59 W, 76, P0
2026/09/30 07:13:05.947, Tesla T4, 6425 MiB, 8488 MiB, 15360 MiB, 41 %, 38 %, 1590 MHz, 5000 MHz, 68.10 W, 77, P0
2026/09/30 07:13:06.455, Tesla T4, 6425 MiB, 8488 MiB, 15360 MiB, 43 %, 39 %, 1590 MHz, 5000 MHz, 66.91 W, 77, P0
2026/09/30 07:13:06.965, Tesla T4, 6425 MiB, 8488 MiB, 15360 MiB, 42 %, 38 %, 1575 MHz, 5000 MHz, 67.45 W, 77, P0
2026/09/30 07:13:07.475, Tesla T4, 6425 MiB, 8488 MiB, 15360 MiB, 39 %, 36 %, 1575 MHz, 5000 MHz, 61.41 W, 77, P0
2026/09/30 07:13:07.983, Tesla T4, 6425 MiB, 8488 MiB, 15360 MiB, 42 %, 39 %, 1575 MHz, 5000 MHz, 67.30 W, 78, P0
2026/09/30 07:13:08.492, Tesla T4, 6425 MiB, 8488 MiB, 15360 MiB, 43 %, 39 %, 1590 MHz, 5000 MHz, 69.21 W, 78, P0
2026/09/30 07:13:09.002, Tesla T4, 6425 MiB, 8488 MiB, 15360 MiB, 42 %, 39 %, 1530 MHz, 5000 MHz, 68.93 W, 78, P0
2026/09/30 07:13:09.516, Tesla T4, 6425 MiB, 8488 MiB, 15360 MiB, 43 %, 39 %, 1575 MHz, 5000 MHz, 67.84 W, 78, P0
2026/09/30 07:13:10.029, Tesla T4, 6425 MiB, 8488 MiB, 15360 MiB, 42 %, 38 %, 1590 MHz, 5000 MHz, 56.13 W, 78, P0
2026/09/30 07:13:10.544, Tesla T4, 6425 MiB, 8488 MiB, 15360 MiB, 32 %, 29 %, 1590 MHz, 5000 MHz, 66.46 W, 78, P0
2026/09/30 07:13:11.061, Tesla T4, 6425 MiB, 8488 MiB, 15360 MiB, 32 %, 29 %, 1575 MHz, 5000 MHz, 65.32 W, 78, P0
2026/09/30 07:13:11.575, Tesla T4, 6425 MiB, 8488 MiB, 15360 MiB, 31 %, 29 %, 1590 MHz, 5000 MHz, 60.11 W, 78, P0
2026/09/30 07:13:12.088, Tesla T4, 6425 MiB, 8488 MiB, 15360 MiB, 24 %, 21 %, 1350 MHz, 5000 MHz, 55.77 W, 78, P0
2026/09/30 07:13:12.606, Tesla T4, 6425 MiB, 8488 MiB, 15360 MiB, 28 %, 25 %, 1275 MHz, 5000 MHz, 46.10 W, 77, P0
2026/09/30 07:13:13.130, Tesla T4, 6425 MiB, 8488 MiB, 15360 MiB, 44 %, 38 %, 1395 MHz, 5000 MHz, 57.67 W, 78, P0
2026/09/30 07:13:13.638, Tesla T4, 6425 MiB, 8488 MiB, 15360 MiB, 44 %, 40 %, 1560 MHz, 5000 MHz, 64.08 W, 79, P0
2026/09/30 07:13:14.147, Tesla T4, 6425 MiB, 8488 MiB, 15360 MiB, 41 %, 38 %, 1560 MHz, 5000 MHz, 69.61 W, 79, P0
2026/09/30 07:13:14.663, Tesla T4, 6425 MiB, 8488 MiB, 15360 MiB, 42 %, 38 %, 1575 MHz, 5000 MHz, 66.14 W, 79, P0
2026/09/30 07:13:15.171, Tesla T4, 6425 MiB, 8488 MiB, 15360 MiB, 38 %, 34 %, 1575 MHz, 5000 MHz, 67.06 W, 80, P0
2026/09/30 07:13:15.679, Tesla T4, 6425 MiB, 8488 MiB, 15360 MiB, 42 %, 38 %, 1575 MHz, 5000 MHz, 65.83 W, 80, P0
2026/09/30 07:13:16.192, Tesla T4, 6425 MiB, 8488 MiB, 15360 MiB, 42 %, 37 %, 1575 MHz, 5000 MHz, 63.73 W, 80, P0
2026/09/30 07:13:16.703, Tesla T4, 6425 MiB, 8488 MiB, 15360 MiB, 41 %, 37 %, 1500 MHz, 5000 MHz, 67.40 W, 80, P0
2026/09/30 07:13:17.212, Tesla T4, 6425 MiB, 8488 MiB, 15360 MiB, 41 %, 37 %, 1515 MHz, 5000 MHz, 64.71 W, 80, P0
2026/09/30 07:13:17.720, Tesla T4, 6425 MiB, 8488 MiB, 15360 MiB, 41 %, 37 %, 1530 MHz, 5000 MHz, 66.51 W, 81, P0
2026/09/30 07:13:18.235, Tesla T4, 6425 MiB, 8488 MiB, 15360 MiB, 39 %, 36 %, 1560 MHz, 5000 MHz, 69.13 W, 81, P0
2026/09/30 07:13:18.744, Tesla T4, 6425 MiB, 8488 MiB, 15360 MiB, 42 %, 38 %, 1575 MHz, 5000 MHz, 68.39 W, 81, P0
2026/09/30 07:13:19.251, Tesla T4, 6425 MiB, 8488 MiB, 15360 MiB, 40 %, 36 %, 1560 MHz, 5000 MHz, 68.22 W, 81, P0
2026/09/30 07:13:19.760, Tesla T4, 6425 MiB, 8488 MiB, 15360 MiB, 42 %, 38 %, 1575 MHz, 5000 MHz, 65.07 W, 81, P0
2026/09/30 07:13:20.272, Tesla T4, 6425 MiB, 8488 MiB, 15360 MiB, 41 %, 37 %, 1545 MHz, 5000 MHz, 66.42 W, 81, P0
2026/09/30 07:13:20.782, Tesla T4, 6425 MiB, 8488 MiB, 15360 MiB, 43 %, 39 %, 1500 MHz, 5000 MHz, 64.30 W, 81, P0
2026/09/30 07:13:21.290, Tesla T4, 6425 MiB, 8488 MiB, 15360 MiB, 41 %, 37 %, 1545 MHz, 5000 MHz, 68.67 W, 81, P0
2026/09/30 07:13:21.799, Tesla T4, 6425 MiB, 8488 MiB, 15360 MiB, 43 %, 39 %, 1560 MHz, 5000 MHz, 67.83 W, 82, P0
2026/09/30 07:13:22.314, Tesla T4, 6425 MiB, 8488 MiB, 15360 MiB, 41 %, 38 %, 1530 MHz, 5000 MHz, 69.51 W, 82, P0
2026/09/30 07:13:22.827, Tesla T4, 6425 MiB, 8488 MiB, 15360 MiB, 42 %, 38 %, 1590 MHz, 5000 MHz, 60.38 W, 81, P0
2026/09/30 07:13:23.341, Tesla T4, 6425 MiB, 8488 MiB, 15360 MiB, 32 %, 29 %, 1590 MHz, 5000 MHz, 62.22 W, 81, P0
2026/09/30 07:13:23.854, Tesla T4, 6425 MiB, 8488 MiB, 15360 MiB, 36 %, 32 %, 1590 MHz, 5000 MHz, 60.92 W, 81, P0
2026/09/30 07:13:24.376, Tesla T4, 6425 MiB, 8488 MiB, 15360 MiB, 32 %, 29 %, 1590 MHz, 5000 MHz, 64.59 W, 81, P0
2026/09/30 07:13:24.896, Tesla T4, 6425 MiB, 8488 MiB, 15360 MiB, 36 %, 32 %, 1365 MHz, 5000 MHz, 53.35 W, 80, P0
2026/09/30 07:13:25.412, Tesla T4, 6425 MiB, 8488 MiB, 15360 MiB, 30 %, 26 %, 1305 MHz, 5000 MHz, 56.17 W, 80, P0
2026/09/30 07:13:25.921, Tesla T4, 6425 MiB, 8488 MiB, 15360 MiB, 52 %, 40 %, 735 MHz, 5000 MHz, 66.36 W, 81, P0
2026/09/30 07:13:26.432, Tesla T4, 6425 MiB, 8488 MiB, 15360 MiB, 67 %, 34 %, 1545 MHz, 5000 MHz, 64.10 W, 80, P0
2026/09/30 07:13:26.947, Tesla T4, 6425 MiB, 8488 MiB, 15360 MiB, 44 %, 40 %, 1575 MHz, 5000 MHz, 65.02 W, 81, P0
2026/09/30 07:13:27.457, Tesla T4, 6425 MiB, 8488 MiB, 15360 MiB, 44 %, 40 %, 1575 MHz, 5000 MHz, 66.08 W, 80, P0
2026/09/30 07:13:27.966, Tesla T4, 6425 MiB, 8488 MiB, 15360 MiB, 44 %, 40 %, 1575 MHz, 5000 MHz, 67.38 W, 80, P0
2026/09/30 07:13:28.474, Tesla T4, 6425 MiB, 8488 MiB, 15360 MiB, 44 %, 40 %, 1590 MHz, 5000 MHz, 58.59 W, 80, P0
2026/09/30 07:13:28.986, Tesla T4, 6425 MiB, 8488 MiB, 15360 MiB, 44 %, 39 %, 1575 MHz, 5000 MHz, 67.65 W, 80, P0
2026/09/30 07:13:29.499, Tesla T4, 6425 MiB, 8488 MiB, 15360 MiB, 42 %, 38 %, 1560 MHz, 5000 MHz, 60.41 W, 80, P0
2026/09/30 07:13:30.008, Tesla T4, 6425 MiB, 8488 MiB, 15360 MiB, 44 %, 40 %, 1545 MHz, 5000 MHz, 66.28 W, 80, P0
2026/09/30 07:13:30.518, Tesla T4, 6425 MiB, 8488 MiB, 15360 MiB, 43 %, 39 %, 1560 MHz, 5000 MHz, 68.92 W, 80, P0
2026/09/30 07:13:31.034, Tesla T4, 6425 MiB, 8488 MiB, 15360 MiB, 44 %, 40 %, 1575 MHz, 5000 MHz, 67.18 W, 80, P0
2026/09/30 07:13:31.543, Tesla T4, 6425 MiB, 8488 MiB, 15360 MiB, 69 %, 33 %, 1380 MHz, 5000 MHz, 64.59 W, 79, P0
2026/09/30 07:13:32.063, Tesla T4, 6425 MiB, 8488 MiB, 15360 MiB, 42 %, 38 %, 1590 MHz, 5000 MHz, 67.59 W, 79, P0
2026/09/30 07:13:32.572, Tesla T4, 6425 MiB, 8488 MiB, 15360 MiB, 42 %, 38 %, 1545 MHz, 5000 MHz, 64.16 W, 79, P0
2026/09/30 07:13:33.086, Tesla T4, 6425 MiB, 8488 MiB, 15360 MiB, 41 %, 37 %, 1575 MHz, 5000 MHz, 74.26 W, 79, P0
2026/09/30 07:13:33.601, Tesla T4, 6425 MiB, 8488 MiB, 15360 MiB, 42 %, 37 %, 1560 MHz, 5000 MHz, 62.40 W, 79, P0
2026/09/30 07:13:34.136, Tesla T4, 6425 MiB, 8488 MiB, 15360 MiB, 41 %, 37 %, 1545 MHz, 5000 MHz, 74.75 W, 79, P0
2026/09/30 07:13:34.646, Tesla T4, 6425 MiB, 8488 MiB, 15360 MiB, 41 %, 37 %, 1515 MHz, 5000 MHz, 63.83 W, 79, P0
2026/09/30 07:13:35.168, Tesla T4, 6425 MiB, 8488 MiB, 15360 MiB, 54 %, 35 %, 1575 MHz, 5000 MHz, 70.54 W, 79, P0
2026/09/30 07:13:35.677, Tesla T4, 6425 MiB, 8488 MiB, 15360 MiB, 32 %, 29 %, 1545 MHz, 5000 MHz, 64.73 W, 78, P0
2026/09/30 07:13:36.192, Tesla T4, 6425 MiB, 8488 MiB, 15360 MiB, 33 %, 30 %, 1575 MHz, 5000 MHz, 60.49 W, 78, P0
2026/09/30 07:13:36.716, Tesla T4, 6425 MiB, 8488 MiB, 15360 MiB, 34 %, 31 %, 1575 MHz, 5000 MHz, 60.01 W, 78, P0
2026/09/30 07:13:37.233, Tesla T4, 6425 MiB, 8488 MiB, 15360 MiB, 30 %, 26 %, 1350 MHz, 5000 MHz, 51.28 W, 77, P0
2026/09/30 07:13:37.761, Tesla T4, 6425 MiB, 8488 MiB, 15360 MiB, 28 %, 24 %, 1275 MHz, 5000 MHz, 49.84 W, 76, P0
2026/09/30 07:13:38.283, Tesla T4, 6425 MiB, 8488 MiB, 15360 MiB, 45 %, 39 %, 1410 MHz, 5000 MHz, 58.26 W, 77, P0
2026/09/30 07:13:38.792, Tesla T4, 6425 MiB, 8488 MiB, 15360 MiB, 43 %, 39 %, 1590 MHz, 5000 MHz, 64.67 W, 77, P0
2026/09/30 07:13:39.301, Tesla T4, 6425 MiB, 8488 MiB, 15360 MiB, 43 %, 39 %, 1575 MHz, 5000 MHz, 66.08 W, 77, P0
2026/09/30 07:13:39.809, Tesla T4, 6425 MiB, 8488 MiB, 15360 MiB, 43 %, 39 %, 1575 MHz, 5000 MHz, 66.91 W, 77, P0
2026/09/30 07:13:40.319, Tesla T4, 6425 MiB, 8488 MiB, 15360 MiB, 43 %, 39 %, 1590 MHz, 5000 MHz, 66.28 W, 77, P0
2026/09/30 07:13:40.828, Tesla T4, 6425 MiB, 8488 MiB, 15360 MiB, 43 %, 39 %, 1575 MHz, 5000 MHz, 66.26 W, 78, P0
2026/09/30 07:13:41.336, Tesla T4, 6425 MiB, 8488 MiB, 15360 MiB, 42 %, 38 %, 1590 MHz, 5000 MHz, 72.64 W, 77, P0
2026/09/30 07:13:41.844, Tesla T4, 6425 MiB, 8488 MiB, 15360 MiB, 42 %, 37 %, 1590 MHz, 5000 MHz, 68.77 W, 77, P0
2026/09/30 07:13:42.355, Tesla T4, 6425 MiB, 8488 MiB, 15360 MiB, 36 %, 33 %, 1590 MHz, 5000 MHz, 69.36 W, 77, P0
2026/09/30 07:13:42.863, Tesla T4, 6425 MiB, 8488 MiB, 15360 MiB, 42 %, 38 %, 1590 MHz, 5000 MHz, 67.06 W, 77, P0
2026/09/30 07:13:43.372, Tesla T4, 6425 MiB, 8488 MiB, 15360 MiB, 41 %, 37 %, 1590 MHz, 5000 MHz, 69.90 W, 77, P0
2026/09/30 07:13:43.886, Tesla T4, 6425 MiB, 8488 MiB, 15360 MiB, 42 %, 38 %, 1590 MHz, 5000 MHz, 70.99 W, 77, P0
2026/09/30 07:13:44.395, Tesla T4, 6425 MiB, 8488 MiB, 15360 MiB, 40 %, 36 %, 1590 MHz, 5000 MHz, 66.40 W, 77, P0
2026/09/30 07:13:44.906, Tesla T4, 6425 MiB, 8488 MiB, 15360 MiB, 41 %, 38 %, 1560 MHz, 5000 MHz, 61.96 W, 77, P0
2026/09/30 07:13:45.419, Tesla T4, 6425 MiB, 8488 MiB, 15360 MiB, 43 %, 39 %, 1560 MHz, 5000 MHz, 66.08 W, 77, P0
2026/09/30 07:13:45.928, Tesla T4, 6425 MiB, 8488 MiB, 15360 MiB, 43 %, 38 %, 1590 MHz, 5000 MHz, 67.14 W, 76, P0
2026/09/30 07:13:46.436, Tesla T4, 6425 MiB, 8488 MiB, 15360 MiB, 43 %, 39 %, 1530 MHz, 5000 MHz, 65.34 W, 76, P0
2026/09/30 07:13:46.951, Tesla T4, 6425 MiB, 8488 MiB, 15360 MiB, 42 %, 38 %, 1575 MHz, 5000 MHz, 68.08 W, 76, P0
2026/09/30 07:13:47.459, Tesla T4, 6425 MiB, 8488 MiB, 15360 MiB, 42 %, 39 %, 1590 MHz, 5000 MHz, 66.02 W, 76, P0
2026/09/30 07:13:47.969, Tesla T4, 6425 MiB, 8488 MiB, 15360 MiB, 38 %, 35 %, 1575 MHz, 5000 MHz, 63.05 W, 76, P0
2026/09/30 07:13:48.483, Tesla T4, 6425 MiB, 8488 MiB, 15360 MiB, 33 %, 30 %, 1575 MHz, 5000 MHz, 59.63 W, 76, P0
2026/09/30 07:13:48.999, Tesla T4, 6425 MiB, 8488 MiB, 15360 MiB, 33 %, 30 %, 1590 MHz, 5000 MHz, 63.65 W, 76, P0
2026/09/30 07:13:49.511, Tesla T4, 6425 MiB, 8488 MiB, 15360 MiB, 33 %, 30 %, 1410 MHz, 5000 MHz, 54.96 W, 75, P0
2026/09/30 07:13:50.022, Tesla T4, 6425 MiB, 8488 MiB, 15360 MiB, 30 %, 27 %, 1365 MHz, 5000 MHz, 49.81 W, 75, P0
2026/09/30 07:13:50.536, Tesla T4, 6425 MiB, 8488 MiB, 15360 MiB, 27 %, 23 %, 1275 MHz, 5000 MHz, 48.58 W, 74, P0
2026/09/30 07:13:51.050, Tesla T4, 6425 MiB, 8488 MiB, 15360 MiB, 42 %, 38 %, 1530 MHz, 5000 MHz, 59.47 W, 75, P0
2026/09/30 07:13:51.563, Tesla T4, 6425 MiB, 8488 MiB, 15360 MiB, 41 %, 37 %, 1590 MHz, 5000 MHz, 67.02 W, 75, P0
2026/09/30 07:13:52.073, Tesla T4, 6425 MiB, 8488 MiB, 15360 MiB, 43 %, 40 %, 1590 MHz, 5000 MHz, 64.55 W, 75, P0
2026/09/30 07:13:52.582, Tesla T4, 6425 MiB, 8488 MiB, 15360 MiB, 41 %, 38 %, 1110 MHz, 5000 MHz, 85.10 W, 75, P0
2026/09/30 07:13:53.091, Tesla T4, 6425 MiB, 8488 MiB, 15360 MiB, 40 %, 36 %, 1590 MHz, 5000 MHz, 71.07 W, 75, P0
2026/09/30 07:13:53.601, Tesla T4, 6425 MiB, 8488 MiB, 15360 MiB, 42 %, 38 %, 1575 MHz, 5000 MHz, 63.10 W, 75, P0
2026/09/30 07:13:54.109, Tesla T4, 6425 MiB, 8488 MiB, 15360 MiB, 41 %, 37 %, 1575 MHz, 5000 MHz, 64.79 W, 75, P0
2026/09/30 07:13:54.617, Tesla T4, 6425 MiB, 8488 MiB, 15360 MiB, 43 %, 39 %, 1590 MHz, 5000 MHz, 63.10 W, 75, P0
2026/09/30 07:13:55.127, Tesla T4, 6425 MiB, 8488 MiB, 15360 MiB, 41 %, 37 %, 1590 MHz, 5000 MHz, 64.83 W, 75, P0
2026/09/30 07:13:55.637, Tesla T4, 6425 MiB, 8488 MiB, 15360 MiB, 42 %, 38 %, 1590 MHz, 5000 MHz, 66.56 W, 75, P0
2026/09/30 07:13:56.145, Tesla T4, 6425 MiB, 8488 MiB, 15360 MiB, 41 %, 37 %, 1575 MHz, 5000 MHz, 65.36 W, 75, P0
2026/09/30 07:13:56.657, Tesla T4, 6425 MiB, 8488 MiB, 15360 MiB, 43 %, 39 %, 1590 MHz, 5000 MHz, 66.24 W, 75, P0
2026/09/30 07:13:57.166, Tesla T4, 6425 MiB, 8488 MiB, 15360 MiB, 41 %, 37 %, 1590 MHz, 5000 MHz, 63.97 W, 75, P0
2026/09/30 07:13:57.674, Tesla T4, 6425 MiB, 8488 MiB, 15360 MiB, 57 %, 33 %, 1575 MHz, 5000 MHz, 62.32 W, 75, P0
2026/09/30 07:13:58.186, Tesla T4, 6425 MiB, 8488 MiB, 15360 MiB, 41 %, 37 %, 1590 MHz, 5000 MHz, 65.75 W, 75, P0
2026/09/30 07:13:58.694, Tesla T4, 6425 MiB, 8488 MiB, 15360 MiB, 41 %, 37 %, 1590 MHz, 5000 MHz, 54.00 W, 75, P0
2026/09/30 07:13:59.203, Tesla T4, 6425 MiB, 8488 MiB, 15360 MiB, 41 %, 38 %, 1590 MHz, 5000 MHz, 69.16 W, 75, P0
2026/09/30 07:13:59.712, Tesla T4, 6425 MiB, 8488 MiB, 15360 MiB, 41 %, 37 %, 1590 MHz, 5000 MHz, 61.30 W, 75, P0
2026/09/30 07:14:00.221, Tesla T4, 6425 MiB, 8488 MiB, 15360 MiB, 42 %, 38 %, 1590 MHz, 5000 MHz, 66.98 W, 75, P0
2026/09/30 07:14:00.731, Tesla T4, 6425 MiB, 8488 MiB, 15360 MiB, 31 %, 28 %, 1590 MHz, 5000 MHz, 57.14 W, 75, P0
2026/09/30 07:14:01.248, Tesla T4, 6425 MiB, 8488 MiB, 15360 MiB, 33 %, 29 %, 1590 MHz, 5000 MHz, 62.24 W, 75, P0
2026/09/30 07:14:01.772, Tesla T4, 6425 MiB, 8488 MiB, 15360 MiB, 35 %, 32 %, 1590 MHz, 5000 MHz, 68.22 W, 75, P0
2026/09/30 07:14:02.296, Tesla T4, 6425 MiB, 8488 MiB, 15360 MiB, 32 %, 29 %, 1395 MHz, 5000 MHz, 59.67 W, 75, P0
2026/09/30 07:14:02.815, Tesla T4, 6425 MiB, 8488 MiB, 15360 MiB, 35 %, 31 %, 1350 MHz, 5000 MHz, 51.28 W, 74, P0
2026/09/30 07:14:03.338, Tesla T4, 6425 MiB, 8488 MiB, 15360 MiB, 38 %, 33 %, 1275 MHz, 5000 MHz, 52.62 W, 74, P0
2026/09/30 07:14:03.848, Tesla T4, 6425 MiB, 8488 MiB, 15360 MiB, 45 %, 40 %, 1590 MHz, 5000 MHz, 64.50 W, 75, P0
2026/09/30 07:14:04.357, Tesla T4, 6425 MiB, 8488 MiB, 15360 MiB, 43 %, 39 %, 1590 MHz, 5000 MHz, 64.95 W, 75, P0
2026/09/30 07:14:04.866, Tesla T4, 6425 MiB, 8488 MiB, 15360 MiB, 44 %, 40 %, 1590 MHz, 5000 MHz, 67.75 W, 75, P0
2026/09/30 07:14:05.374, Tesla T4, 6425 MiB, 8488 MiB, 15360 MiB, 43 %, 40 %, 1575 MHz, 5000 MHz, 69.17 W, 75, P0
2026/09/30 07:14:05.882, Tesla T4, 6425 MiB, 8488 MiB, 15360 MiB, 44 %, 40 %, 1590 MHz, 5000 MHz, 69.16 W, 75, P0
2026/09/30 07:14:06.391, Tesla T4, 6425 MiB, 8488 MiB, 15360 MiB, 44 %, 40 %, 1575 MHz, 5000 MHz, 59.03 W, 75, P0
2026/09/30 07:14:06.906, Tesla T4, 6425 MiB, 8488 MiB, 15360 MiB, 44 %, 40 %, 1575 MHz, 5000 MHz, 62.59 W, 75, P0
2026/09/30 07:14:07.415, Tesla T4, 6425 MiB, 8488 MiB, 15360 MiB, 45 %, 41 %, 1590 MHz, 5000 MHz, 67.75 W, 76, P0
2026/09/30 07:14:07.924, Tesla T4, 6425 MiB, 8488 MiB, 15360 MiB, 44 %, 41 %, 1590 MHz, 5000 MHz, 61.36 W, 76, P0
2026/09/30 07:14:08.434, Tesla T4, 6425 MiB, 8488 MiB, 15360 MiB, 45 %, 41 %, 1560 MHz, 5000 MHz, 70.38 W, 76, P0
2026/09/30 07:14:08.943, Tesla T4, 6425 MiB, 8488 MiB, 15360 MiB, 44 %, 40 %, 1575 MHz, 5000 MHz, 67.97 W, 76, P0
2026/09/30 07:14:09.454, Tesla T4, 6425 MiB, 8488 MiB, 15360 MiB, 46 %, 38 %, 1590 MHz, 5000 MHz, 63.67 W, 76, P0
2026/09/30 07:14:09.963, Tesla T4, 6425 MiB, 8488 MiB, 15360 MiB, 42 %, 38 %, 1590 MHz, 5000 MHz, 64.93 W, 76, P0
2026/09/30 07:14:10.471, Tesla T4, 6425 MiB, 8488 MiB, 15360 MiB, 42 %, 38 %, 1590 MHz, 5000 MHz, 65.93 W, 76, P0
2026/09/30 07:14:10.979, Tesla T4, 6425 MiB, 8488 MiB, 15360 MiB, 42 %, 38 %, 1560 MHz, 5000 MHz, 67.83 W, 76, P0
2026/09/30 07:14:11.494, Tesla T4, 6425 MiB, 8488 MiB, 15360 MiB, 41 %, 37 %, 1590 MHz, 5000 MHz, 66.57 W, 76, P0
2026/09/30 07:14:12.002, Tesla T4, 6425 MiB, 8488 MiB, 15360 MiB, 40 %, 36 %, 1590 MHz, 5000 MHz, 65.30 W, 76, P0
2026/09/30 07:14:12.511, Tesla T4, 6425 MiB, 8488 MiB, 15360 MiB, 33 %, 29 %, 1590 MHz, 5000 MHz, 62.47 W, 76, P0
2026/09/30 07:14:13.020, Tesla T4, 6425 MiB, 8488 MiB, 15360 MiB, 42 %, 38 %, 1590 MHz, 5000 MHz, 66.79 W, 76, P0
2026/09/30 07:14:13.530, Tesla T4, 6425 MiB, 8488 MiB, 15360 MiB, 24 %, 22 %, 1590 MHz, 5000 MHz, 59.27 W, 76, P0
2026/09/30 07:14:14.045, Tesla T4, 6425 MiB, 8488 MiB, 15360 MiB, 32 %, 29 %, 1590 MHz, 5000 MHz, 62.91 W, 76, P0
2026/09/30 07:14:14.559, Tesla T4, 6425 MiB, 8488 MiB, 15360 MiB, 33 %, 30 %, 1590 MHz, 5000 MHz, 62.02 W, 76, P0
2026/09/30 07:14:15.077, Tesla T4, 6425 MiB, 8488 MiB, 15360 MiB, 30 %, 28 %, 1365 MHz, 5000 MHz, 48.53 W, 75, P0
2026/09/30 07:14:15.599, Tesla T4, 6425 MiB, 8488 MiB, 15360 MiB, 31 %, 27 %, 1290 MHz, 5000 MHz, 47.21 W, 75, P0
2026/09/30 07:14:16.121, Tesla T4, 6425 MiB, 8488 MiB, 15360 MiB, 37 %, 32 %, 1260 MHz, 5000 MHz, 54.30 W, 75, P0
2026/09/30 07:14:16.631, Tesla T4, 6425 MiB, 8488 MiB, 15360 MiB, 40 %, 36 %, 1575 MHz, 5000 MHz, 68.36 W, 76, P0
2026/09/30 07:14:17.141, Tesla T4, 6425 MiB, 8488 MiB, 15360 MiB, 41 %, 37 %, 1575 MHz, 5000 MHz, 66.16 W, 76, P0
2026/09/30 07:14:17.650, Tesla T4, 6425 MiB, 8488 MiB, 15360 MiB, 41 %, 37 %, 1590 MHz, 5000 MHz, 64.16 W, 76, P0
2026/09/30 07:14:18.160, Tesla T4, 6425 MiB, 8488 MiB, 15360 MiB, 40 %, 36 %, 1590 MHz, 5000 MHz, 68.15 W, 77, P0
2026/09/30 07:14:18.671, Tesla T4, 6425 MiB, 8488 MiB, 15360 MiB, 41 %, 37 %, 1575 MHz, 5000 MHz, 65.38 W, 76, P0
2026/09/30 07:14:19.185, Tesla T4, 6425 MiB, 8488 MiB, 15360 MiB, 44 %, 40 %, 1545 MHz, 5000 MHz, 63.22 W, 77, P0
2026/09/30 07:14:19.694, Tesla T4, 6425 MiB, 8488 MiB, 15360 MiB, 41 %, 37 %, 1575 MHz, 5000 MHz, 70.81 W, 77, P0
2026/09/30 07:14:20.205, Tesla T4, 6425 MiB, 8488 MiB, 15360 MiB, 44 %, 40 %, 1590 MHz, 5000 MHz, 69.02 W, 77, P0
2026/09/30 07:14:20.714, Tesla T4, 6425 MiB, 8488 MiB, 15360 MiB, 43 %, 39 %, 1590 MHz, 5000 MHz, 68.08 W, 77, P0
2026/09/30 07:14:21.223, Tesla T4, 6425 MiB, 8488 MiB, 15360 MiB, 43 %, 38 %, 1575 MHz, 5000 MHz, 69.16 W, 77, P0
2026/09/30 07:14:21.734, Tesla T4, 6425 MiB, 8488 MiB, 15360 MiB, 42 %, 38 %, 1575 MHz, 5000 MHz, 67.30 W, 77, P0
2026/09/30 07:14:22.247, Tesla T4, 6425 MiB, 8488 MiB, 15360 MiB, 43 %, 38 %, 1590 MHz, 5000 MHz, 67.41 W, 78, P0
2026/09/30 07:14:22.755, Tesla T4, 6425 MiB, 8488 MiB, 15360 MiB, 43 %, 39 %, 1590 MHz, 5000 MHz, 65.61 W, 78, P0
2026/09/30 07:14:23.265, Tesla T4, 6425 MiB, 8488 MiB, 15360 MiB, 42 %, 38 %, 1590 MHz, 5000 MHz, 67.09 W, 78, P0
2026/09/30 07:14:23.774, Tesla T4, 6425 MiB, 8488 MiB, 15360 MiB, 42 %, 38 %, 1560 MHz, 5000 MHz, 59.73 W, 77, P0
2026/09/30 07:14:24.282, Tesla T4, 6425 MiB, 8488 MiB, 15360 MiB, 42 %, 38 %, 1575 MHz, 5000 MHz, 71.91 W, 78, P0
2026/09/30 07:14:24.793, Tesla T4, 6425 MiB, 8488 MiB, 15360 MiB, 43 %, 39 %, 1590 MHz, 5000 MHz, 65.44 W, 78, P0
2026/09/30 07:14:25.302, Tesla T4, 6425 MiB, 8488 MiB, 15360 MiB, 43 %, 39 %, 1590 MHz, 5000 MHz, 66.18 W, 78, P0
2026/09/30 07:14:25.810, Tesla T4, 6425 MiB, 8488 MiB, 15360 MiB, 42 %, 38 %, 1590 MHz, 5000 MHz, 68.32 W, 78, P0
2026/09/30 07:14:26.321, Tesla T4, 6425 MiB, 8488 MiB, 15360 MiB, 32 %, 30 %, 1575 MHz, 5000 MHz, 63.04 W, 78, P0
2026/09/30 07:14:26.853, Tesla T4, 6425 MiB, 8488 MiB, 15360 MiB, 32 %, 29 %, 1590 MHz, 5000 MHz, 58.87 W, 78, P0
2026/09/30 07:14:27.377, Tesla T4, 6425 MiB, 8488 MiB, 15360 MiB, 35 %, 32 %, 1560 MHz, 5000 MHz, 62.93 W, 78, P0
2026/09/30 07:14:27.904, Tesla T4, 6425 MiB, 8488 MiB, 15360 MiB, 30 %, 26 %, 1365 MHz, 5000 MHz, 55.87 W, 77, P0
2026/09/30 07:14:28.425, Tesla T4, 6425 MiB, 8488 MiB, 15360 MiB, 31 %, 27 %, 1305 MHz, 5000 MHz, 51.48 W, 77, P0
2026/09/30 07:14:28.941, Tesla T4, 6425 MiB, 8488 MiB, 15360 MiB, 45 %, 39 %, 1485 MHz, 5000 MHz, 62.04 W, 77, P0
2026/09/30 07:14:29.453, Tesla T4, 6425 MiB, 8488 MiB, 15360 MiB, 43 %, 39 %, 1590 MHz, 5000 MHz, 65.87 W, 78, P0
2026/09/30 07:14:29.963, Tesla T4, 6425 MiB, 8488 MiB, 15360 MiB, 43 %, 39 %, 1590 MHz, 5000 MHz, 65.89 W, 78, P0
2026/09/30 07:14:30.471, Tesla T4, 6425 MiB, 8488 MiB, 15360 MiB, 43 %, 39 %, 1560 MHz, 5000 MHz, 64.12 W, 78, P0
2026/09/30 07:14:30.979, Tesla T4, 6425 MiB, 8488 MiB, 15360 MiB, 43 %, 40 %, 1530 MHz, 5000 MHz, 65.38 W, 78, P0
2026/09/30 07:14:31.493, Tesla T4, 6425 MiB, 8488 MiB, 15360 MiB, 43 %, 40 %, 1560 MHz, 5000 MHz, 70.78 W, 79, P0
2026/09/30 07:14:32.002, Tesla T4, 6425 MiB, 8488 MiB, 15360 MiB, 68 %, 33 %, 1575 MHz, 5000 MHz, 62.83 W, 78, P0
2026/09/30 07:14:32.510, Tesla T4, 6425 MiB, 8488 MiB, 15360 MiB, 43 %, 38 %, 1575 MHz, 5000 MHz, 65.02 W, 79, P0
2026/09/30 07:14:33.025, Tesla T4, 6425 MiB, 8488 MiB, 15360 MiB, 41 %, 37 %, 1590 MHz, 5000 MHz, 67.89 W, 79, P0
2026/09/30 07:14:33.533, Tesla T4, 6425 MiB, 8488 MiB, 15360 MiB, 43 %, 38 %, 1590 MHz, 5000 MHz, 70.25 W, 79, P0
2026/09/30 07:14:34.041, Tesla T4, 6425 MiB, 8488 MiB, 15360 MiB, 43 %, 39 %, 1530 MHz, 5000 MHz, 65.73 W, 79, P0
2026/09/30 07:14:34.555, Tesla T4, 6425 MiB, 8488 MiB, 15360 MiB, 42 %, 38 %, 1560 MHz, 5000 MHz, 62.69 W, 78, P0
2026/09/30 07:14:35.064, Tesla T4, 6425 MiB, 8488 MiB, 15360 MiB, 41 %, 37 %, 1590 MHz, 5000 MHz, 72.00 W, 79, P0
2026/09/30 07:14:35.573, Tesla T4, 6425 MiB, 8488 MiB, 15360 MiB, 42 %, 37 %, 1575 MHz, 5000 MHz, 64.85 W, 79, P0
2026/09/30 07:14:36.084, Tesla T4, 6425 MiB, 8488 MiB, 15360 MiB, 42 %, 38 %, 1575 MHz, 5000 MHz, 65.34 W, 79, P0
2026/09/30 07:14:36.592, Tesla T4, 6425 MiB, 8488 MiB, 15360 MiB, 43 %, 39 %, 1575 MHz, 5000 MHz, 66.56 W, 79, P0
2026/09/30 07:14:37.101, Tesla T4, 6425 MiB, 8488 MiB, 15360 MiB, 43 %, 38 %, 1575 MHz, 5000 MHz, 66.33 W, 79, P0
2026/09/30 07:14:37.610, Tesla T4, 6425 MiB, 8488 MiB, 15360 MiB, 43 %, 38 %, 1575 MHz, 5000 MHz, 65.10 W, 79, P0
2026/09/30 07:14:38.125, Tesla T4, 6425 MiB, 8488 MiB, 15360 MiB, 42 %, 38 %, 1515 MHz, 5000 MHz, 65.36 W, 79, P0
2026/09/30 07:14:38.634, Tesla T4, 6425 MiB, 8488 MiB, 15360 MiB, 39 %, 35 %, 1590 MHz, 5000 MHz, 61.46 W, 78, P0
2026/09/30 07:14:39.149, Tesla T4, 6425 MiB, 8488 MiB, 15360 MiB, 34 %, 30 %, 1590 MHz, 5000 MHz, 65.73 W, 78, P0
2026/09/30 07:14:39.666, Tesla T4, 6425 MiB, 8488 MiB, 15360 MiB, 33 %, 30 %, 1590 MHz, 5000 MHz, 58.31 W, 79, P0
2026/09/30 07:14:40.198, Tesla T4, 6425 MiB, 8488 MiB, 15360 MiB, 31 %, 28 %, 1380 MHz, 5000 MHz, 52.66 W, 77, P0
2026/09/30 07:14:40.716, Tesla T4, 6425 MiB, 8488 MiB, 15360 MiB, 29 %, 25 %, 1320 MHz, 5000 MHz, 50.08 W, 77, P0
2026/09/30 07:14:41.234, Tesla T4, 6425 MiB, 8488 MiB, 15360 MiB, 33 %, 28 %, 1245 MHz, 5000 MHz, 53.58 W, 77, P0
2026/09/30 07:14:41.745, Tesla T4, 6425 MiB, 8488 MiB, 15360 MiB, 44 %, 39 %, 1575 MHz, 5000 MHz, 58.39 W, 78, P0
2026/09/30 07:14:42.253, Tesla T4, 6425 MiB, 8488 MiB, 15360 MiB, 43 %, 39 %, 1110 MHz, 5000 MHz, 84.57 W, 78, P0
2026/09/30 07:14:42.769, Tesla T4, 6425 MiB, 8488 MiB, 15360 MiB, 42 %, 38 %, 1590 MHz, 5000 MHz, 68.66 W, 78, P0
2026/09/30 07:14:43.277, Tesla T4, 6425 MiB, 8488 MiB, 15360 MiB, 41 %, 38 %, 1590 MHz, 5000 MHz, 66.20 W, 78, P0
2026/09/30 07:14:43.787, Tesla T4, 6425 MiB, 8488 MiB, 15360 MiB, 41 %, 37 %, 1575 MHz, 5000 MHz, 69.96 W, 78, P0
2026/09/30 07:14:44.297, Tesla T4, 6425 MiB, 8488 MiB, 15360 MiB, 42 %, 38 %, 1575 MHz, 5000 MHz, 74.95 W, 78, P0
2026/09/30 07:14:44.807, Tesla T4, 6425 MiB, 8488 MiB, 15360 MiB, 43 %, 39 %, 1590 MHz, 5000 MHz, 69.80 W, 78, P0
2026/09/30 07:14:45.315, Tesla T4, 6425 MiB, 8488 MiB, 15360 MiB, 43 %, 39 %, 1590 MHz, 5000 MHz, 67.63 W, 78, P0
2026/09/30 07:14:45.825, Tesla T4, 6425 MiB, 8488 MiB, 15360 MiB, 40 %, 36 %, 1590 MHz, 5000 MHz, 69.52 W, 78, P0
2026/09/30 07:14:46.333, Tesla T4, 6425 MiB, 8488 MiB, 15360 MiB, 43 %, 39 %, 1560 MHz, 5000 MHz, 67.00 W, 78, P0
2026/09/30 07:14:46.842, Tesla T4, 6425 MiB, 8488 MiB, 15360 MiB, 40 %, 36 %, 1590 MHz, 5000 MHz, 69.47 W, 78, P0
2026/09/30 07:14:47.350, Tesla T4, 6425 MiB, 8488 MiB, 15360 MiB, 44 %, 40 %, 1560 MHz, 5000 MHz, 67.40 W, 78, P0
2026/09/30 07:14:47.862, Tesla T4, 6425 MiB, 8488 MiB, 15360 MiB, 41 %, 37 %, 1575 MHz, 5000 MHz, 66.79 W, 78, P0
2026/09/30 07:14:48.377, Tesla T4, 6425 MiB, 8488 MiB, 15360 MiB, 43 %, 39 %, 1560 MHz, 5000 MHz, 70.49 W, 78, P0
2026/09/30 07:14:48.892, Tesla T4, 6425 MiB, 8488 MiB, 15360 MiB, 41 %, 38 %, 1590 MHz, 5000 MHz, 69.99 W, 78, P0
2026/09/30 07:14:49.401, Tesla T4, 6425 MiB, 8488 MiB, 15360 MiB, 44 %, 40 %, 1575 MHz, 5000 MHz, 66.26 W, 78, P0
2026/09/30 07:14:49.909, Tesla T4, 6425 MiB, 8488 MiB, 15360 MiB, 41 %, 37 %, 1575 MHz, 5000 MHz, 65.42 W, 78, P0
2026/09/30 07:14:50.421, Tesla T4, 6425 MiB, 8488 MiB, 15360 MiB, 40 %, 37 %, 1545 MHz, 5000 MHz, 61.83 W, 78, P0
2026/09/30 07:14:50.933, Tesla T4, 6425 MiB, 8488 MiB, 15360 MiB, 41 %, 37 %, 1590 MHz, 5000 MHz, 70.10 W, 78, P0
2026/09/30 07:14:51.441, Tesla T4, 6425 MiB, 8488 MiB, 15360 MiB, 27 %, 25 %, 1590 MHz, 5000 MHz, 60.15 W, 78, P0
2026/09/30 07:14:51.954, Tesla T4, 6425 MiB, 8488 MiB, 15360 MiB, 32 %, 29 %, 1590 MHz, 5000 MHz, 64.93 W, 78, P0
2026/09/30 07:14:52.491, Tesla T4, 6425 MiB, 8488 MiB, 15360 MiB, 33 %, 31 %, 1590 MHz, 5000 MHz, 64.61 W, 78, P0
2026/09/30 07:14:53.013, Tesla T4, 6425 MiB, 8488 MiB, 15360 MiB, 30 %, 26 %, 1380 MHz, 5000 MHz, 52.37 W, 77, P0
2026/09/30 07:14:53.535, Tesla T4, 6425 MiB, 8488 MiB, 15360 MiB, 33 %, 28 %, 1335 MHz, 5000 MHz, 48.43 W, 76, P0
2026/09/30 07:14:54.050, Tesla T4, 6425 MiB, 8488 MiB, 15360 MiB, 43 %, 37 %, 1380 MHz, 5000 MHz, 53.61 W, 76, P0
2026/09/30 07:14:54.559, Tesla T4, 6425 MiB, 8488 MiB, 15360 MiB, 42 %, 39 %, 1425 MHz, 5000 MHz, 61.85 W, 77, P0
2026/09/30 07:14:55.074, Tesla T4, 6425 MiB, 8488 MiB, 15360 MiB, 38 %, 34 %, 1590 MHz, 5000 MHz, 64.59 W, 77, P0
2026/09/30 07:14:55.582, Tesla T4, 6425 MiB, 8488 MiB, 15360 MiB, 41 %, 37 %, 1575 MHz, 5000 MHz, 63.59 W, 77, P0
2026/09/30 07:14:56.090, Tesla T4, 6425 MiB, 8488 MiB, 15360 MiB, 38 %, 35 %, 1575 MHz, 5000 MHz, 68.24 W, 77, P0
2026/09/30 07:14:56.605, Tesla T4, 6425 MiB, 8488 MiB, 15360 MiB, 43 %, 39 %, 1575 MHz, 5000 MHz, 67.14 W, 77, P0
2026/09/30 07:14:57.113, Tesla T4, 6425 MiB, 8488 MiB, 15360 MiB, 40 %, 37 %, 1590 MHz, 5000 MHz, 70.59 W, 77, P0
2026/09/30 07:14:57.622, Tesla T4, 6425 MiB, 8488 MiB, 15360 MiB, 43 %, 39 %, 1575 MHz, 5000 MHz, 66.38 W, 77, P0
2026/09/30 07:14:58.138, Tesla T4, 6425 MiB, 8488 MiB, 15360 MiB, 42 %, 38 %, 1560 MHz, 5000 MHz, 66.46 W, 77, P0
2026/09/30 07:14:58.646, Tesla T4, 6425 MiB, 8488 MiB, 15360 MiB, 68 %, 33 %, 1155 MHz, 5000 MHz, 63.36 W, 77, P0
2026/09/30 07:14:59.162, Tesla T4, 6425 MiB, 8488 MiB, 15360 MiB, 41 %, 37 %, 1560 MHz, 5000 MHz, 65.34 W, 77, P0
2026/09/30 07:14:59.670, Tesla T4, 6425 MiB, 8488 MiB, 15360 MiB, 42 %, 38 %, 1590 MHz, 5000 MHz, 68.58 W, 77, P0
2026/09/30 07:15:00.180, Tesla T4, 6425 MiB, 8488 MiB, 15360 MiB, 40 %, 36 %, 1575 MHz, 5000 MHz, 57.04 W, 77, P0
2026/09/30 07:15:00.689, Tesla T4, 6425 MiB, 8488 MiB, 15360 MiB, 42 %, 38 %, 1590 MHz, 5000 MHz, 65.22 W, 77, P0
2026/09/30 07:15:01.198, Tesla T4, 6425 MiB, 8488 MiB, 15360 MiB, 41 %, 38 %, 1590 MHz, 5000 MHz, 66.69 W, 77, P0
2026/09/30 07:15:01.709, Tesla T4, 6425 MiB, 8488 MiB, 15360 MiB, 43 %, 38 %, 1590 MHz, 5000 MHz, 67.55 W, 77, P0
2026/09/30 07:15:02.218, Tesla T4, 6425 MiB, 8488 MiB, 15360 MiB, 42 %, 38 %, 1590 MHz, 5000 MHz, 68.92 W, 77, P0
2026/09/30 07:15:02.726, Tesla T4, 6425 MiB, 8488 MiB, 15360 MiB, 43 %, 39 %, 1590 MHz, 5000 MHz, 64.42 W, 77, P0
2026/09/30 07:15:03.234, Tesla T4, 6425 MiB, 8488 MiB, 15360 MiB, 42 %, 38 %, 1590 MHz, 5000 MHz, 66.26 W, 77, P0
2026/09/30 07:15:03.746, Tesla T4, 6425 MiB, 8488 MiB, 15360 MiB, 43 %, 39 %, 1590 MHz, 5000 MHz, 67.62 W, 77, P0
2026/09/30 07:15:04.256, Tesla T4, 6425 MiB, 8488 MiB, 15360 MiB, 30 %, 28 %, 1590 MHz, 5000 MHz, 59.70 W, 77, P0
2026/09/30 07:15:04.770, Tesla T4, 6425 MiB, 8488 MiB, 15360 MiB, 34 %, 31 %, 1590 MHz, 5000 MHz, 58.71 W, 77, P0
2026/09/30 07:15:05.284, Tesla T4, 6425 MiB, 8488 MiB, 15360 MiB, 34 %, 31 %, 1590 MHz, 5000 MHz, 63.12 W, 77, P0
2026/09/30 07:15:05.793, Tesla T4, 6425 MiB, 8488 MiB, 15360 MiB, 32 %, 28 %, 1365 MHz, 5000 MHz, 51.35 W, 76, P0
2026/09/30 07:15:06.321, Tesla T4, 6425 MiB, 8488 MiB, 15360 MiB, 28 %, 25 %, 1290 MHz, 5000 MHz, 51.84 W, 75, P0
2026/09/30 07:15:06.841, Tesla T4, 6425 MiB, 8488 MiB, 15360 MiB, 46 %, 40 %, 1455 MHz, 5000 MHz, 59.57 W, 76, P0
2026/09/30 07:15:07.349, Tesla T4, 6425 MiB, 8488 MiB, 15360 MiB, 43 %, 39 %, 1590 MHz, 5000 MHz, 67.40 W, 76, P0
2026/09/30 07:15:07.858, Tesla T4, 6425 MiB, 8488 MiB, 15360 MiB, 43 %, 39 %, 1560 MHz, 5000 MHz, 68.50 W, 76, P0
2026/09/30 07:15:08.375, Tesla T4, 6425 MiB, 8488 MiB, 15360 MiB, 44 %, 40 %, 1590 MHz, 5000 MHz, 66.28 W, 77, P0
2026/09/30 07:15:08.884, Tesla T4, 6425 MiB, 8488 MiB, 15360 MiB, 45 %, 41 %, 1590 MHz, 5000 MHz, 65.44 W, 77, P0
2026/09/30 07:15:09.394, Tesla T4, 6425 MiB, 8488 MiB, 15360 MiB, 43 %, 39 %, 1575 MHz, 5000 MHz, 65.65 W, 77, P0
2026/09/30 07:15:09.902, Tesla T4, 6425 MiB, 8488 MiB, 15360 MiB, 44 %, 40 %, 1560 MHz, 5000 MHz, 66.02 W, 77, P0
2026/09/30 07:15:10.412, Tesla T4, 6425 MiB, 8488 MiB, 15360 MiB, 69 %, 33 %, 1575 MHz, 5000 MHz, 65.30 W, 76, P0
2026/09/30 07:15:10.923, Tesla T4, 6425 MiB, 8488 MiB, 15360 MiB, 42 %, 38 %, 1590 MHz, 5000 MHz, 65.59 W, 77, P0
2026/09/30 07:15:11.432, Tesla T4, 6425 MiB, 8488 MiB, 15360 MiB, 42 %, 38 %, 1590 MHz, 5000 MHz, 65.79 W, 77, P0
2026/09/30 07:15:11.941, Tesla T4, 6425 MiB, 8488 MiB, 15360 MiB, 42 %, 38 %, 1590 MHz, 5000 MHz, 67.49 W, 77, P0
2026/09/30 07:15:12.457, Tesla T4, 6425 MiB, 8488 MiB, 15360 MiB, 43 %, 38 %, 1590 MHz, 5000 MHz, 66.18 W, 77, P0
2026/09/30 07:15:12.965, Tesla T4, 6425 MiB, 8488 MiB, 15360 MiB, 41 %, 37 %, 1590 MHz, 5000 MHz, 62.47 W, 77, P0
2026/09/30 07:15:13.473, Tesla T4, 6425 MiB, 8488 MiB, 15360 MiB, 58 %, 35 %, 1590 MHz, 5000 MHz, 65.06 W, 76, P0
2026/09/30 07:15:13.983, Tesla T4, 6425 MiB, 8488 MiB, 15360 MiB, 41 %, 37 %, 1575 MHz, 5000 MHz, 63.34 W, 77, P0
2026/09/30 07:15:14.492, Tesla T4, 6425 MiB, 8488 MiB, 15360 MiB, 42 %, 38 %, 1560 MHz, 5000 MHz, 68.42 W, 77, P0
2026/09/30 07:15:15.001, Tesla T4, 6425 MiB, 8488 MiB, 15360 MiB, 41 %, 37 %, 1560 MHz, 5000 MHz, 61.40 W, 76, P0
2026/09/30 07:15:15.510, Tesla T4, 6425 MiB, 8488 MiB, 15360 MiB, 43 %, 39 %, 1560 MHz, 5000 MHz, 65.65 W, 77, P0
2026/09/30 07:15:16.027, Tesla T4, 6425 MiB, 8488 MiB, 15360 MiB, 41 %, 37 %, 1590 MHz, 5000 MHz, 65.63 W, 77, P0
2026/09/30 07:15:16.537, Tesla T4, 6425 MiB, 8488 MiB, 15360 MiB, 31 %, 28 %, 1590 MHz, 5000 MHz, 57.84 W, 76, P0
2026/09/30 07:15:17.063, Tesla T4, 6425 MiB, 8488 MiB, 15360 MiB, 32 %, 29 %, 1590 MHz, 5000 MHz, 60.89 W, 76, P0
2026/09/30 07:15:17.585, Tesla T4, 6425 MiB, 8488 MiB, 15360 MiB, 35 %, 32 %, 1590 MHz, 5000 MHz, 68.35 W, 76, P0
2026/09/30 07:15:18.098, Tesla T4, 6425 MiB, 8488 MiB, 15360 MiB, 31 %, 28 %, 1590 MHz, 5000 MHz, 59.11 W, 76, P0
2026/09/30 07:15:18.623, Tesla T4, 6425 MiB, 8488 MiB, 15360 MiB, 35 %, 30 %, 1335 MHz, 5000 MHz, 52.69 W, 75, P0
2026/09/30 07:15:19.150, Tesla T4, 6425 MiB, 8488 MiB, 15360 MiB, 36 %, 31 %, 1275 MHz, 5000 MHz, 54.82 W, 75, P0
2026/09/30 07:15:19.671, Tesla T4, 6425 MiB, 8488 MiB, 15360 MiB, 40 %, 35 %, 1350 MHz, 5000 MHz, 56.07 W, 75, P0
2026/09/30 07:15:20.182, Tesla T4, 6425 MiB, 8488 MiB, 15360 MiB, 43 %, 39 %, 1575 MHz, 5000 MHz, 63.97 W, 76, P0
2026/09/30 07:15:20.691, Tesla T4, 6425 MiB, 8488 MiB, 15360 MiB, 43 %, 40 %, 1575 MHz, 5000 MHz, 68.28 W, 76, P0
2026/09/30 07:15:21.199, Tesla T4, 6425 MiB, 8488 MiB, 15360 MiB, 43 %, 39 %, 1590 MHz, 5000 MHz, 65.97 W, 76, P0
2026/09/30 07:15:21.713, Tesla T4, 6425 MiB, 8488 MiB, 15360 MiB, 39 %, 35 %, 1590 MHz, 5000 MHz, 67.68 W, 76, P0
2026/09/30 07:15:22.222, Tesla T4, 6425 MiB, 8488 MiB, 15360 MiB, 37 %, 33 %, 1590 MHz, 5000 MHz, 66.61 W, 76, P0
2026/09/30 07:15:22.731, Tesla T4, 6425 MiB, 8488 MiB, 15360 MiB, 43 %, 40 %, 1575 MHz, 5000 MHz, 67.98 W, 76, P0
2026/09/30 07:15:23.241, Tesla T4, 6425 MiB, 8488 MiB, 15360 MiB, 38 %, 35 %, 1590 MHz, 5000 MHz, 61.40 W, 76, P0
2026/09/30 07:15:23.749, Tesla T4, 6425 MiB, 8488 MiB, 15360 MiB, 41 %, 37 %, 1545 MHz, 5000 MHz, 66.65 W, 76, P0
2026/09/30 07:15:24.259, Tesla T4, 6425 MiB, 8488 MiB, 15360 MiB, 40 %, 37 %, 1575 MHz, 5000 MHz, 68.26 W, 76, P0
2026/09/30 07:15:24.771, Tesla T4, 6425 MiB, 8488 MiB, 15360 MiB, 43 %, 39 %, 1590 MHz, 5000 MHz, 68.39 W, 77, P0
2026/09/30 07:15:25.279, Tesla T4, 6425 MiB, 8488 MiB, 15360 MiB, 43 %, 36 %, 1545 MHz, 5000 MHz, 62.59 W, 76, P0
2026/09/30 07:15:25.788, Tesla T4, 6425 MiB, 8488 MiB, 15360 MiB, 42 %, 38 %, 1575 MHz, 5000 MHz, 62.56 W, 77, P0
2026/09/30 07:15:26.296, Tesla T4, 6425 MiB, 8488 MiB, 15360 MiB, 40 %, 36 %, 1560 MHz, 5000 MHz, 67.10 W, 76, P0
2026/09/30 07:15:26.807, Tesla T4, 6425 MiB, 8488 MiB, 15360 MiB, 43 %, 39 %, 1590 MHz, 5000 MHz, 66.92 W, 77, P0
2026/09/30 07:15:27.317, Tesla T4, 6425 MiB, 8488 MiB, 15360 MiB, 39 %, 35 %, 1590 MHz, 5000 MHz, 64.65 W, 77, P0
2026/09/30 07:15:27.827, Tesla T4, 6425 MiB, 8488 MiB, 15360 MiB, 43 %, 39 %, 1575 MHz, 5000 MHz, 66.51 W, 77, P0
2026/09/30 07:15:28.336, Tesla T4, 6425 MiB, 8488 MiB, 15360 MiB, 41 %, 37 %, 1590 MHz, 5000 MHz, 67.20 W, 77, P0
2026/09/30 07:15:28.844, Tesla T4, 6425 MiB, 8488 MiB, 15360 MiB, 43 %, 38 %, 1575 MHz, 5000 MHz, 64.61 W, 77, P0
2026/09/30 07:15:29.364, Tesla T4, 6425 MiB, 8488 MiB, 15360 MiB, 31 %, 28 %, 1590 MHz, 5000 MHz, 64.67 W, 77, P0
2026/09/30 07:15:29.888, Tesla T4, 6425 MiB, 8488 MiB, 15360 MiB, 34 %, 31 %, 1590 MHz, 5000 MHz, 57.37 W, 76, P0
2026/09/30 07:15:30.406, Tesla T4, 6425 MiB, 8488 MiB, 15360 MiB, 35 %, 32 %, 1590 MHz, 5000 MHz, 68.72 W, 76, P0
2026/09/30 07:15:30.920, Tesla T4, 6425 MiB, 8488 MiB, 15360 MiB, 31 %, 29 %, 1395 MHz, 5000 MHz, 51.35 W, 76, P0
2026/09/30 07:15:31.435, Tesla T4, 6425 MiB, 8488 MiB, 15360 MiB, 30 %, 26 %, 1305 MHz, 5000 MHz, 51.22 W, 75, P0
2026/09/30 07:15:31.950, Tesla T4, 6425 MiB, 8488 MiB, 15360 MiB, 39 %, 34 %, 1275 MHz, 5000 MHz, 49.38 W, 75, P0
2026/09/30 07:15:32.459, Tesla T4, 6425 MiB, 8488 MiB, 15360 MiB, 42 %, 38 %, 1575 MHz, 5000 MHz, 65.38 W, 76, P0
2026/09/30 07:15:32.975, Tesla T4, 6425 MiB, 8488 MiB, 15360 MiB, 44 %, 40 %, 1575 MHz, 5000 MHz, 61.43 W, 76, P0
2026/09/30 07:15:33.486, Tesla T4, 6425 MiB, 8488 MiB, 15360 MiB, 43 %, 39 %, 1590 MHz, 5000 MHz, 67.69 W, 76, P0
2026/09/30 07:15:33.998, Tesla T4, 6425 MiB, 8488 MiB, 15360 MiB, 41 %, 37 %, 1560 MHz, 5000 MHz, 63.59 W, 77, P0
2026/09/30 07:15:34.513, Tesla T4, 6425 MiB, 8488 MiB, 15360 MiB, 43 %, 40 %, 1590 MHz, 5000 MHz, 63.16 W, 77, P0
2026/09/30 07:15:35.034, Tesla T4, 6425 MiB, 8488 MiB, 15360 MiB, 41 %, 38 %, 1590 MHz, 5000 MHz, 66.92 W, 77, P0
2026/09/30 07:15:35.543, Tesla T4, 6425 MiB, 8488 MiB, 15360 MiB, 43 %, 39 %, 1515 MHz, 5000 MHz, 64.50 W, 77, P0
2026/09/30 07:15:36.058, Tesla T4, 6425 MiB, 8488 MiB, 15360 MiB, 42 %, 38 %, 1575 MHz, 5000 MHz, 65.41 W, 77, P0
2026/09/30 07:15:36.566, Tesla T4, 6425 MiB, 8488 MiB, 15360 MiB, 44 %, 41 %, 1545 MHz, 5000 MHz, 65.38 W, 77, P0
2026/09/30 07:15:37.074, Tesla T4, 6425 MiB, 8488 MiB, 15360 MiB, 40 %, 36 %, 1560 MHz, 5000 MHz, 63.24 W, 77, P0
2026/09/30 07:15:37.582, Tesla T4, 6425 MiB, 8488 MiB, 15360 MiB, 41 %, 37 %, 1590 MHz, 5000 MHz, 64.65 W, 77, P0
2026/09/30 07:15:38.091, Tesla T4, 6425 MiB, 8488 MiB, 15360 MiB, 41 %, 37 %, 1590 MHz, 5000 MHz, 66.73 W, 77, P0
2026/09/30 07:15:38.600, Tesla T4, 6425 MiB, 8488 MiB, 15360 MiB, 43 %, 39 %, 1590 MHz, 5000 MHz, 67.75 W, 77, P0
2026/09/30 07:15:39.108, Tesla T4, 6425 MiB, 8488 MiB, 15360 MiB, 41 %, 37 %, 1575 MHz, 5000 MHz, 70.94 W, 77, P0
2026/09/30 07:15:39.619, Tesla T4, 6425 MiB, 8488 MiB, 15360 MiB, 44 %, 40 %, 1530 MHz, 5000 MHz, 64.79 W, 77, P0
2026/09/30 07:15:40.131, Tesla T4, 6425 MiB, 8488 MiB, 15360 MiB, 42 %, 38 %, 1575 MHz, 5000 MHz, 66.60 W, 77, P0
2026/09/30 07:15:40.639, Tesla T4, 6425 MiB, 8488 MiB, 15360 MiB, 38 %, 35 %, 1575 MHz, 5000 MHz, 66.36 W, 77, P0
2026/09/30 07:15:41.151, Tesla T4, 6425 MiB, 8488 MiB, 15360 MiB, 40 %, 37 %, 1545 MHz, 5000 MHz, 62.89 W, 77, P0
2026/09/30 07:15:41.663, Tesla T4, 6425 MiB, 8488 MiB, 15360 MiB, 43 %, 39 %, 1575 MHz, 5000 MHz, 67.13 W, 77, P0
2026/09/30 07:15:42.172, Tesla T4, 6425 MiB, 8488 MiB, 15360 MiB, 33 %, 30 %, 1590 MHz, 5000 MHz, 64.42 W, 77, P0
2026/09/30 07:15:42.697, Tesla T4, 6425 MiB, 8488 MiB, 15360 MiB, 33 %, 30 %, 1515 MHz, 5000 MHz, 63.57 W, 77, P0
2026/09/30 07:15:43.222, Tesla T4, 6425 MiB, 8488 MiB, 15360 MiB, 33 %, 30 %, 1590 MHz, 5000 MHz, 64.99 W, 77, P0
2026/09/30 07:15:43.739, Tesla T4, 6425 MiB, 8488 MiB, 15360 MiB, 29 %, 25 %, 1335 MHz, 5000 MHz, 54.43 W, 76, P0
2026/09/30 07:15:44.255, Tesla T4, 6425 MiB, 8488 MiB, 15360 MiB, 28 %, 24 %, 1275 MHz, 5000 MHz, 50.10 W, 76, P0
2026/09/30 07:15:44.771, Tesla T4, 6425 MiB, 8488 MiB, 15360 MiB, 47 %, 40 %, 1440 MHz, 5000 MHz, 53.91 W, 76, P0
2026/09/30 07:15:45.280, Tesla T4, 6425 MiB, 8488 MiB, 15360 MiB, 38 %, 35 %, 1560 MHz, 5000 MHz, 66.19 W, 77, P0
2026/09/30 07:15:45.789, Tesla T4, 6425 MiB, 8488 MiB, 15360 MiB, 43 %, 39 %, 1575 MHz, 5000 MHz, 66.08 W, 77, P0
2026/09/30 07:15:46.300, Tesla T4, 6425 MiB, 8488 MiB, 15360 MiB, 43 %, 39 %, 1575 MHz, 5000 MHz, 66.28 W, 77, P0
2026/09/30 07:15:46.810, Tesla T4, 6425 MiB, 8488 MiB, 15360 MiB, 44 %, 40 %, 1560 MHz, 5000 MHz, 61.69 W, 77, P0
2026/09/30 07:15:47.318, Tesla T4, 6425 MiB, 8488 MiB, 15360 MiB, 43 %, 40 %, 1515 MHz, 5000 MHz, 65.89 W, 77, P0
2026/09/30 07:15:47.830, Tesla T4, 6425 MiB, 8488 MiB, 15360 MiB, 44 %, 40 %, 1560 MHz, 5000 MHz, 66.25 W, 77, P0
2026/09/30 07:15:48.341, Tesla T4, 6425 MiB, 8488 MiB, 15360 MiB, 47 %, 36 %, 1110 MHz, 5000 MHz, 79.54 W, 78, P0
2026/09/30 07:15:48.850, Tesla T4, 6425 MiB, 8488 MiB, 15360 MiB, 40 %, 36 %, 1560 MHz, 5000 MHz, 65.14 W, 77, P0
2026/09/30 07:15:49.358, Tesla T4, 6425 MiB, 8488 MiB, 15360 MiB, 39 %, 35 %, 1575 MHz, 5000 MHz, 66.46 W, 77, P0
2026/09/30 07:15:49.869, Tesla T4, 6425 MiB, 8488 MiB, 15360 MiB, 43 %, 38 %, 1590 MHz, 5000 MHz, 65.30 W, 78, P0
2026/09/30 07:15:50.378, Tesla T4, 6425 MiB, 8488 MiB, 15360 MiB, 39 %, 35 %, 1575 MHz, 5000 MHz, 64.73 W, 78, P0
2026/09/30 07:15:50.887, Tesla T4, 6425 MiB, 8488 MiB, 15360 MiB, 42 %, 38 %, 1590 MHz, 5000 MHz, 65.97 W, 78, P0
2026/09/30 07:15:51.397, Tesla T4, 6425 MiB, 8488 MiB, 15360 MiB, 40 %, 35 %, 1575 MHz, 5000 MHz, 67.84 W, 78, P0
2026/09/30 07:15:51.905, Tesla T4, 6425 MiB, 8488 MiB, 15360 MiB, 37 %, 33 %, 1590 MHz, 5000 MHz, 66.02 W, 78, P0
2026/09/30 07:15:52.414, Tesla T4, 6425 MiB, 8488 MiB, 15360 MiB, 38 %, 34 %, 1590 MHz, 5000 MHz, 70.52 W, 78, P0
2026/09/30 07:15:52.924, Tesla T4, 6425 MiB, 8488 MiB, 15360 MiB, 39 %, 36 %, 1575 MHz, 5000 MHz, 64.32 W, 78, P0
2026/09/30 07:15:53.439, Tesla T4, 6425 MiB, 8488 MiB, 15360 MiB, 39 %, 35 %, 1590 MHz, 5000 MHz, 65.81 W, 78, P0
2026/09/30 07:15:53.947, Tesla T4, 6425 MiB, 8488 MiB, 15360 MiB, 42 %, 38 %, 1590 MHz, 5000 MHz, 64.16 W, 78, P0
2026/09/30 07:15:54.457, Tesla T4, 6425 MiB, 8488 MiB, 15360 MiB, 39 %, 36 %, 1590 MHz, 5000 MHz, 65.73 W, 78, P0
2026/09/30 07:15:54.965, Tesla T4, 6425 MiB, 8488 MiB, 15360 MiB, 32 %, 29 %, 1590 MHz, 5000 MHz, 62.81 W, 78, P0
2026/09/30 07:15:55.483, Tesla T4, 6425 MiB, 8488 MiB, 15360 MiB, 31 %, 28 %, 1590 MHz, 5000 MHz, 61.19 W, 78, P0
2026/09/30 07:15:55.997, Tesla T4, 6425 MiB, 8488 MiB, 15360 MiB, 32 %, 29 %, 1410 MHz, 5000 MHz, 58.26 W, 77, P0
2026/09/30 07:15:56.510, Tesla T4, 6425 MiB, 8488 MiB, 15360 MiB, 29 %, 25 %, 1335 MHz, 5000 MHz, 49.08 W, 77, P0
2026/09/30 07:15:57.028, Tesla T4, 6425 MiB, 8488 MiB, 15360 MiB, 28 %, 24 %, 1260 MHz, 5000 MHz, 49.81 W, 76, P0
2026/09/30 07:15:57.542, Tesla T4, 6425 MiB, 8488 MiB, 15360 MiB, 44 %, 37 %, 1350 MHz, 5000 MHz, 55.61 W, 76, P0
2026/09/30 07:15:58.053, Tesla T4, 6425 MiB, 8488 MiB, 15360 MiB, 41 %, 37 %, 1560 MHz, 5000 MHz, 63.14 W, 77, P0
2026/09/30 07:15:58.562, Tesla T4, 6425 MiB, 8488 MiB, 15360 MiB, 42 %, 39 %, 1575 MHz, 5000 MHz, 61.16 W, 77, P0
2026/09/30 07:15:59.070, Tesla T4, 6425 MiB, 8488 MiB, 15360 MiB, 42 %, 38 %, 1590 MHz, 5000 MHz, 65.04 W, 77, P0
2026/09/30 07:15:59.580, Tesla T4, 6425 MiB, 8488 MiB, 15360 MiB, 43 %, 39 %, 1575 MHz, 5000 MHz, 64.28 W, 77, P0
2026/09/30 07:16:00.103, Tesla T4, 6425 MiB, 8488 MiB, 15360 MiB, 43 %, 39 %, 1590 MHz, 5000 MHz, 66.98 W, 78, P0
2026/09/30 07:16:00.612, Tesla T4, 6493 MiB, 8420 MiB, 15360 MiB, 100 %, 28 %, 825 MHz, 5000 MHz, 65.18 W, 77, P0
2026/09/30 07:16:01.145, Tesla T4, 6493 MiB, 8420 MiB, 15360 MiB, 100 %, 29 %, 1200 MHz, 5000 MHz, 66.81 W, 77, P0
2026/09/30 07:16:01.661, Tesla T4, 6495 MiB, 8418 MiB, 15360 MiB, 49 %, 45 %, 1575 MHz, 5000 MHz, 68.08 W, 77, P0
2026/09/30 07:16:02.194, Tesla T4, 6495 MiB, 8418 MiB, 15360 MiB, 47 %, 43 %, 1545 MHz, 5000 MHz, 69.32 W, 78, P0
2026/09/30 07:16:02.704, Tesla T4, 6495 MiB, 8418 MiB, 15360 MiB, 50 %, 46 %, 1575 MHz, 5000 MHz, 70.30 W, 78, P0
2026/09/30 07:16:03.231, Tesla T4, 6495 MiB, 8418 MiB, 15360 MiB, 49 %, 45 %, 1560 MHz, 5000 MHz, 70.01 W, 78, P0
2026/09/30 07:16:03.746, Tesla T4, 6495 MiB, 8418 MiB, 15360 MiB, 46 %, 42 %, 1560 MHz, 5000 MHz, 66.28 W, 78, P0
2026/09/30 07:16:04.273, Tesla T4, 6497 MiB, 8416 MiB, 15360 MiB, 49 %, 45 %, 1560 MHz, 5000 MHz, 65.73 W, 78, P0
2026/09/30 07:16:04.782, Tesla T4, 6497 MiB, 8416 MiB, 15360 MiB, 50 %, 46 %, 1530 MHz, 5000 MHz, 67.41 W, 78, P0
2026/09/30 07:16:05.307, Tesla T4, 6497 MiB, 8416 MiB, 15360 MiB, 49 %, 46 %, 1560 MHz, 5000 MHz, 66.67 W, 78, P0
2026/09/30 07:16:05.815, Tesla T4, 6497 MiB, 8416 MiB, 15360 MiB, 51 %, 47 %, 1560 MHz, 5000 MHz, 63.34 W, 78, P0
2026/09/30 07:16:06.324, Tesla T4, 6497 MiB, 8416 MiB, 15360 MiB, 50 %, 46 %, 1575 MHz, 5000 MHz, 65.79 W, 78, P0
2026/09/30 07:16:06.836, Tesla T4, 6497 MiB, 8416 MiB, 15360 MiB, 50 %, 47 %, 1530 MHz, 5000 MHz, 67.30 W, 78, P0
2026/09/30 07:16:07.350, Tesla T4, 6497 MiB, 8416 MiB, 15360 MiB, 42 %, 39 %, 1590 MHz, 5000 MHz, 67.01 W, 78, P0
2026/09/30 07:16:07.876, Tesla T4, 6497 MiB, 8416 MiB, 15360 MiB, 40 %, 37 %, 1575 MHz, 5000 MHz, 66.81 W, 78, P0
2026/09/30 07:16:08.396, Tesla T4, 6499 MiB, 8414 MiB, 15360 MiB, 42 %, 39 %, 1515 MHz, 5000 MHz, 70.82 W, 78, P0
2026/09/30 07:16:08.910, Tesla T4, 6499 MiB, 8414 MiB, 15360 MiB, 36 %, 33 %, 1575 MHz, 5000 MHz, 61.46 W, 78, P0
2026/09/30 07:16:09.429, Tesla T4, 6499 MiB, 8414 MiB, 15360 MiB, 39 %, 37 %, 1575 MHz, 5000 MHz, 59.57 W, 78, P0
2026/09/30 07:16:09.950, Tesla T4, 6499 MiB, 8414 MiB, 15360 MiB, 35 %, 33 %, 1515 MHz, 5000 MHz, 68.42 W, 78, P0
2026/09/30 07:16:10.463, Tesla T4, 6499 MiB, 8414 MiB, 15360 MiB, 51 %, 48 %, 1515 MHz, 5000 MHz, 65.08 W, 78, P0
2026/09/30 07:16:10.973, Tesla T4, 6499 MiB, 8414 MiB, 15360 MiB, 52 %, 49 %, 1530 MHz, 5000 MHz, 64.63 W, 78, P0
2026/09/30 07:16:11.483, Tesla T4, 6499 MiB, 8414 MiB, 15360 MiB, 51 %, 47 %, 1515 MHz, 5000 MHz, 63.61 W, 78, P0
2026/09/30 07:16:11.992, Tesla T4, 6499 MiB, 8414 MiB, 15360 MiB, 52 %, 49 %, 1545 MHz, 5000 MHz, 70.33 W, 78, P0
2026/09/30 07:16:12.510, Tesla T4, 6499 MiB, 8414 MiB, 15360 MiB, 53 %, 50 %, 1515 MHz, 5000 MHz, 67.14 W, 78, P0
2026/09/30 07:16:13.020, Tesla T4, 6499 MiB, 8414 MiB, 15360 MiB, 84 %, 32 %, 1560 MHz, 5000 MHz, 58.49 W, 78, P0
2026/09/30 07:16:13.528, Tesla T4, 6499 MiB, 8414 MiB, 15360 MiB, 43 %, 38 %, 1575 MHz, 5000 MHz, 65.32 W, 78, P0
2026/09/30 07:16:14.036, Tesla T4, 6499 MiB, 8414 MiB, 15360 MiB, 41 %, 37 %, 1590 MHz, 5000 MHz, 68.47 W, 78, P0
2026/09/30 07:16:14.546, Tesla T4, 6499 MiB, 8414 MiB, 15360 MiB, 43 %, 39 %, 1575 MHz, 5000 MHz, 69.10 W, 78, P0
2026/09/30 07:16:15.055, Tesla T4, 6499 MiB, 8414 MiB, 15360 MiB, 41 %, 37 %, 1590 MHz, 5000 MHz, 67.55 W, 78, P0
2026/09/30 07:16:15.564, Tesla T4, 6499 MiB, 8414 MiB, 15360 MiB, 43 %, 39 %, 1590 MHz, 5000 MHz, 65.10 W, 78, P0
2026/09/30 07:16:16.074, Tesla T4, 6499 MiB, 8414 MiB, 15360 MiB, 41 %, 38 %, 1575 MHz, 5000 MHz, 66.51 W, 78, P0
2026/09/30 07:16:16.583, Tesla T4, 6499 MiB, 8414 MiB, 15360 MiB, 43 %, 39 %, 1575 MHz, 5000 MHz, 66.26 W, 78, P0
2026/09/30 07:16:17.092, Tesla T4, 6499 MiB, 8414 MiB, 15360 MiB, 41 %, 37 %, 1590 MHz, 5000 MHz, 68.77 W, 78, P0
2026/09/30 07:16:17.600, Tesla T4, 6499 MiB, 8414 MiB, 15360 MiB, 43 %, 40 %, 1575 MHz, 5000 MHz, 67.16 W, 78, P0
2026/09/30 07:16:18.111, Tesla T4, 6499 MiB, 8414 MiB, 15360 MiB, 43 %, 39 %, 1590 MHz, 5000 MHz, 67.75 W, 78, P0
2026/09/30 07:16:18.620, Tesla T4, 6499 MiB, 8414 MiB, 15360 MiB, 43 %, 39 %, 1590 MHz, 5000 MHz, 67.84 W, 78, P0
2026/09/30 07:16:19.128, Tesla T4, 6499 MiB, 8414 MiB, 15360 MiB, 42 %, 38 %, 1590 MHz, 5000 MHz, 71.41 W, 78, P0
2026/09/30 07:16:19.636, Tesla T4, 6499 MiB, 8414 MiB, 15360 MiB, 43 %, 39 %, 1575 MHz, 5000 MHz, 73.50 W, 78, P0
2026/09/30 07:16:20.153, Tesla T4, 6499 MiB, 8414 MiB, 15360 MiB, 34 %, 31 %, 1590 MHz, 5000 MHz, 66.91 W, 78, P0
2026/09/30 07:16:20.675, Tesla T4, 6499 MiB, 8414 MiB, 15360 MiB, 32 %, 29 %, 1575 MHz, 5000 MHz, 64.06 W, 78, P0
2026/09/30 07:16:21.202, Tesla T4, 6499 MiB, 8414 MiB, 15360 MiB, 33 %, 30 %, 1590 MHz, 5000 MHz, 62.67 W, 77, P0
2026/09/30 07:16:21.716, Tesla T4, 6499 MiB, 8414 MiB, 15360 MiB, 29 %, 26 %, 1380 MHz, 5000 MHz, 52.23 W, 77, P0
2026/09/30 07:16:22.233, Tesla T4, 6499 MiB, 8414 MiB, 15360 MiB, 35 %, 30 %, 1305 MHz, 5000 MHz, 51.61 W, 76, P0
2026/09/30 07:16:22.750, Tesla T4, 6499 MiB, 8414 MiB, 15360 MiB, 27 %, 23 %, 1245 MHz, 5000 MHz, 49.01 W, 76, P0
2026/09/30 07:16:23.264, Tesla T4, 6499 MiB, 8414 MiB, 15360 MiB, 43 %, 39 %, 1575 MHz, 5000 MHz, 67.91 W, 77, P0
2026/09/30 07:16:23.772, Tesla T4, 6499 MiB, 8414 MiB, 15360 MiB, 40 %, 37 %, 1590 MHz, 5000 MHz, 66.42 W, 77, P0
2026/09/30 07:16:24.282, Tesla T4, 6499 MiB, 8414 MiB, 15360 MiB, 43 %, 40 %, 1575 MHz, 5000 MHz, 64.22 W, 77, P0
2026/09/30 07:16:24.793, Tesla T4, 6499 MiB, 8414 MiB, 15360 MiB, 52 %, 32 %, 1575 MHz, 5000 MHz, 65.26 W, 77, P0
2026/09/30 07:16:25.303, Tesla T4, 6499 MiB, 8414 MiB, 15360 MiB, 40 %, 36 %, 1545 MHz, 5000 MHz, 67.55 W, 77, P0
2026/09/30 07:16:25.812, Tesla T4, 6499 MiB, 8414 MiB, 15360 MiB, 37 %, 33 %, 1590 MHz, 5000 MHz, 68.12 W, 77, P0
2026/09/30 07:16:26.320, Tesla T4, 6499 MiB, 8414 MiB, 15360 MiB, 39 %, 36 %, 1590 MHz, 5000 MHz, 64.32 W, 77, P0
2026/09/30 07:16:26.830, Tesla T4, 6499 MiB, 8414 MiB, 15360 MiB, 37 %, 33 %, 1590 MHz, 5000 MHz, 65.98 W, 77, P0
2026/09/30 07:16:27.339, Tesla T4, 6499 MiB, 8414 MiB, 15360 MiB, 38 %, 35 %, 1545 MHz, 5000 MHz, 61.62 W, 77, P0
2026/09/30 07:16:27.847, Tesla T4, 6499 MiB, 8414 MiB, 15360 MiB, 37 %, 33 %, 1545 MHz, 5000 MHz, 62.97 W, 77, P0
2026/09/30 07:16:28.356, Tesla T4, 6499 MiB, 8414 MiB, 15360 MiB, 39 %, 35 %, 1545 MHz, 5000 MHz, 63.85 W, 77, P0
2026/09/30 07:16:28.866, Tesla T4, 6499 MiB, 8414 MiB, 15360 MiB, 40 %, 36 %, 1590 MHz, 5000 MHz, 65.93 W, 77, P0
2026/09/30 07:16:29.374, Tesla T4, 6499 MiB, 8414 MiB, 15360 MiB, 40 %, 37 %, 1590 MHz, 5000 MHz, 70.10 W, 77, P0
2026/09/30 07:16:29.884, Tesla T4, 6499 MiB, 8414 MiB, 15360 MiB, 38 %, 34 %, 1590 MHz, 5000 MHz, 60.33 W, 77, P0
2026/09/30 07:16:30.393, Tesla T4, 6499 MiB, 8414 MiB, 15360 MiB, 39 %, 35 %, 1590 MHz, 5000 MHz, 67.93 W, 77, P0
2026/09/30 07:16:30.901, Tesla T4, 6499 MiB, 8414 MiB, 15360 MiB, 39 %, 35 %, 1590 MHz, 5000 MHz, 62.75 W, 77, P0
2026/09/30 07:16:31.411, Tesla T4, 6499 MiB, 8414 MiB, 15360 MiB, 39 %, 36 %, 1590 MHz, 5000 MHz, 63.97 W, 77, P0
2026/09/30 07:16:31.921, Tesla T4, 6499 MiB, 8414 MiB, 15360 MiB, 39 %, 36 %, 1590 MHz, 5000 MHz, 61.00 W, 77, P0
2026/09/30 07:16:32.429, Tesla T4, 6499 MiB, 8414 MiB, 15360 MiB, 40 %, 36 %, 1590 MHz, 5000 MHz, 63.79 W, 77, P0
2026/09/30 07:16:32.939, Tesla T4, 6499 MiB, 8414 MiB, 15360 MiB, 28 %, 25 %, 1575 MHz, 5000 MHz, 64.40 W, 76, P0
2026/09/30 07:16:33.455, Tesla T4, 6499 MiB, 8414 MiB, 15360 MiB, 30 %, 27 %, 1575 MHz, 5000 MHz, 58.26 W, 76, P0
2026/09/30 07:16:33.979, Tesla T4, 6499 MiB, 8414 MiB, 15360 MiB, 33 %, 30 %, 1575 MHz, 5000 MHz, 59.69 W, 76, P0
2026/09/30 07:16:34.497, Tesla T4, 6499 MiB, 8414 MiB, 15360 MiB, 29 %, 27 %, 1320 MHz, 5000 MHz, 55.77 W, 75, P0
2026/09/30 07:16:35.021, Tesla T4, 6499 MiB, 8414 MiB, 15360 MiB, 31 %, 27 %, 1260 MHz, 5000 MHz, 52.89 W, 75, P0
2026/09/30 07:16:35.551, Tesla T4, 6499 MiB, 8414 MiB, 15360 MiB, 29 %, 25 %, 1200 MHz, 5000 MHz, 43.52 W, 75, P0
2026/09/30 07:16:36.060, Tesla T4, 6499 MiB, 8414 MiB, 15360 MiB, 41 %, 36 %, 1380 MHz, 5000 MHz, 53.28 W, 75, P0
2026/09/30 07:16:36.569, Tesla T4, 6499 MiB, 8414 MiB, 15360 MiB, 41 %, 37 %, 1440 MHz, 5000 MHz, 59.05 W, 75, P0
2026/09/30 07:16:37.080, Tesla T4, 6499 MiB, 8414 MiB, 15360 MiB, 84 %, 29 %, 1500 MHz, 5000 MHz, 56.82 W, 75, P0
2026/09/30 07:16:37.590, Tesla T4, 6499 MiB, 8414 MiB, 15360 MiB, 38 %, 35 %, 1590 MHz, 5000 MHz, 62.38 W, 76, P0
2026/09/30 07:16:38.099, Tesla T4, 6499 MiB, 8414 MiB, 15360 MiB, 38 %, 35 %, 1590 MHz, 5000 MHz, 63.30 W, 76, P0
2026/09/30 07:16:38.608, Tesla T4, 6499 MiB, 8414 MiB, 15360 MiB, 39 %, 35 %, 1590 MHz, 5000 MHz, 65.77 W, 76, P0
2026/09/30 07:16:39.116, Tesla T4, 6499 MiB, 8414 MiB, 15360 MiB, 42 %, 38 %, 1575 MHz, 5000 MHz, 62.56 W, 76, P0
2026/09/30 07:16:39.624, Tesla T4, 6499 MiB, 8414 MiB, 15360 MiB, 41 %, 37 %, 1575 MHz, 5000 MHz, 71.56 W, 76, P0
2026/09/30 07:16:40.139, Tesla T4, 6499 MiB, 8414 MiB, 15360 MiB, 40 %, 36 %, 1590 MHz, 5000 MHz, 64.00 W, 76, P0
2026/09/30 07:16:40.648, Tesla T4, 6499 MiB, 8414 MiB, 15360 MiB, 41 %, 37 %, 1575 MHz, 5000 MHz, 70.99 W, 76, P0
2026/09/30 07:16:41.164, Tesla T4, 6499 MiB, 8414 MiB, 15360 MiB, 42 %, 38 %, 1590 MHz, 5000 MHz, 67.58 W, 76, P0
2026/09/30 07:16:41.672, Tesla T4, 6499 MiB, 8414 MiB, 15360 MiB, 43 %, 39 %, 1590 MHz, 5000 MHz, 68.36 W, 76, P0
2026/09/30 07:16:42.181, Tesla T4, 6499 MiB, 8414 MiB, 15360 MiB, 41 %, 37 %, 1590 MHz, 5000 MHz, 68.64 W, 76, P0
2026/09/30 07:16:42.689, Tesla T4, 6499 MiB, 8414 MiB, 15360 MiB, 44 %, 40 %, 1575 MHz, 5000 MHz, 69.31 W, 76, P0
2026/09/30 07:16:43.198, Tesla T4, 6499 MiB, 8414 MiB, 15360 MiB, 42 %, 38 %, 1590 MHz, 5000 MHz, 72.16 W, 76, P0
2026/09/30 07:16:43.706, Tesla T4, 6499 MiB, 8414 MiB, 15360 MiB, 43 %, 39 %, 1575 MHz, 5000 MHz, 66.01 W, 76, P0
2026/09/30 07:16:44.218, Tesla T4, 6499 MiB, 8414 MiB, 15360 MiB, 42 %, 38 %, 1590 MHz, 5000 MHz, 65.18 W, 76, P0
2026/09/30 07:16:44.727, Tesla T4, 6499 MiB, 8414 MiB, 15360 MiB, 41 %, 38 %, 1590 MHz, 5000 MHz, 58.93 W, 76, P0
2026/09/30 07:16:45.235, Tesla T4, 6499 MiB, 8414 MiB, 15360 MiB, 39 %, 35 %, 1590 MHz, 5000 MHz, 64.46 W, 76, P0
2026/09/30 07:16:45.746, Tesla T4, 6499 MiB, 8414 MiB, 15360 MiB, 29 %, 27 %, 1590 MHz, 5000 MHz, 57.45 W, 76, P0
2026/09/30 07:16:46.259, Tesla T4, 6499 MiB, 8414 MiB, 15360 MiB, 33 %, 30 %, 1590 MHz, 5000 MHz, 60.59 W, 76, P0
2026/09/30 07:16:46.774, Tesla T4, 6499 MiB, 8414 MiB, 15360 MiB, 31 %, 29 %, 1590 MHz, 5000 MHz, 58.00 W, 76, P0
2026/09/30 07:16:47.290, Tesla T4, 6499 MiB, 8414 MiB, 15360 MiB, 30 %, 26 %, 1305 MHz, 5000 MHz, 50.26 W, 75, P0
2026/09/30 07:16:47.811, Tesla T4, 6499 MiB, 8414 MiB, 15360 MiB, 30 %, 26 %, 1245 MHz, 5000 MHz, 46.79 W, 75, P0
2026/09/30 07:16:48.326, Tesla T4, 6499 MiB, 8414 MiB, 15360 MiB, 31 %, 26 %, 1185 MHz, 5000 MHz, 46.16 W, 74, P0
2026/09/30 07:16:48.841, Tesla T4, 6499 MiB, 8414 MiB, 15360 MiB, 40 %, 33 %, 1155 MHz, 5000 MHz, 48.46 W, 74, P0
2026/09/30 07:16:49.351, Tesla T4, 6499 MiB, 8414 MiB, 15360 MiB, 60 %, 34 %, 1590 MHz, 5000 MHz, 66.12 W, 76, P0
2026/09/30 07:16:49.859, Tesla T4, 6499 MiB, 8414 MiB, 15360 MiB, 39 %, 36 %, 1590 MHz, 5000 MHz, 61.92 W, 76, P0
2026/09/30 07:16:50.369, Tesla T4, 6499 MiB, 8414 MiB, 15360 MiB, 39 %, 36 %, 1590 MHz, 5000 MHz, 63.57 W, 76, P0
2026/09/30 07:16:50.877, Tesla T4, 6499 MiB, 8414 MiB, 15360 MiB, 39 %, 35 %, 1590 MHz, 5000 MHz, 64.12 W, 76, P0
2026/09/30 07:16:51.387, Tesla T4, 6499 MiB, 8414 MiB, 15360 MiB, 40 %, 36 %, 1590 MHz, 5000 MHz, 65.61 W, 76, P0
2026/09/30 07:16:51.896, Tesla T4, 6499 MiB, 8414 MiB, 15360 MiB, 57 %, 33 %, 1590 MHz, 5000 MHz, 66.81 W, 76, P0
2026/09/30 07:16:52.409, Tesla T4, 6499 MiB, 8414 MiB, 15360 MiB, 34 %, 30 %, 1590 MHz, 5000 MHz, 65.81 W, 76, P0
2026/09/30 07:16:52.919, Tesla T4, 6499 MiB, 8414 MiB, 15360 MiB, 36 %, 33 %, 1590 MHz, 5000 MHz, 66.36 W, 76, P0
2026/09/30 07:16:53.427, Tesla T4, 6499 MiB, 8414 MiB, 15360 MiB, 37 %, 34 %, 1590 MHz, 5000 MHz, 64.77 W, 76, P0
2026/09/30 07:16:53.935, Tesla T4, 6499 MiB, 8414 MiB, 15360 MiB, 35 %, 31 %, 1515 MHz, 5000 MHz, 58.56 W, 76, P0
2026/09/30 07:16:54.448, Tesla T4, 6499 MiB, 8414 MiB, 15360 MiB, 39 %, 35 %, 1155 MHz, 5000 MHz, 78.18 W, 76, P0
2026/09/30 07:16:54.958, Tesla T4, 6499 MiB, 8414 MiB, 15360 MiB, 33 %, 30 %, 1590 MHz, 5000 MHz, 60.13 W, 76, P0
2026/09/30 07:16:55.467, Tesla T4, 6499 MiB, 8414 MiB, 15360 MiB, 39 %, 35 %, 1575 MHz, 5000 MHz, 65.24 W, 76, P0
2026/09/30 07:16:55.978, Tesla T4, 6499 MiB, 8414 MiB, 15360 MiB, 35 %, 31 %, 1590 MHz, 5000 MHz, 57.14 W, 76, P0
2026/09/30 07:16:56.486, Tesla T4, 6499 MiB, 8414 MiB, 15360 MiB, 38 %, 35 %, 1530 MHz, 5000 MHz, 60.51 W, 76, P0
2026/09/30 07:16:56.994, Tesla T4, 6499 MiB, 8414 MiB, 15360 MiB, 36 %, 32 %, 1500 MHz, 5000 MHz, 55.61 W, 76, P0
2026/09/30 07:16:57.506, Tesla T4, 6499 MiB, 8414 MiB, 15360 MiB, 38 %, 34 %, 1500 MHz, 5000 MHz, 53.35 W, 76, P0
2026/09/30 07:16:58.014, Tesla T4, 6499 MiB, 8414 MiB, 15360 MiB, 38 %, 33 %, 1485 MHz, 5000 MHz, 55.97 W, 76, P0
2026/09/30 07:16:58.523, Tesla T4, 6499 MiB, 8414 MiB, 15360 MiB, 39 %, 35 %, 1470 MHz, 5000 MHz, 56.85 W, 76, P0
2026/09/30 07:16:59.032, Tesla T4, 6499 MiB, 8414 MiB, 15360 MiB, 30 %, 27 %, 1395 MHz, 5000 MHz, 51.78 W, 76, P0
2026/09/30 07:16:59.556, Tesla T4, 6499 MiB, 8414 MiB, 15360 MiB, 32 %, 28 %, 1305 MHz, 5000 MHz, 50.39 W, 75, P0
2026/09/30 07:17:00.083, Tesla T4, 6499 MiB, 8414 MiB, 15360 MiB, 31 %, 27 %, 1260 MHz, 5000 MHz, 47.34 W, 75, P0
2026/09/30 07:17:00.607, Tesla T4, 6499 MiB, 8414 MiB, 15360 MiB, 30 %, 25 %, 1185 MHz, 5000 MHz, 46.87 W, 75, P0
2026/09/30 07:17:01.127, Tesla T4, 6499 MiB, 8414 MiB, 15360 MiB, 35 %, 29 %, 1155 MHz, 5000 MHz, 44.93 W, 75, P0
2026/09/30 07:17:01.647, Tesla T4, 6499 MiB, 8414 MiB, 15360 MiB, 36 %, 29 %, 1080 MHz, 5000 MHz, 47.96 W, 75, P0
2026/09/30 07:17:02.157, Tesla T4, 6499 MiB, 8414 MiB, 15360 MiB, 42 %, 37 %, 1500 MHz, 5000 MHz, 57.87 W, 75, P0
2026/09/30 07:17:02.672, Tesla T4, 6499 MiB, 8414 MiB, 15360 MiB, 40 %, 36 %, 1530 MHz, 5000 MHz, 58.12 W, 76, P0
2026/09/30 07:17:03.180, Tesla T4, 6499 MiB, 8414 MiB, 15360 MiB, 39 %, 35 %, 1530 MHz, 5000 MHz, 62.67 W, 76, P0
2026/09/30 07:17:03.688, Tesla T4, 6499 MiB, 8414 MiB, 15360 MiB, 40 %, 36 %, 1545 MHz, 5000 MHz, 61.46 W, 76, P0
2026/09/30 07:17:04.198, Tesla T4, 6499 MiB, 8414 MiB, 15360 MiB, 39 %, 35 %, 1545 MHz, 5000 MHz, 59.59 W, 76, P0
2026/09/30 07:17:04.706, Tesla T4, 6499 MiB, 8414 MiB, 15360 MiB, 40 %, 36 %, 1545 MHz, 5000 MHz, 64.04 W, 77, P0
2026/09/30 07:17:05.216, Tesla T4, 6499 MiB, 8414 MiB, 15360 MiB, 40 %, 37 %, 1560 MHz, 5000 MHz, 68.49 W, 77, P0
2026/09/30 07:17:05.731, Tesla T4, 6499 MiB, 8414 MiB, 15360 MiB, 42 %, 38 %, 1560 MHz, 5000 MHz, 65.57 W, 77, P0
2026/09/30 07:17:06.239, Tesla T4, 6499 MiB, 8414 MiB, 15360 MiB, 43 %, 39 %, 1590 MHz, 5000 MHz, 68.58 W, 77, P0
2026/09/30 07:17:06.749, Tesla T4, 6499 MiB, 8414 MiB, 15360 MiB, 40 %, 37 %, 1590 MHz, 5000 MHz, 66.86 W, 77, P0
2026/09/30 07:17:07.258, Tesla T4, 6499 MiB, 8414 MiB, 15360 MiB, 58 %, 32 %, 1590 MHz, 5000 MHz, 69.55 W, 77, P0
2026/09/30 07:17:07.766, Tesla T4, 6499 MiB, 8414 MiB, 15360 MiB, 36 %, 33 %, 1575 MHz, 5000 MHz, 63.77 W, 77, P0
2026/09/30 07:17:08.274, Tesla T4, 6499 MiB, 8414 MiB, 15360 MiB, 31 %, 26 %, 1590 MHz, 5000 MHz, 60.16 W, 77, P0
2026/09/30 07:17:08.784, Tesla T4, 6499 MiB, 8414 MiB, 15360 MiB, 30 %, 26 %, 1590 MHz, 5000 MHz, 64.42 W, 77, P0
2026/09/30 07:17:09.294, Tesla T4, 6499 MiB, 8414 MiB, 15360 MiB, 33 %, 28 %, 1590 MHz, 5000 MHz, 59.53 W, 77, P0
2026/09/30 07:17:09.802, Tesla T4, 6499 MiB, 8414 MiB, 15360 MiB, 36 %, 31 %, 1470 MHz, 5000 MHz, 69.99 W, 77, P0
2026/09/30 07:17:10.313, Tesla T4, 6499 MiB, 8414 MiB, 15360 MiB, 36 %, 29 %, 1440 MHz, 5000 MHz, 54.49 W, 77, P0
2026/09/30 07:17:10.822, Tesla T4, 6499 MiB, 8414 MiB, 15360 MiB, 35 %, 29 %, 1395 MHz, 5000 MHz, 55.35 W, 77, P0
2026/09/30 07:17:11.330, Tesla T4, 6499 MiB, 8414 MiB, 15360 MiB, 34 %, 28 %, 1350 MHz, 5000 MHz, 50.43 W, 77, P0
2026/09/30 07:17:11.840, Tesla T4, 6499 MiB, 8414 MiB, 15360 MiB, 25 %, 20 %, 1245 MHz, 5000 MHz, 47.34 W, 76, P0
2026/09/30 07:17:12.355, Tesla T4, 6499 MiB, 8414 MiB, 15360 MiB, 28 %, 21 %, 1185 MHz, 5000 MHz, 45.02 W, 76, P0
2026/09/30 07:17:12.880, Tesla T4, 6499 MiB, 8414 MiB, 15360 MiB, 28 %, 21 %, 1095 MHz, 5000 MHz, 48.17 W, 76, P0
2026/09/30 07:17:13.398, Tesla T4, 6499 MiB, 8414 MiB, 15360 MiB, 28 %, 22 %, 1035 MHz, 5000 MHz, 41.55 W, 75, P0
2026/09/30 07:17:13.922, Tesla T4, 6499 MiB, 8414 MiB, 15360 MiB, 27 %, 20 %, 945 MHz, 5000 MHz, 41.58 W, 75, P0
2026/09/30 07:17:14.451, Tesla T4, 6499 MiB, 8414 MiB, 15360 MiB, 27 %, 19 %, 870 MHz, 5000 MHz, 40.54 W, 75, P0
2026/09/30 07:17:14.966, Tesla T4, 6499 MiB, 8414 MiB, 15360 MiB, 40 %, 28 %, 870 MHz, 5000 MHz, 41.95 W, 75, P0
2026/09/30 07:17:15.480, Tesla T4, 6499 MiB, 8414 MiB, 15360 MiB, 41 %, 28 %, 930 MHz, 5000 MHz, 43.40 W, 75, P0
2026/09/30 07:17:15.991, Tesla T4, 6499 MiB, 8414 MiB, 15360 MiB, 42 %, 31 %, 1050 MHz, 5000 MHz, 48.10 W, 75, P0
2026/09/30 07:17:16.503, Tesla T4, 6499 MiB, 8414 MiB, 15360 MiB, 42 %, 31 %, 1125 MHz, 5000 MHz, 46.20 W, 75, P0
2026/09/30 07:17:17.013, Tesla T4, 6499 MiB, 8414 MiB, 15360 MiB, 40 %, 31 %, 1155 MHz, 5000 MHz, 45.89 W, 75, P0
2026/09/30 07:17:17.523, Tesla T4, 6499 MiB, 8414 MiB, 15360 MiB, 38 %, 29 %, 1155 MHz, 5000 MHz, 47.60 W, 75, P0
2026/09/30 07:17:18.036, Tesla T4, 6499 MiB, 8414 MiB, 15360 MiB, 36 %, 28 %, 1155 MHz, 5000 MHz, 48.75 W, 75, P0
2026/09/30 07:17:18.545, Tesla T4, 6499 MiB, 8414 MiB, 15360 MiB, 39 %, 31 %, 1155 MHz, 5000 MHz, 48.42 W, 75, P0
2026/09/30 07:17:19.056, Tesla T4, 6499 MiB, 8414 MiB, 15360 MiB, 36 %, 29 %, 1185 MHz, 5000 MHz, 48.24 W, 75, P0
2026/09/30 07:17:19.566, Tesla T4, 6499 MiB, 8414 MiB, 15360 MiB, 39 %, 31 %, 1185 MHz, 5000 MHz, 48.29 W, 75, P0
2026/09/30 07:17:20.075, Tesla T4, 6499 MiB, 8414 MiB, 15360 MiB, 36 %, 29 %, 1185 MHz, 5000 MHz, 49.41 W, 75, P0
2026/09/30 07:17:20.591, Tesla T4, 6499 MiB, 8414 MiB, 15360 MiB, 38 %, 30 %, 1185 MHz, 5000 MHz, 48.56 W, 75, P0
2026/09/30 07:17:21.104, Tesla T4, 6499 MiB, 8414 MiB, 15360 MiB, 35 %, 28 %, 1140 MHz, 5000 MHz, 50.36 W, 75, P0
2026/09/30 07:17:21.614, Tesla T4, 6499 MiB, 8414 MiB, 15360 MiB, 40 %, 31 %, 1140 MHz, 5000 MHz, 50.29 W, 75, P0
2026/09/30 07:17:22.123, Tesla T4, 6499 MiB, 8414 MiB, 15360 MiB, 38 %, 29 %, 1155 MHz, 5000 MHz, 45.00 W, 75, P0
2026/09/30 07:17:22.635, Tesla T4, 6499 MiB, 8414 MiB, 15360 MiB, 34 %, 27 %, 1155 MHz, 5000 MHz, 47.37 W, 75, P0
2026/09/30 07:17:23.144, Tesla T4, 6499 MiB, 8414 MiB, 15360 MiB, 39 %, 31 %, 1155 MHz, 5000 MHz, 47.14 W, 76, P0
2026/09/30 07:17:23.653, Tesla T4, 6499 MiB, 8414 MiB, 15360 MiB, 34 %, 29 %, 1590 MHz, 5000 MHz, 59.62 W, 77, P0
2026/09/30 07:17:24.164, Tesla T4, 6499 MiB, 8414 MiB, 15360 MiB, 35 %, 30 %, 1590 MHz, 5000 MHz, 68.08 W, 77, P0
2026/09/30 07:17:24.674, Tesla T4, 6499 MiB, 8414 MiB, 15360 MiB, 22 %, 18 %, 1590 MHz, 5000 MHz, 57.54 W, 77, P0
2026/09/30 07:17:25.193, Tesla T4, 6499 MiB, 8414 MiB, 15360 MiB, 27 %, 23 %, 1335 MHz, 5000 MHz, 46.65 W, 76, P0
2026/09/30 07:17:25.708, Tesla T4, 6499 MiB, 8414 MiB, 15360 MiB, 31 %, 24 %, 1230 MHz, 5000 MHz, 53.77 W, 76, P0
2026/09/30 07:17:26.224, Tesla T4, 6499 MiB, 8414 MiB, 15360 MiB, 28 %, 22 %, 1170 MHz, 5000 MHz, 44.80 W, 76, P0
2026/09/30 07:17:26.749, Tesla T4, 6499 MiB, 8414 MiB, 15360 MiB, 31 %, 24 %, 1080 MHz, 5000 MHz, 43.82 W, 75, P0
2026/09/30 07:17:27.266, Tesla T4, 6499 MiB, 8414 MiB, 15360 MiB, 26 %, 20 %, 1020 MHz, 5000 MHz, 39.72 W, 75, P0
2026/09/30 07:17:27.784, Tesla T4, 6499 MiB, 8414 MiB, 15360 MiB, 42 %, 31 %, 1065 MHz, 5000 MHz, 49.93 W, 75, P0
2026/09/30 07:17:28.294, Tesla T4, 6499 MiB, 8414 MiB, 15360 MiB, 40 %, 30 %, 1080 MHz, 5000 MHz, 46.75 W, 76, P0
2026/09/30 07:17:28.805, Tesla T4, 6499 MiB, 8414 MiB, 15360 MiB, 41 %, 31 %, 1110 MHz, 5000 MHz, 48.22 W, 76, P0
2026/09/30 07:17:29.314, Tesla T4, 6499 MiB, 8414 MiB, 15360 MiB, 38 %, 29 %, 1110 MHz, 5000 MHz, 48.62 W, 76, P0
2026/09/30 07:17:29.824, Tesla T4, 6499 MiB, 8414 MiB, 15360 MiB, 40 %, 31 %, 1140 MHz, 5000 MHz, 49.94 W, 76, P0
2026/09/30 07:17:30.335, Tesla T4, 6499 MiB, 8414 MiB, 15360 MiB, 39 %, 30 %, 1140 MHz, 5000 MHz, 47.41 W, 76, P0
2026/09/30 07:17:30.845, Tesla T4, 6499 MiB, 8414 MiB, 15360 MiB, 41 %, 31 %, 1185 MHz, 5000 MHz, 48.18 W, 76, P0
2026/09/30 07:17:31.354, Tesla T4, 6499 MiB, 8414 MiB, 15360 MiB, 37 %, 29 %, 1185 MHz, 5000 MHz, 47.01 W, 76, P0
2026/09/30 07:17:31.866, Tesla T4, 6499 MiB, 8414 MiB, 15360 MiB, 39 %, 30 %, 1185 MHz, 5000 MHz, 48.17 W, 76, P0
2026/09/30 07:17:32.375, Tesla T4, 6499 MiB, 8414 MiB, 15360 MiB, 38 %, 30 %, 1185 MHz, 5000 MHz, 48.29 W, 76, P0
2026/09/30 07:17:32.887, Tesla T4, 6499 MiB, 8414 MiB, 15360 MiB, 38 %, 29 %, 1155 MHz, 5000 MHz, 52.66 W, 76, P0
2026/09/30 07:17:33.397, Tesla T4, 6499 MiB, 8414 MiB, 15360 MiB, 38 %, 30 %, 1155 MHz, 5000 MHz, 47.34 W, 76, P0
2026/09/30 07:17:33.907, Tesla T4, 6499 MiB, 8414 MiB, 15360 MiB, 38 %, 30 %, 1155 MHz, 5000 MHz, 50.42 W, 76, P0
2026/09/30 07:17:34.422, Tesla T4, 6499 MiB, 8414 MiB, 15360 MiB, 37 %, 29 %, 1140 MHz, 5000 MHz, 47.80 W, 76, P0
2026/09/30 07:17:34.931, Tesla T4, 6499 MiB, 8414 MiB, 15360 MiB, 38 %, 29 %, 1125 MHz, 5000 MHz, 45.92 W, 77, P0
2026/09/30 07:17:35.443, Tesla T4, 6499 MiB, 8414 MiB, 15360 MiB, 40 %, 31 %, 1140 MHz, 5000 MHz, 51.41 W, 77, P0
2026/09/30 07:17:35.953, Tesla T4, 6499 MiB, 8414 MiB, 15360 MiB, 39 %, 31 %, 1155 MHz, 5000 MHz, 45.71 W, 77, P0
2026/09/30 07:17:36.467, Tesla T4, 6499 MiB, 8414 MiB, 15360 MiB, 39 %, 30 %, 1155 MHz, 5000 MHz, 51.74 W, 77, P0
2026/09/30 07:17:36.976, Tesla T4, 6499 MiB, 8414 MiB, 15360 MiB, 40 %, 32 %, 1185 MHz, 5000 MHz, 51.64 W, 77, P0
2026/09/30 07:17:37.487, Tesla T4, 6499 MiB, 8414 MiB, 15360 MiB, 30 %, 24 %, 1185 MHz, 5000 MHz, 48.79 W, 77, P0
2026/09/30 07:17:38.003, Tesla T4, 6499 MiB, 8414 MiB, 15360 MiB, 31 %, 24 %, 1185 MHz, 5000 MHz, 44.16 W, 77, P0
2026/09/30 07:17:38.521, Tesla T4, 6499 MiB, 8414 MiB, 15360 MiB, 63 %, 23 %, 1590 MHz, 5000 MHz, 58.98 W, 78, P0
2026/09/30 07:17:39.034, Tesla T4, 6499 MiB, 8414 MiB, 15360 MiB, 23 %, 20 %, 1590 MHz, 5000 MHz, 56.46 W, 78, P0
2026/09/30 07:17:39.548, Tesla T4, 6499 MiB, 8414 MiB, 15360 MiB, 26 %, 22 %, 1590 MHz, 5000 MHz, 58.23 W, 79, P0
2026/09/30 07:17:40.064, Tesla T4, 6499 MiB, 8414 MiB, 15360 MiB, 20 %, 17 %, 1590 MHz, 5000 MHz, 63.73 W, 79, P0
2026/09/30 07:17:40.573, Tesla T4, 6499 MiB, 8414 MiB, 15360 MiB, 38 %, 30 %, 1305 MHz, 5000 MHz, 50.26 W, 78, P0
2026/09/30 07:17:41.082, Tesla T4, 6499 MiB, 8414 MiB, 15360 MiB, 34 %, 27 %, 1275 MHz, 5000 MHz, 51.44 W, 78, P0
2026/09/30 07:17:41.593, Tesla T4, 6499 MiB, 8414 MiB, 15360 MiB, 37 %, 29 %, 1260 MHz, 5000 MHz, 55.22 W, 78, P0
2026/09/30 07:17:42.102, Tesla T4, 6499 MiB, 8414 MiB, 15360 MiB, 34 %, 27 %, 1230 MHz, 5000 MHz, 52.07 W, 78, P0
2026/09/30 07:17:42.611, Tesla T4, 6499 MiB, 8414 MiB, 15360 MiB, 39 %, 30 %, 1215 MHz, 5000 MHz, 50.19 W, 79, P0
2026/09/30 07:17:43.123, Tesla T4, 6499 MiB, 8414 MiB, 15360 MiB, 35 %, 27 %, 1200 MHz, 5000 MHz, 51.35 W, 79, P0
2026/09/30 07:17:43.632, Tesla T4, 6499 MiB, 8414 MiB, 15360 MiB, 38 %, 30 %, 1185 MHz, 5000 MHz, 48.22 W, 79, P0
2026/09/30 07:17:44.142, Tesla T4, 6499 MiB, 8414 MiB, 15360 MiB, 34 %, 26 %, 1170 MHz, 5000 MHz, 48.66 W, 79, P0
2026/09/30 07:17:44.654, Tesla T4, 6499 MiB, 8414 MiB, 15360 MiB, 39 %, 30 %, 1155 MHz, 5000 MHz, 49.90 W, 79, P0
2026/09/30 07:17:45.164, Tesla T4, 6499 MiB, 8414 MiB, 15360 MiB, 38 %, 29 %, 1140 MHz, 5000 MHz, 48.72 W, 79, P0
2026/09/30 07:17:45.676, Tesla T4, 6499 MiB, 8414 MiB, 15360 MiB, 39 %, 30 %, 1125 MHz, 5000 MHz, 46.85 W, 79, P0
2026/09/30 07:17:46.189, Tesla T4, 6499 MiB, 8414 MiB, 15360 MiB, 37 %, 28 %, 1110 MHz, 5000 MHz, 47.51 W, 79, P0
2026/09/30 07:17:46.698, Tesla T4, 6499 MiB, 8414 MiB, 15360 MiB, 40 %, 31 %, 1140 MHz, 5000 MHz, 48.49 W, 79, P0
2026/09/30 07:17:47.210, Tesla T4, 6499 MiB, 8414 MiB, 15360 MiB, 36 %, 28 %, 1140 MHz, 5000 MHz, 49.97 W, 79, P0
2026/09/30 07:17:47.720, Tesla T4, 6499 MiB, 8414 MiB, 15360 MiB, 38 %, 29 %, 1140 MHz, 5000 MHz, 48.42 W, 79, P0
2026/09/30 07:17:48.229, Tesla T4, 6499 MiB, 8414 MiB, 15360 MiB, 37 %, 29 %, 1140 MHz, 5000 MHz, 53.68 W, 79, P0
2026/09/30 07:17:48.741, Tesla T4, 6499 MiB, 8414 MiB, 15360 MiB, 37 %, 28 %, 1110 MHz, 5000 MHz, 46.65 W, 79, P0
2026/09/30 07:17:49.250, Tesla T4, 6499 MiB, 8414 MiB, 15360 MiB, 37 %, 29 %, 1125 MHz, 5000 MHz, 46.62 W, 79, P0
2026/09/30 07:17:49.763, Tesla T4, 6499 MiB, 8414 MiB, 15360 MiB, 41 %, 31 %, 1155 MHz, 5000 MHz, 49.77 W, 79, P0
2026/09/30 07:17:50.274, Tesla T4, 6499 MiB, 8414 MiB, 15360 MiB, 25 %, 20 %, 1170 MHz, 5000 MHz, 48.94 W, 79, P0
2026/09/30 07:17:50.805, Tesla T4, 6499 MiB, 8414 MiB, 15360 MiB, 32 %, 25 %, 1170 MHz, 5000 MHz, 49.91 W, 79, P0
2026/09/30 07:17:51.332, Tesla T4, 6499 MiB, 8414 MiB, 15360 MiB, 31 %, 25 %, 1170 MHz, 5000 MHz, 46.94 W, 79, P0
2026/09/30 07:17:51.853, Tesla T4, 6499 MiB, 8414 MiB, 15360 MiB, 31 %, 23 %, 960 MHz, 5000 MHz, 43.06 W, 79, P0
2026/09/30 07:17:52.373, Tesla T4, 6499 MiB, 8414 MiB, 15360 MiB, 34 %, 25 %, 930 MHz, 5000 MHz, 40.61 W, 79, P0
2026/09/30 07:17:52.893, Tesla T4, 6499 MiB, 8414 MiB, 15360 MiB, 26 %, 18 %, 855 MHz, 5000 MHz, 39.41 W, 78, P0
2026/09/30 07:17:53.406, Tesla T4, 6499 MiB, 8414 MiB, 15360 MiB, 43 %, 30 %, 930 MHz, 5000 MHz, 45.00 W, 78, P0
2026/09/30 07:17:53.916, Tesla T4, 6499 MiB, 8414 MiB, 15360 MiB, 85 %, 25 %, 1575 MHz, 5000 MHz, 61.39 W, 80, P0
2026/09/30 07:17:54.425, Tesla T4, 6499 MiB, 8414 MiB, 15360 MiB, 32 %, 27 %, 1590 MHz, 5000 MHz, 65.07 W, 81, P0
2026/09/30 07:17:54.935, Tesla T4, 6499 MiB, 8414 MiB, 15360 MiB, 35 %, 30 %, 1590 MHz, 5000 MHz, 63.51 W, 81, P0
2026/09/30 07:17:55.444, Tesla T4, 6499 MiB, 8414 MiB, 15360 MiB, 33 %, 28 %, 1590 MHz, 5000 MHz, 57.18 W, 81, P0
2026/09/30 07:17:55.952, Tesla T4, 6499 MiB, 8414 MiB, 15360 MiB, 37 %, 30 %, 1425 MHz, 5000 MHz, 55.28 W, 80, P0
2026/09/30 07:17:56.463, Tesla T4, 6499 MiB, 8414 MiB, 15360 MiB, 37 %, 30 %, 1395 MHz, 5000 MHz, 57.05 W, 80, P0
2026/09/30 07:17:56.972, Tesla T4, 6499 MiB, 8414 MiB, 15360 MiB, 37 %, 30 %, 1365 MHz, 5000 MHz, 54.30 W, 80, P0
2026/09/30 07:17:57.482, Tesla T4, 6499 MiB, 8414 MiB, 15360 MiB, 37 %, 30 %, 1335 MHz, 5000 MHz, 53.81 W, 80, P0
2026/09/30 07:17:58.004, Tesla T4, 6499 MiB, 8414 MiB, 15360 MiB, 37 %, 30 %, 1320 MHz, 5000 MHz, 53.22 W, 80, P0
2026/09/30 07:17:58.517, Tesla T4, 6499 MiB, 8414 MiB, 15360 MiB, 38 %, 31 %, 1290 MHz, 5000 MHz, 55.67 W, 79, P0
2026/09/30 07:17:59.045, Tesla T4, 6499 MiB, 8414 MiB, 15360 MiB, 36 %, 29 %, 1260 MHz, 5000 MHz, 54.43 W, 79, P0
2026/09/30 07:17:59.560, Tesla T4, 6499 MiB, 8414 MiB, 15360 MiB, 38 %, 30 %, 1260 MHz, 5000 MHz, 51.05 W, 79, P0
2026/09/30 07:18:00.084, Tesla T4, 6499 MiB, 8414 MiB, 15360 MiB, 38 %, 30 %, 1230 MHz, 5000 MHz, 51.02 W, 79, P0
2026/09/30 07:18:00.593, Tesla T4, 6499 MiB, 8414 MiB, 15360 MiB, 37 %, 29 %, 1230 MHz, 5000 MHz, 51.35 W, 79, P0
2026/09/30 07:18:01.116, Tesla T4, 6499 MiB, 8414 MiB, 15360 MiB, 37 %, 29 %, 1200 MHz, 5000 MHz, 49.08 W, 79, P0
2026/09/30 07:18:01.625, Tesla T4, 6499 MiB, 8414 MiB, 15360 MiB, 37 %, 29 %, 1200 MHz, 5000 MHz, 52.99 W, 79, P0
2026/09/30 07:18:02.136, Tesla T4, 6499 MiB, 8414 MiB, 15360 MiB, 38 %, 30 %, 1185 MHz, 5000 MHz, 50.79 W, 78, P0
2026/09/30 07:18:02.645, Tesla T4, 6499 MiB, 8414 MiB, 15360 MiB, 40 %, 31 %, 1200 MHz, 5000 MHz, 50.43 W, 78, P0
2026/09/30 07:18:03.158, Tesla T4, 6499 MiB, 8414 MiB, 15360 MiB, 26 %, 21 %, 1155 MHz, 5000 MHz, 44.80 W, 78, P0
2026/09/30 07:18:03.671, Tesla T4, 6499 MiB, 8414 MiB, 15360 MiB, 32 %, 25 %, 1080 MHz, 5000 MHz, 47.56 W, 78, P0
2026/09/30 07:18:04.197, Tesla T4, 6499 MiB, 8414 MiB, 15360 MiB, 32 %, 24 %, 1050 MHz, 5000 MHz, 40.98 W, 77, P0
2026/09/30 07:18:04.726, Tesla T4, 6499 MiB, 8414 MiB, 15360 MiB, 31 %, 23 %, 975 MHz, 5000 MHz, 43.13 W, 77, P0
2026/09/30 07:18:05.242, Tesla T4, 6499 MiB, 8414 MiB, 15360 MiB, 34 %, 24 %, 930 MHz, 5000 MHz, 40.39 W, 77, P0
2026/09/30 07:18:05.756, Tesla T4, 6499 MiB, 8414 MiB, 15360 MiB, 30 %, 21 %, 870 MHz, 5000 MHz, 45.49 W, 77, P0
2026/09/30 07:18:06.267, Tesla T4, 6499 MiB, 8414 MiB, 15360 MiB, 40 %, 29 %, 945 MHz, 5000 MHz, 43.82 W, 77, P0
2026/09/30 07:18:06.786, Tesla T4, 6499 MiB, 8414 MiB, 15360 MiB, 41 %, 31 %, 1080 MHz, 5000 MHz, 45.37 W, 77, P0
2026/09/30 07:18:07.299, Tesla T4, 6499 MiB, 8414 MiB, 15360 MiB, 41 %, 32 %, 1140 MHz, 5000 MHz, 48.15 W, 77, P0
2026/09/30 07:18:07.809, Tesla T4, 6499 MiB, 8414 MiB, 15360 MiB, 40 %, 32 %, 1170 MHz, 5000 MHz, 50.00 W, 77, P0
2026/09/30 07:18:08.318, Tesla T4, 6499 MiB, 8414 MiB, 15360 MiB, 39 %, 31 %, 1185 MHz, 5000 MHz, 50.33 W, 77, P0
2026/09/30 07:18:08.829, Tesla T4, 6499 MiB, 8414 MiB, 15360 MiB, 55 %, 29 %, 1590 MHz, 5000 MHz, 60.90 W, 78, P0
2026/09/30 07:18:09.338, Tesla T4, 6499 MiB, 8414 MiB, 15360 MiB, 35 %, 30 %, 1590 MHz, 5000 MHz, 62.04 W, 78, P0
2026/09/30 07:18:09.846, Tesla T4, 6499 MiB, 8414 MiB, 15360 MiB, 36 %, 30 %, 1590 MHz, 5000 MHz, 64.16 W, 78, P0
2026/09/30 07:18:10.355, Tesla T4, 6499 MiB, 8414 MiB, 15360 MiB, 36 %, 30 %, 1590 MHz, 5000 MHz, 63.30 W, 78, P0
2026/09/30 07:18:10.863, Tesla T4, 6499 MiB, 8414 MiB, 15360 MiB, 37 %, 30 %, 1440 MHz, 5000 MHz, 56.13 W, 78, P0
2026/09/30 07:18:11.371, Tesla T4, 6499 MiB, 8414 MiB, 15360 MiB, 37 %, 31 %, 1410 MHz, 5000 MHz, 52.73 W, 78, P0
2026/09/30 07:18:11.881, Tesla T4, 6499 MiB, 8414 MiB, 15360 MiB, 37 %, 30 %, 1380 MHz, 5000 MHz, 57.86 W, 78, P0
2026/09/30 07:18:12.390, Tesla T4, 6499 MiB, 8414 MiB, 15360 MiB, 37 %, 30 %, 1350 MHz, 5000 MHz, 53.42 W, 77, P0
2026/09/30 07:18:12.898, Tesla T4, 6499 MiB, 8414 MiB, 15360 MiB, 37 %, 30 %, 1335 MHz, 5000 MHz, 52.40 W, 77, P0
2026/09/30 07:18:13.409, Tesla T4, 6499 MiB, 8414 MiB, 15360 MiB, 36 %, 29 %, 1305 MHz, 5000 MHz, 47.80 W, 77, P0
2026/09/30 07:18:13.922, Tesla T4, 6499 MiB, 8414 MiB, 15360 MiB, 38 %, 30 %, 1290 MHz, 5000 MHz, 52.30 W, 77, P0
2026/09/30 07:18:14.433, Tesla T4, 6499 MiB, 8414 MiB, 15360 MiB, 36 %, 29 %, 1275 MHz, 5000 MHz, 48.59 W, 77, P0
2026/09/30 07:18:14.942, Tesla T4, 6499 MiB, 8414 MiB, 15360 MiB, 38 %, 31 %, 1260 MHz, 5000 MHz, 51.28 W, 77, P0
2026/09/30 07:18:15.451, Tesla T4, 6499 MiB, 8414 MiB, 15360 MiB, 35 %, 28 %, 1245 MHz, 5000 MHz, 46.94 W, 77, P0
2026/09/30 07:18:15.964, Tesla T4, 6499 MiB, 8414 MiB, 15360 MiB, 28 %, 22 %, 1185 MHz, 5000 MHz, 45.25 W, 76, P0
2026/09/30 07:18:16.480, Tesla T4, 6499 MiB, 8414 MiB, 15360 MiB, 30 %, 23 %, 1140 MHz, 5000 MHz, 43.42 W, 76, P0
2026/09/30 07:18:16.997, Tesla T4, 6499 MiB, 8414 MiB, 15360 MiB, 32 %, 24 %, 1065 MHz, 5000 MHz, 47.40 W, 76, P0
2026/09/30 07:18:17.515, Tesla T4, 6499 MiB, 8414 MiB, 15360 MiB, 29 %, 22 %, 1020 MHz, 5000 MHz, 39.70 W, 75, P0
2026/09/30 07:18:18.025, Tesla T4, 6499 MiB, 8414 MiB, 15360 MiB, 31 %, 23 %, 945 MHz, 5000 MHz, 39.31 W, 75, P0
2026/09/30 07:18:18.540, Tesla T4, 6499 MiB, 8414 MiB, 15360 MiB, 40 %, 28 %, 900 MHz, 5000 MHz, 42.22 W, 75, P0
2026/09/30 07:18:19.052, Tesla T4, 6499 MiB, 8414 MiB, 15360 MiB, 42 %, 31 %, 1035 MHz, 5000 MHz, 48.06 W, 75, P0
2026/09/30 07:18:19.562, Tesla T4, 6499 MiB, 8414 MiB, 15360 MiB, 38 %, 29 %, 1125 MHz, 5000 MHz, 49.04 W, 75, P0
2026/09/30 07:18:20.074, Tesla T4, 6499 MiB, 8414 MiB, 15360 MiB, 40 %, 30 %, 1140 MHz, 5000 MHz, 47.94 W, 75, P0
2026/09/30 07:18:20.584, Tesla T4, 6499 MiB, 8414 MiB, 15360 MiB, 37 %, 29 %, 1200 MHz, 5000 MHz, 50.69 W, 75, P0
2026/09/30 07:18:21.093, Tesla T4, 6499 MiB, 8414 MiB, 15360 MiB, 39 %, 31 %, 1200 MHz, 5000 MHz, 54.00 W, 75, P0
2026/09/30 07:18:21.605, Tesla T4, 6499 MiB, 8414 MiB, 15360 MiB, 37 %, 30 %, 1200 MHz, 5000 MHz, 50.53 W, 75, P0
2026/09/30 07:18:22.114, Tesla T4, 6499 MiB, 8414 MiB, 15360 MiB, 40 %, 32 %, 1200 MHz, 5000 MHz, 48.69 W, 75, P0
2026/09/30 07:18:22.623, Tesla T4, 6499 MiB, 8414 MiB, 15360 MiB, 38 %, 30 %, 1230 MHz, 5000 MHz, 50.72 W, 75, P0
2026/09/30 07:18:23.134, Tesla T4, 6499 MiB, 8414 MiB, 15360 MiB, 35 %, 28 %, 1080 MHz, 5000 MHz, 67.87 W, 76, P0
2026/09/30 07:18:23.643, Tesla T4, 6499 MiB, 8414 MiB, 15360 MiB, 33 %, 28 %, 1590 MHz, 5000 MHz, 60.07 W, 76, P0
2026/09/30 07:18:24.151, Tesla T4, 6499 MiB, 8414 MiB, 15360 MiB, 34 %, 29 %, 1590 MHz, 5000 MHz, 62.73 W, 77, P0
2026/09/30 07:18:24.660, Tesla T4, 6499 MiB, 8414 MiB, 15360 MiB, 34 %, 29 %, 1590 MHz, 5000 MHz, 57.01 W, 77, P0
2026/09/30 07:18:25.169, Tesla T4, 6499 MiB, 8414 MiB, 15360 MiB, 35 %, 30 %, 1440 MHz, 5000 MHz, 56.82 W, 76, P0
2026/09/30 07:18:25.678, Tesla T4, 6499 MiB, 8414 MiB, 15360 MiB, 32 %, 26 %, 1395 MHz, 5000 MHz, 52.30 W, 76, P0
2026/09/30 07:18:26.187, Tesla T4, 6499 MiB, 8414 MiB, 15360 MiB, 37 %, 30 %, 1350 MHz, 5000 MHz, 51.09 W, 76, P0
2026/09/30 07:18:26.696, Tesla T4, 6499 MiB, 8414 MiB, 15360 MiB, 38 %, 31 %, 1350 MHz, 5000 MHz, 50.83 W, 76, P0
2026/09/30 07:18:27.205, Tesla T4, 6499 MiB, 8414 MiB, 15360 MiB, 39 %, 31 %, 1320 MHz, 5000 MHz, 51.97 W, 76, P0
2026/09/30 07:18:27.716, Tesla T4, 6499 MiB, 8414 MiB, 15360 MiB, 38 %, 31 %, 1320 MHz, 5000 MHz, 44.68 W, 76, P0
2026/09/30 07:18:28.225, Tesla T4, 6499 MiB, 8414 MiB, 15360 MiB, 38 %, 31 %, 1290 MHz, 5000 MHz, 49.54 W, 76, P0
2026/09/30 07:18:28.734, Tesla T4, 6499 MiB, 8414 MiB, 15360 MiB, 26 %, 21 %, 1230 MHz, 5000 MHz, 47.31 W, 75, P0
2026/09/30 07:18:29.252, Tesla T4, 6499 MiB, 8414 MiB, 15360 MiB, 31 %, 24 %, 1155 MHz, 5000 MHz, 46.06 W, 75, P0
2026/09/30 07:18:29.780, Tesla T4, 6499 MiB, 8414 MiB, 15360 MiB, 32 %, 24 %, 1110 MHz, 5000 MHz, 44.71 W, 75, P0
2026/09/30 07:18:30.302, Tesla T4, 6499 MiB, 8414 MiB, 15360 MiB, 29 %, 21 %, 1020 MHz, 5000 MHz, 40.57 W, 75, P0
2026/09/30 07:18:30.821, Tesla T4, 6499 MiB, 8414 MiB, 15360 MiB, 27 %, 19 %, 960 MHz, 5000 MHz, 40.12 W, 75, P0
2026/09/30 07:18:31.342, Tesla T4, 6499 MiB, 8414 MiB, 15360 MiB, 39 %, 28 %, 915 MHz, 5000 MHz, 46.58 W, 75, P0
2026/09/30 07:18:31.852, Tesla T4, 6499 MiB, 8414 MiB, 15360 MiB, 42 %, 32 %, 1095 MHz, 5000 MHz, 45.47 W, 75, P0
2026/09/30 07:18:32.364, Tesla T4, 6499 MiB, 8414 MiB, 15360 MiB, 41 %, 31 %, 1140 MHz, 5000 MHz, 46.92 W, 75, P0
2026/09/30 07:18:32.873, Tesla T4, 6499 MiB, 8414 MiB, 15360 MiB, 40 %, 31 %, 1155 MHz, 5000 MHz, 48.91 W, 75, P0
2026/09/30 07:18:33.383, Tesla T4, 6499 MiB, 8414 MiB, 15360 MiB, 39 %, 31 %, 1155 MHz, 5000 MHz, 47.73 W, 75, P0
2026/09/30 07:18:33.894, Tesla T4, 6499 MiB, 8414 MiB, 15360 MiB, 41 %, 32 %, 1185 MHz, 5000 MHz, 47.51 W, 75, P0
2026/09/30 07:18:34.403, Tesla T4, 6499 MiB, 8414 MiB, 15360 MiB, 37 %, 29 %, 1185 MHz, 5000 MHz, 48.10 W, 75, P0
2026/09/30 07:18:34.916, Tesla T4, 6499 MiB, 8414 MiB, 15360 MiB, 39 %, 30 %, 1185 MHz, 5000 MHz, 52.24 W, 75, P0
2026/09/30 07:18:35.425, Tesla T4, 6499 MiB, 8414 MiB, 15360 MiB, 40 %, 31 %, 1185 MHz, 5000 MHz, 48.86 W, 75, P0
2026/09/30 07:18:35.939, Tesla T4, 6499 MiB, 8414 MiB, 15360 MiB, 41 %, 32 %, 1215 MHz, 5000 MHz, 49.90 W, 75, P0
2026/09/30 07:18:36.448, Tesla T4, 6499 MiB, 8414 MiB, 15360 MiB, 40 %, 32 %, 1215 MHz, 5000 MHz, 49.51 W, 75, P0
2026/09/30 07:18:36.957, Tesla T4, 6499 MiB, 8414 MiB, 15360 MiB, 41 %, 32 %, 1245 MHz, 5000 MHz, 53.18 W, 75, P0
2026/09/30 07:18:37.469, Tesla T4, 6499 MiB, 8414 MiB, 15360 MiB, 36 %, 29 %, 1245 MHz, 5000 MHz, 48.00 W, 75, P0
2026/09/30 07:18:37.978, Tesla T4, 6499 MiB, 8414 MiB, 15360 MiB, 50 %, 32 %, 1200 MHz, 5000 MHz, 65.57 W, 76, P0
2026/09/30 07:18:38.487, Tesla T4, 6499 MiB, 8414 MiB, 15360 MiB, 36 %, 30 %, 1590 MHz, 5000 MHz, 61.62 W, 77, P0
2026/09/30 07:18:38.996, Tesla T4, 6499 MiB, 8414 MiB, 15360 MiB, 36 %, 31 %, 1590 MHz, 5000 MHz, 60.41 W, 77, P0
2026/09/30 07:18:39.505, Tesla T4, 6499 MiB, 8414 MiB, 15360 MiB, 36 %, 30 %, 1575 MHz, 5000 MHz, 63.40 W, 77, P0
2026/09/30 07:18:40.015, Tesla T4, 6499 MiB, 8414 MiB, 15360 MiB, 36 %, 31 %, 1470 MHz, 5000 MHz, 56.20 W, 77, P0
2026/09/30 07:18:40.524, Tesla T4, 6499 MiB, 8414 MiB, 15360 MiB, 36 %, 30 %, 1425 MHz, 5000 MHz, 54.63 W, 77, P0
2026/09/30 07:18:41.033, Tesla T4, 6499 MiB, 8414 MiB, 15360 MiB, 37 %, 31 %, 1395 MHz, 5000 MHz, 55.35 W, 77, P0
2026/09/30 07:18:41.543, Tesla T4, 6499 MiB, 8414 MiB, 15360 MiB, 26 %, 21 %, 1290 MHz, 5000 MHz, 48.69 W, 76, P0
2026/09/30 07:18:42.059, Tesla T4, 6499 MiB, 8414 MiB, 15360 MiB, 30 %, 23 %, 1200 MHz, 5000 MHz, 45.66 W, 76, P0
2026/09/30 07:18:42.579, Tesla T4, 6499 MiB, 8414 MiB, 15360 MiB, 28 %, 22 %, 1155 MHz, 5000 MHz, 43.82 W, 76, P0
2026/09/30 07:18:43.096, Tesla T4, 6499 MiB, 8414 MiB, 15360 MiB, 28 %, 22 %, 1065 MHz, 5000 MHz, 43.92 W, 76, P0
2026/09/30 07:18:43.612, Tesla T4, 6499 MiB, 8414 MiB, 15360 MiB, 27 %, 20 %, 1005 MHz, 5000 MHz, 44.31 W, 75, P0
2026/09/30 07:18:44.130, Tesla T4, 6499 MiB, 8414 MiB, 15360 MiB, 42 %, 31 %, 1020 MHz, 5000 MHz, 45.17 W, 75, P0
2026/09/30 07:18:44.642, Tesla T4, 6499 MiB, 8414 MiB, 15360 MiB, 38 %, 28 %, 1065 MHz, 5000 MHz, 40.76 W, 76, P0
2026/09/30 07:18:45.152, Tesla T4, 6499 MiB, 8414 MiB, 15360 MiB, 35 %, 26 %, 1065 MHz, 5000 MHz, 45.79 W, 76, P0
2026/09/30 07:18:45.661, Tesla T4, 6499 MiB, 8414 MiB, 15360 MiB, 40 %, 30 %, 1110 MHz, 5000 MHz, 49.54 W, 76, P0
2026/09/30 07:18:46.174, Tesla T4, 6499 MiB, 8414 MiB, 15360 MiB, 39 %, 30 %, 1110 MHz, 5000 MHz, 47.80 W, 76, P0
2026/09/30 07:18:46.683, Tesla T4, 6499 MiB, 8414 MiB, 15360 MiB, 36 %, 28 %, 1155 MHz, 5000 MHz, 48.52 W, 76, P0
2026/09/30 07:18:47.197, Tesla T4, 6499 MiB, 8414 MiB, 15360 MiB, 39 %, 30 %, 1155 MHz, 5000 MHz, 49.87 W, 76, P0
2026/09/30 07:18:47.706, Tesla T4, 6499 MiB, 8414 MiB, 15360 MiB, 38 %, 30 %, 1185 MHz, 5000 MHz, 46.53 W, 76, P0
2026/09/30 07:18:48.218, Tesla T4, 6499 MiB, 8414 MiB, 15360 MiB, 39 %, 31 %, 1185 MHz, 5000 MHz, 49.25 W, 76, P0
2026/09/30 07:18:48.728, Tesla T4, 6499 MiB, 8414 MiB, 15360 MiB, 35 %, 27 %, 1185 MHz, 5000 MHz, 45.54 W, 76, P0
2026/09/30 07:18:49.238, Tesla T4, 6499 MiB, 8414 MiB, 15360 MiB, 39 %, 30 %, 1185 MHz, 5000 MHz, 51.15 W, 76, P0
2026/09/30 07:18:49.751, Tesla T4, 6499 MiB, 8414 MiB, 15360 MiB, 39 %, 30 %, 1215 MHz, 5000 MHz, 51.22 W, 76, P0
2026/09/30 07:18:50.263, Tesla T4, 6499 MiB, 8414 MiB, 15360 MiB, 39 %, 31 %, 1215 MHz, 5000 MHz, 52.03 W, 77, P0
2026/09/30 07:18:50.776, Tesla T4, 6499 MiB, 8414 MiB, 15360 MiB, 40 %, 32 %, 1260 MHz, 5000 MHz, 53.12 W, 77, P0
2026/09/30 07:18:51.300, Tesla T4, 6499 MiB, 8414 MiB, 15360 MiB, 40 %, 32 %, 1260 MHz, 5000 MHz, 50.92 W, 77, P0
2026/09/30 07:18:51.809, Tesla T4, 6499 MiB, 8414 MiB, 15360 MiB, 39 %, 31 %, 1260 MHz, 5000 MHz, 49.44 W, 77, P0
2026/09/30 07:18:52.335, Tesla T4, 6499 MiB, 8414 MiB, 15360 MiB, 40 %, 32 %, 1260 MHz, 5000 MHz, 50.59 W, 77, P0
2026/09/30 07:18:52.847, Tesla T4, 6499 MiB, 8414 MiB, 15360 MiB, 52 %, 29 %, 1560 MHz, 5000 MHz, 56.20 W, 78, P0
2026/09/30 07:18:53.371, Tesla T4, 6499 MiB, 8414 MiB, 15360 MiB, 34 %, 29 %, 1590 MHz, 5000 MHz, 58.94 W, 79, P0
2026/09/30 07:18:53.880, Tesla T4, 6499 MiB, 8414 MiB, 15360 MiB, 36 %, 30 %, 1590 MHz, 5000 MHz, 53.54 W, 79, P0
2026/09/30 07:18:54.398, Tesla T4, 6499 MiB, 8414 MiB, 15360 MiB, 27 %, 23 %, 1590 MHz, 5000 MHz, 60.22 W, 79, P0
2026/09/30 07:18:54.926, Tesla T4, 6499 MiB, 8414 MiB, 15360 MiB, 30 %, 24 %, 1275 MHz, 5000 MHz, 48.27 W, 78, P0
2026/09/30 07:18:55.452, Tesla T4, 6499 MiB, 8414 MiB, 15360 MiB, 31 %, 24 %, 1200 MHz, 5000 MHz, 44.58 W, 78, P0
2026/09/30 07:18:55.970, Tesla T4, 6499 MiB, 8414 MiB, 15360 MiB, 29 %, 22 %, 1095 MHz, 5000 MHz, 45.66 W, 78, P0
2026/09/30 07:18:56.487, Tesla T4, 6499 MiB, 8414 MiB, 15360 MiB, 27 %, 20 %, 1035 MHz, 5000 MHz, 40.10 W, 77, P0
2026/09/30 07:18:57.005, Tesla T4, 6499 MiB, 8414 MiB, 15360 MiB, 40 %, 29 %, 1020 MHz, 5000 MHz, 45.30 W, 78, P0
2026/09/30 07:18:57.515, Tesla T4, 6499 MiB, 8414 MiB, 15360 MiB, 39 %, 28 %, 1020 MHz, 5000 MHz, 51.78 W, 78, P0
2026/09/30 07:18:58.039, Tesla T4, 6499 MiB, 8414 MiB, 15360 MiB, 39 %, 29 %, 1065 MHz, 5000 MHz, 50.32 W, 78, P0
2026/09/30 07:18:58.553, Tesla T4, 6499 MiB, 8414 MiB, 15360 MiB, 41 %, 31 %, 1110 MHz, 5000 MHz, 47.70 W, 78, P0
2026/09/30 07:18:59.062, Tesla T4, 6499 MiB, 8414 MiB, 15360 MiB, 40 %, 30 %, 1110 MHz, 5000 MHz, 47.60 W, 78, P0
2026/09/30 07:18:59.572, Tesla T4, 6499 MiB, 8414 MiB, 15360 MiB, 40 %, 30 %, 1110 MHz, 5000 MHz, 48.49 W, 78, P0
2026/09/30 07:19:00.083, Tesla T4, 6499 MiB, 8414 MiB, 15360 MiB, 40 %, 30 %, 1110 MHz, 5000 MHz, 48.00 W, 78, P0
2026/09/30 07:19:00.592, Tesla T4, 6499 MiB, 8414 MiB, 15360 MiB, 40 %, 31 %, 1140 MHz, 5000 MHz, 49.60 W, 78, P0
2026/09/30 07:19:01.105, Tesla T4, 6499 MiB, 8414 MiB, 15360 MiB, 39 %, 30 %, 1140 MHz, 5000 MHz, 51.25 W, 78, P0
2026/09/30 07:19:01.615, Tesla T4, 6499 MiB, 8414 MiB, 15360 MiB, 41 %, 31 %, 1185 MHz, 5000 MHz, 47.18 W, 78, P0
2026/09/30 07:19:02.130, Tesla T4, 6499 MiB, 8414 MiB, 15360 MiB, 38 %, 30 %, 1185 MHz, 5000 MHz, 47.70 W, 78, P0
2026/09/30 07:19:02.640, Tesla T4, 6499 MiB, 8414 MiB, 15360 MiB, 41 %, 32 %, 1215 MHz, 5000 MHz, 53.77 W, 78, P0
2026/09/30 07:19:03.149, Tesla T4, 6499 MiB, 8414 MiB, 15360 MiB, 38 %, 30 %, 1215 MHz, 5000 MHz, 49.77 W, 79, P0
2026/09/30 07:19:03.660, Tesla T4, 6499 MiB, 8414 MiB, 15360 MiB, 39 %, 31 %, 1215 MHz, 5000 MHz, 48.46 W, 79, P0
2026/09/30 07:19:04.172, Tesla T4, 6499 MiB, 8414 MiB, 15360 MiB, 38 %, 31 %, 1215 MHz, 5000 MHz, 50.69 W, 79, P0
2026/09/30 07:19:04.684, Tesla T4, 6499 MiB, 8414 MiB, 15360 MiB, 33 %, 27 %, 1590 MHz, 5000 MHz, 62.77 W, 80, P0
2026/09/30 07:19:05.192, Tesla T4, 6499 MiB, 8414 MiB, 15360 MiB, 33 %, 27 %, 1575 MHz, 5000 MHz, 73.22 W, 80, P0
2026/09/30 07:19:05.700, Tesla T4, 6499 MiB, 8414 MiB, 15360 MiB, 32 %, 27 %, 1590 MHz, 5000 MHz, 67.79 W, 81, P0
2026/09/30 07:19:06.210, Tesla T4, 6499 MiB, 8414 MiB, 15360 MiB, 36 %, 30 %, 1440 MHz, 5000 MHz, 60.51 W, 80, P0
2026/09/30 07:19:06.721, Tesla T4, 6499 MiB, 8414 MiB, 15360 MiB, 34 %, 29 %, 1410 MHz, 5000 MHz, 50.49 W, 80, P0
2026/09/30 07:19:07.239, Tesla T4, 6499 MiB, 8414 MiB, 15360 MiB, 29 %, 23 %, 1290 MHz, 5000 MHz, 49.94 W, 79, P0
2026/09/30 07:19:07.767, Tesla T4, 6499 MiB, 8414 MiB, 15360 MiB, 29 %, 23 %, 1230 MHz, 5000 MHz, 49.48 W, 79, P0
2026/09/30 07:19:08.305, Tesla T4, 6499 MiB, 8414 MiB, 15360 MiB, 29 %, 23 %, 1155 MHz, 5000 MHz, 45.66 W, 79, P0
2026/09/30 07:19:08.819, Tesla T4, 6499 MiB, 8414 MiB, 15360 MiB, 29 %, 22 %, 1065 MHz, 5000 MHz, 46.16 W, 78, P0
2026/09/30 07:19:09.346, Tesla T4, 6499 MiB, 8414 MiB, 15360 MiB, 25 %, 19 %, 1005 MHz, 5000 MHz, 42.73 W, 78, P0
2026/09/30 07:19:09.857, Tesla T4, 6499 MiB, 8414 MiB, 15360 MiB, 37 %, 27 %, 1020 MHz, 5000 MHz, 46.23 W, 78, P0
2026/09/30 07:19:10.367, Tesla T4, 6499 MiB, 8414 MiB, 15360 MiB, 41 %, 30 %, 1050 MHz, 5000 MHz, 50.76 W, 78, P0
2026/09/30 07:19:10.877, Tesla T4, 6499 MiB, 8414 MiB, 15360 MiB, 37 %, 28 %, 1080 MHz, 5000 MHz, 50.92 W, 78, P0
2026/09/30 07:19:11.387, Tesla T4, 6499 MiB, 8414 MiB, 15360 MiB, 39 %, 29 %, 1080 MHz, 5000 MHz, 48.00 W, 78, P0
2026/09/30 07:19:11.901, Tesla T4, 6499 MiB, 8414 MiB, 15360 MiB, 38 %, 29 %, 1110 MHz, 5000 MHz, 46.94 W, 78, P0
2026/09/30 07:19:12.414, Tesla T4, 6499 MiB, 8414 MiB, 15360 MiB, 41 %, 31 %, 1170 MHz, 5000 MHz, 54.76 W, 78, P0
2026/09/30 07:19:12.926, Tesla T4, 6499 MiB, 8414 MiB, 15360 MiB, 37 %, 29 %, 1170 MHz, 5000 MHz, 47.73 W, 78, P0
2026/09/30 07:19:13.435, Tesla T4, 6499 MiB, 8414 MiB, 15360 MiB, 40 %, 31 %, 1170 MHz, 5000 MHz, 48.95 W, 78, P0
2026/09/30 07:19:13.945, Tesla T4, 6499 MiB, 8414 MiB, 15360 MiB, 37 %, 29 %, 1185 MHz, 5000 MHz, 48.46 W, 78, P0
2026/09/30 07:19:14.457, Tesla T4, 6499 MiB, 8414 MiB, 15360 MiB, 40 %, 32 %, 1215 MHz, 5000 MHz, 50.99 W, 78, P0
2026/09/30 07:19:14.966, Tesla T4, 6499 MiB, 8414 MiB, 15360 MiB, 39 %, 31 %, 1215 MHz, 5000 MHz, 48.66 W, 78, P0
2026/09/30 07:19:15.475, Tesla T4, 6499 MiB, 8414 MiB, 15360 MiB, 38 %, 30 %, 1215 MHz, 5000 MHz, 48.27 W, 78, P0
2026/09/30 07:19:15.987, Tesla T4, 6499 MiB, 8414 MiB, 15360 MiB, 40 %, 32 %, 1230 MHz, 5000 MHz, 52.43 W, 78, P0
2026/09/30 07:19:16.496, Tesla T4, 6499 MiB, 8414 MiB, 15360 MiB, 40 %, 32 %, 1230 MHz, 5000 MHz, 51.01 W, 78, P0
2026/09/30 07:19:17.005, Tesla T4, 6499 MiB, 8414 MiB, 15360 MiB, 38 %, 31 %, 1230 MHz, 5000 MHz, 48.76 W, 77, P0
2026/09/30 07:19:17.516, Tesla T4, 6499 MiB, 8414 MiB, 15360 MiB, 40 %, 32 %, 1245 MHz, 5000 MHz, 55.54 W, 77, P0
2026/09/30 07:19:18.025, Tesla T4, 6499 MiB, 8414 MiB, 15360 MiB, 36 %, 28 %, 1245 MHz, 5000 MHz, 47.63 W, 77, P0
2026/09/30 07:19:18.535, Tesla T4, 6499 MiB, 8414 MiB, 15360 MiB, 40 %, 32 %, 1275 MHz, 5000 MHz, 51.12 W, 77, P0
2026/09/30 07:19:19.046, Tesla T4, 6499 MiB, 8414 MiB, 15360 MiB, 60 %, 28 %, 1230 MHz, 5000 MHz, 65.59 W, 78, P0
2026/09/30 07:19:19.556, Tesla T4, 6499 MiB, 8414 MiB, 15360 MiB, 29 %, 24 %, 1545 MHz, 5000 MHz, 65.01 W, 78, P0
2026/09/30 07:19:20.071, Tesla T4, 6499 MiB, 8414 MiB, 15360 MiB, 26 %, 22 %, 1545 MHz, 5000 MHz, 54.53 W, 78, P0
2026/09/30 07:19:20.586, Tesla T4, 6499 MiB, 8414 MiB, 15360 MiB, 29 %, 25 %, 1545 MHz, 5000 MHz, 58.33 W, 78, P0
2026/09/30 07:19:21.107, Tesla T4, 6499 MiB, 8414 MiB, 15360 MiB, 25 %, 21 %, 1215 MHz, 5000 MHz, 48.91 W, 77, P0
2026/09/30 07:19:21.624, Tesla T4, 6499 MiB, 8414 MiB, 15360 MiB, 28 %, 22 %, 1140 MHz, 5000 MHz, 47.04 W, 77, P0
2026/09/30 07:19:22.148, Tesla T4, 6499 MiB, 8414 MiB, 15360 MiB, 24 %, 18 %, 1035 MHz, 5000 MHz, 44.01 W, 77, P0
2026/09/30 07:19:22.661, Tesla T4, 6499 MiB, 8414 MiB, 15360 MiB, 41 %, 31 %, 1155 MHz, 5000 MHz, 49.51 W, 77, P0
2026/09/30 07:19:23.171, Tesla T4, 6499 MiB, 8414 MiB, 15360 MiB, 39 %, 30 %, 1155 MHz, 5000 MHz, 44.26 W, 77, P0
2026/09/30 07:19:23.681, Tesla T4, 6499 MiB, 8414 MiB, 15360 MiB, 38 %, 30 %, 1155 MHz, 5000 MHz, 50.03 W, 77, P0
2026/09/30 07:19:24.190, Tesla T4, 6499 MiB, 8414 MiB, 15360 MiB, 39 %, 30 %, 1155 MHz, 5000 MHz, 48.79 W, 77, P0
2026/09/30 07:19:24.704, Tesla T4, 6499 MiB, 8414 MiB, 15360 MiB, 40 %, 30 %, 1140 MHz, 5000 MHz, 51.15 W, 76, P0
2026/09/30 07:19:25.213, Tesla T4, 6499 MiB, 8414 MiB, 15360 MiB, 38 %, 29 %, 1140 MHz, 5000 MHz, 48.32 W, 76, P0
2026/09/30 07:19:25.722, Tesla T4, 6499 MiB, 8414 MiB, 15360 MiB, 40 %, 31 %, 1140 MHz, 5000 MHz, 47.80 W, 76, P0
2026/09/30 07:19:26.234, Tesla T4, 6499 MiB, 8414 MiB, 15360 MiB, 38 %, 29 %, 1140 MHz, 5000 MHz, 49.11 W, 76, P0
2026/09/30 07:19:26.743, Tesla T4, 6499 MiB, 8414 MiB, 15360 MiB, 40 %, 31 %, 1155 MHz, 5000 MHz, 52.46 W, 76, P0
2026/09/30 07:19:27.257, Tesla T4, 6499 MiB, 8414 MiB, 15360 MiB, 40 %, 31 %, 1170 MHz, 5000 MHz, 49.24 W, 76, P0
2026/09/30 07:19:27.766, Tesla T4, 6499 MiB, 8414 MiB, 15360 MiB, 40 %, 31 %, 1185 MHz, 5000 MHz, 48.32 W, 76, P0
2026/09/30 07:19:28.276, Tesla T4, 6499 MiB, 8414 MiB, 15360 MiB, 39 %, 31 %, 1185 MHz, 5000 MHz, 50.23 W, 76, P0
2026/09/30 07:19:28.787, Tesla T4, 6499 MiB, 8414 MiB, 15360 MiB, 40 %, 31 %, 1185 MHz, 5000 MHz, 47.83 W, 76, P0
2026/09/30 07:19:29.296, Tesla T4, 6499 MiB, 8414 MiB, 15360 MiB, 40 %, 32 %, 1215 MHz, 5000 MHz, 46.82 W, 76, P0
2026/09/30 07:19:29.809, Tesla T4, 6499 MiB, 8414 MiB, 15360 MiB, 40 %, 31 %, 1230 MHz, 5000 MHz, 49.22 W, 76, P0
2026/09/30 07:19:30.318, Tesla T4, 6499 MiB, 8414 MiB, 15360 MiB, 40 %, 32 %, 1230 MHz, 5000 MHz, 50.39 W, 76, P0
2026/09/30 07:19:30.827, Tesla T4, 6499 MiB, 8414 MiB, 15360 MiB, 41 %, 32 %, 1260 MHz, 5000 MHz, 52.23 W, 76, P0
2026/09/30 07:19:31.339, Tesla T4, 6499 MiB, 8414 MiB, 15360 MiB, 39 %, 32 %, 1260 MHz, 5000 MHz, 50.56 W, 76, P0
2026/09/30 07:19:31.848, Tesla T4, 6499 MiB, 8414 MiB, 15360 MiB, 38 %, 30 %, 1260 MHz, 5000 MHz, 50.04 W, 76, P0
2026/09/30 07:19:32.362, Tesla T4, 6499 MiB, 8414 MiB, 15360 MiB, 26 %, 21 %, 1260 MHz, 5000 MHz, 52.07 W, 76, P0
2026/09/30 07:19:32.884, Tesla T4, 6499 MiB, 8414 MiB, 15360 MiB, 32 %, 25 %, 1140 MHz, 5000 MHz, 46.75 W, 76, P0
2026/09/30 07:19:33.407, Tesla T4, 6499 MiB, 8414 MiB, 15360 MiB, 34 %, 26 %, 1095 MHz, 5000 MHz, 45.59 W, 76, P0
2026/09/30 07:19:33.936, Tesla T4, 6499 MiB, 8414 MiB, 15360 MiB, 29 %, 22 %, 1035 MHz, 5000 MHz, 43.94 W, 75, P0
2026/09/30 07:19:34.452, Tesla T4, 6499 MiB, 8414 MiB, 15360 MiB, 35 %, 24 %, 1515 MHz, 5000 MHz, 51.88 W, 76, P0
2026/09/30 07:19:34.969, Tesla T4, 6499 MiB, 8414 MiB, 15360 MiB, 26 %, 22 %, 1515 MHz, 5000 MHz, 54.23 W, 77, P0
2026/09/30 07:19:35.481, Tesla T4, 6499 MiB, 8414 MiB, 15360 MiB, 36 %, 30 %, 1515 MHz, 5000 MHz, 56.59 W, 77, P0
2026/09/30 07:19:35.989, Tesla T4, 6499 MiB, 8414 MiB, 15360 MiB, 32 %, 27 %, 1590 MHz, 5000 MHz, 62.24 W, 77, P0
2026/09/30 07:19:36.497, Tesla T4, 6499 MiB, 8414 MiB, 15360 MiB, 36 %, 31 %, 1590 MHz, 5000 MHz, 59.70 W, 78, P0
2026/09/30 07:19:37.007, Tesla T4, 6499 MiB, 8414 MiB, 15360 MiB, 32 %, 27 %, 1590 MHz, 5000 MHz, 58.75 W, 78, P0
2026/09/30 07:19:37.516, Tesla T4, 6499 MiB, 8414 MiB, 15360 MiB, 34 %, 29 %, 1470 MHz, 5000 MHz, 60.97 W, 78, P0
2026/09/30 07:19:38.025, Tesla T4, 6499 MiB, 8414 MiB, 15360 MiB, 33 %, 28 %, 1440 MHz, 5000 MHz, 57.58 W, 77, P0
2026/09/30 07:19:38.534, Tesla T4, 6499 MiB, 8414 MiB, 15360 MiB, 37 %, 30 %, 1410 MHz, 5000 MHz, 53.45 W, 77, P0
2026/09/30 07:19:39.043, Tesla T4, 6499 MiB, 8414 MiB, 15360 MiB, 34 %, 27 %, 1380 MHz, 5000 MHz, 57.05 W, 77, P0
2026/09/30 07:19:39.552, Tesla T4, 6499 MiB, 8414 MiB, 15360 MiB, 37 %, 30 %, 1365 MHz, 5000 MHz, 52.69 W, 77, P0
2026/09/30 07:19:40.062, Tesla T4, 6499 MiB, 8414 MiB, 15360 MiB, 34 %, 28 %, 1335 MHz, 5000 MHz, 58.03 W, 77, P0
2026/09/30 07:19:40.570, Tesla T4, 6499 MiB, 8414 MiB, 15360 MiB, 38 %, 31 %, 1335 MHz, 5000 MHz, 53.12 W, 77, P0
2026/09/30 07:19:41.081, Tesla T4, 6499 MiB, 8414 MiB, 15360 MiB, 36 %, 29 %, 1320 MHz, 5000 MHz, 58.40 W, 77, P0
2026/09/30 07:19:41.590, Tesla T4, 6499 MiB, 8414 MiB, 15360 MiB, 39 %, 31 %, 1305 MHz, 5000 MHz, 53.12 W, 77, P0
2026/09/30 07:19:42.099, Tesla T4, 6499 MiB, 8414 MiB, 15360 MiB, 38 %, 31 %, 1290 MHz, 5000 MHz, 52.92 W, 77, P0
2026/09/30 07:19:42.611, Tesla T4, 6499 MiB, 8414 MiB, 15360 MiB, 38 %, 31 %, 1275 MHz, 5000 MHz, 50.62 W, 77, P0
2026/09/30 07:19:43.121, Tesla T4, 6499 MiB, 8414 MiB, 15360 MiB, 37 %, 29 %, 1260 MHz, 5000 MHz, 50.92 W, 77, P0
2026/09/30 07:19:43.631, Tesla T4, 6499 MiB, 8414 MiB, 15360 MiB, 36 %, 28 %, 1230 MHz, 5000 MHz, 50.13 W, 76, P0
2026/09/30 07:19:44.143, Tesla T4, 6499 MiB, 8414 MiB, 15360 MiB, 36 %, 28 %, 1215 MHz, 5000 MHz, 48.22 W, 76, P0
2026/09/30 07:19:44.652, Tesla T4, 6499 MiB, 8414 MiB, 15360 MiB, 39 %, 31 %, 1200 MHz, 5000 MHz, 53.81 W, 76, P0
2026/09/30 07:19:45.165, Tesla T4, 6499 MiB, 8414 MiB, 15360 MiB, 27 %, 21 %, 1140 MHz, 5000 MHz, 47.01 W, 76, P0
2026/09/30 07:19:45.681, Tesla T4, 6499 MiB, 8414 MiB, 15360 MiB, 32 %, 24 %, 1095 MHz, 5000 MHz, 41.95 W, 76, P0
2026/09/30 07:19:46.197, Tesla T4, 6499 MiB, 8414 MiB, 15360 MiB, 31 %, 24 %, 1035 MHz, 5000 MHz, 42.14 W, 76, P0
2026/09/30 07:19:46.716, Tesla T4, 6499 MiB, 8414 MiB, 15360 MiB, 29 %, 22 %, 990 MHz, 5000 MHz, 43.87 W, 75, P0
2026/09/30 07:19:47.233, Tesla T4, 6499 MiB, 8414 MiB, 15360 MiB, 31 %, 23 %, 930 MHz, 5000 MHz, 41.11 W, 75, P0
2026/09/30 07:19:47.750, Tesla T4, 6499 MiB, 8414 MiB, 15360 MiB, 28 %, 20 %, 870 MHz, 5000 MHz, 44.19 W, 75, P0
2026/09/30 07:19:48.261, Tesla T4, 6499 MiB, 8414 MiB, 15360 MiB, 41 %, 31 %, 1050 MHz, 5000 MHz, 46.58 W, 75, P0
2026/09/30 07:19:48.790, Tesla T4, 6499 MiB, 8414 MiB, 15360 MiB, 34 %, 26 %, 1125 MHz, 5000 MHz, 48.06 W, 76, P0
2026/09/30 07:19:49.299, Tesla T4, 6499 MiB, 8414 MiB, 15360 MiB, 40 %, 31 %, 1140 MHz, 5000 MHz, 49.53 W, 76, P0
2026/09/30 07:19:49.812, Tesla T4, 6499 MiB, 8414 MiB, 15360 MiB, 42 %, 33 %, 1230 MHz, 5000 MHz, 48.28 W, 76, P0
2026/09/30 07:19:50.323, Tesla T4, 6499 MiB, 8414 MiB, 15360 MiB, 40 %, 31 %, 1215 MHz, 5000 MHz, 66.46 W, 77, P0
2026/09/30 07:19:50.832, Tesla T4, 6499 MiB, 8414 MiB, 15360 MiB, 35 %, 30 %, 1590 MHz, 5000 MHz, 62.50 W, 77, P0
2026/09/30 07:19:51.340, Tesla T4, 6499 MiB, 8414 MiB, 15360 MiB, 35 %, 30 %, 1590 MHz, 5000 MHz, 65.26 W, 77, P0
2026/09/30 07:19:51.849, Tesla T4, 6499 MiB, 8414 MiB, 15360 MiB, 35 %, 30 %, 1590 MHz, 5000 MHz, 63.65 W, 78, P0
2026/09/30 07:19:52.357, Tesla T4, 6499 MiB, 8414 MiB, 15360 MiB, 36 %, 30 %, 1470 MHz, 5000 MHz, 57.51 W, 77, P0
2026/09/30 07:19:52.866, Tesla T4, 6499 MiB, 8414 MiB, 15360 MiB, 36 %, 30 %, 1425 MHz, 5000 MHz, 54.95 W, 77, P0
2026/09/30 07:19:53.376, Tesla T4, 6499 MiB, 8414 MiB, 15360 MiB, 36 %, 30 %, 1395 MHz, 5000 MHz, 55.05 W, 77, P0
2026/09/30 07:19:53.884, Tesla T4, 6499 MiB, 8414 MiB, 15360 MiB, 36 %, 30 %, 1350 MHz, 5000 MHz, 51.97 W, 77, P0
2026/09/30 07:19:54.393, Tesla T4, 6499 MiB, 8414 MiB, 15360 MiB, 39 %, 32 %, 1320 MHz, 5000 MHz, 50.01 W, 77, P0
2026/09/30 07:19:54.907, Tesla T4, 6499 MiB, 8414 MiB, 15360 MiB, 39 %, 31 %, 1305 MHz, 5000 MHz, 49.48 W, 77, P0
2026/09/30 07:19:55.416, Tesla T4, 6499 MiB, 8414 MiB, 15360 MiB, 39 %, 31 %, 1290 MHz, 5000 MHz, 50.01 W, 77, P0
2026/09/30 07:19:55.924, Tesla T4, 6499 MiB, 8414 MiB, 15360 MiB, 38 %, 30 %, 1275 MHz, 5000 MHz, 52.73 W, 77, P0
2026/09/30 07:19:56.434, Tesla T4, 6499 MiB, 8414 MiB, 15360 MiB, 39 %, 31 %, 1260 MHz, 5000 MHz, 50.07 W, 77, P0
2026/09/30 07:19:56.943, Tesla T4, 6499 MiB, 8414 MiB, 15360 MiB, 39 %, 31 %, 1245 MHz, 5000 MHz, 49.87 W, 77, P0
2026/09/30 07:19:57.453, Tesla T4, 6499 MiB, 8414 MiB, 15360 MiB, 39 %, 31 %, 1230 MHz, 5000 MHz, 49.08 W, 77, P0
2026/09/30 07:19:57.966, Tesla T4, 6499 MiB, 8414 MiB, 15360 MiB, 24 %, 19 %, 1170 MHz, 5000 MHz, 46.97 W, 76, P0
2026/09/30 07:19:58.480, Tesla T4, 6499 MiB, 8414 MiB, 15360 MiB, 31 %, 24 %, 1095 MHz, 5000 MHz, 45.30 W, 76, P0
2026/09/30 07:19:58.998, Tesla T4, 6499 MiB, 8414 MiB, 15360 MiB, 30 %, 22 %, 1050 MHz, 5000 MHz, 43.42 W, 76, P0
2026/09/30 07:19:59.516, Tesla T4, 6499 MiB, 8414 MiB, 15360 MiB, 30 %, 22 %, 990 MHz, 5000 MHz, 42.66 W, 76, P0
2026/09/30 07:20:00.038, Tesla T4, 6499 MiB, 8414 MiB, 15360 MiB, 26 %, 19 %, 915 MHz, 5000 MHz, 40.12 W, 76, P0
2026/09/30 07:20:00.556, Tesla T4, 6499 MiB, 8414 MiB, 15360 MiB, 40 %, 29 %, 900 MHz, 5000 MHz, 44.28 W, 76, P0
2026/09/30 07:20:01.067, Tesla T4, 6499 MiB, 8414 MiB, 15360 MiB, 39 %, 29 %, 1050 MHz, 5000 MHz, 45.74 W, 76, P0
2026/09/30 07:20:01.577, Tesla T4, 6499 MiB, 8414 MiB, 15360 MiB, 42 %, 32 %, 1155 MHz, 5000 MHz, 47.60 W, 76, P0
2026/09/30 07:20:02.088, Tesla T4, 6499 MiB, 8414 MiB, 15360 MiB, 37 %, 29 %, 1185 MHz, 5000 MHz, 47.67 W, 76, P0
2026/09/30 07:20:02.597, Tesla T4, 6499 MiB, 8414 MiB, 15360 MiB, 40 %, 31 %, 1185 MHz, 5000 MHz, 52.13 W, 76, P0
2026/09/30 07:20:03.110, Tesla T4, 6499 MiB, 8414 MiB, 15360 MiB, 38 %, 30 %, 1200 MHz, 5000 MHz, 49.24 W, 76, P0
2026/09/30 07:20:03.619, Tesla T4, 6499 MiB, 8414 MiB, 15360 MiB, 39 %, 31 %, 1200 MHz, 5000 MHz, 48.17 W, 76, P0
2026/09/30 07:20:04.128, Tesla T4, 6499 MiB, 8414 MiB, 15360 MiB, 35 %, 28 %, 1230 MHz, 5000 MHz, 48.66 W, 76, P0
2026/09/30 07:20:04.639, Tesla T4, 6499 MiB, 8414 MiB, 15360 MiB, 40 %, 32 %, 1230 MHz, 5000 MHz, 52.69 W, 76, P0
2026/09/30 07:20:05.151, Tesla T4, 6499 MiB, 8414 MiB, 15360 MiB, 100 %, 29 %, 900 MHz, 5000 MHz, 65.03 W, 77, P0
2026/09/30 07:20:05.662, Tesla T4, 6499 MiB, 8414 MiB, 15360 MiB, 36 %, 31 %, 1590 MHz, 5000 MHz, 63.03 W, 78, P0
2026/09/30 07:20:06.172, Tesla T4, 6499 MiB, 8414 MiB, 15360 MiB, 32 %, 28 %, 1590 MHz, 5000 MHz, 61.77 W, 78, P0
2026/09/30 07:20:06.680, Tesla T4, 6499 MiB, 8414 MiB, 15360 MiB, 38 %, 32 %, 1590 MHz, 5000 MHz, 73.37 W, 78, P0
2026/09/30 07:20:07.196, Tesla T4, 6499 MiB, 8414 MiB, 15360 MiB, 33 %, 28 %, 1485 MHz, 5000 MHz, 61.86 W, 78, P0
2026/09/30 07:20:07.704, Tesla T4, 6499 MiB, 8414 MiB, 15360 MiB, 38 %, 32 %, 1455 MHz, 5000 MHz, 56.92 W, 78, P0
2026/09/30 07:20:08.212, Tesla T4, 6499 MiB, 8414 MiB, 15360 MiB, 37 %, 31 %, 1440 MHz, 5000 MHz, 57.86 W, 78, P0
2026/09/30 07:20:08.724, Tesla T4, 6499 MiB, 8414 MiB, 15360 MiB, 38 %, 32 %, 1410 MHz, 5000 MHz, 57.81 W, 78, P0
2026/09/30 07:20:09.232, Tesla T4, 6499 MiB, 8414 MiB, 15360 MiB, 37 %, 31 %, 1395 MHz, 5000 MHz, 54.66 W, 78, P0
2026/09/30 07:20:09.741, Tesla T4, 6499 MiB, 8414 MiB, 15360 MiB, 39 %, 33 %, 1380 MHz, 5000 MHz, 52.79 W, 78, P0
2026/09/30 07:20:10.251, Tesla T4, 6499 MiB, 8414 MiB, 15360 MiB, 38 %, 31 %, 1365 MHz, 5000 MHz, 54.13 W, 78, P0
2026/09/30 07:20:10.760, Tesla T4, 6499 MiB, 8414 MiB, 15360 MiB, 30 %, 24 %, 1275 MHz, 5000 MHz, 47.93 W, 78, P0
2026/09/30 07:20:11.287, Tesla T4, 6499 MiB, 8414 MiB, 15360 MiB, 29 %, 23 %, 1200 MHz, 5000 MHz, 47.14 W, 77, P0
2026/09/30 07:20:11.815, Tesla T4, 6499 MiB, 8414 MiB, 15360 MiB, 32 %, 26 %, 1155 MHz, 5000 MHz, 47.18 W, 77, P0
2026/09/30 07:20:12.334, Tesla T4, 6499 MiB, 8414 MiB, 15360 MiB, 27 %, 21 %, 1080 MHz, 5000 MHz, 42.46 W, 77, P0
2026/09/30 07:20:12.852, Tesla T4, 6499 MiB, 8414 MiB, 15360 MiB, 30 %, 23 %, 1035 MHz, 5000 MHz, 46.18 W, 77, P0
2026/09/30 07:20:13.370, Tesla T4, 6499 MiB, 8414 MiB, 15360 MiB, 43 %, 32 %, 1050 MHz, 5000 MHz, 45.79 W, 77, P0
2026/09/30 07:20:13.881, Tesla T4, 6499 MiB, 8414 MiB, 15360 MiB, 43 %, 33 %, 1155 MHz, 5000 MHz, 51.57 W, 77, P0
2026/09/30 07:20:14.399, Tesla T4, 6499 MiB, 8414 MiB, 15360 MiB, 40 %, 32 %, 1200 MHz, 5000 MHz, 52.46 W, 77, P0
2026/09/30 07:20:14.916, Tesla T4, 6499 MiB, 8414 MiB, 15360 MiB, 41 %, 33 %, 1290 MHz, 5000 MHz, 49.53 W, 77, P0
2026/09/30 07:20:15.427, Tesla T4, 6499 MiB, 8414 MiB, 15360 MiB, 66 %, 27 %, 1590 MHz, 5000 MHz, 60.84 W, 78, P0
2026/09/30 07:20:15.947, Tesla T4, 6499 MiB, 8414 MiB, 15360 MiB, 36 %, 30 %, 1590 MHz, 5000 MHz, 63.49 W, 79, P0
2026/09/30 07:20:16.457, Tesla T4, 6499 MiB, 8414 MiB, 15360 MiB, 34 %, 29 %, 1590 MHz, 5000 MHz, 64.69 W, 79, P0
2026/09/30 07:20:16.976, Tesla T4, 6499 MiB, 8414 MiB, 15360 MiB, 35 %, 30 %, 1590 MHz, 5000 MHz, 60.57 W, 79, P0
2026/09/30 07:20:17.487, Tesla T4, 6499 MiB, 8414 MiB, 15360 MiB, 37 %, 30 %, 1440 MHz, 5000 MHz, 58.33 W, 79, P0
2026/09/30 07:20:17.999, Tesla T4, 6499 MiB, 8414 MiB, 15360 MiB, 36 %, 30 %, 1395 MHz, 5000 MHz, 56.33 W, 79, P0
2026/09/30 07:20:18.508, Tesla T4, 6499 MiB, 8414 MiB, 15360 MiB, 38 %, 31 %, 1380 MHz, 5000 MHz, 54.04 W, 79, P0
2026/09/30 07:20:19.017, Tesla T4, 6499 MiB, 8414 MiB, 15360 MiB, 36 %, 29 %, 1350 MHz, 5000 MHz, 52.79 W, 78, P0
2026/09/30 07:20:19.527, Tesla T4, 6499 MiB, 8414 MiB, 15360 MiB, 39 %, 31 %, 1335 MHz, 5000 MHz, 51.71 W, 78, P0
2026/09/30 07:20:20.038, Tesla T4, 6499 MiB, 8414 MiB, 15360 MiB, 36 %, 29 %, 1305 MHz, 5000 MHz, 50.01 W, 78, P0
2026/09/30 07:20:20.548, Tesla T4, 6499 MiB, 8414 MiB, 15360 MiB, 39 %, 31 %, 1290 MHz, 5000 MHz, 49.94 W, 78, P0
2026/09/30 07:20:21.060, Tesla T4, 6499 MiB, 8414 MiB, 15360 MiB, 38 %, 31 %, 1275 MHz, 5000 MHz, 49.94 W, 78, P0
2026/09/30 07:20:21.568, Tesla T4, 6499 MiB, 8414 MiB, 15360 MiB, 39 %, 31 %, 1275 MHz, 5000 MHz, 49.71 W, 78, P0
2026/09/30 07:20:22.077, Tesla T4, 6499 MiB, 8414 MiB, 15360 MiB, 38 %, 30 %, 1260 MHz, 5000 MHz, 51.97 W, 78, P0
2026/09/30 07:20:22.589, Tesla T4, 6499 MiB, 8414 MiB, 15360 MiB, 39 %, 31 %, 1245 MHz, 5000 MHz, 48.95 W, 78, P0
2026/09/30 07:20:23.098, Tesla T4, 6499 MiB, 8414 MiB, 15360 MiB, 37 %, 30 %, 1230 MHz, 5000 MHz, 44.78 W, 78, P0
2026/09/30 07:20:23.618, Tesla T4, 6499 MiB, 8414 MiB, 15360 MiB, 46 %, 22 %, 1365 MHz, 5000 MHz, 67.63 W, 78, P0
2026/09/30 07:20:24.133, Tesla T4, 6499 MiB, 8414 MiB, 15360 MiB, 29 %, 23 %, 1305 MHz, 5000 MHz, 51.35 W, 78, P0
2026/09/30 07:20:24.655, Tesla T4, 6499 MiB, 8414 MiB, 15360 MiB, 30 %, 24 %, 1305 MHz, 5000 MHz, 47.51 W, 78, P0
2026/09/30 07:20:25.176, Tesla T4, 6499 MiB, 8414 MiB, 15360 MiB, 26 %, 21 %, 1305 MHz, 5000 MHz, 48.22 W, 78, P0
2026/09/30 07:20:25.698, Tesla T4, 6499 MiB, 8414 MiB, 15360 MiB, 25 %, 20 %, 1005 MHz, 5000 MHz, 45.99 W, 77, P0
2026/09/30 07:20:26.214, Tesla T4, 6499 MiB, 8414 MiB, 15360 MiB, 43 %, 31 %, 1020 MHz, 5000 MHz, 46.45 W, 77, P0
2026/09/30 07:20:26.726, Tesla T4, 6499 MiB, 8414 MiB, 15360 MiB, 42 %, 31 %, 1080 MHz, 5000 MHz, 49.28 W, 77, P0
2026/09/30 07:20:27.236, Tesla T4, 6499 MiB, 8414 MiB, 15360 MiB, 40 %, 30 %, 1095 MHz, 5000 MHz, 47.73 W, 77, P0
2026/09/30 07:20:27.746, Tesla T4, 6499 MiB, 8414 MiB, 15360 MiB, 41 %, 31 %, 1140 MHz, 5000 MHz, 46.55 W, 77, P0
2026/09/30 07:20:28.269, Tesla T4, 6499 MiB, 8414 MiB, 15360 MiB, 38 %, 29 %, 1140 MHz, 5000 MHz, 47.70 W, 77, P0
2026/09/30 07:20:28.779, Tesla T4, 6499 MiB, 8414 MiB, 15360 MiB, 40 %, 31 %, 1155 MHz, 5000 MHz, 49.01 W, 77, P0
2026/09/30 07:20:29.289, Tesla T4, 6499 MiB, 8414 MiB, 15360 MiB, 37 %, 28 %, 1155 MHz, 5000 MHz, 45.93 W, 77, P0
2026/09/30 07:20:29.801, Tesla T4, 6499 MiB, 8414 MiB, 15360 MiB, 41 %, 32 %, 1230 MHz, 5000 MHz, 48.79 W, 77, P0
2026/09/30 07:20:30.310, Tesla T4, 6499 MiB, 8414 MiB, 15360 MiB, 36 %, 28 %, 1230 MHz, 5000 MHz, 49.48 W, 77, P0
2026/09/30 07:20:30.819, Tesla T4, 6499 MiB, 8414 MiB, 15360 MiB, 43 %, 31 %, 1545 MHz, 5000 MHz, 62.08 W, 78, P0
2026/09/30 07:20:31.329, Tesla T4, 6499 MiB, 8414 MiB, 15360 MiB, 33 %, 28 %, 1545 MHz, 5000 MHz, 61.30 W, 78, P0
2026/09/30 07:20:31.838, Tesla T4, 6499 MiB, 8414 MiB, 15360 MiB, 36 %, 30 %, 1545 MHz, 5000 MHz, 62.32 W, 78, P0
2026/09/30 07:20:32.347, Tesla T4, 6499 MiB, 8414 MiB, 15360 MiB, 33 %, 28 %, 1545 MHz, 5000 MHz, 61.63 W, 78, P0
2026/09/30 07:20:32.855, Tesla T4, 6499 MiB, 8414 MiB, 15360 MiB, 37 %, 31 %, 1440 MHz, 5000 MHz, 54.99 W, 78, P0
2026/09/30 07:20:33.363, Tesla T4, 6499 MiB, 8414 MiB, 15360 MiB, 34 %, 28 %, 1410 MHz, 5000 MHz, 53.94 W, 77, P0
2026/09/30 07:20:33.871, Tesla T4, 6499 MiB, 8414 MiB, 15360 MiB, 38 %, 31 %, 1380 MHz, 5000 MHz, 55.61 W, 77, P0
2026/09/30 07:20:34.380, Tesla T4, 6499 MiB, 8414 MiB, 15360 MiB, 35 %, 29 %, 1335 MHz, 5000 MHz, 58.53 W, 77, P0
2026/09/30 07:20:34.899, Tesla T4, 6499 MiB, 8414 MiB, 15360 MiB, 36 %, 29 %, 1320 MHz, 5000 MHz, 51.84 W, 77, P0
2026/09/30 07:20:35.408, Tesla T4, 6499 MiB, 8414 MiB, 15360 MiB, 36 %, 29 %, 1275 MHz, 5000 MHz, 53.15 W, 77, P0
2026/09/30 07:20:35.920, Tesla T4, 6499 MiB, 8414 MiB, 15360 MiB, 39 %, 31 %, 1275 MHz, 5000 MHz, 44.01 W, 77, P0
2026/09/30 07:20:36.440, Tesla T4, 6499 MiB, 8414 MiB, 15360 MiB, 26 %, 20 %, 1155 MHz, 5000 MHz, 45.99 W, 76, P0
2026/09/30 07:20:36.956, Tesla T4, 6499 MiB, 8414 MiB, 15360 MiB, 31 %, 24 %, 1110 MHz, 5000 MHz, 42.64 W, 76, P0
2026/09/30 07:20:37.475, Tesla T4, 6499 MiB, 8414 MiB, 15360 MiB, 29 %, 22 %, 1050 MHz, 5000 MHz, 41.30 W, 76, P0
2026/09/30 07:20:37.992, Tesla T4, 6499 MiB, 8414 MiB, 15360 MiB, 29 %, 21 %, 990 MHz, 5000 MHz, 44.93 W, 76, P0
2026/09/30 07:20:38.543, Tesla T4, 6499 MiB, 8414 MiB, 15360 MiB, 27 %, 20 %, 930 MHz, 5000 MHz, 40.02 W, 75, P0
2026/09/30 07:20:39.059, Tesla T4, 6499 MiB, 8414 MiB, 15360 MiB, 43 %, 31 %, 1005 MHz, 5000 MHz, 43.62 W, 76, P0
2026/09/30 07:20:39.569, Tesla T4, 6499 MiB, 8414 MiB, 15360 MiB, 41 %, 30 %, 1095 MHz, 5000 MHz, 49.42 W, 76, P0
2026/09/30 07:20:40.080, Tesla T4, 6499 MiB, 8414 MiB, 15360 MiB, 38 %, 29 %, 1155 MHz, 5000 MHz, 48.42 W, 76, P0
2026/09/30 07:20:40.589, Tesla T4, 6499 MiB, 8414 MiB, 15360 MiB, 37 %, 29 %, 1155 MHz, 5000 MHz, 49.04 W, 76, P0
2026/09/30 07:20:41.099, Tesla T4, 6499 MiB, 8414 MiB, 15360 MiB, 39 %, 31 %, 1200 MHz, 5000 MHz, 54.10 W, 76, P0
2026/09/30 07:20:41.610, Tesla T4, 6499 MiB, 8414 MiB, 15360 MiB, 40 %, 32 %, 1215 MHz, 5000 MHz, 44.48 W, 76, P0
2026/09/30 07:20:42.119, Tesla T4, 6499 MiB, 8414 MiB, 15360 MiB, 38 %, 30 %, 1230 MHz, 5000 MHz, 51.31 W, 76, P0
2026/09/30 07:20:42.628, Tesla T4, 6499 MiB, 8414 MiB, 15360 MiB, 37 %, 29 %, 1230 MHz, 5000 MHz, 48.79 W, 76, P0
2026/09/30 07:20:43.142, Tesla T4, 6499 MiB, 8414 MiB, 15360 MiB, 39 %, 31 %, 1230 MHz, 5000 MHz, 47.97 W, 76, P0
2026/09/30 07:20:43.650, Tesla T4, 6499 MiB, 8414 MiB, 15360 MiB, 37 %, 30 %, 1215 MHz, 5000 MHz, 49.45 W, 76, P0
2026/09/30 07:20:44.160, Tesla T4, 6499 MiB, 8414 MiB, 15360 MiB, 38 %, 30 %, 1200 MHz, 5000 MHz, 49.44 W, 76, P0
2026/09/30 07:20:44.671, Tesla T4, 6499 MiB, 8414 MiB, 15360 MiB, 39 %, 31 %, 1215 MHz, 5000 MHz, 46.48 W, 76, P0
2026/09/30 07:20:45.180, Tesla T4, 6499 MiB, 8414 MiB, 15360 MiB, 38 %, 30 %, 1215 MHz, 5000 MHz, 66.56 W, 76, P0
2026/09/30 07:20:45.693, Tesla T4, 6499 MiB, 8414 MiB, 15360 MiB, 36 %, 31 %, 1590 MHz, 5000 MHz, 57.25 W, 77, P0
2026/09/30 07:20:46.201, Tesla T4, 6499 MiB, 8414 MiB, 15360 MiB, 33 %, 28 %, 1590 MHz, 5000 MHz, 61.81 W, 77, P0
2026/09/30 07:20:46.710, Tesla T4, 6499 MiB, 8414 MiB, 15360 MiB, 35 %, 30 %, 1590 MHz, 5000 MHz, 63.42 W, 77, P0
2026/09/30 07:20:47.224, Tesla T4, 6499 MiB, 8414 MiB, 15360 MiB, 33 %, 28 %, 1410 MHz, 5000 MHz, 52.79 W, 77, P0
2026/09/30 07:20:47.732, Tesla T4, 6499 MiB, 8414 MiB, 15360 MiB, 37 %, 30 %, 1380 MHz, 5000 MHz, 55.31 W, 77, P0
2026/09/30 07:20:48.258, Tesla T4, 6499 MiB, 8414 MiB, 15360 MiB, 37 %, 30 %, 1350 MHz, 5000 MHz, 56.00 W, 77, P0
2026/09/30 07:20:48.771, Tesla T4, 6499 MiB, 8414 MiB, 15360 MiB, 36 %, 29 %, 1320 MHz, 5000 MHz, 46.28 W, 76, P0
2026/09/30 07:20:49.373, Tesla T4, 6499 MiB, 8414 MiB, 15360 MiB, 29 %, 23 %, 1200 MHz, 5000 MHz, 44.88 W, 76, P0
2026/09/30 07:20:49.902, Tesla T4, 6499 MiB, 8414 MiB, 15360 MiB, 31 %, 24 %, 1110 MHz, 5000 MHz, 42.24 W, 76, P0
2026/09/30 07:20:50.418, Tesla T4, 6499 MiB, 8414 MiB, 15360 MiB, 32 %, 24 %, 1065 MHz, 5000 MHz, 41.58 W, 76, P0
2026/09/30 07:20:50.942, Tesla T4, 6499 MiB, 8414 MiB, 15360 MiB, 29 %, 21 %, 990 MHz, 5000 MHz, 41.16 W, 75, P0
2026/09/30 07:20:51.468, Tesla T4, 6499 MiB, 8414 MiB, 15360 MiB, 33 %, 20 %, 915 MHz, 5000 MHz, 41.30 W, 76, P0
2026/09/30 07:20:51.991, Tesla T4, 6499 MiB, 8414 MiB, 15360 MiB, 36 %, 30 %, 1590 MHz, 5000 MHz, 58.62 W, 77, P0
2026/09/30 07:20:52.499, Tesla T4, 6499 MiB, 8414 MiB, 15360 MiB, 35 %, 30 %, 1590 MHz, 5000 MHz, 61.14 W, 77, P0
2026/09/30 07:20:53.010, Tesla T4, 6499 MiB, 8414 MiB, 15360 MiB, 36 %, 30 %, 1590 MHz, 5000 MHz, 61.75 W, 78, P0
2026/09/30 07:20:53.518, Tesla T4, 6499 MiB, 8414 MiB, 15360 MiB, 34 %, 28 %, 1440 MHz, 5000 MHz, 58.46 W, 77, P0
2026/09/30 07:20:54.026, Tesla T4, 6499 MiB, 8414 MiB, 15360 MiB, 34 %, 28 %, 1410 MHz, 5000 MHz, 55.41 W, 77, P0
2026/09/30 07:20:54.536, Tesla T4, 6499 MiB, 8414 MiB, 15360 MiB, 36 %, 29 %, 1350 MHz, 5000 MHz, 54.49 W, 77, P0
2026/09/30 07:20:55.045, Tesla T4, 6499 MiB, 8414 MiB, 15360 MiB, 37 %, 30 %, 1335 MHz, 5000 MHz, 49.81 W, 77, P0
2026/09/30 07:20:55.554, Tesla T4, 6499 MiB, 8414 MiB, 15360 MiB, 36 %, 28 %, 1305 MHz, 5000 MHz, 50.95 W, 77, P0
2026/09/30 07:20:56.065, Tesla T4, 6499 MiB, 8414 MiB, 15360 MiB, 38 %, 31 %, 1290 MHz, 5000 MHz, 48.79 W, 77, P0
2026/09/30 07:20:56.574, Tesla T4, 6499 MiB, 8414 MiB, 15360 MiB, 40 %, 32 %, 1275 MHz, 5000 MHz, 55.67 W, 77, P0
2026/09/30 07:20:57.087, Tesla T4, 6499 MiB, 8414 MiB, 15360 MiB, 38 %, 30 %, 1260 MHz, 5000 MHz, 50.36 W, 76, P0
2026/09/30 07:20:57.596, Tesla T4, 6499 MiB, 8414 MiB, 15360 MiB, 39 %, 31 %, 1245 MHz, 5000 MHz, 48.53 W, 76, P0
2026/09/30 07:20:58.105, Tesla T4, 6499 MiB, 8414 MiB, 15360 MiB, 38 %, 31 %, 1245 MHz, 5000 MHz, 54.33 W, 76, P0
2026/09/30 07:20:58.617, Tesla T4, 6499 MiB, 8414 MiB, 15360 MiB, 40 %, 31 %, 1230 MHz, 5000 MHz, 50.85 W, 76, P0
2026/09/30 07:20:59.126, Tesla T4, 6499 MiB, 8414 MiB, 15360 MiB, 36 %, 29 %, 1245 MHz, 5000 MHz, 49.01 W, 76, P0
2026/09/30 07:20:59.638, Tesla T4, 6499 MiB, 8414 MiB, 15360 MiB, 38 %, 31 %, 1245 MHz, 5000 MHz, 49.15 W, 76, P0
2026/09/30 07:21:00.147, Tesla T4, 6499 MiB, 8414 MiB, 15360 MiB, 38 %, 30 %, 1245 MHz, 5000 MHz, 51.58 W, 76, P0
2026/09/30 07:21:00.656, Tesla T4, 6499 MiB, 8414 MiB, 15360 MiB, 36 %, 29 %, 1200 MHz, 5000 MHz, 51.87 W, 76, P0
2026/09/30 07:21:01.168, Tesla T4, 6499 MiB, 8414 MiB, 15360 MiB, 39 %, 30 %, 1200 MHz, 5000 MHz, 49.48 W, 76, P0
2026/09/30 07:21:01.679, Tesla T4, 6499 MiB, 8414 MiB, 15360 MiB, 38 %, 30 %, 1200 MHz, 5000 MHz, 45.17 W, 76, P0
2026/09/30 07:21:02.195, Tesla T4, 6499 MiB, 8414 MiB, 15360 MiB, 32 %, 24 %, 1125 MHz, 5000 MHz, 46.65 W, 76, P0
2026/09/30 07:21:02.725, Tesla T4, 6499 MiB, 8414 MiB, 15360 MiB, 34 %, 26 %, 1065 MHz, 5000 MHz, 44.78 W, 76, P0
2026/09/30 07:21:03.252, Tesla T4, 6499 MiB, 8414 MiB, 15360 MiB, 33 %, 25 %, 1035 MHz, 5000 MHz, 46.01 W, 76, P0
2026/09/30 07:21:03.775, Tesla T4, 6499 MiB, 8414 MiB, 15360 MiB, 33 %, 24 %, 975 MHz, 5000 MHz, 43.72 W, 76, P0
2026/09/30 07:21:04.308, Tesla T4, 6499 MiB, 8414 MiB, 15360 MiB, 27 %, 20 %, 930 MHz, 5000 MHz, 45.20 W, 75, P0
2026/09/30 07:21:04.841, Tesla T4, 6499 MiB, 8414 MiB, 15360 MiB, 43 %, 30 %, 975 MHz, 5000 MHz, 45.07 W, 76, P0
2026/09/30 07:21:05.352, Tesla T4, 6499 MiB, 8414 MiB, 15360 MiB, 41 %, 32 %, 1155 MHz, 5000 MHz, 46.62 W, 76, P0
2026/09/30 07:21:05.861, Tesla T4, 6499 MiB, 8414 MiB, 15360 MiB, 39 %, 31 %, 1185 MHz, 5000 MHz, 51.54 W, 76, P0
2026/09/30 07:21:06.374, Tesla T4, 6499 MiB, 8414 MiB, 15360 MiB, 67 %, 29 %, 1080 MHz, 5000 MHz, 69.26 W, 77, P0
2026/09/30 07:21:06.885, Tesla T4, 6499 MiB, 8414 MiB, 15360 MiB, 33 %, 28 %, 1590 MHz, 5000 MHz, 59.67 W, 78, P0
2026/09/30 07:21:07.401, Tesla T4, 6499 MiB, 8414 MiB, 15360 MiB, 35 %, 30 %, 1575 MHz, 5000 MHz, 58.72 W, 78, P0
2026/09/30 07:21:07.909, Tesla T4, 6499 MiB, 8414 MiB, 15360 MiB, 33 %, 28 %, 1575 MHz, 5000 MHz, 58.49 W, 78, P0
2026/09/30 07:21:08.417, Tesla T4, 6499 MiB, 8414 MiB, 15360 MiB, 35 %, 30 %, 1440 MHz, 5000 MHz, 59.96 W, 78, P0
2026/09/30 07:21:08.927, Tesla T4, 6499 MiB, 8414 MiB, 15360 MiB, 34 %, 27 %, 1410 MHz, 5000 MHz, 54.66 W, 78, P0
2026/09/30 07:21:09.438, Tesla T4, 6499 MiB, 8414 MiB, 15360 MiB, 33 %, 27 %, 1365 MHz, 5000 MHz, 50.17 W, 77, P0
2026/09/30 07:21:09.948, Tesla T4, 6499 MiB, 8414 MiB, 15360 MiB, 36 %, 29 %, 1320 MHz, 5000 MHz, 52.33 W, 77, P0
2026/09/30 07:21:10.461, Tesla T4, 6499 MiB, 8414 MiB, 15360 MiB, 38 %, 30 %, 1305 MHz, 5000 MHz, 52.83 W, 77, P0
2026/09/30 07:21:10.972, Tesla T4, 6499 MiB, 8414 MiB, 15360 MiB, 37 %, 30 %, 1290 MHz, 5000 MHz, 51.81 W, 77, P0
2026/09/30 07:21:11.480, Tesla T4, 6499 MiB, 8414 MiB, 15360 MiB, 37 %, 29 %, 1275 MHz, 5000 MHz, 49.74 W, 77, P0
2026/09/30 07:21:11.989, Tesla T4, 6499 MiB, 8414 MiB, 15360 MiB, 35 %, 28 %, 1245 MHz, 5000 MHz, 50.36 W, 77, P0
2026/09/30 07:21:12.502, Tesla T4, 6499 MiB, 8414 MiB, 15360 MiB, 38 %, 30 %, 1245 MHz, 5000 MHz, 48.76 W, 77, P0
2026/09/30 07:21:13.011, Tesla T4, 6499 MiB, 8414 MiB, 15360 MiB, 35 %, 28 %, 1215 MHz, 5000 MHz, 50.92 W, 77, P0
2026/09/30 07:21:13.521, Tesla T4, 6499 MiB, 8414 MiB, 15360 MiB, 39 %, 30 %, 1215 MHz, 5000 MHz, 50.23 W, 77, P0
2026/09/30 07:21:14.032, Tesla T4, 6499 MiB, 8414 MiB, 15360 MiB, 37 %, 30 %, 1245 MHz, 5000 MHz, 48.49 W, 77, P0
2026/09/30 07:21:14.544, Tesla T4, 6499 MiB, 8414 MiB, 15360 MiB, 38 %, 30 %, 1245 MHz, 5000 MHz, 46.58 W, 77, P0
2026/09/30 07:21:15.060, Tesla T4, 6499 MiB, 8414 MiB, 15360 MiB, 27 %, 22 %, 1245 MHz, 5000 MHz, 49.84 W, 77, P0
2026/09/30 07:21:15.575, Tesla T4, 6499 MiB, 8414 MiB, 15360 MiB, 31 %, 25 %, 1065 MHz, 5000 MHz, 46.82 W, 77, P0
2026/09/30 07:21:16.097, Tesla T4, 6499 MiB, 8414 MiB, 15360 MiB, 28 %, 21 %, 1020 MHz, 5000 MHz, 44.63 W, 77, P0
2026/09/30 07:21:16.618, Tesla T4, 6499 MiB, 8414 MiB, 15360 MiB, 32 %, 23 %, 960 MHz, 5000 MHz, 40.12 W, 76, P0
2026/09/30 07:21:17.135, Tesla T4, 6499 MiB, 8414 MiB, 15360 MiB, 28 %, 20 %, 900 MHz, 5000 MHz, 44.44 W, 76, P0
2026/09/30 07:21:17.649, Tesla T4, 6499 MiB, 8414 MiB, 15360 MiB, 43 %, 32 %, 1080 MHz, 5000 MHz, 44.75 W, 77, P0
2026/09/30 07:21:18.159, Tesla T4, 6499 MiB, 8414 MiB, 15360 MiB, 41 %, 32 %, 1170 MHz, 5000 MHz, 48.20 W, 77, P0
2026/09/30 07:21:18.668, Tesla T4, 6499 MiB, 8414 MiB, 15360 MiB, 40 %, 31 %, 1170 MHz, 5000 MHz, 50.19 W, 77, P0
2026/09/30 07:21:19.180, Tesla T4, 6499 MiB, 8414 MiB, 15360 MiB, 40 %, 31 %, 1185 MHz, 5000 MHz, 44.83 W, 77, P0
2026/09/30 07:21:19.689, Tesla T4, 6499 MiB, 8414 MiB, 15360 MiB, 39 %, 31 %, 1200 MHz, 5000 MHz, 52.33 W, 77, P0
2026/09/30 07:21:20.198, Tesla T4, 6499 MiB, 8414 MiB, 15360 MiB, 38 %, 30 %, 1200 MHz, 5000 MHz, 48.03 W, 77, P0
2026/09/30 07:21:20.711, Tesla T4, 6499 MiB, 8414 MiB, 15360 MiB, 39 %, 31 %, 1200 MHz, 5000 MHz, 48.22 W, 77, P0
2026/09/30 07:21:21.220, Tesla T4, 6499 MiB, 8414 MiB, 15360 MiB, 66 %, 27 %, 1545 MHz, 5000 MHz, 58.72 W, 77, P0
2026/09/30 07:21:21.735, Tesla T4, 6499 MiB, 8414 MiB, 15360 MiB, 36 %, 30 %, 1590 MHz, 5000 MHz, 60.87 W, 78, P0
2026/09/30 07:21:22.243, Tesla T4, 6499 MiB, 8414 MiB, 15360 MiB, 35 %, 29 %, 1590 MHz, 5000 MHz, 64.16 W, 78, P0
2026/09/30 07:21:22.751, Tesla T4, 6499 MiB, 8414 MiB, 15360 MiB, 32 %, 27 %, 1590 MHz, 5000 MHz, 60.97 W, 79, P0
2026/09/30 07:21:23.262, Tesla T4, 6499 MiB, 8414 MiB, 15360 MiB, 36 %, 30 %, 1440 MHz, 5000 MHz, 52.20 W, 78, P0
2026/09/30 07:21:23.782, Tesla T4, 6499 MiB, 8414 MiB, 15360 MiB, 37 %, 30 %, 1410 MHz, 5000 MHz, 56.43 W, 78, P0
2026/09/30 07:21:24.291, Tesla T4, 6499 MiB, 8414 MiB, 15360 MiB, 32 %, 26 %, 1365 MHz, 5000 MHz, 51.74 W, 78, P0
2026/09/30 07:21:24.806, Tesla T4, 6499 MiB, 8414 MiB, 15360 MiB, 37 %, 30 %, 1335 MHz, 5000 MHz, 57.60 W, 78, P0
2026/09/30 07:21:25.315, Tesla T4, 6499 MiB, 8414 MiB, 15360 MiB, 36 %, 29 %, 1320 MHz, 5000 MHz, 51.61 W, 78, P0
2026/09/30 07:21:25.824, Tesla T4, 6499 MiB, 8414 MiB, 15360 MiB, 39 %, 31 %, 1305 MHz, 5000 MHz, 49.54 W, 78, P0
2026/09/30 07:21:26.338, Tesla T4, 6499 MiB, 8414 MiB, 15360 MiB, 39 %, 31 %, 1290 MHz, 5000 MHz, 51.65 W, 78, P0
2026/09/30 07:21:26.847, Tesla T4, 6499 MiB, 8414 MiB, 15360 MiB, 39 %, 31 %, 1260 MHz, 5000 MHz, 50.59 W, 78, P0
2026/09/30 07:21:27.357, Tesla T4, 6499 MiB, 8414 MiB, 15360 MiB, 28 %, 23 %, 1230 MHz, 5000 MHz, 45.76 W, 77, P0
2026/09/30 07:21:27.879, Tesla T4, 6499 MiB, 8414 MiB, 15360 MiB, 32 %, 24 %, 1140 MHz, 5000 MHz, 49.41 W, 77, P0
2026/09/30 07:21:28.396, Tesla T4, 6499 MiB, 8414 MiB, 15360 MiB, 33 %, 25 %, 1095 MHz, 5000 MHz, 45.03 W, 77, P0
2026/09/30 07:21:28.914, Tesla T4, 6499 MiB, 8414 MiB, 15360 MiB, 29 %, 21 %, 1020 MHz, 5000 MHz, 42.46 W, 77, P0
2026/09/30 07:21:29.431, Tesla T4, 6499 MiB, 8414 MiB, 15360 MiB, 33 %, 24 %, 975 MHz, 5000 MHz, 42.44 W, 77, P0
2026/09/30 07:21:29.952, Tesla T4, 6499 MiB, 8414 MiB, 15360 MiB, 28 %, 20 %, 900 MHz, 5000 MHz, 45.69 W, 77, P0
2026/09/30 07:21:30.464, Tesla T4, 6499 MiB, 8414 MiB, 15360 MiB, 41 %, 32 %, 1140 MHz, 5000 MHz, 50.92 W, 77, P0
2026/09/30 07:21:30.974, Tesla T4, 6499 MiB, 8414 MiB, 15360 MiB, 40 %, 31 %, 1155 MHz, 5000 MHz, 46.92 W, 77, P0
2026/09/30 07:21:31.487, Tesla T4, 6499 MiB, 8414 MiB, 15360 MiB, 40 %, 32 %, 1215 MHz, 5000 MHz, 49.57 W, 77, P0
2026/09/30 07:21:31.998, Tesla T4, 6499 MiB, 8414 MiB, 15360 MiB, 37 %, 30 %, 1215 MHz, 5000 MHz, 53.25 W, 77, P0
2026/09/30 07:21:32.510, Tesla T4, 6499 MiB, 8414 MiB, 15360 MiB, 39 %, 30 %, 1215 MHz, 5000 MHz, 51.71 W, 77, P0
2026/09/30 07:21:33.020, Tesla T4, 6499 MiB, 8414 MiB, 15360 MiB, 39 %, 31 %, 1215 MHz, 5000 MHz, 53.97 W, 77, P0
2026/09/30 07:21:33.529, Tesla T4, 6499 MiB, 8414 MiB, 15360 MiB, 40 %, 31 %, 1245 MHz, 5000 MHz, 50.01 W, 78, P0
2026/09/30 07:21:34.040, Tesla T4, 6499 MiB, 8414 MiB, 15360 MiB, 38 %, 30 %, 1245 MHz, 5000 MHz, 52.99 W, 77, P0
2026/09/30 07:21:34.549, Tesla T4, 6499 MiB, 8414 MiB, 15360 MiB, 39 %, 31 %, 1245 MHz, 5000 MHz, 51.47 W, 77, P0
2026/09/30 07:21:35.061, Tesla T4, 6499 MiB, 8414 MiB, 15360 MiB, 37 %, 30 %, 1275 MHz, 5000 MHz, 57.28 W, 78, P0
2026/09/30 07:21:35.570, Tesla T4, 6499 MiB, 8414 MiB, 15360 MiB, 39 %, 31 %, 1275 MHz, 5000 MHz, 52.85 W, 77, P0
2026/09/30 07:21:36.079, Tesla T4, 6499 MiB, 8414 MiB, 15360 MiB, 35 %, 30 %, 1590 MHz, 5000 MHz, 60.12 W, 79, P0
2026/09/30 07:21:36.588, Tesla T4, 6499 MiB, 8414 MiB, 15360 MiB, 36 %, 30 %, 1590 MHz, 5000 MHz, 59.70 W, 79, P0
2026/09/30 07:21:37.100, Tesla T4, 6499 MiB, 8414 MiB, 15360 MiB, 36 %, 31 %, 1590 MHz, 5000 MHz, 63.85 W, 79, P0
2026/09/30 07:21:37.611, Tesla T4, 6499 MiB, 8414 MiB, 15360 MiB, 36 %, 31 %, 1470 MHz, 5000 MHz, 57.02 W, 79, P0
2026/09/30 07:21:38.120, Tesla T4, 6499 MiB, 8414 MiB, 15360 MiB, 34 %, 28 %, 1425 MHz, 5000 MHz, 54.13 W, 79, P0
2026/09/30 07:21:38.629, Tesla T4, 6499 MiB, 8414 MiB, 15360 MiB, 36 %, 30 %, 1410 MHz, 5000 MHz, 55.12 W, 79, P0
2026/09/30 07:21:39.141, Tesla T4, 6499 MiB, 8414 MiB, 15360 MiB, 35 %, 28 %, 1365 MHz, 5000 MHz, 54.59 W, 78, P0
2026/09/30 07:21:39.650, Tesla T4, 6499 MiB, 8414 MiB, 15360 MiB, 37 %, 30 %, 1350 MHz, 5000 MHz, 55.58 W, 78, P0
2026/09/30 07:21:40.159, Tesla T4, 6499 MiB, 8414 MiB, 15360 MiB, 24 %, 19 %, 1290 MHz, 5000 MHz, 48.39 W, 78, P0
2026/09/30 07:21:40.675, Tesla T4, 6499 MiB, 8414 MiB, 15360 MiB, 30 %, 24 %, 1230 MHz, 5000 MHz, 47.37 W, 78, P0
2026/09/30 07:21:41.209, Tesla T4, 6499 MiB, 8414 MiB, 15360 MiB, 29 %, 22 %, 1155 MHz, 5000 MHz, 48.39 W, 77, P0
2026/09/30 07:21:41.725, Tesla T4, 6499 MiB, 8414 MiB, 15360 MiB, 29 %, 21 %, 1080 MHz, 5000 MHz, 43.23 W, 77, P0
2026/09/30 07:21:42.251, Tesla T4, 6499 MiB, 8414 MiB, 15360 MiB, 32 %, 24 %, 1035 MHz, 5000 MHz, 43.72 W, 77, P0
2026/09/30 07:21:42.767, Tesla T4, 6499 MiB, 8414 MiB, 15360 MiB, 34 %, 24 %, 960 MHz, 5000 MHz, 44.11 W, 77, P0
2026/09/30 07:21:43.280, Tesla T4, 6499 MiB, 8414 MiB, 15360 MiB, 42 %, 31 %, 1020 MHz, 5000 MHz, 59.15 W, 77, P0
2026/09/30 07:21:43.789, Tesla T4, 6499 MiB, 8414 MiB, 15360 MiB, 34 %, 29 %, 1590 MHz, 5000 MHz, 67.20 W, 79, P0
2026/09/30 07:21:44.298, Tesla T4, 6499 MiB, 8414 MiB, 15360 MiB, 35 %, 30 %, 1590 MHz, 5000 MHz, 68.14 W, 79, P0
2026/09/30 07:21:44.817, Tesla T4, 6499 MiB, 8414 MiB, 15360 MiB, 35 %, 29 %, 1590 MHz, 5000 MHz, 65.71 W, 79, P0
2026/09/30 07:21:45.327, Tesla T4, 6499 MiB, 8414 MiB, 15360 MiB, 33 %, 27 %, 1410 MHz, 5000 MHz, 55.22 W, 78, P0
2026/09/30 07:21:45.836, Tesla T4, 6499 MiB, 8414 MiB, 15360 MiB, 36 %, 29 %, 1380 MHz, 5000 MHz, 52.27 W, 78, P0
2026/09/30 07:21:46.344, Tesla T4, 6499 MiB, 8414 MiB, 15360 MiB, 33 %, 27 %, 1350 MHz, 5000 MHz, 46.89 W, 78, P0
2026/09/30 07:21:46.854, Tesla T4, 6499 MiB, 8414 MiB, 15360 MiB, 37 %, 30 %, 1335 MHz, 5000 MHz, 59.74 W, 78, P0
2026/09/30 07:21:47.365, Tesla T4, 6499 MiB, 8414 MiB, 15360 MiB, 35 %, 28 %, 1290 MHz, 5000 MHz, 56.99 W, 78, P0
2026/09/30 07:21:47.874, Tesla T4, 6499 MiB, 8414 MiB, 15360 MiB, 37 %, 30 %, 1290 MHz, 5000 MHz, 48.63 W, 78, P0
2026/09/30 07:21:48.385, Tesla T4, 6499 MiB, 8414 MiB, 15360 MiB, 35 %, 28 %, 1260 MHz, 5000 MHz, 48.79 W, 77, P0
2026/09/30 07:21:48.896, Tesla T4, 6499 MiB, 8414 MiB, 15360 MiB, 38 %, 30 %, 1245 MHz, 5000 MHz, 48.88 W, 77, P0
2026/09/30 07:21:49.412, Tesla T4, 6499 MiB, 8414 MiB, 15360 MiB, 39 %, 31 %, 1230 MHz, 5000 MHz, 45.89 W, 77, P0
2026/09/30 07:21:49.922, Tesla T4, 6499 MiB, 8414 MiB, 15360 MiB, 39 %, 31 %, 1215 MHz, 5000 MHz, 53.81 W, 77, P0
2026/09/30 07:21:50.432, Tesla T4, 6499 MiB, 8414 MiB, 15360 MiB, 39 %, 31 %, 1200 MHz, 5000 MHz, 45.86 W, 77, P0
2026/09/30 07:21:50.943, Tesla T4, 6499 MiB, 8414 MiB, 15360 MiB, 38 %, 30 %, 1185 MHz, 5000 MHz, 48.85 W, 77, P0
2026/09/30 07:21:51.452, Tesla T4, 6499 MiB, 8414 MiB, 15360 MiB, 39 %, 31 %, 1185 MHz, 5000 MHz, 47.96 W, 77, P0
2026/09/30 07:21:51.963, Tesla T4, 6499 MiB, 8414 MiB, 15360 MiB, 39 %, 31 %, 1170 MHz, 5000 MHz, 51.05 W, 77, P0
2026/09/30 07:21:52.472, Tesla T4, 6499 MiB, 8414 MiB, 15360 MiB, 39 %, 31 %, 1170 MHz, 5000 MHz, 50.19 W, 77, P0
2026/09/30 07:21:52.985, Tesla T4, 6499 MiB, 8414 MiB, 15360 MiB, 30 %, 23 %, 1110 MHz, 5000 MHz, 45.10 W, 76, P0
2026/09/30 07:21:53.501, Tesla T4, 6499 MiB, 8414 MiB, 15360 MiB, 32 %, 24 %, 1065 MHz, 5000 MHz, 42.58 W, 76, P0
2026/09/30 07:21:54.020, Tesla T4, 6499 MiB, 8414 MiB, 15360 MiB, 33 %, 25 %, 1005 MHz, 5000 MHz, 42.41 W, 76, P0
2026/09/30 07:21:54.538, Tesla T4, 6499 MiB, 8414 MiB, 15360 MiB, 26 %, 20 %, 960 MHz, 5000 MHz, 42.19 W, 76, P0
2026/09/30 07:21:55.079, Tesla T4, 6499 MiB, 8414 MiB, 15360 MiB, 28 %, 22 %, 1575 MHz, 5000 MHz, 56.03 W, 77, P0
2026/09/30 07:21:55.587, Tesla T4, 6499 MiB, 8414 MiB, 15360 MiB, 29 %, 25 %, 1575 MHz, 5000 MHz, 60.98 W, 77, P0
2026/09/30 07:21:56.096, Tesla T4, 6499 MiB, 8414 MiB, 15360 MiB, 34 %, 28 %, 1590 MHz, 5000 MHz, 63.75 W, 78, P0
2026/09/30 07:21:56.606, Tesla T4, 6499 MiB, 8414 MiB, 15360 MiB, 35 %, 30 %, 1590 MHz, 5000 MHz, 65.50 W, 78, P0
2026/09/30 07:21:57.115, Tesla T4, 6499 MiB, 8414 MiB, 15360 MiB, 34 %, 29 %, 1590 MHz, 5000 MHz, 62.24 W, 78, P0
2026/09/30 07:21:57.623, Tesla T4, 6499 MiB, 8414 MiB, 15360 MiB, 35 %, 30 %, 1470 MHz, 5000 MHz, 60.13 W, 78, P0
2026/09/30 07:21:58.133, Tesla T4, 6499 MiB, 8414 MiB, 15360 MiB, 35 %, 28 %, 1440 MHz, 5000 MHz, 55.38 W, 78, P0
2026/09/30 07:21:58.642, Tesla T4, 6499 MiB, 8414 MiB, 15360 MiB, 34 %, 28 %, 1395 MHz, 5000 MHz, 51.61 W, 78, P0
2026/09/30 07:21:59.151, Tesla T4, 6499 MiB, 8414 MiB, 15360 MiB, 36 %, 30 %, 1365 MHz, 5000 MHz, 53.41 W, 77, P0
2026/09/30 07:21:59.662, Tesla T4, 6499 MiB, 8414 MiB, 15360 MiB, 38 %, 31 %, 1350 MHz, 5000 MHz, 52.14 W, 77, P0
2026/09/30 07:22:00.171, Tesla T4, 6499 MiB, 8414 MiB, 15360 MiB, 33 %, 27 %, 1320 MHz, 5000 MHz, 52.20 W, 77, P0
2026/09/30 07:22:00.680, Tesla T4, 6499 MiB, 8414 MiB, 15360 MiB, 38 %, 31 %, 1305 MHz, 5000 MHz, 50.33 W, 77, P0
2026/09/30 07:22:01.190, Tesla T4, 6499 MiB, 8414 MiB, 15360 MiB, 38 %, 31 %, 1275 MHz, 5000 MHz, 53.02 W, 77, P0
2026/09/30 07:22:01.699, Tesla T4, 6499 MiB, 8414 MiB, 15360 MiB, 38 %, 31 %, 1260 MHz, 5000 MHz, 50.69 W, 77, P0
2026/09/30 07:22:02.208, Tesla T4, 6499 MiB, 8414 MiB, 15360 MiB, 38 %, 30 %, 1245 MHz, 5000 MHz, 49.90 W, 77, P0
2026/09/30 07:22:02.720, Tesla T4, 6499 MiB, 8414 MiB, 15360 MiB, 39 %, 31 %, 1245 MHz, 5000 MHz, 50.33 W, 77, P0
2026/09/30 07:22:03.230, Tesla T4, 6499 MiB, 8414 MiB, 15360 MiB, 39 %, 31 %, 1230 MHz, 5000 MHz, 49.05 W, 77, P0
2026/09/30 07:22:03.743, Tesla T4, 6499 MiB, 8414 MiB, 15360 MiB, 40 %, 32 %, 1260 MHz, 5000 MHz, 51.15 W, 77, P0
2026/09/30 07:22:04.252, Tesla T4, 6499 MiB, 8414 MiB, 15360 MiB, 38 %, 30 %, 1260 MHz, 5000 MHz, 52.69 W, 77, P0
2026/09/30 07:22:04.761, Tesla T4, 6499 MiB, 8414 MiB, 15360 MiB, 38 %, 30 %, 1260 MHz, 5000 MHz, 50.95 W, 77, P0
2026/09/30 07:22:05.273, Tesla T4, 6499 MiB, 8414 MiB, 15360 MiB, 37 %, 29 %, 1260 MHz, 5000 MHz, 49.15 W, 76, P0
2026/09/30 07:22:05.783, Tesla T4, 6499 MiB, 8414 MiB, 15360 MiB, 26 %, 20 %, 1170 MHz, 5000 MHz, 46.85 W, 76, P0
2026/09/30 07:22:06.302, Tesla T4, 6499 MiB, 8414 MiB, 15360 MiB, 31 %, 23 %, 1095 MHz, 5000 MHz, 43.94 W, 76, P0
2026/09/30 07:22:06.821, Tesla T4, 6499 MiB, 8414 MiB, 15360 MiB, 33 %, 24 %, 1035 MHz, 5000 MHz, 45.99 W, 76, P0
2026/09/30 07:22:07.341, Tesla T4, 6499 MiB, 8414 MiB, 15360 MiB, 28 %, 21 %, 975 MHz, 5000 MHz, 41.18 W, 75, P0
2026/09/30 07:22:07.858, Tesla T4, 6499 MiB, 8414 MiB, 15360 MiB, 28 %, 20 %, 915 MHz, 5000 MHz, 40.32 W, 75, P0
2026/09/30 07:22:08.378, Tesla T4, 6499 MiB, 8414 MiB, 15360 MiB, 35 %, 25 %, 885 MHz, 5000 MHz, 52.07 W, 75, P0
2026/09/30 07:22:08.892, Tesla T4, 6499 MiB, 8414 MiB, 15360 MiB, 36 %, 30 %, 1560 MHz, 5000 MHz, 63.69 W, 77, P0
2026/09/30 07:22:09.402, Tesla T4, 6499 MiB, 8414 MiB, 15360 MiB, 33 %, 29 %, 1590 MHz, 5000 MHz, 62.24 W, 77, P0
2026/09/30 07:22:09.910, Tesla T4, 6499 MiB, 8414 MiB, 15360 MiB, 36 %, 31 %, 1590 MHz, 5000 MHz, 62.73 W, 77, P0
2026/09/30 07:22:10.420, Tesla T4, 6499 MiB, 8414 MiB, 15360 MiB, 35 %, 30 %, 1485 MHz, 5000 MHz, 58.58 W, 77, P0
2026/09/30 07:22:10.929, Tesla T4, 6499 MiB, 8414 MiB, 15360 MiB, 37 %, 30 %, 1455 MHz, 5000 MHz, 56.04 W, 77, P0
2026/09/30 07:22:11.437, Tesla T4, 6499 MiB, 8414 MiB, 15360 MiB, 35 %, 29 %, 1425 MHz, 5000 MHz, 59.80 W, 77, P0
2026/09/30 07:22:11.949, Tesla T4, 6499 MiB, 8414 MiB, 15360 MiB, 36 %, 29 %, 1410 MHz, 5000 MHz, 55.61 W, 77, P0
2026/09/30 07:22:12.457, Tesla T4, 6499 MiB, 8414 MiB, 15360 MiB, 35 %, 29 %, 1380 MHz, 5000 MHz, 57.05 W, 77, P0
2026/09/30 07:22:12.966, Tesla T4, 6499 MiB, 8414 MiB, 15360 MiB, 37 %, 30 %, 1365 MHz, 5000 MHz, 50.69 W, 77, P0
2026/09/30 07:22:13.477, Tesla T4, 6499 MiB, 8414 MiB, 15360 MiB, 35 %, 28 %, 1335 MHz, 5000 MHz, 51.31 W, 77, P0
2026/09/30 07:22:13.986, Tesla T4, 6499 MiB, 8414 MiB, 15360 MiB, 37 %, 30 %, 1320 MHz, 5000 MHz, 50.33 W, 76, P0
2026/09/30 07:22:14.496, Tesla T4, 6499 MiB, 8414 MiB, 15360 MiB, 36 %, 29 %, 1290 MHz, 5000 MHz, 50.60 W, 76, P0
2026/09/30 07:22:15.006, Tesla T4, 6499 MiB, 8414 MiB, 15360 MiB, 38 %, 31 %, 1275 MHz, 5000 MHz, 52.07 W, 76, P0
2026/09/30 07:22:15.515, Tesla T4, 6499 MiB, 8414 MiB, 15360 MiB, 36 %, 29 %, 1260 MHz, 5000 MHz, 50.19 W, 76, P0
2026/09/30 07:22:16.027, Tesla T4, 6499 MiB, 8414 MiB, 15360 MiB, 41 %, 30 %, 1500 MHz, 5000 MHz, 57.96 W, 77, P0
2026/09/30 07:22:16.535, Tesla T4, 6499 MiB, 8414 MiB, 15360 MiB, 33 %, 28 %, 1500 MHz, 5000 MHz, 58.78 W, 77, P0
2026/09/30 07:22:17.044, Tesla T4, 6499 MiB, 8414 MiB, 15360 MiB, 35 %, 29 %, 1500 MHz, 5000 MHz, 58.23 W, 77, P0
2026/09/30 07:22:17.555, Tesla T4, 6499 MiB, 8414 MiB, 15360 MiB, 33 %, 28 %, 1500 MHz, 5000 MHz, 58.33 W, 77, P0
2026/09/30 07:22:18.064, Tesla T4, 6499 MiB, 8414 MiB, 15360 MiB, 36 %, 29 %, 1365 MHz, 5000 MHz, 51.02 W, 77, P0
2026/09/30 07:22:18.574, Tesla T4, 6499 MiB, 8414 MiB, 15360 MiB, 28 %, 23 %, 1290 MHz, 5000 MHz, 43.87 W, 76, P0
2026/09/30 07:22:19.092, Tesla T4, 6499 MiB, 8414 MiB, 15360 MiB, 30 %, 23 %, 1185 MHz, 5000 MHz, 46.45 W, 76, P0
2026/09/30 07:22:19.611, Tesla T4, 6499 MiB, 8414 MiB, 15360 MiB, 32 %, 25 %, 1140 MHz, 5000 MHz, 40.29 W, 76, P0
2026/09/30 07:22:20.131, Tesla T4, 6499 MiB, 8414 MiB, 15360 MiB, 26 %, 20 %, 1050 MHz, 5000 MHz, 48.42 W, 76, P0
2026/09/30 07:22:20.659, Tesla T4, 6499 MiB, 8414 MiB, 15360 MiB, 29 %, 21 %, 1005 MHz, 5000 MHz, 41.99 W, 75, P0
2026/09/30 07:22:21.192, Tesla T4, 6499 MiB, 8414 MiB, 15360 MiB, 42 %, 30 %, 1005 MHz, 5000 MHz, 47.00 W, 75, P0
2026/09/30 07:22:21.702, Tesla T4, 6499 MiB, 8414 MiB, 15360 MiB, 41 %, 31 %, 1125 MHz, 5000 MHz, 46.78 W, 75, P0
2026/09/30 07:22:22.216, Tesla T4, 6499 MiB, 8414 MiB, 15360 MiB, 39 %, 30 %, 1125 MHz, 5000 MHz, 45.99 W, 76, P0
2026/09/30 07:22:22.725, Tesla T4, 6499 MiB, 8414 MiB, 15360 MiB, 40 %, 31 %, 1170 MHz, 5000 MHz, 48.35 W, 76, P0
2026/09/30 07:22:23.235, Tesla T4, 6499 MiB, 8414 MiB, 15360 MiB, 38 %, 30 %, 1170 MHz, 5000 MHz, 49.93 W, 76, P0
2026/09/30 07:22:23.747, Tesla T4, 6499 MiB, 8414 MiB, 15360 MiB, 39 %, 30 %, 1170 MHz, 5000 MHz, 51.09 W, 76, P0
2026/09/30 07:22:24.256, Tesla T4, 6499 MiB, 8414 MiB, 15360 MiB, 36 %, 28 %, 1170 MHz, 5000 MHz, 46.26 W, 76, P0
2026/09/30 07:22:24.768, Tesla T4, 6499 MiB, 8414 MiB, 15360 MiB, 36 %, 28 %, 1140 MHz, 5000 MHz, 46.58 W, 75, P0
2026/09/30 07:22:25.278, Tesla T4, 6499 MiB, 8414 MiB, 15360 MiB, 39 %, 30 %, 1155 MHz, 5000 MHz, 48.35 W, 75, P0
2026/09/30 07:22:25.787, Tesla T4, 6499 MiB, 8414 MiB, 15360 MiB, 40 %, 31 %, 1170 MHz, 5000 MHz, 48.82 W, 75, P0
2026/09/30 07:22:26.299, Tesla T4, 6499 MiB, 8414 MiB, 15360 MiB, 40 %, 31 %, 1170 MHz, 5000 MHz, 48.65 W, 76, P0
2026/09/30 07:22:26.809, Tesla T4, 6499 MiB, 8414 MiB, 15360 MiB, 40 %, 32 %, 1215 MHz, 5000 MHz, 51.48 W, 76, P0
2026/09/30 07:22:27.321, Tesla T4, 6499 MiB, 8414 MiB, 15360 MiB, 39 %, 31 %, 1215 MHz, 5000 MHz, 50.29 W, 76, P0
2026/09/30 07:22:27.830, Tesla T4, 6499 MiB, 8414 MiB, 15360 MiB, 40 %, 31 %, 1215 MHz, 5000 MHz, 47.34 W, 76, P0
2026/09/30 07:22:28.339, Tesla T4, 6499 MiB, 8414 MiB, 15360 MiB, 39 %, 31 %, 1215 MHz, 5000 MHz, 48.17 W, 76, P0
2026/09/30 07:22:28.851, Tesla T4, 6499 MiB, 8414 MiB, 15360 MiB, 39 %, 31 %, 1200 MHz, 5000 MHz, 49.64 W, 76, P0
2026/09/30 07:22:29.359, Tesla T4, 6499 MiB, 8414 MiB, 15360 MiB, 40 %, 32 %, 1215 MHz, 5000 MHz, 51.05 W, 76, P0
2026/09/30 07:22:29.873, Tesla T4, 6499 MiB, 8414 MiB, 15360 MiB, 40 %, 32 %, 1230 MHz, 5000 MHz, 48.29 W, 76, P0
2026/09/30 07:22:30.382, Tesla T4, 6499 MiB, 8414 MiB, 15360 MiB, 47 %, 30 %, 1200 MHz, 5000 MHz, 67.10 W, 76, P0
2026/09/30 07:22:30.892, Tesla T4, 6499 MiB, 8414 MiB, 15360 MiB, 35 %, 30 %, 1590 MHz, 5000 MHz, 69.10 W, 77, P0
2026/09/30 07:22:31.411, Tesla T4, 6499 MiB, 8414 MiB, 15360 MiB, 26 %, 22 %, 1590 MHz, 5000 MHz, 59.14 W, 77, P0
2026/09/30 07:22:31.933, Tesla T4, 6499 MiB, 8414 MiB, 15360 MiB, 27 %, 23 %, 1590 MHz, 5000 MHz, 58.10 W, 77, P0
2026/09/30 07:22:32.457, Tesla T4, 6499 MiB, 8414 MiB, 15360 MiB, 28 %, 23 %, 1215 MHz, 5000 MHz, 43.67 W, 76, P0
2026/09/30 07:22:32.982, Tesla T4, 6499 MiB, 8414 MiB, 15360 MiB, 26 %, 20 %, 1110 MHz, 5000 MHz, 44.73 W, 76, P0
2026/09/30 07:22:33.496, Tesla T4, 6499 MiB, 8414 MiB, 15360 MiB, 25 %, 19 %, 1065 MHz, 5000 MHz, 42.59 W, 76, P0
2026/09/30 07:22:34.016, Tesla T4, 6499 MiB, 8414 MiB, 15360 MiB, 42 %, 30 %, 1050 MHz, 5000 MHz, 46.26 W, 76, P0
2026/09/30 07:22:34.526, Tesla T4, 6499 MiB, 8414 MiB, 15360 MiB, 38 %, 29 %, 1065 MHz, 5000 MHz, 48.59 W, 76, P0
2026/09/30 07:22:35.041, Tesla T4, 6499 MiB, 8414 MiB, 15360 MiB, 40 %, 30 %, 1065 MHz, 5000 MHz, 47.37 W, 76, P0
2026/09/30 07:22:35.550, Tesla T4, 6499 MiB, 8414 MiB, 15360 MiB, 39 %, 30 %, 1095 MHz, 5000 MHz, 46.26 W, 76, P0
2026/09/30 07:22:36.062, Tesla T4, 6499 MiB, 8414 MiB, 15360 MiB, 39 %, 29 %, 1110 MHz, 5000 MHz, 48.52 W, 76, P0
2026/09/30 07:22:36.571, Tesla T4, 6499 MiB, 8414 MiB, 15360 MiB, 40 %, 30 %, 1110 MHz, 5000 MHz, 51.25 W, 76, P0
2026/09/30 07:22:37.081, Tesla T4, 6499 MiB, 8414 MiB, 15360 MiB, 39 %, 30 %, 1110 MHz, 5000 MHz, 48.36 W, 76, P0
2026/09/30 07:22:37.592, Tesla T4, 6499 MiB, 8414 MiB, 15360 MiB, 40 %, 30 %, 1125 MHz, 5000 MHz, 46.85 W, 76, P0
2026/09/30 07:22:38.102, Tesla T4, 6499 MiB, 8414 MiB, 15360 MiB, 38 %, 30 %, 1125 MHz, 5000 MHz, 46.94 W, 76, P0
2026/09/30 07:22:38.615, Tesla T4, 6499 MiB, 8414 MiB, 15360 MiB, 38 %, 30 %, 1125 MHz, 5000 MHz, 47.90 W, 76, P0
2026/09/30 07:22:39.125, Tesla T4, 6499 MiB, 8414 MiB, 15360 MiB, 38 %, 29 %, 1155 MHz, 5000 MHz, 47.11 W, 76, P0
2026/09/30 07:22:39.634, Tesla T4, 6499 MiB, 8414 MiB, 15360 MiB, 38 %, 30 %, 1185 MHz, 5000 MHz, 52.73 W, 76, P0
2026/09/30 07:22:40.146, Tesla T4, 6499 MiB, 8414 MiB, 15360 MiB, 39 %, 31 %, 1185 MHz, 5000 MHz, 47.28 W, 76, P0
2026/09/30 07:22:40.656, Tesla T4, 6499 MiB, 8414 MiB, 15360 MiB, 36 %, 28 %, 1185 MHz, 5000 MHz, 49.93 W, 76, P0
2026/09/30 07:22:41.169, Tesla T4, 6499 MiB, 8414 MiB, 15360 MiB, 39 %, 30 %, 1170 MHz, 5000 MHz, 49.80 W, 76, P0
2026/09/30 07:22:41.681, Tesla T4, 6499 MiB, 8414 MiB, 15360 MiB, 37 %, 30 %, 1170 MHz, 5000 MHz, 49.64 W, 76, P0
2026/09/30 07:22:42.194, Tesla T4, 6499 MiB, 8414 MiB, 15360 MiB, 36 %, 30 %, 1590 MHz, 5000 MHz, 62.32 W, 78, P0
2026/09/30 07:22:42.702, Tesla T4, 6499 MiB, 8414 MiB, 15360 MiB, 33 %, 28 %, 1590 MHz, 5000 MHz, 61.55 W, 78, P0
2026/09/30 07:22:43.210, Tesla T4, 6499 MiB, 8414 MiB, 15360 MiB, 35 %, 30 %, 1590 MHz, 5000 MHz, 65.85 W, 78, P0
2026/09/30 07:22:43.720, Tesla T4, 6499 MiB, 8414 MiB, 15360 MiB, 33 %, 28 %, 1590 MHz, 5000 MHz, 52.92 W, 78, P0
2026/09/30 07:22:44.233, Tesla T4, 6499 MiB, 8414 MiB, 15360 MiB, 29 %, 24 %, 1320 MHz, 5000 MHz, 48.13 W, 77, P0
2026/09/30 07:22:44.757, Tesla T4, 6499 MiB, 8414 MiB, 15360 MiB, 28 %, 22 %, 1260 MHz, 5000 MHz, 52.07 W, 77, P0
2026/09/30 07:22:45.285, Tesla T4, 6499 MiB, 8414 MiB, 15360 MiB, 30 %, 24 %, 1185 MHz, 5000 MHz, 42.61 W, 77, P0
2026/09/30 07:22:45.805, Tesla T4, 6499 MiB, 8414 MiB, 15360 MiB, 30 %, 23 %, 1080 MHz, 5000 MHz, 43.00 W, 77, P0
2026/09/30 07:22:46.323, Tesla T4, 6499 MiB, 8414 MiB, 15360 MiB, 26 %, 19 %, 1020 MHz, 5000 MHz, 43.06 W, 77, P0
2026/09/30 07:22:46.840, Tesla T4, 6499 MiB, 8414 MiB, 15360 MiB, 39 %, 29 %, 1035 MHz, 5000 MHz, 48.46 W, 77, P0
2026/09/30 07:22:47.351, Tesla T4, 6499 MiB, 8414 MiB, 15360 MiB, 41 %, 31 %, 1095 MHz, 5000 MHz, 48.75 W, 77, P0
2026/09/30 07:22:47.860, Tesla T4, 6499 MiB, 8414 MiB, 15360 MiB, 38 %, 29 %, 1155 MHz, 5000 MHz, 49.11 W, 77, P0
2026/09/30 07:22:48.373, Tesla T4, 6499 MiB, 8414 MiB, 15360 MiB, 39 %, 30 %, 1155 MHz, 5000 MHz, 49.67 W, 77, P0
2026/09/30 07:22:48.882, Tesla T4, 6499 MiB, 8414 MiB, 15360 MiB, 38 %, 29 %, 1185 MHz, 5000 MHz, 48.39 W, 77, P0
2026/09/30 07:22:49.393, Tesla T4, 6499 MiB, 8414 MiB, 15360 MiB, 33 %, 25 %, 1185 MHz, 5000 MHz, 49.11 W, 77, P0
2026/09/30 07:22:49.904, Tesla T4, 6499 MiB, 8414 MiB, 15360 MiB, 40 %, 31 %, 1185 MHz, 5000 MHz, 43.03 W, 77, P0
2026/09/30 07:22:50.413, Tesla T4, 6499 MiB, 8414 MiB, 15360 MiB, 39 %, 31 %, 1185 MHz, 5000 MHz, 47.77 W, 77, P0
2026/09/30 07:22:50.927, Tesla T4, 6499 MiB, 8414 MiB, 15360 MiB, 39 %, 31 %, 1185 MHz, 5000 MHz, 49.11 W, 77, P0
2026/09/30 07:22:51.435, Tesla T4, 6499 MiB, 8414 MiB, 15360 MiB, 40 %, 32 %, 1200 MHz, 5000 MHz, 48.10 W, 77, P0
2026/09/30 07:22:51.948, Tesla T4, 6499 MiB, 8414 MiB, 15360 MiB, 40 %, 31 %, 1200 MHz, 5000 MHz, 48.20 W, 77, P0
2026/09/30 07:22:52.457, Tesla T4, 6499 MiB, 8414 MiB, 15360 MiB, 40 %, 32 %, 1215 MHz, 5000 MHz, 51.15 W, 77, P0
2026/09/30 07:22:52.966, Tesla T4, 6499 MiB, 8414 MiB, 15360 MiB, 40 %, 32 %, 1230 MHz, 5000 MHz, 49.31 W, 77, P0
2026/09/30 07:22:53.479, Tesla T4, 6499 MiB, 8414 MiB, 15360 MiB, 40 %, 32 %, 1245 MHz, 5000 MHz, 49.64 W, 78, P0
2026/09/30 07:22:53.990, Tesla T4, 6499 MiB, 8414 MiB, 15360 MiB, 40 %, 32 %, 1275 MHz, 5000 MHz, 48.29 W, 78, P0
2026/09/30 07:22:54.505, Tesla T4, 6499 MiB, 8414 MiB, 15360 MiB, 39 %, 32 %, 1275 MHz, 5000 MHz, 49.02 W, 78, P0
2026/09/30 07:22:55.014, Tesla T4, 6499 MiB, 8414 MiB, 15360 MiB, 35 %, 28 %, 1275 MHz, 5000 MHz, 50.33 W, 78, P0
2026/09/30 07:22:55.541, Tesla T4, 6499 MiB, 8414 MiB, 15360 MiB, 40 %, 32 %, 1275 MHz, 5000 MHz, 49.94 W, 78, P0
2026/09/30 07:22:56.058, Tesla T4, 6499 MiB, 8414 MiB, 15360 MiB, 40 %, 33 %, 1305 MHz, 5000 MHz, 52.99 W, 78, P0
2026/09/30 07:22:56.568, Tesla T4, 6499 MiB, 8414 MiB, 15360 MiB, 35 %, 29 %, 1305 MHz, 5000 MHz, 45.27 W, 78, P0
2026/09/30 07:22:57.088, Tesla T4, 6499 MiB, 8414 MiB, 15360 MiB, 27 %, 23 %, 1590 MHz, 5000 MHz, 59.27 W, 79, P0
2026/09/30 07:22:57.603, Tesla T4, 6499 MiB, 8414 MiB, 15360 MiB, 28 %, 23 %, 1590 MHz, 5000 MHz, 67.69 W, 79, P0
2026/09/30 07:22:58.117, Tesla T4, 6499 MiB, 8414 MiB, 15360 MiB, 25 %, 21 %, 1590 MHz, 5000 MHz, 63.40 W, 79, P0
2026/09/30 07:22:58.630, Tesla T4, 6499 MiB, 8414 MiB, 15360 MiB, 25 %, 22 %, 1590 MHz, 5000 MHz, 60.94 W, 79, P0
2026/09/30 07:22:59.152, Tesla T4, 6499 MiB, 8414 MiB, 15360 MiB, 25 %, 19 %, 1125 MHz, 5000 MHz, 42.61 W, 78, P0
2026/09/30 07:22:59.661, Tesla T4, 6499 MiB, 8414 MiB, 15360 MiB, 41 %, 31 %, 1155 MHz, 5000 MHz, 49.29 W, 78, P0
2026/09/30 07:23:00.174, Tesla T4, 6499 MiB, 8414 MiB, 15360 MiB, 38 %, 30 %, 1155 MHz, 5000 MHz, 47.21 W, 78, P0
2026/09/30 07:23:00.683, Tesla T4, 6499 MiB, 8414 MiB, 15360 MiB, 40 %, 31 %, 1155 MHz, 5000 MHz, 50.10 W, 78, P0
2026/09/30 07:23:01.196, Tesla T4, 6499 MiB, 8414 MiB, 15360 MiB, 39 %, 30 %, 1155 MHz, 5000 MHz, 51.41 W, 78, P0
2026/09/30 07:23:01.705, Tesla T4, 6499 MiB, 8414 MiB, 15360 MiB, 37 %, 29 %, 1125 MHz, 5000 MHz, 47.14 W, 78, P0
2026/09/30 07:23:02.215, Tesla T4, 6499 MiB, 8414 MiB, 15360 MiB, 39 %, 29 %, 1125 MHz, 5000 MHz, 48.45 W, 78, P0
2026/09/30 07:23:02.727, Tesla T4, 6499 MiB, 8414 MiB, 15360 MiB, 40 %, 31 %, 1125 MHz, 5000 MHz, 49.21 W, 78, P0
2026/09/30 07:23:03.237, Tesla T4, 6499 MiB, 8414 MiB, 15360 MiB, 39 %, 30 %, 1125 MHz, 5000 MHz, 47.80 W, 78, P0
2026/09/30 07:23:03.749, Tesla T4, 6499 MiB, 8414 MiB, 15360 MiB, 41 %, 31 %, 1155 MHz, 5000 MHz, 50.30 W, 78, P0
2026/09/30 07:23:04.258, Tesla T4, 6499 MiB, 8414 MiB, 15360 MiB, 38 %, 29 %, 1185 MHz, 5000 MHz, 49.51 W, 78, P0
2026/09/30 07:23:04.768, Tesla T4, 6499 MiB, 8414 MiB, 15360 MiB, 41 %, 32 %, 1230 MHz, 5000 MHz, 47.72 W, 78, P0
2026/09/30 07:23:05.280, Tesla T4, 6499 MiB, 8414 MiB, 15360 MiB, 38 %, 31 %, 1230 MHz, 5000 MHz, 50.92 W, 78, P0
2026/09/30 07:23:05.789, Tesla T4, 6499 MiB, 8414 MiB, 15360 MiB, 40 %, 31 %, 1230 MHz, 5000 MHz, 52.42 W, 78, P0
2026/09/30 07:23:06.301, Tesla T4, 6499 MiB, 8414 MiB, 15360 MiB, 39 %, 31 %, 1230 MHz, 5000 MHz, 51.44 W, 78, P0
2026/09/30 07:23:06.810, Tesla T4, 6499 MiB, 8414 MiB, 15360 MiB, 39 %, 31 %, 1215 MHz, 5000 MHz, 54.10 W, 78, P0
2026/09/30 07:23:07.319, Tesla T4, 6499 MiB, 8414 MiB, 15360 MiB, 39 %, 31 %, 1215 MHz, 5000 MHz, 50.49 W, 78, P0
2026/09/30 07:23:07.831, Tesla T4, 6499 MiB, 8414 MiB, 15360 MiB, 37 %, 29 %, 1200 MHz, 5000 MHz, 47.80 W, 78, P0
2026/09/30 07:23:08.340, Tesla T4, 6499 MiB, 8414 MiB, 15360 MiB, 39 %, 31 %, 1200 MHz, 5000 MHz, 56.07 W, 78, P0
2026/09/30 07:23:08.849, Tesla T4, 6499 MiB, 8414 MiB, 15360 MiB, 38 %, 31 %, 1200 MHz, 5000 MHz, 48.63 W, 78, P0
2026/09/30 07:23:09.363, Tesla T4, 6499 MiB, 8414 MiB, 15360 MiB, 25 %, 20 %, 1170 MHz, 5000 MHz, 48.20 W, 77, P0
2026/09/30 07:23:09.882, Tesla T4, 6499 MiB, 8414 MiB, 15360 MiB, 30 %, 23 %, 1110 MHz, 5000 MHz, 50.01 W, 77, P0
2026/09/30 07:23:10.400, Tesla T4, 6499 MiB, 8414 MiB, 15360 MiB, 33 %, 25 %, 1050 MHz, 5000 MHz, 46.11 W, 77, P0
2026/09/30 07:23:10.920, Tesla T4, 6499 MiB, 8414 MiB, 15360 MiB, 29 %, 22 %, 990 MHz, 5000 MHz, 49.41 W, 77, P0
2026/09/30 07:23:11.439, Tesla T4, 6499 MiB, 8414 MiB, 15360 MiB, 34 %, 25 %, 945 MHz, 5000 MHz, 41.70 W, 77, P0
2026/09/30 07:23:11.958, Tesla T4, 6499 MiB, 8414 MiB, 15360 MiB, 33 %, 23 %, 885 MHz, 5000 MHz, 43.52 W, 77, P0
2026/09/30 07:23:12.473, Tesla T4, 6499 MiB, 8414 MiB, 15360 MiB, 42 %, 30 %, 1530 MHz, 5000 MHz, 58.85 W, 78, P0
2026/09/30 07:23:12.981, Tesla T4, 6499 MiB, 8414 MiB, 15360 MiB, 31 %, 26 %, 1530 MHz, 5000 MHz, 60.22 W, 78, P0
2026/09/30 07:23:13.490, Tesla T4, 6499 MiB, 8414 MiB, 15360 MiB, 34 %, 28 %, 1530 MHz, 5000 MHz, 60.02 W, 78, P0
2026/09/30 07:23:14.000, Tesla T4, 6499 MiB, 8414 MiB, 15360 MiB, 31 %, 26 %, 1530 MHz, 5000 MHz, 65.63 W, 79, P0
2026/09/30 07:23:14.508, Tesla T4, 6499 MiB, 8414 MiB, 15360 MiB, 35 %, 29 %, 1410 MHz, 5000 MHz, 56.30 W, 78, P0
2026/09/30 07:23:15.017, Tesla T4, 6499 MiB, 8414 MiB, 15360 MiB, 33 %, 27 %, 1365 MHz, 5000 MHz, 51.54 W, 78, P0
2026/09/30 07:23:15.528, Tesla T4, 6499 MiB, 8414 MiB, 15360 MiB, 38 %, 31 %, 1335 MHz, 5000 MHz, 51.32 W, 78, P0
2026/09/30 07:23:16.042, Tesla T4, 6499 MiB, 8414 MiB, 15360 MiB, 35 %, 28 %, 1320 MHz, 5000 MHz, 55.54 W, 78, P0
2026/09/30 07:23:16.553, Tesla T4, 6499 MiB, 8414 MiB, 15360 MiB, 38 %, 31 %, 1305 MHz, 5000 MHz, 52.59 W, 78, P0
2026/09/30 07:23:17.062, Tesla T4, 6499 MiB, 8414 MiB, 15360 MiB, 35 %, 28 %, 1290 MHz, 5000 MHz, 50.13 W, 78, P0
2026/09/30 07:23:17.571, Tesla T4, 6499 MiB, 8414 MiB, 15360 MiB, 38 %, 31 %, 1260 MHz, 5000 MHz, 51.48 W, 78, P0
2026/09/30 07:23:18.081, Tesla T4, 6499 MiB, 8414 MiB, 15360 MiB, 34 %, 27 %, 1230 MHz, 5000 MHz, 50.76 W, 77, P0
2026/09/30 07:23:18.590, Tesla T4, 6499 MiB, 8414 MiB, 15360 MiB, 39 %, 31 %, 1230 MHz, 5000 MHz, 52.36 W, 77, P0
2026/09/30 07:23:19.101, Tesla T4, 6499 MiB, 8414 MiB, 15360 MiB, 38 %, 30 %, 1230 MHz, 5000 MHz, 51.47 W, 77, P0
2026/09/30 07:23:19.612, Tesla T4, 6499 MiB, 8414 MiB, 15360 MiB, 39 %, 31 %, 1215 MHz, 5000 MHz, 49.94 W, 77, P0
2026/09/30 07:23:20.121, Tesla T4, 6499 MiB, 8414 MiB, 15360 MiB, 38 %, 30 %, 1200 MHz, 5000 MHz, 50.76 W, 77, P0
2026/09/30 07:23:20.633, Tesla T4, 6499 MiB, 8414 MiB, 15360 MiB, 39 %, 31 %, 1200 MHz, 5000 MHz, 49.67 W, 77, P0
2026/09/30 07:23:21.143, Tesla T4, 6499 MiB, 8414 MiB, 15360 MiB, 37 %, 29 %, 1200 MHz, 5000 MHz, 50.26 W, 77, P0
2026/09/30 07:23:21.658, Tesla T4, 6499 MiB, 8414 MiB, 15360 MiB, 38 %, 30 %, 1185 MHz, 5000 MHz, 50.10 W, 77, P0
2026/09/30 07:23:22.168, Tesla T4, 6499 MiB, 8414 MiB, 15360 MiB, 27 %, 21 %, 1125 MHz, 5000 MHz, 44.11 W, 77, P0
2026/09/30 07:23:22.686, Tesla T4, 6499 MiB, 8414 MiB, 15360 MiB, 32 %, 25 %, 1080 MHz, 5000 MHz, 45.40 W, 76, P0
2026/09/30 07:23:23.212, Tesla T4, 6499 MiB, 8414 MiB, 15360 MiB, 33 %, 25 %, 1035 MHz, 5000 MHz, 45.89 W, 76, P0
2026/09/30 07:23:23.735, Tesla T4, 6499 MiB, 8414 MiB, 15360 MiB, 27 %, 20 %, 990 MHz, 5000 MHz, 42.78 W, 76, P0
2026/09/30 07:23:24.263, Tesla T4, 6499 MiB, 8414 MiB, 15360 MiB, 34 %, 25 %, 930 MHz, 5000 MHz, 41.08 W, 76, P0
2026/09/30 07:23:24.775, Tesla T4, 6499 MiB, 8414 MiB, 15360 MiB, 39 %, 27 %, 885 MHz, 5000 MHz, 49.38 W, 76, P0
2026/09/30 07:23:25.286, Tesla T4, 6499 MiB, 8414 MiB, 15360 MiB, 42 %, 29 %, 915 MHz, 5000 MHz, 43.30 W, 76, P0
2026/09/30 07:23:25.800, Tesla T4, 6499 MiB, 8414 MiB, 15360 MiB, 42 %, 32 %, 1080 MHz, 5000 MHz, 45.37 W, 76, P0
2026/09/30 07:23:26.310, Tesla T4, 6499 MiB, 8414 MiB, 15360 MiB, 41 %, 32 %, 1140 MHz, 5000 MHz, 47.51 W, 76, P0
2026/09/30 07:23:26.837, Tesla T4, 6499 MiB, 8414 MiB, 15360 MiB, 40 %, 32 %, 1170 MHz, 5000 MHz, 48.69 W, 76, P0
2026/09/30 07:23:27.349, Tesla T4, 6499 MiB, 8414 MiB, 15360 MiB, 35 %, 29 %, 1590 MHz, 5000 MHz, 58.91 W, 77, P0
2026/09/30 07:23:27.870, Tesla T4, 6499 MiB, 8414 MiB, 15360 MiB, 34 %, 29 %, 1590 MHz, 5000 MHz, 61.53 W, 78, P0
2026/09/30 07:23:28.378, Tesla T4, 6499 MiB, 8414 MiB, 15360 MiB, 35 %, 30 %, 1590 MHz, 5000 MHz, 61.95 W, 78, P0
2026/09/30 07:23:28.902, Tesla T4, 6499 MiB, 8414 MiB, 15360 MiB, 36 %, 30 %, 1470 MHz, 5000 MHz, 55.58 W, 78, P0
2026/09/30 07:23:29.411, Tesla T4, 6499 MiB, 8414 MiB, 15360 MiB, 36 %, 29 %, 1425 MHz, 5000 MHz, 62.67 W, 78, P0
2026/09/30 07:23:29.920, Tesla T4, 6499 MiB, 8414 MiB, 15360 MiB, 36 %, 30 %, 1395 MHz, 5000 MHz, 55.21 W, 77, P0
2026/09/30 07:23:30.429, Tesla T4, 6499 MiB, 8414 MiB, 15360 MiB, 37 %, 30 %, 1365 MHz, 5000 MHz, 53.74 W, 77, P0
2026/09/30 07:23:30.939, Tesla T4, 6499 MiB, 8414 MiB, 15360 MiB, 38 %, 31 %, 1350 MHz, 5000 MHz, 50.01 W, 77, P0
2026/09/30 07:23:31.449, Tesla T4, 6499 MiB, 8414 MiB, 15360 MiB, 37 %, 29 %, 1320 MHz, 5000 MHz, 53.81 W, 77, P0
2026/09/30 07:23:31.958, Tesla T4, 6499 MiB, 8414 MiB, 15360 MiB, 38 %, 30 %, 1290 MHz, 5000 MHz, 48.46 W, 77, P0
2026/09/30 07:23:32.468, Tesla T4, 6499 MiB, 8414 MiB, 15360 MiB, 37 %, 30 %, 1275 MHz, 5000 MHz, 49.51 W, 77, P0
2026/09/30 07:23:32.979, Tesla T4, 6499 MiB, 8414 MiB, 15360 MiB, 38 %, 31 %, 1260 MHz, 5000 MHz, 51.02 W, 77, P0
2026/09/30 07:23:33.488, Tesla T4, 6499 MiB, 8414 MiB, 15360 MiB, 37 %, 29 %, 1245 MHz, 5000 MHz, 48.14 W, 77, P0
2026/09/30 07:23:34.001, Tesla T4, 6499 MiB, 8414 MiB, 15360 MiB, 39 %, 31 %, 1230 MHz, 5000 MHz, 48.91 W, 77, P0
2026/09/30 07:23:34.511, Tesla T4, 6499 MiB, 8414 MiB, 15360 MiB, 36 %, 29 %, 1215 MHz, 5000 MHz, 50.40 W, 77, P0
2026/09/30 07:23:35.022, Tesla T4, 6499 MiB, 8414 MiB, 15360 MiB, 28 %, 22 %, 1140 MHz, 5000 MHz, 47.47 W, 76, P0
2026/09/30 07:23:35.551, Tesla T4, 6499 MiB, 8414 MiB, 15360 MiB, 31 %, 24 %, 1080 MHz, 5000 MHz, 45.22 W, 76, P0
2026/09/30 07:23:36.068, Tesla T4, 6499 MiB, 8414 MiB, 15360 MiB, 33 %, 24 %, 1035 MHz, 5000 MHz, 44.78 W, 76, P0
2026/09/30 07:23:36.588, Tesla T4, 6499 MiB, 8414 MiB, 15360 MiB, 29 %, 22 %, 975 MHz, 5000 MHz, 43.55 W, 76, P0
2026/09/30 07:23:37.104, Tesla T4, 6499 MiB, 8414 MiB, 15360 MiB, 29 %, 21 %, 915 MHz, 5000 MHz, 40.49 W, 76, P0
2026/09/30 07:23:37.622, Tesla T4, 6499 MiB, 8414 MiB, 15360 MiB, 33 %, 23 %, 870 MHz, 5000 MHz, 48.06 W, 76, P0
2026/09/30 07:23:38.132, Tesla T4, 6499 MiB, 8414 MiB, 15360 MiB, 38 %, 28 %, 960 MHz, 5000 MHz, 44.58 W, 75, P0
2026/09/30 07:23:38.643, Tesla T4, 6499 MiB, 8414 MiB, 15360 MiB, 39 %, 29 %, 1035 MHz, 5000 MHz, 45.30 W, 76, P0
2026/09/30 07:23:39.158, Tesla T4, 6499 MiB, 8414 MiB, 15360 MiB, 36 %, 27 %, 1080 MHz, 5000 MHz, 45.83 W, 76, P0
2026/09/30 07:23:39.668, Tesla T4, 6499 MiB, 8414 MiB, 15360 MiB, 41 %, 31 %, 1170 MHz, 5000 MHz, 47.55 W, 76, P0
2026/09/30 07:23:40.179, Tesla T4, 6499 MiB, 8414 MiB, 15360 MiB, 36 %, 29 %, 1170 MHz, 5000 MHz, 50.10 W, 76, P0
2026/09/30 07:23:40.688, Tesla T4, 6499 MiB, 8414 MiB, 15360 MiB, 40 %, 31 %, 1170 MHz, 5000 MHz, 46.94 W, 76, P0
2026/09/30 07:23:41.198, Tesla T4, 6499 MiB, 8414 MiB, 15360 MiB, 35 %, 27 %, 1170 MHz, 5000 MHz, 48.29 W, 76, P0
2026/09/30 07:23:41.710, Tesla T4, 6499 MiB, 8414 MiB, 15360 MiB, 38 %, 30 %, 975 MHz, 5000 MHz, 76.22 W, 76, P0
2026/09/30 07:23:42.223, Tesla T4, 6499 MiB, 8414 MiB, 15360 MiB, 100 %, 29 %, 825 MHz, 5000 MHz, 66.51 W, 77, P0
2026/09/30 07:23:42.739, Tesla T4, 6499 MiB, 8414 MiB, 15360 MiB, 78 %, 31 %, 1575 MHz, 5000 MHz, 63.97 W, 77, P0
2026/09/30 07:23:43.249, Tesla T4, 6499 MiB, 8414 MiB, 15360 MiB, 36 %, 32 %, 1575 MHz, 5000 MHz, 62.56 W, 77, P0
2026/09/30 07:23:43.757, Tesla T4, 6499 MiB, 8414 MiB, 15360 MiB, 40 %, 35 %, 1575 MHz, 5000 MHz, 62.97 W, 78, P0
2026/09/30 07:23:44.271, Tesla T4, 6499 MiB, 8414 MiB, 15360 MiB, 36 %, 32 %, 1590 MHz, 5000 MHz, 64.30 W, 78, P0
2026/09/30 07:23:44.780, Tesla T4, 6499 MiB, 8414 MiB, 15360 MiB, 41 %, 37 %, 1560 MHz, 5000 MHz, 66.20 W, 78, P0
2026/09/30 07:23:45.288, Tesla T4, 6499 MiB, 8414 MiB, 15360 MiB, 41 %, 36 %, 1590 MHz, 5000 MHz, 66.26 W, 78, P0
2026/09/30 07:23:45.798, Tesla T4, 6499 MiB, 8414 MiB, 15360 MiB, 42 %, 37 %, 1575 MHz, 5000 MHz, 62.79 W, 78, P0
2026/09/30 07:23:46.312, Tesla T4, 6499 MiB, 8414 MiB, 15360 MiB, 40 %, 35 %, 1500 MHz, 5000 MHz, 67.76 W, 79, P0
2026/09/30 07:23:46.820, Tesla T4, 6499 MiB, 8414 MiB, 15360 MiB, 39 %, 35 %, 1590 MHz, 5000 MHz, 65.87 W, 79, P0
2026/09/30 07:23:47.330, Tesla T4, 6499 MiB, 8414 MiB, 15360 MiB, 39 %, 35 %, 1590 MHz, 5000 MHz, 66.24 W, 79, P0
2026/09/30 07:23:47.838, Tesla T4, 6499 MiB, 8414 MiB, 15360 MiB, 31 %, 27 %, 1590 MHz, 5000 MHz, 61.55 W, 79, P0
2026/09/30 07:23:48.358, Tesla T4, 6499 MiB, 8414 MiB, 15360 MiB, 31 %, 27 %, 1590 MHz, 5000 MHz, 56.92 W, 79, P0
2026/09/30 07:23:48.873, Tesla T4, 6499 MiB, 8414 MiB, 15360 MiB, 34 %, 30 %, 1590 MHz, 5000 MHz, 59.59 W, 79, P0
2026/09/30 07:23:49.386, Tesla T4, 6499 MiB, 8414 MiB, 15360 MiB, 29 %, 25 %, 1335 MHz, 5000 MHz, 46.87 W, 78, P0
2026/09/30 07:23:49.900, Tesla T4, 6499 MiB, 8414 MiB, 15360 MiB, 35 %, 29 %, 1275 MHz, 5000 MHz, 47.73 W, 78, P0
2026/09/30 07:23:50.428, Tesla T4, 6499 MiB, 8414 MiB, 15360 MiB, 36 %, 30 %, 1200 MHz, 5000 MHz, 44.38 W, 77, P0
2026/09/30 07:23:50.938, Tesla T4, 6499 MiB, 8414 MiB, 15360 MiB, 43 %, 37 %, 1455 MHz, 5000 MHz, 55.48 W, 78, P0
2026/09/30 07:23:51.449, Tesla T4, 6499 MiB, 8414 MiB, 15360 MiB, 41 %, 36 %, 1545 MHz, 5000 MHz, 64.04 W, 79, P0
2026/09/30 07:23:51.958, Tesla T4, 6499 MiB, 8414 MiB, 15360 MiB, 40 %, 36 %, 1515 MHz, 5000 MHz, 65.71 W, 79, P0
2026/09/30 07:23:52.467, Tesla T4, 6499 MiB, 8414 MiB, 15360 MiB, 38 %, 34 %, 1590 MHz, 5000 MHz, 65.20 W, 79, P0
2026/09/30 07:23:52.978, Tesla T4, 6499 MiB, 8414 MiB, 15360 MiB, 36 %, 32 %, 1590 MHz, 5000 MHz, 64.16 W, 80, P0
2026/09/30 07:23:53.487, Tesla T4, 6499 MiB, 8414 MiB, 15360 MiB, 37 %, 33 %, 1590 MHz, 5000 MHz, 59.43 W, 80, P0
2026/09/30 07:23:53.995, Tesla T4, 6499 MiB, 8414 MiB, 15360 MiB, 41 %, 36 %, 1575 MHz, 5000 MHz, 64.81 W, 80, P0
2026/09/30 07:23:54.510, Tesla T4, 6499 MiB, 8414 MiB, 15360 MiB, 42 %, 37 %, 1575 MHz, 5000 MHz, 59.01 W, 80, P0
2026/09/30 07:23:55.026, Tesla T4, 6499 MiB, 8414 MiB, 15360 MiB, 41 %, 36 %, 1590 MHz, 5000 MHz, 70.93 W, 80, P0
2026/09/30 07:23:55.544, Tesla T4, 6499 MiB, 8414 MiB, 15360 MiB, 39 %, 35 %, 1590 MHz, 5000 MHz, 69.73 W, 80, P0
2026/09/30 07:23:56.069, Tesla T4, 6499 MiB, 8414 MiB, 15360 MiB, 43 %, 38 %, 1560 MHz, 5000 MHz, 64.96 W, 80, P0
2026/09/30 07:23:56.578, Tesla T4, 6499 MiB, 8414 MiB, 15360 MiB, 40 %, 35 %, 1575 MHz, 5000 MHz, 64.50 W, 80, P0
2026/09/30 07:23:57.092, Tesla T4, 6499 MiB, 8414 MiB, 15360 MiB, 39 %, 35 %, 1575 MHz, 5000 MHz, 65.28 W, 81, P0
2026/09/30 07:23:57.600, Tesla T4, 6499 MiB, 8414 MiB, 15360 MiB, 43 %, 39 %, 1230 MHz, 5000 MHz, 70.80 W, 81, P0
2026/09/30 07:23:58.108, Tesla T4, 6499 MiB, 8414 MiB, 15360 MiB, 36 %, 30 %, 1575 MHz, 5000 MHz, 67.03 W, 80, P0
2026/09/30 07:23:58.622, Tesla T4, 6499 MiB, 8414 MiB, 15360 MiB, 36 %, 30 %, 1575 MHz, 5000 MHz, 60.57 W, 80, P0
2026/09/30 07:23:59.131, Tesla T4, 6499 MiB, 8414 MiB, 15360 MiB, 35 %, 30 %, 1590 MHz, 5000 MHz, 63.22 W, 80, P0
2026/09/30 07:23:59.639, Tesla T4, 6499 MiB, 8414 MiB, 15360 MiB, 36 %, 31 %, 1470 MHz, 5000 MHz, 58.65 W, 80, P0
2026/09/30 07:24:00.150, Tesla T4, 6499 MiB, 8414 MiB, 15360 MiB, 36 %, 30 %, 1440 MHz, 5000 MHz, 56.23 W, 79, P0
2026/09/30 07:24:00.659, Tesla T4, 6499 MiB, 8414 MiB, 15360 MiB, 27 %, 23 %, 1350 MHz, 5000 MHz, 49.67 W, 79, P0
2026/09/30 07:24:01.174, Tesla T4, 6499 MiB, 8414 MiB, 15360 MiB, 30 %, 24 %, 1245 MHz, 5000 MHz, 49.25 W, 78, P0
2026/09/30 07:24:01.697, Tesla T4, 6499 MiB, 8414 MiB, 15360 MiB, 31 %, 25 %, 1200 MHz, 5000 MHz, 54.46 W, 78, P0
2026/09/30 07:24:02.210, Tesla T4, 6499 MiB, 8414 MiB, 15360 MiB, 25 %, 19 %, 1095 MHz, 5000 MHz, 45.66 W, 77, P0
2026/09/30 07:24:02.738, Tesla T4, 6499 MiB, 8414 MiB, 15360 MiB, 28 %, 21 %, 1035 MHz, 5000 MHz, 47.21 W, 77, P0
2026/09/30 07:24:03.257, Tesla T4, 6499 MiB, 8414 MiB, 15360 MiB, 41 %, 30 %, 990 MHz, 5000 MHz, 45.27 W, 77, P0
2026/09/30 07:24:03.769, Tesla T4, 6499 MiB, 8414 MiB, 15360 MiB, 41 %, 30 %, 1035 MHz, 5000 MHz, 47.44 W, 77, P0
2026/09/30 07:24:04.280, Tesla T4, 6499 MiB, 8414 MiB, 15360 MiB, 41 %, 31 %, 1080 MHz, 5000 MHz, 45.34 W, 76, P0
2026/09/30 07:24:04.792, Tesla T4, 6499 MiB, 8414 MiB, 15360 MiB, 42 %, 31 %, 1140 MHz, 5000 MHz, 48.28 W, 76, P0
2026/09/30 07:24:05.305, Tesla T4, 6499 MiB, 8414 MiB, 15360 MiB, 39 %, 30 %, 1140 MHz, 5000 MHz, 52.73 W, 76, P0
2026/09/30 07:24:05.816, Tesla T4, 6499 MiB, 8414 MiB, 15360 MiB, 40 %, 31 %, 1140 MHz, 5000 MHz, 48.13 W, 76, P0
2026/09/30 07:24:06.325, Tesla T4, 6499 MiB, 8414 MiB, 15360 MiB, 39 %, 30 %, 1140 MHz, 5000 MHz, 48.07 W, 76, P0
2026/09/30 07:24:06.835, Tesla T4, 6499 MiB, 8414 MiB, 15360 MiB, 40 %, 31 %, 1155 MHz, 5000 MHz, 48.10 W, 75, P0
2026/09/30 07:24:07.346, Tesla T4, 6499 MiB, 8414 MiB, 15360 MiB, 38 %, 30 %, 1140 MHz, 5000 MHz, 48.39 W, 75, P0
2026/09/30 07:24:07.856, Tesla T4, 6499 MiB, 8414 MiB, 15360 MiB, 40 %, 31 %, 1140 MHz, 5000 MHz, 47.73 W, 75, P0
2026/09/30 07:24:08.365, Tesla T4, 6499 MiB, 8414 MiB, 15360 MiB, 37 %, 29 %, 1140 MHz, 5000 MHz, 47.90 W, 75, P0
2026/09/30 07:24:08.878, Tesla T4, 6499 MiB, 8414 MiB, 15360 MiB, 41 %, 32 %, 1185 MHz, 5000 MHz, 47.58 W, 75, P0
2026/09/30 07:24:09.388, Tesla T4, 6499 MiB, 8414 MiB, 15360 MiB, 37 %, 29 %, 1185 MHz, 5000 MHz, 54.86 W, 75, P0
2026/09/30 07:24:09.900, Tesla T4, 6499 MiB, 8414 MiB, 15360 MiB, 41 %, 32 %, 1215 MHz, 5000 MHz, 51.57 W, 75, P0
2026/09/30 07:24:10.410, Tesla T4, 6499 MiB, 8414 MiB, 15360 MiB, 35 %, 28 %, 1215 MHz, 5000 MHz, 47.51 W, 74, P0
2026/09/30 07:24:10.928, Tesla T4, 6499 MiB, 8414 MiB, 15360 MiB, 40 %, 32 %, 1245 MHz, 5000 MHz, 50.88 W, 74, P0
2026/09/30 07:24:11.438, Tesla T4, 6499 MiB, 8414 MiB, 15360 MiB, 40 %, 32 %, 1245 MHz, 5000 MHz, 48.88 W, 74, P0
2026/09/30 07:24:11.949, Tesla T4, 6499 MiB, 8414 MiB, 15360 MiB, 40 %, 32 %, 1245 MHz, 5000 MHz, 49.21 W, 74, P0
2026/09/30 07:24:12.459, Tesla T4, 6499 MiB, 8414 MiB, 15360 MiB, 51 %, 32 %, 1260 MHz, 5000 MHz, 52.66 W, 75, P0
2026/09/30 07:24:12.968, Tesla T4, 6499 MiB, 8414 MiB, 15360 MiB, 36 %, 31 %, 1590 MHz, 5000 MHz, 61.49 W, 75, P0
2026/09/30 07:24:13.478, Tesla T4, 6499 MiB, 8414 MiB, 15360 MiB, 27 %, 23 %, 1590 MHz, 5000 MHz, 56.46 W, 75, P0
2026/09/30 07:24:13.992, Tesla T4, 6499 MiB, 8414 MiB, 15360 MiB, 27 %, 23 %, 1590 MHz, 5000 MHz, 57.54 W, 75, P0
2026/09/30 07:24:14.508, Tesla T4, 6499 MiB, 8414 MiB, 15360 MiB, 26 %, 21 %, 1215 MHz, 5000 MHz, 43.69 W, 74, P0
2026/09/30 07:24:15.026, Tesla T4, 6499 MiB, 8414 MiB, 15360 MiB, 28 %, 22 %, 1155 MHz, 5000 MHz, 40.66 W, 74, P0
2026/09/30 07:24:15.610, Tesla T4, 6499 MiB, 8414 MiB, 15360 MiB, 25 %, 18 %, 1050 MHz, 5000 MHz, 41.67 W, 73, P0
2026/09/30 07:24:16.126, Tesla T4, 6499 MiB, 8414 MiB, 15360 MiB, 40 %, 30 %, 1005 MHz, 5000 MHz, 42.71 W, 73, P0
2026/09/30 07:24:16.637, Tesla T4, 6499 MiB, 8414 MiB, 15360 MiB, 38 %, 28 %, 1020 MHz, 5000 MHz, 44.63 W, 73, P0
2026/09/30 07:24:17.147, Tesla T4, 6499 MiB, 8414 MiB, 15360 MiB, 39 %, 29 %, 1065 MHz, 5000 MHz, 51.48 W, 73, P0
2026/09/30 07:24:17.661, Tesla T4, 6499 MiB, 8414 MiB, 15360 MiB, 38 %, 29 %, 1110 MHz, 5000 MHz, 49.21 W, 73, P0
2026/09/30 07:24:18.170, Tesla T4, 6499 MiB, 8414 MiB, 15360 MiB, 39 %, 30 %, 1125 MHz, 5000 MHz, 48.00 W, 73, P0
2026/09/30 07:24:18.680, Tesla T4, 6499 MiB, 8414 MiB, 15360 MiB, 36 %, 28 %, 1170 MHz, 5000 MHz, 51.18 W, 73, P0
2026/09/30 07:24:19.190, Tesla T4, 6499 MiB, 8414 MiB, 15360 MiB, 40 %, 31 %, 1170 MHz, 5000 MHz, 48.52 W, 73, P0
2026/09/30 07:24:19.698, Tesla T4, 6499 MiB, 8414 MiB, 15360 MiB, 36 %, 28 %, 1170 MHz, 5000 MHz, 48.24 W, 74, P0
2026/09/30 07:24:20.208, Tesla T4, 6499 MiB, 8414 MiB, 15360 MiB, 39 %, 30 %, 1170 MHz, 5000 MHz, 46.33 W, 73, P0
2026/09/30 07:24:20.721, Tesla T4, 6499 MiB, 8414 MiB, 15360 MiB, 35 %, 28 %, 1215 MHz, 5000 MHz, 46.82 W, 74, P0
2026/09/30 07:24:21.230, Tesla T4, 6499 MiB, 8414 MiB, 15360 MiB, 38 %, 29 %, 1215 MHz, 5000 MHz, 51.51 W, 74, P0
2026/09/30 07:24:21.743, Tesla T4, 6499 MiB, 8414 MiB, 15360 MiB, 37 %, 29 %, 1215 MHz, 5000 MHz, 47.90 W, 74, P0
2026/09/30 07:24:22.253, Tesla T4, 6499 MiB, 8414 MiB, 15360 MiB, 39 %, 31 %, 1215 MHz, 5000 MHz, 47.67 W, 74, P0
2026/09/30 07:24:22.765, Tesla T4, 6499 MiB, 8414 MiB, 15360 MiB, 36 %, 28 %, 1200 MHz, 5000 MHz, 53.31 W, 74, P0
2026/09/30 07:24:23.274, Tesla T4, 6499 MiB, 8414 MiB, 15360 MiB, 39 %, 31 %, 1200 MHz, 5000 MHz, 46.37 W, 74, P0
2026/09/30 07:24:23.787, Tesla T4, 6499 MiB, 8414 MiB, 15360 MiB, 37 %, 29 %, 1200 MHz, 5000 MHz, 48.15 W, 74, P0
2026/09/30 07:24:24.300, Tesla T4, 6499 MiB, 8414 MiB, 15360 MiB, 40 %, 31 %, 1185 MHz, 5000 MHz, 48.13 W, 74, P0
2026/09/30 07:24:24.809, Tesla T4, 6499 MiB, 8414 MiB, 15360 MiB, 39 %, 31 %, 1185 MHz, 5000 MHz, 47.08 W, 74, P0
2026/09/30 07:24:25.319, Tesla T4, 6499 MiB, 8414 MiB, 15360 MiB, 33 %, 26 %, 1185 MHz, 5000 MHz, 44.26 W, 74, P0
2026/09/30 07:24:25.831, Tesla T4, 6499 MiB, 8414 MiB, 15360 MiB, 38 %, 29 %, 1185 MHz, 5000 MHz, 44.90 W, 74, P0
2026/09/30 07:24:26.348, Tesla T4, 6499 MiB, 8414 MiB, 15360 MiB, 30 %, 23 %, 1065 MHz, 5000 MHz, 44.71 W, 74, P0
2026/09/30 07:24:26.866, Tesla T4, 6499 MiB, 8414 MiB, 15360 MiB, 31 %, 23 %, 1020 MHz, 5000 MHz, 41.21 W, 74, P0
2026/09/30 07:24:27.385, Tesla T4, 6499 MiB, 8414 MiB, 15360 MiB, 33 %, 24 %, 975 MHz, 5000 MHz, 38.20 W, 74, P0
2026/09/30 07:24:27.906, Tesla T4, 6499 MiB, 8414 MiB, 15360 MiB, 40 %, 23 %, 1380 MHz, 5000 MHz, 51.58 W, 75, P0
2026/09/30 07:24:28.436, Tesla T4, 6499 MiB, 8414 MiB, 15360 MiB, 23 %, 19 %, 1380 MHz, 5000 MHz, 54.46 W, 74, P0
2026/09/30 07:24:28.950, Tesla T4, 6499 MiB, 8414 MiB, 15360 MiB, 34 %, 28 %, 1380 MHz, 5000 MHz, 54.59 W, 75, P0
2026/09/30 07:24:29.458, Tesla T4, 6499 MiB, 8414 MiB, 15360 MiB, 37 %, 30 %, 1380 MHz, 5000 MHz, 52.89 W, 75, P0
2026/09/30 07:24:29.968, Tesla T4, 6499 MiB, 8414 MiB, 15360 MiB, 37 %, 30 %, 1290 MHz, 5000 MHz, 50.66 W, 75, P0
2026/09/30 07:24:30.477, Tesla T4, 6499 MiB, 8414 MiB, 15360 MiB, 38 %, 30 %, 1275 MHz, 5000 MHz, 49.48 W, 75, P0
2026/09/30 07:24:30.986, Tesla T4, 6499 MiB, 8414 MiB, 15360 MiB, 37 %, 30 %, 1260 MHz, 5000 MHz, 46.58 W, 75, P0
2026/09/30 07:24:31.498, Tesla T4, 6499 MiB, 8414 MiB, 15360 MiB, 38 %, 30 %, 1245 MHz, 5000 MHz, 50.85 W, 75, P0
2026/09/30 07:24:32.008, Tesla T4, 6499 MiB, 8414 MiB, 15360 MiB, 38 %, 30 %, 1230 MHz, 5000 MHz, 48.79 W, 75, P0
2026/09/30 07:24:32.527, Tesla T4, 6499 MiB, 8414 MiB, 15360 MiB, 38 %, 30 %, 1215 MHz, 5000 MHz, 50.17 W, 75, P0
2026/09/30 07:24:33.040, Tesla T4, 6499 MiB, 8414 MiB, 15360 MiB, 38 %, 30 %, 1200 MHz, 5000 MHz, 48.82 W, 75, P0
2026/09/30 07:24:33.561, Tesla T4, 6499 MiB, 8414 MiB, 15360 MiB, 39 %, 31 %, 1185 MHz, 5000 MHz, 47.34 W, 75, P0
2026/09/30 07:24:34.071, Tesla T4, 6499 MiB, 8414 MiB, 15360 MiB, 36 %, 28 %, 1170 MHz, 5000 MHz, 46.72 W, 75, P0
2026/09/30 07:24:34.591, Tesla T4, 6499 MiB, 8414 MiB, 15360 MiB, 40 %, 31 %, 1155 MHz, 5000 MHz, 47.83 W, 75, P0
2026/09/30 07:24:35.101, Tesla T4, 6499 MiB, 8414 MiB, 15360 MiB, 38 %, 30 %, 1140 MHz, 5000 MHz, 47.90 W, 76, P0
2026/09/30 07:24:35.611, Tesla T4, 6499 MiB, 8414 MiB, 15360 MiB, 40 %, 31 %, 1155 MHz, 5000 MHz, 47.73 W, 76, P0
2026/09/30 07:24:36.126, Tesla T4, 6499 MiB, 8414 MiB, 15360 MiB, 38 %, 29 %, 1140 MHz, 5000 MHz, 47.27 W, 76, P0
2026/09/30 07:24:36.639, Tesla T4, 6499 MiB, 8414 MiB, 15360 MiB, 40 %, 31 %, 1155 MHz, 5000 MHz, 52.37 W, 76, P0
2026/09/30 07:24:37.149, Tesla T4, 6499 MiB, 8414 MiB, 15360 MiB, 39 %, 30 %, 1155 MHz, 5000 MHz, 49.77 W, 76, P0
2026/09/30 07:24:37.661, Tesla T4, 6499 MiB, 8414 MiB, 15360 MiB, 39 %, 30 %, 1155 MHz, 5000 MHz, 50.30 W, 76, P0
2026/09/30 07:24:38.171, Tesla T4, 6499 MiB, 8414 MiB, 15360 MiB, 39 %, 30 %, 1155 MHz, 5000 MHz, 48.17 W, 76, P0
2026/09/30 07:24:38.681, Tesla T4, 6499 MiB, 8414 MiB, 15360 MiB, 38 %, 29 %, 1125 MHz, 5000 MHz, 43.42 W, 76, P0
2026/09/30 07:24:39.199, Tesla T4, 6499 MiB, 8414 MiB, 15360 MiB, 32 %, 24 %, 1050 MHz, 5000 MHz, 48.88 W, 76, P0
2026/09/30 07:24:39.731, Tesla T4, 6499 MiB, 8414 MiB, 15360 MiB, 33 %, 25 %, 1020 MHz, 5000 MHz, 46.06 W, 76, P0
2026/09/30 07:24:40.256, Tesla T4, 6499 MiB, 8414 MiB, 15360 MiB, 31 %, 23 %, 975 MHz, 5000 MHz, 44.44 W, 76, P0
2026/09/30 07:24:40.790, Tesla T4, 6499 MiB, 8414 MiB, 15360 MiB, 32 %, 22 %, 900 MHz, 5000 MHz, 42.71 W, 76, P0
2026/09/30 07:24:41.308, Tesla T4, 6499 MiB, 8414 MiB, 15360 MiB, 28 %, 20 %, 855 MHz, 5000 MHz, 40.79 W, 76, P0
2026/09/30 07:24:41.824, Tesla T4, 6499 MiB, 8414 MiB, 15360 MiB, 44 %, 31 %, 1005 MHz, 5000 MHz, 43.52 W, 76, P0
2026/09/30 07:24:42.335, Tesla T4, 6499 MiB, 8414 MiB, 15360 MiB, 42 %, 31 %, 1095 MHz, 5000 MHz, 51.87 W, 76, P0
2026/09/30 07:24:42.848, Tesla T4, 6499 MiB, 8414 MiB, 15360 MiB, 39 %, 30 %, 1125 MHz, 5000 MHz, 61.79 W, 77, P0
2026/09/30 07:24:43.357, Tesla T4, 6499 MiB, 8414 MiB, 15360 MiB, 32 %, 27 %, 1590 MHz, 5000 MHz, 59.57 W, 78, P0
2026/09/30 07:24:43.865, Tesla T4, 6499 MiB, 8414 MiB, 15360 MiB, 34 %, 29 %, 1590 MHz, 5000 MHz, 62.53 W, 79, P0
2026/09/30 07:24:44.374, Tesla T4, 6499 MiB, 8414 MiB, 15360 MiB, 36 %, 30 %, 1590 MHz, 5000 MHz, 61.20 W, 79, P0
2026/09/30 07:24:44.945, Tesla T4, 6499 MiB, 8414 MiB, 15360 MiB, 35 %, 30 %, 1440 MHz, 5000 MHz, 55.31 W, 79, P0
2026/09/30 07:24:45.454, Tesla T4, 6499 MiB, 8414 MiB, 15360 MiB, 35 %, 29 %, 1395 MHz, 5000 MHz, 53.18 W, 79, P0
2026/09/30 07:24:45.965, Tesla T4, 6499 MiB, 8414 MiB, 15360 MiB, 36 %, 29 %, 1365 MHz, 5000 MHz, 49.81 W, 79, P0
2026/09/30 07:24:46.474, Tesla T4, 6499 MiB, 8414 MiB, 15360 MiB, 35 %, 29 %, 1590 MHz, 5000 MHz, 66.50 W, 80, P0
2026/09/30 07:24:46.982, Tesla T4, 6499 MiB, 8414 MiB, 15360 MiB, 31 %, 26 %, 1590 MHz, 5000 MHz, 61.14 W, 80, P0
2026/09/30 07:24:47.491, Tesla T4, 6499 MiB, 8414 MiB, 15360 MiB, 34 %, 29 %, 1575 MHz, 5000 MHz, 62.50 W, 80, P0
2026/09/30 07:24:47.999, Tesla T4, 6499 MiB, 8414 MiB, 15360 MiB, 35 %, 29 %, 1425 MHz, 5000 MHz, 55.25 W, 80, P0
2026/09/30 07:24:48.508, Tesla T4, 6499 MiB, 8414 MiB, 15360 MiB, 37 %, 30 %, 1395 MHz, 5000 MHz, 56.43 W, 80, P0
2026/09/30 07:24:49.018, Tesla T4, 6499 MiB, 8414 MiB, 15360 MiB, 36 %, 29 %, 1365 MHz, 5000 MHz, 55.15 W, 80, P0
2026/09/30 07:24:49.527, Tesla T4, 6499 MiB, 8414 MiB, 15360 MiB, 63 %, 25 %, 1590 MHz, 5000 MHz, 61.00 W, 81, P0
2026/09/30 07:24:50.034, Tesla T4, 6499 MiB, 8414 MiB, 15360 MiB, 33 %, 28 %, 1575 MHz, 5000 MHz, 64.61 W, 81, P0
2026/09/30 07:24:50.543, Tesla T4, 6499 MiB, 8414 MiB, 15360 MiB, 33 %, 28 %, 1575 MHz, 5000 MHz, 63.75 W, 81, P0
2026/09/30 07:24:51.057, Tesla T4, 6499 MiB, 8414 MiB, 15360 MiB, 33 %, 28 %, 1575 MHz, 5000 MHz, 63.93 W, 82, P0
2026/09/30 07:24:51.566, Tesla T4, 6499 MiB, 8414 MiB, 15360 MiB, 29 %, 23 %, 1350 MHz, 5000 MHz, 47.74 W, 80, P0
2026/09/30 07:24:52.082, Tesla T4, 6499 MiB, 8414 MiB, 15360 MiB, 28 %, 22 %, 1230 MHz, 5000 MHz, 43.45 W, 80, P0
2026/09/30 07:24:52.604, Tesla T4, 6499 MiB, 8414 MiB, 15360 MiB, 31 %, 24 %, 1170 MHz, 5000 MHz, 47.34 W, 80, P0
2026/09/30 07:24:53.124, Tesla T4, 6499 MiB, 8414 MiB, 15360 MiB, 25 %, 19 %, 1080 MHz, 5000 MHz, 46.28 W, 80, P0
2026/09/30 07:24:53.640, Tesla T4, 6499 MiB, 8414 MiB, 15360 MiB, 29 %, 22 %, 1005 MHz, 5000 MHz, 43.60 W, 80, P0
2026/09/30 07:24:54.150, Tesla T4, 6499 MiB, 8414 MiB, 15360 MiB, 23 %, 16 %, 930 MHz, 5000 MHz, 43.40 W, 79, P0
2026/09/30 07:24:54.676, Tesla T4, 6499 MiB, 8414 MiB, 15360 MiB, 41 %, 28 %, 930 MHz, 5000 MHz, 46.62 W, 80, P0
2026/09/30 07:24:55.191, Tesla T4, 6499 MiB, 8414 MiB, 15360 MiB, 35 %, 25 %, 945 MHz, 5000 MHz, 47.44 W, 80, P0
2026/09/30 07:24:55.702, Tesla T4, 6499 MiB, 8414 MiB, 15360 MiB, 32 %, 23 %, 945 MHz, 5000 MHz, 44.21 W, 79, P0
2026/09/30 07:24:56.216, Tesla T4, 6499 MiB, 8414 MiB, 15360 MiB, 38 %, 28 %, 945 MHz, 5000 MHz, 43.33 W, 79, P0
2026/09/30 07:24:56.727, Tesla T4, 6499 MiB, 8414 MiB, 15360 MiB, 38 %, 28 %, 915 MHz, 5000 MHz, 44.83 W, 79, P0
2026/09/30 07:24:57.241, Tesla T4, 6499 MiB, 8414 MiB, 15360 MiB, 38 %, 27 %, 960 MHz, 5000 MHz, 48.39 W, 80, P0
2026/09/30 07:24:57.752, Tesla T4, 6499 MiB, 8414 MiB, 15360 MiB, 41 %, 29 %, 1005 MHz, 5000 MHz, 49.14 W, 80, P0
2026/09/30 07:24:58.269, Tesla T4, 6499 MiB, 8414 MiB, 15360 MiB, 36 %, 27 %, 1020 MHz, 5000 MHz, 46.97 W, 80, P0
2026/09/30 07:24:58.779, Tesla T4, 6499 MiB, 8414 MiB, 15360 MiB, 40 %, 30 %, 1035 MHz, 5000 MHz, 48.91 W, 80, P0
2026/09/30 07:24:59.293, Tesla T4, 6499 MiB, 8414 MiB, 15360 MiB, 35 %, 27 %, 1065 MHz, 5000 MHz, 47.66 W, 80, P0
2026/09/30 07:24:59.804, Tesla T4, 6499 MiB, 8414 MiB, 15360 MiB, 35 %, 27 %, 1065 MHz, 5000 MHz, 52.59 W, 79, P0
2026/09/30 07:25:00.314, Tesla T4, 6499 MiB, 8414 MiB, 15360 MiB, 35 %, 27 %, 1065 MHz, 5000 MHz, 47.51 W, 79, P0
2026/09/30 07:25:00.827, Tesla T4, 6499 MiB, 8414 MiB, 15360 MiB, 42 %, 32 %, 1140 MHz, 5000 MHz, 48.59 W, 80, P0
2026/09/30 07:25:01.336, Tesla T4, 6499 MiB, 8414 MiB, 15360 MiB, 38 %, 29 %, 1155 MHz, 5000 MHz, 56.04 W, 80, P0
2026/09/30 07:25:01.848, Tesla T4, 6499 MiB, 8414 MiB, 15360 MiB, 38 %, 30 %, 1170 MHz, 5000 MHz, 53.02 W, 80, P0
2026/09/30 07:25:02.357, Tesla T4, 6499 MiB, 8414 MiB, 15360 MiB, 33 %, 26 %, 1170 MHz, 5000 MHz, 48.88 W, 79, P0
2026/09/30 07:25:02.866, Tesla T4, 6499 MiB, 8414 MiB, 15360 MiB, 40 %, 31 %, 1170 MHz, 5000 MHz, 54.72 W, 79, P0
2026/09/30 07:25:03.378, Tesla T4, 6499 MiB, 8414 MiB, 15360 MiB, 39 %, 31 %, 1170 MHz, 5000 MHz, 53.58 W, 79, P0
2026/09/30 07:25:03.887, Tesla T4, 6499 MiB, 8414 MiB, 15360 MiB, 38 %, 30 %, 1140 MHz, 5000 MHz, 47.60 W, 79, P0
2026/09/30 07:25:04.402, Tesla T4, 6499 MiB, 8414 MiB, 15360 MiB, 33 %, 26 %, 1125 MHz, 5000 MHz, 43.23 W, 79, P0
2026/09/30 07:25:04.918, Tesla T4, 6499 MiB, 8414 MiB, 15360 MiB, 28 %, 22 %, 1035 MHz, 5000 MHz, 44.73 W, 78, P0
2026/09/30 07:25:05.443, Tesla T4, 6499 MiB, 8414 MiB, 15360 MiB, 39 %, 23 %, 1440 MHz, 5000 MHz, 50.79 W, 79, P0
2026/09/30 07:25:05.965, Tesla T4, 6499 MiB, 8414 MiB, 15360 MiB, 24 %, 20 %, 1440 MHz, 5000 MHz, 48.69 W, 79, P0
2026/09/30 07:25:06.480, Tesla T4, 6499 MiB, 8414 MiB, 15360 MiB, 23 %, 19 %, 1230 MHz, 5000 MHz, 64.89 W, 79, P0
2026/09/30 07:25:07.014, Tesla T4, 6499 MiB, 8414 MiB, 15360 MiB, 56 %, 21 %, 1575 MHz, 5000 MHz, 55.87 W, 79, P0
2026/09/30 07:25:07.535, Tesla T4, 6499 MiB, 8414 MiB, 15360 MiB, 65 %, 28 %, 1560 MHz, 5000 MHz, 51.51 W, 80, P0
2026/09/30 07:25:08.048, Tesla T4, 6499 MiB, 8414 MiB, 15360 MiB, 80 %, 27 %, 1110 MHz, 5000 MHz, 49.84 W, 80, P0
2026/09/30 07:25:08.561, Tesla T4, 6499 MiB, 8414 MiB, 15360 MiB, 67 %, 28 %, 1230 MHz, 5000 MHz, 55.47 W, 80, P0
2026/09/30 07:25:09.070, Tesla T4, 6499 MiB, 8414 MiB, 15360 MiB, 80 %, 27 %, 1485 MHz, 5000 MHz, 50.92 W, 80, P0
2026/09/30 07:25:09.578, Tesla T4, 6499 MiB, 8414 MiB, 15360 MiB, 81 %, 28 %, 1500 MHz, 5000 MHz, 65.89 W, 79, P0
2026/09/30 07:25:10.086, Tesla T4, 6499 MiB, 8414 MiB, 15360 MiB, 82 %, 27 %, 1320 MHz, 5000 MHz, 57.37 W, 80, P0
2026/09/30 07:25:10.601, Tesla T4, 6499 MiB, 8414 MiB, 15360 MiB, 67 %, 28 %, 1260 MHz, 5000 MHz, 87.91 W, 80, P0
2026/09/30 07:25:11.115, Tesla T4, 6499 MiB, 8414 MiB, 15360 MiB, 77 %, 27 %, 1110 MHz, 5000 MHz, 69.16 W, 80, P0
2026/09/30 07:25:11.624, Tesla T4, 6499 MiB, 8414 MiB, 15360 MiB, 83 %, 30 %, 1275 MHz, 5000 MHz, 51.74 W, 79, P0
2026/09/30 07:25:12.139, Tesla T4, 6499 MiB, 8414 MiB, 15360 MiB, 75 %, 31 %, 1125 MHz, 5000 MHz, 63.12 W, 79, P0
2026/09/30 07:25:12.654, Tesla T4, 6499 MiB, 8414 MiB, 15360 MiB, 87 %, 29 %, 1185 MHz, 5000 MHz, 75.15 W, 80, P0
2026/09/30 07:25:13.163, Tesla T4, 6499 MiB, 8414 MiB, 15360 MiB, 87 %, 29 %, 1125 MHz, 5000 MHz, 76.22 W, 79, P0
2026/09/30 07:25:13.678, Tesla T4, 6499 MiB, 8414 MiB, 15360 MiB, 68 %, 30 %, 1050 MHz, 5000 MHz, 64.00 W, 79, P0
2026/09/30 07:25:14.191, Tesla T4, 6499 MiB, 8414 MiB, 15360 MiB, 84 %, 30 %, 975 MHz, 5000 MHz, 89.47 W, 79, P0
2026/09/30 07:25:14.700, Tesla T4, 6499 MiB, 8414 MiB, 15360 MiB, 87 %, 28 %, 1545 MHz, 5000 MHz, 57.47 W, 80, P0
2026/09/30 07:25:15.208, Tesla T4, 6499 MiB, 8414 MiB, 15360 MiB, 84 %, 29 %, 1080 MHz, 5000 MHz, 82.13 W, 79, P0
2026/09/30 07:25:15.717, Tesla T4, 6499 MiB, 8414 MiB, 15360 MiB, 67 %, 29 %, 1095 MHz, 5000 MHz, 79.89 W, 79, P0
2026/09/30 07:25:16.226, Tesla T4, 6499 MiB, 8414 MiB, 15360 MiB, 64 %, 27 %, 1575 MHz, 5000 MHz, 55.84 W, 80, P0
2026/09/30 07:25:16.741, Tesla T4, 6499 MiB, 8414 MiB, 15360 MiB, 66 %, 28 %, 1125 MHz, 5000 MHz, 76.66 W, 79, P0
2026/09/30 07:25:17.250, Tesla T4, 6499 MiB, 8414 MiB, 15360 MiB, 80 %, 28 %, 1440 MHz, 5000 MHz, 65.93 W, 79, P0
2026/09/30 07:25:17.761, Tesla T4, 6499 MiB, 8414 MiB, 15360 MiB, 60 %, 24 %, 1065 MHz, 5000 MHz, 68.32 W, 79, P0
2026/09/30 07:25:18.290, Tesla T4, 6499 MiB, 8414 MiB, 15360 MiB, 61 %, 25 %, 1125 MHz, 5000 MHz, 49.68 W, 79, P0
2026/09/30 07:25:18.819, Tesla T4, 6499 MiB, 8414 MiB, 15360 MiB, 52 %, 25 %, 1545 MHz, 5000 MHz, 56.52 W, 79, P0
2026/09/30 07:25:19.348, Tesla T4, 6499 MiB, 8414 MiB, 15360 MiB, 58 %, 22 %, 1095 MHz, 5000 MHz, 75.15 W, 79, P0
2026/09/30 07:25:19.869, Tesla T4, 6499 MiB, 8414 MiB, 15360 MiB, 58 %, 23 %, 1485 MHz, 5000 MHz, 50.46 W, 78, P0
2026/09/30 07:25:20.384, Tesla T4, 6499 MiB, 8414 MiB, 15360 MiB, 66 %, 29 %, 1080 MHz, 5000 MHz, 76.51 W, 79, P0
2026/09/30 07:25:20.899, Tesla T4, 6499 MiB, 8414 MiB, 15360 MiB, 75 %, 31 %, 1140 MHz, 5000 MHz, 83.54 W, 79, P0
2026/09/30 07:25:21.409, Tesla T4, 6499 MiB, 8414 MiB, 15360 MiB, 86 %, 28 %, 1110 MHz, 5000 MHz, 81.74 W, 79, P0
2026/09/30 07:25:21.919, Tesla T4, 6499 MiB, 8414 MiB, 15360 MiB, 78 %, 31 %, 1320 MHz, 5000 MHz, 59.43 W, 79, P0
2026/09/30 07:25:22.427, Tesla T4, 6499 MiB, 8414 MiB, 15360 MiB, 86 %, 29 %, 1110 MHz, 5000 MHz, 53.58 W, 79, P0
2026/09/30 07:25:22.936, Tesla T4, 6499 MiB, 8414 MiB, 15360 MiB, 75 %, 31 %, 1125 MHz, 5000 MHz, 78.03 W, 78, P0
2026/09/30 07:25:23.452, Tesla T4, 6499 MiB, 8414 MiB, 15360 MiB, 71 %, 29 %, 1425 MHz, 5000 MHz, 69.17 W, 78, P0
2026/09/30 07:25:23.963, Tesla T4, 6499 MiB, 8414 MiB, 15360 MiB, 79 %, 29 %, 1545 MHz, 5000 MHz, 67.35 W, 78, P0
2026/09/30 07:25:24.472, Tesla T4, 6499 MiB, 8414 MiB, 15360 MiB, 64 %, 28 %, 1425 MHz, 5000 MHz, 76.56 W, 78, P0
2026/09/30 07:25:24.981, Tesla T4, 6499 MiB, 8414 MiB, 15360 MiB, 81 %, 27 %, 1440 MHz, 5000 MHz, 70.55 W, 78, P0
2026/09/30 07:25:25.489, Tesla T4, 6499 MiB, 8414 MiB, 15360 MiB, 65 %, 28 %, 1440 MHz, 5000 MHz, 75.78 W, 78, P0
2026/09/30 07:25:26.003, Tesla T4, 6499 MiB, 8414 MiB, 15360 MiB, 78 %, 28 %, 1395 MHz, 5000 MHz, 48.59 W, 78, P0
2026/09/30 07:25:26.521, Tesla T4, 6499 MiB, 8414 MiB, 15360 MiB, 65 %, 29 %, 1440 MHz, 5000 MHz, 81.01 W, 78, P0
2026/09/30 07:25:27.030, Tesla T4, 6499 MiB, 8414 MiB, 15360 MiB, 65 %, 28 %, 1395 MHz, 5000 MHz, 83.73 W, 78, P0
2026/09/30 07:25:27.545, Tesla T4, 6499 MiB, 8414 MiB, 15360 MiB, 61 %, 25 %, 1320 MHz, 5000 MHz, 63.38 W, 78, P0
2026/09/30 07:25:28.060, Tesla T4, 6499 MiB, 8414 MiB, 15360 MiB, 69 %, 27 %, 1125 MHz, 5000 MHz, 74.16 W, 78, P0
2026/09/30 07:25:28.569, Tesla T4, 6499 MiB, 8414 MiB, 15360 MiB, 73 %, 31 %, 1125 MHz, 5000 MHz, 71.48 W, 78, P0
2026/09/30 07:25:29.085, Tesla T4, 6499 MiB, 8414 MiB, 15360 MiB, 82 %, 28 %, 1245 MHz, 5000 MHz, 53.42 W, 78, P0
2026/09/30 07:25:29.597, Tesla T4, 6499 MiB, 8414 MiB, 15360 MiB, 71 %, 31 %, 1215 MHz, 5000 MHz, 67.75 W, 78, P0
2026/09/30 07:25:30.106, Tesla T4, 6499 MiB, 8414 MiB, 15360 MiB, 72 %, 31 %, 1440 MHz, 5000 MHz, 64.20 W, 77, P0
2026/09/30 07:25:30.616, Tesla T4, 6499 MiB, 8414 MiB, 15360 MiB, 62 %, 28 %, 1530 MHz, 5000 MHz, 48.20 W, 77, P0
2026/09/30 07:25:31.137, Tesla T4, 6499 MiB, 8414 MiB, 15360 MiB, 67 %, 27 %, 1545 MHz, 5000 MHz, 54.53 W, 77, P0
2026/09/30 07:25:31.651, Tesla T4, 6499 MiB, 8414 MiB, 15360 MiB, 68 %, 27 %, 1515 MHz, 5000 MHz, 60.71 W, 77, P0
2026/09/30 07:25:32.178, Tesla T4, 6499 MiB, 8414 MiB, 15360 MiB, 55 %, 22 %, 1590 MHz, 5000 MHz, 57.02 W, 76, P0
2026/09/30 07:25:32.693, Tesla T4, 6499 MiB, 8414 MiB, 15360 MiB, 22 %, 19 %, 1590 MHz, 5000 MHz, 54.30 W, 76, P0
2026/09/30 07:25:33.209, Tesla T4, 6499 MiB, 8414 MiB, 15360 MiB, 36 %, 30 %, 1590 MHz, 5000 MHz, 64.08 W, 76, P0
2026/09/30 07:25:33.717, Tesla T4, 6499 MiB, 8414 MiB, 15360 MiB, 33 %, 28 %, 1200 MHz, 5000 MHz, 71.77 W, 77, P0
2026/09/30 07:25:34.226, Tesla T4, 6499 MiB, 8414 MiB, 15360 MiB, 35 %, 30 %, 1590 MHz, 5000 MHz, 60.51 W, 76, P0
2026/09/30 07:25:34.735, Tesla T4, 6499 MiB, 8414 MiB, 15360 MiB, 61 %, 27 %, 1590 MHz, 5000 MHz, 57.14 W, 76, P0
2026/09/30 07:25:35.244, Tesla T4, 6499 MiB, 8414 MiB, 15360 MiB, 35 %, 30 %, 1590 MHz, 5000 MHz, 60.65 W, 76, P0
2026/09/30 07:25:35.753, Tesla T4, 6499 MiB, 8414 MiB, 15360 MiB, 34 %, 29 %, 1590 MHz, 5000 MHz, 66.44 W, 76, P0
2026/09/30 07:25:36.262, Tesla T4, 6499 MiB, 8414 MiB, 15360 MiB, 35 %, 29 %, 1590 MHz, 5000 MHz, 64.04 W, 76, P0
2026/09/30 07:25:36.770, Tesla T4, 6499 MiB, 8414 MiB, 15360 MiB, 34 %, 28 %, 1395 MHz, 5000 MHz, 58.07 W, 75, P0
2026/09/30 07:25:37.278, Tesla T4, 6499 MiB, 8414 MiB, 15360 MiB, 65 %, 28 %, 1575 MHz, 5000 MHz, 51.81 W, 75, P0
2026/09/30 07:25:37.786, Tesla T4, 6499 MiB, 8414 MiB, 15360 MiB, 35 %, 29 %, 1335 MHz, 5000 MHz, 67.65 W, 75, P0
2026/09/30 07:25:38.300, Tesla T4, 6499 MiB, 8414 MiB, 15360 MiB, 35 %, 30 %, 1590 MHz, 5000 MHz, 59.79 W, 76, P0
2026/09/30 07:25:38.808, Tesla T4, 6499 MiB, 8414 MiB, 15360 MiB, 56 %, 28 %, 1575 MHz, 5000 MHz, 61.18 W, 75, P0
2026/09/30 07:25:39.317, Tesla T4, 6499 MiB, 8414 MiB, 15360 MiB, 35 %, 30 %, 1575 MHz, 5000 MHz, 63.77 W, 76, P0
2026/09/30 07:25:39.831, Tesla T4, 6499 MiB, 8414 MiB, 15360 MiB, 64 %, 29 %, 1590 MHz, 5000 MHz, 59.17 W, 75, P0
2026/09/30 07:25:40.340, Tesla T4, 6499 MiB, 8414 MiB, 15360 MiB, 35 %, 30 %, 1590 MHz, 5000 MHz, 59.08 W, 76, P0
2026/09/30 07:25:40.848, Tesla T4, 6499 MiB, 8414 MiB, 15360 MiB, 31 %, 27 %, 1590 MHz, 5000 MHz, 62.50 W, 75, P0
2026/09/30 07:25:41.357, Tesla T4, 6499 MiB, 8414 MiB, 15360 MiB, 48 %, 29 %, 1590 MHz, 5000 MHz, 63.06 W, 75, P0
2026/09/30 07:25:41.865, Tesla T4, 6499 MiB, 8414 MiB, 15360 MiB, 62 %, 29 %, 1215 MHz, 5000 MHz, 67.49 W, 75, P0
2026/09/30 07:25:42.374, Tesla T4, 6499 MiB, 8414 MiB, 15360 MiB, 35 %, 30 %, 1590 MHz, 5000 MHz, 62.71 W, 75, P0
2026/09/30 07:25:42.884, Tesla T4, 6499 MiB, 8414 MiB, 15360 MiB, 58 %, 28 %, 1350 MHz, 5000 MHz, 70.46 W, 75, P0
2026/09/30 07:25:43.405, Tesla T4, 6499 MiB, 8414 MiB, 15360 MiB, 27 %, 23 %, 1590 MHz, 5000 MHz, 57.86 W, 75, P0
2026/09/30 07:25:43.924, Tesla T4, 6499 MiB, 8414 MiB, 15360 MiB, 29 %, 24 %, 1590 MHz, 5000 MHz, 57.21 W, 75, P0
2026/09/30 07:25:44.437, Tesla T4, 6499 MiB, 8414 MiB, 15360 MiB, 30 %, 25 %, 1590 MHz, 5000 MHz, 57.22 W, 75, P0
2026/09/30 07:25:44.963, Tesla T4, 6499 MiB, 8414 MiB, 15360 MiB, 27 %, 22 %, 1200 MHz, 5000 MHz, 46.62 W, 74, P0
2026/09/30 07:25:45.487, Tesla T4, 6499 MiB, 8414 MiB, 15360 MiB, 24 %, 18 %, 1080 MHz, 5000 MHz, 44.66 W, 73, P0
2026/09/30 07:25:46.006, Tesla T4, 6499 MiB, 8414 MiB, 15360 MiB, 41 %, 30 %, 1095 MHz, 5000 MHz, 44.78 W, 73, P0
2026/09/30 07:25:46.515, Tesla T4, 6499 MiB, 8414 MiB, 15360 MiB, 33 %, 28 %, 1590 MHz, 5000 MHz, 58.85 W, 74, P0
2026/09/30 07:25:47.024, Tesla T4, 6499 MiB, 8414 MiB, 15360 MiB, 35 %, 29 %, 1320 MHz, 5000 MHz, 62.67 W, 75, P0
2026/09/30 07:25:47.537, Tesla T4, 6499 MiB, 8414 MiB, 15360 MiB, 35 %, 30 %, 1590 MHz, 5000 MHz, 59.73 W, 75, P0
2026/09/30 07:25:48.045, Tesla T4, 6499 MiB, 8414 MiB, 15360 MiB, 36 %, 30 %, 1515 MHz, 5000 MHz, 71.27 W, 74, P0
2026/09/30 07:25:48.563, Tesla T4, 6499 MiB, 8414 MiB, 15360 MiB, 35 %, 30 %, 1590 MHz, 5000 MHz, 60.55 W, 75, P0
2026/09/30 07:25:49.074, Tesla T4, 6499 MiB, 8414 MiB, 15360 MiB, 44 %, 30 %, 1575 MHz, 5000 MHz, 59.99 W, 74, P0
2026/09/30 07:25:49.586, Tesla T4, 6499 MiB, 8414 MiB, 15360 MiB, 33 %, 28 %, 1575 MHz, 5000 MHz, 61.98 W, 75, P0
2026/09/30 07:25:50.100, Tesla T4, 6499 MiB, 8414 MiB, 15360 MiB, 34 %, 29 %, 1590 MHz, 5000 MHz, 61.65 W, 75, P0
2026/09/30 07:25:50.609, Tesla T4, 6499 MiB, 8414 MiB, 15360 MiB, 35 %, 29 %, 1590 MHz, 5000 MHz, 58.94 W, 75, P0
2026/09/30 07:25:51.118, Tesla T4, 6499 MiB, 8414 MiB, 15360 MiB, 35 %, 29 %, 1440 MHz, 5000 MHz, 51.09 W, 74, P0
2026/09/30 07:25:51.627, Tesla T4, 6499 MiB, 8414 MiB, 15360 MiB, 37 %, 31 %, 1305 MHz, 5000 MHz, 72.51 W, 74, P0
2026/09/30 07:25:52.139, Tesla T4, 6499 MiB, 8414 MiB, 15360 MiB, 34 %, 29 %, 1590 MHz, 5000 MHz, 57.14 W, 75, P0
2026/09/30 07:25:52.648, Tesla T4, 6499 MiB, 8414 MiB, 15360 MiB, 35 %, 30 %, 1200 MHz, 5000 MHz, 78.66 W, 74, P0
2026/09/30 07:25:53.163, Tesla T4, 6499 MiB, 8414 MiB, 15360 MiB, 34 %, 28 %, 1590 MHz, 5000 MHz, 59.96 W, 75, P0
2026/09/30 07:25:53.671, Tesla T4, 6499 MiB, 8414 MiB, 15360 MiB, 61 %, 27 %, 1590 MHz, 5000 MHz, 58.95 W, 75, P0
2026/09/30 07:25:54.179, Tesla T4, 6499 MiB, 8414 MiB, 15360 MiB, 34 %, 29 %, 1590 MHz, 5000 MHz, 58.92 W, 75, P0
2026/09/30 07:25:54.687, Tesla T4, 6499 MiB, 8414 MiB, 15360 MiB, 33 %, 28 %, 1590 MHz, 5000 MHz, 57.53 W, 75, P0
2026/09/30 07:25:55.196, Tesla T4, 6499 MiB, 8414 MiB, 15360 MiB, 35 %, 30 %, 1590 MHz, 5000 MHz, 65.49 W, 75, P0
2026/09/30 07:25:55.705, Tesla T4, 6499 MiB, 8414 MiB, 15360 MiB, 33 %, 27 %, 1410 MHz, 5000 MHz, 49.51 W, 74, P0
2026/09/30 07:25:56.221, Tesla T4, 6499 MiB, 8414 MiB, 15360 MiB, 26 %, 21 %, 1260 MHz, 5000 MHz, 67.40 W, 74, P0
2026/09/30 07:25:56.741, Tesla T4, 6499 MiB, 8414 MiB, 15360 MiB, 27 %, 23 %, 1590 MHz, 5000 MHz, 57.01 W, 75, P0
2026/09/30 07:25:57.258, Tesla T4, 6499 MiB, 8414 MiB, 15360 MiB, 27 %, 23 %, 1590 MHz, 5000 MHz, 55.45 W, 75, P0
2026/09/30 07:25:57.772, Tesla T4, 6499 MiB, 8414 MiB, 15360 MiB, 26 %, 22 %, 1590 MHz, 5000 MHz, 57.28 W, 75, P0
2026/09/30 07:25:58.286, Tesla T4, 6499 MiB, 8414 MiB, 15360 MiB, 23 %, 19 %, 1125 MHz, 5000 MHz, 44.63 W, 74, P0
2026/09/30 07:25:58.805, Tesla T4, 6499 MiB, 8414 MiB, 15360 MiB, 36 %, 27 %, 1080 MHz, 5000 MHz, 46.23 W, 73, P0
2026/09/30 07:25:59.315, Tesla T4, 6499 MiB, 8414 MiB, 15360 MiB, 38 %, 28 %, 1080 MHz, 5000 MHz, 46.92 W, 73, P0
2026/09/30 07:25:59.828, Tesla T4, 6499 MiB, 8414 MiB, 15360 MiB, 33 %, 28 %, 1590 MHz, 5000 MHz, 60.22 W, 75, P0
2026/09/30 07:26:00.336, Tesla T4, 6499 MiB, 8414 MiB, 15360 MiB, 30 %, 26 %, 1590 MHz, 5000 MHz, 59.20 W, 75, P0
2026/09/30 07:26:00.844, Tesla T4, 6499 MiB, 8414 MiB, 15360 MiB, 30 %, 25 %, 1590 MHz, 5000 MHz, 58.29 W, 75, P0
2026/09/30 07:26:01.354, Tesla T4, 6499 MiB, 8414 MiB, 15360 MiB, 32 %, 27 %, 1590 MHz, 5000 MHz, 68.47 W, 75, P0
2026/09/30 07:26:01.862, Tesla T4, 6499 MiB, 8414 MiB, 15360 MiB, 32 %, 27 %, 1575 MHz, 5000 MHz, 62.47 W, 75, P0
2026/09/30 07:26:02.371, Tesla T4, 6499 MiB, 8414 MiB, 15360 MiB, 35 %, 30 %, 1455 MHz, 5000 MHz, 63.08 W, 75, P0
2026/09/30 07:26:02.880, Tesla T4, 6499 MiB, 8414 MiB, 15360 MiB, 34 %, 29 %, 1425 MHz, 5000 MHz, 51.78 W, 75, P0
2026/09/30 07:26:03.389, Tesla T4, 6499 MiB, 8414 MiB, 15360 MiB, 37 %, 30 %, 1395 MHz, 5000 MHz, 53.84 W, 75, P0
2026/09/30 07:26:03.897, Tesla T4, 6499 MiB, 8414 MiB, 15360 MiB, 35 %, 28 %, 1365 MHz, 5000 MHz, 53.61 W, 74, P0
2026/09/30 07:26:04.407, Tesla T4, 6499 MiB, 8414 MiB, 15360 MiB, 37 %, 30 %, 1335 MHz, 5000 MHz, 51.09 W, 74, P0
2026/09/30 07:26:04.915, Tesla T4, 6499 MiB, 8414 MiB, 15360 MiB, 37 %, 30 %, 1320 MHz, 5000 MHz, 51.78 W, 74, P0
2026/09/30 07:26:05.424, Tesla T4, 6499 MiB, 8414 MiB, 15360 MiB, 37 %, 30 %, 1290 MHz, 5000 MHz, 49.25 W, 74, P0
2026/09/30 07:26:05.934, Tesla T4, 6499 MiB, 8414 MiB, 15360 MiB, 39 %, 31 %, 1275 MHz, 5000 MHz, 50.00 W, 74, P0
2026/09/30 07:26:06.448, Tesla T4, 6499 MiB, 8414 MiB, 15360 MiB, 38 %, 30 %, 1245 MHz, 5000 MHz, 50.56 W, 74, P0
2026/09/30 07:26:06.958, Tesla T4, 6499 MiB, 8414 MiB, 15360 MiB, 39 %, 31 %, 1245 MHz, 5000 MHz, 54.20 W, 74, P0
2026/09/30 07:26:07.473, Tesla T4, 6499 MiB, 8414 MiB, 15360 MiB, 38 %, 30 %, 1230 MHz, 5000 MHz, 48.56 W, 74, P0
2026/09/30 07:26:07.983, Tesla T4, 6499 MiB, 8414 MiB, 15360 MiB, 36 %, 28 %, 1215 MHz, 5000 MHz, 47.53 W, 74, P0
2026/09/30 07:26:08.492, Tesla T4, 6499 MiB, 8414 MiB, 15360 MiB, 36 %, 29 %, 1200 MHz, 5000 MHz, 45.20 W, 74, P0
2026/09/30 07:26:09.017, Tesla T4, 6499 MiB, 8414 MiB, 15360 MiB, 28 %, 21 %, 1110 MHz, 5000 MHz, 40.76 W, 74, P0
2026/09/30 07:26:09.539, Tesla T4, 6499 MiB, 8414 MiB, 15360 MiB, 33 %, 25 %, 1080 MHz, 5000 MHz, 44.19 W, 74, P0
2026/09/30 07:26:10.071, Tesla T4, 6499 MiB, 8414 MiB, 15360 MiB, 28 %, 21 %, 1020 MHz, 5000 MHz, 39.95 W, 73, P0
2026/09/30 07:26:10.590, Tesla T4, 6499 MiB, 8414 MiB, 15360 MiB, 34 %, 25 %, 945 MHz, 5000 MHz, 40.69 W, 74, P0
2026/09/30 07:26:11.106, Tesla T4, 6499 MiB, 8414 MiB, 15360 MiB, 26 %, 18 %, 885 MHz, 5000 MHz, 48.06 W, 74, P0
2026/09/30 07:26:11.629, Tesla T4, 6499 MiB, 8414 MiB, 15360 MiB, 35 %, 30 %, 1590 MHz, 5000 MHz, 59.78 W, 75, P0
2026/09/30 07:26:12.140, Tesla T4, 6499 MiB, 8414 MiB, 15360 MiB, 35 %, 29 %, 1320 MHz, 5000 MHz, 64.08 W, 76, P0
2026/09/30 07:26:12.653, Tesla T4, 6499 MiB, 8414 MiB, 15360 MiB, 35 %, 30 %, 1575 MHz, 5000 MHz, 61.40 W, 76, P0
2026/09/30 07:26:13.161, Tesla T4, 6499 MiB, 8414 MiB, 15360 MiB, 62 %, 28 %, 1590 MHz, 5000 MHz, 60.08 W, 76, P0
2026/09/30 07:26:13.671, Tesla T4, 6499 MiB, 8414 MiB, 15360 MiB, 35 %, 30 %, 1170 MHz, 5000 MHz, 63.91 W, 76, P0
2026/09/30 07:26:14.182, Tesla T4, 6499 MiB, 8414 MiB, 15360 MiB, 34 %, 29 %, 1590 MHz, 5000 MHz, 60.73 W, 76, P0
2026/09/30 07:26:14.690, Tesla T4, 6499 MiB, 8414 MiB, 15360 MiB, 49 %, 29 %, 1440 MHz, 5000 MHz, 49.35 W, 76, P0
2026/09/30 07:26:15.205, Tesla T4, 6499 MiB, 8414 MiB, 15360 MiB, 35 %, 30 %, 1590 MHz, 5000 MHz, 66.44 W, 77, P0
2026/09/30 07:26:15.717, Tesla T4, 6499 MiB, 8414 MiB, 15360 MiB, 50 %, 29 %, 1590 MHz, 5000 MHz, 60.90 W, 77, P0
2026/09/30 07:26:16.226, Tesla T4, 6499 MiB, 8414 MiB, 15360 MiB, 35 %, 30 %, 1590 MHz, 5000 MHz, 62.63 W, 77, P0
2026/09/30 07:26:16.734, Tesla T4, 6499 MiB, 8414 MiB, 15360 MiB, 34 %, 29 %, 1590 MHz, 5000 MHz, 63.61 W, 77, P0
2026/09/30 07:26:17.242, Tesla T4, 6499 MiB, 8414 MiB, 15360 MiB, 36 %, 30 %, 1590 MHz, 5000 MHz, 68.52 W, 78, P0
2026/09/30 07:26:17.759, Tesla T4, 6499 MiB, 8414 MiB, 15360 MiB, 37 %, 31 %, 1440 MHz, 5000 MHz, 55.18 W, 77, P0
2026/09/30 07:26:18.267, Tesla T4, 6499 MiB, 8414 MiB, 15360 MiB, 65 %, 28 %, 1515 MHz, 5000 MHz, 66.57 W, 77, P0
2026/09/30 07:26:18.781, Tesla T4, 6499 MiB, 8414 MiB, 15360 MiB, 35 %, 30 %, 1590 MHz, 5000 MHz, 68.80 W, 78, P0
2026/09/30 07:26:19.289, Tesla T4, 6499 MiB, 8414 MiB, 15360 MiB, 65 %, 28 %, 1575 MHz, 5000 MHz, 56.85 W, 78, P0
2026/09/30 07:26:19.798, Tesla T4, 6499 MiB, 8414 MiB, 15360 MiB, 31 %, 26 %, 1590 MHz, 5000 MHz, 65.30 W, 78, P0
2026/09/30 07:26:20.308, Tesla T4, 6499 MiB, 8414 MiB, 15360 MiB, 36 %, 30 %, 1590 MHz, 5000 MHz, 61.26 W, 78, P0
2026/09/30 07:26:20.816, Tesla T4, 6499 MiB, 8414 MiB, 15360 MiB, 31 %, 26 %, 1590 MHz, 5000 MHz, 63.91 W, 79, P0
2026/09/30 07:26:21.327, Tesla T4, 6499 MiB, 8414 MiB, 15360 MiB, 25 %, 20 %, 1365 MHz, 5000 MHz, 49.22 W, 78, P0
2026/09/30 07:26:21.853, Tesla T4, 6499 MiB, 8414 MiB, 15360 MiB, 30 %, 24 %, 1260 MHz, 5000 MHz, 47.74 W, 78, P0
2026/09/30 07:26:22.368, Tesla T4, 6499 MiB, 8414 MiB, 15360 MiB, 27 %, 23 %, 1590 MHz, 5000 MHz, 61.67 W, 79, P0
2026/09/30 07:26:22.885, Tesla T4, 6499 MiB, 8414 MiB, 15360 MiB, 25 %, 21 %, 1590 MHz, 5000 MHz, 56.59 W, 79, P0
2026/09/30 07:26:23.398, Tesla T4, 6499 MiB, 8414 MiB, 15360 MiB, 28 %, 23 %, 1590 MHz, 5000 MHz, 58.42 W, 79, P0
2026/09/30 07:26:23.912, Tesla T4, 6499 MiB, 8414 MiB, 15360 MiB, 30 %, 26 %, 1590 MHz, 5000 MHz, 63.06 W, 80, P0
2026/09/30 07:26:24.420, Tesla T4, 6499 MiB, 8414 MiB, 15360 MiB, 64 %, 28 %, 1575 MHz, 5000 MHz, 64.81 W, 80, P0
2026/09/30 07:26:24.933, Tesla T4, 6499 MiB, 8414 MiB, 15360 MiB, 33 %, 28 %, 1590 MHz, 5000 MHz, 64.06 W, 80, P0
2026/09/30 07:26:25.442, Tesla T4, 6499 MiB, 8414 MiB, 15360 MiB, 36 %, 31 %, 1590 MHz, 5000 MHz, 64.99 W, 80, P0
2026/09/30 07:26:25.949, Tesla T4, 6499 MiB, 8414 MiB, 15360 MiB, 33 %, 28 %, 1590 MHz, 5000 MHz, 64.06 W, 81, P0
2026/09/30 07:26:26.459, Tesla T4, 6499 MiB, 8414 MiB, 15360 MiB, 35 %, 28 %, 1410 MHz, 5000 MHz, 54.20 W, 80, P0
2026/09/30 07:26:26.979, Tesla T4, 6499 MiB, 8414 MiB, 15360 MiB, 34 %, 28 %, 1365 MHz, 5000 MHz, 53.54 W, 80, P0
2026/09/30 07:26:27.491, Tesla T4, 6499 MiB, 8414 MiB, 15360 MiB, 38 %, 31 %, 1350 MHz, 5000 MHz, 57.18 W, 80, P0
2026/09/30 07:26:27.999, Tesla T4, 6499 MiB, 8414 MiB, 15360 MiB, 35 %, 28 %, 1335 MHz, 5000 MHz, 52.99 W, 80, P0
2026/09/30 07:26:28.508, Tesla T4, 6499 MiB, 8414 MiB, 15360 MiB, 37 %, 30 %, 1305 MHz, 5000 MHz, 54.00 W, 80, P0
2026/09/30 07:26:29.019, Tesla T4, 6499 MiB, 8414 MiB, 15360 MiB, 36 %, 29 %, 1290 MHz, 5000 MHz, 49.75 W, 80, P0
2026/09/30 07:26:29.529, Tesla T4, 6499 MiB, 8414 MiB, 15360 MiB, 38 %, 31 %, 1275 MHz, 5000 MHz, 53.74 W, 80, P0
2026/09/30 07:26:30.038, Tesla T4, 6499 MiB, 8414 MiB, 15360 MiB, 64 %, 24 %, 1590 MHz, 5000 MHz, 61.95 W, 81, P0
2026/09/30 07:26:30.550, Tesla T4, 6499 MiB, 8414 MiB, 15360 MiB, 35 %, 29 %, 1590 MHz, 5000 MHz, 62.38 W, 81, P0
2026/09/30 07:26:31.058, Tesla T4, 6499 MiB, 8414 MiB, 15360 MiB, 64 %, 27 %, 1590 MHz, 5000 MHz, 68.82 W, 81, P0
2026/09/30 07:26:31.567, Tesla T4, 6499 MiB, 8414 MiB, 15360 MiB, 65 %, 28 %, 1560 MHz, 5000 MHz, 53.18 W, 81, P0
2026/09/30 07:26:32.075, Tesla T4, 6499 MiB, 8414 MiB, 15360 MiB, 35 %, 30 %, 1575 MHz, 5000 MHz, 63.24 W, 82, P0
2026/09/30 07:26:32.588, Tesla T4, 6499 MiB, 8414 MiB, 15360 MiB, 68 %, 31 %, 1575 MHz, 5000 MHz, 66.46 W, 82, P0
2026/09/30 07:26:33.096, Tesla T4, 6499 MiB, 8414 MiB, 15360 MiB, 41 %, 37 %, 1125 MHz, 5000 MHz, 60.65 W, 82, P0
2026/09/30 07:26:33.606, Tesla T4, 6499 MiB, 8414 MiB, 15360 MiB, 41 %, 37 %, 1545 MHz, 5000 MHz, 68.75 W, 83, P0
2026/09/30 07:26:34.115, Tesla T4, 6499 MiB, 8414 MiB, 15360 MiB, 30 %, 27 %, 1590 MHz, 5000 MHz, 65.61 W, 82, P0
2026/09/30 07:26:34.629, Tesla T4, 6499 MiB, 8414 MiB, 15360 MiB, 53 %, 27 %, 1545 MHz, 5000 MHz, 58.49 W, 82, P0
2026/09/30 07:26:35.142, Tesla T4, 6499 MiB, 8414 MiB, 15360 MiB, 31 %, 28 %, 1470 MHz, 5000 MHz, 55.94 W, 82, P0
2026/09/30 07:26:35.657, Tesla T4, 6499 MiB, 8414 MiB, 15360 MiB, 30 %, 27 %, 1470 MHz, 5000 MHz, 55.74 W, 82, P0
2026/09/30 07:26:36.178, Tesla T4, 6499 MiB, 8414 MiB, 15360 MiB, 28 %, 24 %, 1470 MHz, 5000 MHz, 60.40 W, 81, P0
2026/09/30 07:26:36.695, Tesla T4, 6499 MiB, 8414 MiB, 15360 MiB, 35 %, 31 %, 1350 MHz, 5000 MHz, 60.10 W, 81, P0
2026/09/30 07:26:37.205, Tesla T4, 6499 MiB, 8414 MiB, 15360 MiB, 69 %, 32 %, 1530 MHz, 5000 MHz, 65.67 W, 81, P0
2026/09/30 07:26:37.713, Tesla T4, 6499 MiB, 8414 MiB, 15360 MiB, 38 %, 35 %, 1215 MHz, 5000 MHz, 96.51 W, 82, P0
2026/09/30 07:26:38.231, Tesla T4, 6499 MiB, 8414 MiB, 15360 MiB, 42 %, 38 %, 1545 MHz, 5000 MHz, 63.03 W, 82, P0
2026/09/30 07:26:38.744, Tesla T4, 6499 MiB, 8414 MiB, 15360 MiB, 69 %, 32 %, 1530 MHz, 5000 MHz, 65.83 W, 82, P0
2026/09/30 07:26:39.253, Tesla T4, 6499 MiB, 8414 MiB, 15360 MiB, 46 %, 37 %, 1230 MHz, 5000 MHz, 58.13 W, 82, P0
2026/09/30 07:26:39.767, Tesla T4, 6499 MiB, 8414 MiB, 15360 MiB, 42 %, 38 %, 1575 MHz, 5000 MHz, 66.51 W, 82, P0
2026/09/30 07:26:40.276, Tesla T4, 6499 MiB, 8414 MiB, 15360 MiB, 40 %, 37 %, 1560 MHz, 5000 MHz, 65.51 W, 82, P0
2026/09/30 07:26:40.785, Tesla T4, 6499 MiB, 8414 MiB, 15360 MiB, 40 %, 36 %, 1545 MHz, 5000 MHz, 64.83 W, 82, P0
2026/09/30 07:26:41.293, Tesla T4, 6499 MiB, 8414 MiB, 15360 MiB, 68 %, 31 %, 1575 MHz, 5000 MHz, 63.38 W, 81, P0
2026/09/30 07:26:41.804, Tesla T4, 6499 MiB, 8414 MiB, 15360 MiB, 40 %, 36 %, 1560 MHz, 5000 MHz, 63.75 W, 81, P0
2026/09/30 07:26:42.313, Tesla T4, 6499 MiB, 8414 MiB, 15360 MiB, 40 %, 36 %, 1515 MHz, 5000 MHz, 63.67 W, 81, P0
2026/09/30 07:26:42.822, Tesla T4, 6499 MiB, 8414 MiB, 15360 MiB, 42 %, 37 %, 1545 MHz, 5000 MHz, 63.03 W, 81, P0
2026/09/30 07:26:43.335, Tesla T4, 6499 MiB, 8414 MiB, 15360 MiB, 41 %, 37 %, 1590 MHz, 5000 MHz, 66.51 W, 81, P0
2026/09/30 07:26:43.845, Tesla T4, 6499 MiB, 8414 MiB, 15360 MiB, 42 %, 38 %, 1575 MHz, 5000 MHz, 63.79 W, 81, P0
2026/09/30 07:26:44.353, Tesla T4, 6499 MiB, 8414 MiB, 15360 MiB, 46 %, 37 %, 1545 MHz, 5000 MHz, 64.61 W, 80, P0
2026/09/30 07:26:44.861, Tesla T4, 6499 MiB, 8414 MiB, 15360 MiB, 68 %, 32 %, 1500 MHz, 5000 MHz, 63.12 W, 80, P0
2026/09/30 07:26:45.370, Tesla T4, 6499 MiB, 8414 MiB, 15360 MiB, 41 %, 37 %, 1545 MHz, 5000 MHz, 65.55 W, 80, P0
2026/09/30 07:26:45.884, Tesla T4, 6499 MiB, 8414 MiB, 15360 MiB, 42 %, 38 %, 1575 MHz, 5000 MHz, 68.11 W, 80, P0
2026/09/30 07:26:46.392, Tesla T4, 6499 MiB, 8414 MiB, 15360 MiB, 42 %, 38 %, 1545 MHz, 5000 MHz, 62.83 W, 80, P0
2026/09/30 07:26:46.901, Tesla T4, 6499 MiB, 8414 MiB, 15360 MiB, 32 %, 29 %, 1590 MHz, 5000 MHz, 61.75 W, 80, P0
2026/09/30 07:26:47.424, Tesla T4, 6499 MiB, 8414 MiB, 15360 MiB, 32 %, 29 %, 1590 MHz, 5000 MHz, 59.42 W, 79, P0
2026/09/30 07:26:47.949, Tesla T4, 6499 MiB, 8414 MiB, 15360 MiB, 33 %, 30 %, 1590 MHz, 5000 MHz, 63.32 W, 79, P0
2026/09/30 07:26:48.467, Tesla T4, 6499 MiB, 8414 MiB, 15360 MiB, 27 %, 24 %, 1320 MHz, 5000 MHz, 50.36 W, 78, P0
2026/09/30 07:26:48.991, Tesla T4, 6499 MiB, 8414 MiB, 15360 MiB, 28 %, 24 %, 1260 MHz, 5000 MHz, 46.45 W, 77, P0
2026/09/30 07:26:49.511, Tesla T4, 6499 MiB, 8414 MiB, 15360 MiB, 40 %, 36 %, 1590 MHz, 5000 MHz, 70.18 W, 78, P0
2026/09/30 07:26:50.021, Tesla T4, 6499 MiB, 8414 MiB, 15360 MiB, 33 %, 30 %, 1095 MHz, 5000 MHz, 65.24 W, 78, P0
2026/09/30 07:26:50.538, Tesla T4, 6499 MiB, 8414 MiB, 15360 MiB, 41 %, 37 %, 1575 MHz, 5000 MHz, 64.89 W, 78, P0
2026/09/30 07:26:51.046, Tesla T4, 6499 MiB, 8414 MiB, 15360 MiB, 40 %, 36 %, 1575 MHz, 5000 MHz, 64.22 W, 78, P0
2026/09/30 07:26:51.557, Tesla T4, 6499 MiB, 8414 MiB, 15360 MiB, 41 %, 37 %, 1575 MHz, 5000 MHz, 63.59 W, 78, P0
2026/09/30 07:26:52.064, Tesla T4, 6499 MiB, 8414 MiB, 15360 MiB, 40 %, 36 %, 1575 MHz, 5000 MHz, 63.57 W, 78, P0
2026/09/30 07:26:52.573, Tesla T4, 6499 MiB, 8414 MiB, 15360 MiB, 38 %, 34 %, 1590 MHz, 5000 MHz, 71.96 W, 78, P0
2026/09/30 07:26:53.089, Tesla T4, 6499 MiB, 8414 MiB, 15360 MiB, 37 %, 33 %, 1575 MHz, 5000 MHz, 68.72 W, 78, P0
2026/09/30 07:26:53.598, Tesla T4, 6499 MiB, 8414 MiB, 15360 MiB, 40 %, 36 %, 1590 MHz, 5000 MHz, 65.77 W, 78, P0
2026/09/30 07:26:54.107, Tesla T4, 6499 MiB, 8414 MiB, 15360 MiB, 37 %, 33 %, 1590 MHz, 5000 MHz, 67.97 W, 77, P0
2026/09/30 07:26:54.616, Tesla T4, 6499 MiB, 8414 MiB, 15360 MiB, 40 %, 36 %, 1590 MHz, 5000 MHz, 66.22 W, 77, P0
2026/09/30 07:26:55.126, Tesla T4, 6499 MiB, 8414 MiB, 15360 MiB, 58 %, 30 %, 1575 MHz, 5000 MHz, 62.34 W, 77, P0
2026/09/30 07:26:55.637, Tesla T4, 6499 MiB, 8414 MiB, 15360 MiB, 36 %, 33 %, 1590 MHz, 5000 MHz, 64.79 W, 77, P0
2026/09/30 07:26:56.147, Tesla T4, 6499 MiB, 8414 MiB, 15360 MiB, 37 %, 33 %, 1590 MHz, 5000 MHz, 66.08 W, 77, P0
2026/09/30 07:26:56.661, Tesla T4, 6499 MiB, 8414 MiB, 15360 MiB, 36 %, 32 %, 1590 MHz, 5000 MHz, 64.97 W, 77, P0
2026/09/30 07:26:57.171, Tesla T4, 6499 MiB, 8414 MiB, 15360 MiB, 39 %, 36 %, 1575 MHz, 5000 MHz, 66.33 W, 77, P0
2026/09/30 07:26:57.681, Tesla T4, 6499 MiB, 8414 MiB, 15360 MiB, 42 %, 38 %, 1590 MHz, 5000 MHz, 69.17 W, 76, P0
2026/09/30 07:26:58.190, Tesla T4, 6499 MiB, 8414 MiB, 15360 MiB, 37 %, 33 %, 1590 MHz, 5000 MHz, 65.79 W, 76, P0
2026/09/30 07:26:58.698, Tesla T4, 6499 MiB, 8414 MiB, 15360 MiB, 40 %, 36 %, 1590 MHz, 5000 MHz, 64.93 W, 76, P0
2026/09/30 07:26:59.208, Tesla T4, 6499 MiB, 8414 MiB, 15360 MiB, 35 %, 31 %, 1590 MHz, 5000 MHz, 62.13 W, 76, P0
2026/09/30 07:26:59.718, Tesla T4, 6499 MiB, 8414 MiB, 15360 MiB, 32 %, 29 %, 1590 MHz, 5000 MHz, 57.60 W, 76, P0
2026/09/30 07:27:00.232, Tesla T4, 6499 MiB, 8414 MiB, 15360 MiB, 30 %, 28 %, 1590 MHz, 5000 MHz, 57.64 W, 76, P0
2026/09/30 07:27:00.745, Tesla T4, 6499 MiB, 8414 MiB, 15360 MiB, 34 %, 31 %, 1425 MHz, 5000 MHz, 64.91 W, 75, P0
2026/09/30 07:27:01.260, Tesla T4, 6499 MiB, 8414 MiB, 15360 MiB, 31 %, 27 %, 1365 MHz, 5000 MHz, 45.74 W, 74, P0
2026/09/30 07:27:01.775, Tesla T4, 6499 MiB, 8414 MiB, 15360 MiB, 28 %, 25 %, 1275 MHz, 5000 MHz, 49.74 W, 74, P0
2026/09/30 07:27:02.306, Tesla T4, 6499 MiB, 8414 MiB, 15360 MiB, 40 %, 34 %, 1230 MHz, 5000 MHz, 50.01 W, 74, P0
2026/09/30 07:27:02.815, Tesla T4, 6499 MiB, 8414 MiB, 15360 MiB, 43 %, 37 %, 1455 MHz, 5000 MHz, 61.40 W, 74, P0
2026/09/30 07:27:03.325, Tesla T4, 6499 MiB, 8414 MiB, 15360 MiB, 38 %, 35 %, 1575 MHz, 5000 MHz, 55.18 W, 74, P0
2026/09/30 07:27:03.834, Tesla T4, 6499 MiB, 8414 MiB, 15360 MiB, 40 %, 36 %, 1590 MHz, 5000 MHz, 60.45 W, 74, P0
2026/09/30 07:27:04.343, Tesla T4, 6499 MiB, 8414 MiB, 15360 MiB, 40 %, 37 %, 1575 MHz, 5000 MHz, 62.61 W, 74, P0
2026/09/30 07:27:04.856, Tesla T4, 6499 MiB, 8414 MiB, 15360 MiB, 65 %, 32 %, 1590 MHz, 5000 MHz, 62.93 W, 74, P0
2026/09/30 07:27:05.364, Tesla T4, 6499 MiB, 8414 MiB, 15360 MiB, 38 %, 34 %, 1125 MHz, 5000 MHz, 62.83 W, 75, P0
2026/09/30 07:27:05.883, Tesla T4, 6499 MiB, 8414 MiB, 15360 MiB, 38 %, 34 %, 1590 MHz, 5000 MHz, 61.62 W, 74, P0
2026/09/30 07:27:06.391, Tesla T4, 6499 MiB, 8414 MiB, 15360 MiB, 37 %, 33 %, 1590 MHz, 5000 MHz, 63.83 W, 74, P0
2026/09/30 07:27:06.918, Tesla T4, 6499 MiB, 8414 MiB, 15360 MiB, 66 %, 33 %, 1590 MHz, 5000 MHz, 59.08 W, 74, P0
2026/09/30 07:27:07.429, Tesla T4, 6499 MiB, 8414 MiB, 15360 MiB, 40 %, 37 %, 1365 MHz, 5000 MHz, 74.51 W, 75, P0
2026/09/30 07:27:07.966, Tesla T4, 6499 MiB, 8414 MiB, 15360 MiB, 36 %, 33 %, 1590 MHz, 5000 MHz, 61.03 W, 74, P0
2026/09/30 07:27:08.476, Tesla T4, 6499 MiB, 8414 MiB, 15360 MiB, 61 %, 33 %, 1590 MHz, 5000 MHz, 63.18 W, 74, P0
2026/09/30 07:27:08.998, Tesla T4, 6499 MiB, 8414 MiB, 15360 MiB, 36 %, 32 %, 1590 MHz, 5000 MHz, 60.37 W, 74, P0
2026/09/30 07:27:09.506, Tesla T4, 6499 MiB, 8414 MiB, 15360 MiB, 39 %, 35 %, 1590 MHz, 5000 MHz, 61.65 W, 74, P0
2026/09/30 07:27:10.020, Tesla T4, 6499 MiB, 8414 MiB, 15360 MiB, 35 %, 32 %, 1590 MHz, 5000 MHz, 66.72 W, 74, P0
2026/09/30 07:27:10.528, Tesla T4, 6499 MiB, 8414 MiB, 15360 MiB, 39 %, 34 %, 1305 MHz, 5000 MHz, 76.51 W, 74, P0
2026/09/30 07:27:11.038, Tesla T4, 6499 MiB, 8414 MiB, 15360 MiB, 38 %, 35 %, 1590 MHz, 5000 MHz, 68.31 W, 74, P0
2026/09/30 07:27:11.546, Tesla T4, 6499 MiB, 8414 MiB, 15360 MiB, 63 %, 31 %, 1590 MHz, 5000 MHz, 65.67 W, 74, P0
2026/09/30 07:27:12.066, Tesla T4, 6499 MiB, 8414 MiB, 15360 MiB, 38 %, 34 %, 1530 MHz, 5000 MHz, 53.15 W, 74, P0
2026/09/30 07:27:12.584, Tesla T4, 6499 MiB, 8414 MiB, 15360 MiB, 31 %, 27 %, 1530 MHz, 5000 MHz, 57.80 W, 73, P0
2026/09/30 07:27:13.102, Tesla T4, 6499 MiB, 8414 MiB, 15360 MiB, 32 %, 29 %, 1530 MHz, 5000 MHz, 54.56 W, 74, P0
2026/09/30 07:27:13.617, Tesla T4, 6499 MiB, 8414 MiB, 15360 MiB, 34 %, 29 %, 1275 MHz, 5000 MHz, 47.58 W, 73, P0
2026/09/30 07:27:14.135, Tesla T4, 6499 MiB, 8414 MiB, 15360 MiB, 45 %, 24 %, 1410 MHz, 5000 MHz, 49.48 W, 73, P0
2026/09/30 07:27:14.652, Tesla T4, 6499 MiB, 8414 MiB, 15360 MiB, 27 %, 24 %, 1380 MHz, 5000 MHz, 44.68 W, 73, P0
2026/09/30 07:27:15.169, Tesla T4, 6499 MiB, 8414 MiB, 15360 MiB, 42 %, 36 %, 1560 MHz, 5000 MHz, 62.83 W, 73, P0
2026/09/30 07:27:15.687, Tesla T4, 6499 MiB, 8414 MiB, 15360 MiB, 39 %, 36 %, 1560 MHz, 5000 MHz, 63.36 W, 74, P0
2026/09/30 07:27:16.196, Tesla T4, 6499 MiB, 8414 MiB, 15360 MiB, 39 %, 35 %, 1590 MHz, 5000 MHz, 64.59 W, 74, P0
2026/09/30 07:27:16.704, Tesla T4, 6499 MiB, 8414 MiB, 15360 MiB, 39 %, 35 %, 1590 MHz, 5000 MHz, 65.34 W, 74, P0
2026/09/30 07:27:17.212, Tesla T4, 6499 MiB, 8414 MiB, 15360 MiB, 38 %, 34 %, 1590 MHz, 5000 MHz, 64.30 W, 74, P0
2026/09/30 07:27:17.723, Tesla T4, 6499 MiB, 8414 MiB, 15360 MiB, 38 %, 34 %, 1515 MHz, 5000 MHz, 58.72 W, 74, P0
2026/09/30 07:27:18.233, Tesla T4, 6499 MiB, 8414 MiB, 15360 MiB, 40 %, 35 %, 1530 MHz, 5000 MHz, 62.65 W, 74, P0
2026/09/30 07:27:18.741, Tesla T4, 6499 MiB, 8414 MiB, 15360 MiB, 38 %, 34 %, 1530 MHz, 5000 MHz, 58.00 W, 74, P0
2026/09/30 07:27:19.250, Tesla T4, 6499 MiB, 8414 MiB, 15360 MiB, 38 %, 34 %, 1530 MHz, 5000 MHz, 63.93 W, 74, P0
2026/09/30 07:27:19.759, Tesla T4, 6499 MiB, 8414 MiB, 15360 MiB, 41 %, 36 %, 1560 MHz, 5000 MHz, 63.97 W, 74, P0
2026/09/30 07:27:20.267, Tesla T4, 6499 MiB, 8414 MiB, 15360 MiB, 38 %, 34 %, 1575 MHz, 5000 MHz, 63.61 W, 74, P0
2026/09/30 07:27:20.777, Tesla T4, 6499 MiB, 8414 MiB, 15360 MiB, 65 %, 32 %, 1575 MHz, 5000 MHz, 67.18 W, 74, P0
2026/09/30 07:27:21.289, Tesla T4, 6499 MiB, 8414 MiB, 15360 MiB, 37 %, 34 %, 1560 MHz, 5000 MHz, 75.64 W, 75, P0
2026/09/30 07:27:21.797, Tesla T4, 6499 MiB, 8414 MiB, 15360 MiB, 40 %, 36 %, 1560 MHz, 5000 MHz, 59.95 W, 74, P0
2026/09/30 07:27:22.307, Tesla T4, 6499 MiB, 8414 MiB, 15360 MiB, 38 %, 34 %, 1590 MHz, 5000 MHz, 63.18 W, 74, P0
2026/09/30 07:27:22.816, Tesla T4, 6499 MiB, 8414 MiB, 15360 MiB, 88 %, 30 %, 975 MHz, 5000 MHz, 66.36 W, 74, P0
2026/09/30 07:27:23.326, Tesla T4, 6499 MiB, 8414 MiB, 15360 MiB, 31 %, 26 %, 1590 MHz, 5000 MHz, 60.71 W, 74, P0
2026/09/30 07:27:23.836, Tesla T4, 6499 MiB, 8414 MiB, 15360 MiB, 33 %, 29 %, 1590 MHz, 5000 MHz, 64.26 W, 74, P0
2026/09/30 07:27:24.345, Tesla T4, 6499 MiB, 8414 MiB, 15360 MiB, 77 %, 31 %, 960 MHz, 5000 MHz, 65.14 W, 75, P0
2026/09/30 07:27:24.855, Tesla T4, 6499 MiB, 8414 MiB, 15360 MiB, 35 %, 29 %, 1590 MHz, 5000 MHz, 59.83 W, 75, P0
2026/09/30 07:27:25.364, Tesla T4, 6499 MiB, 8414 MiB, 15360 MiB, 23 %, 20 %, 1590 MHz, 5000 MHz, 54.40 W, 74, P0
2026/09/30 07:27:25.878, Tesla T4, 6499 MiB, 8414 MiB, 15360 MiB, 49 %, 28 %, 885 MHz, 5000 MHz, 69.90 W, 75, P0
2026/09/30 07:27:26.400, Tesla T4, 6499 MiB, 8414 MiB, 15360 MiB, 42 %, 27 %, 1395 MHz, 5000 MHz, 48.72 W, 74, P0
2026/09/30 07:27:26.921, Tesla T4, 6499 MiB, 8414 MiB, 15360 MiB, 24 %, 20 %, 1395 MHz, 5000 MHz, 48.69 W, 74, P0
2026/09/30 07:27:27.430, Tesla T4, 6499 MiB, 8414 MiB, 15360 MiB, 24 %, 20 %, 1395 MHz, 5000 MHz, 47.31 W, 74, P0
2026/09/30 07:27:27.947, Tesla T4, 6499 MiB, 8414 MiB, 15360 MiB, 22 %, 18 %, 825 MHz, 5000 MHz, 75.19 W, 74, P0
2026/09/30 07:27:28.458, Tesla T4, 6499 MiB, 8414 MiB, 15360 MiB, 32 %, 27 %, 1590 MHz, 5000 MHz, 59.47 W, 74, P0
2026/09/30 07:27:28.970, Tesla T4, 6499 MiB, 8414 MiB, 15360 MiB, 33 %, 28 %, 1590 MHz, 5000 MHz, 54.63 W, 75, P0
2026/09/30 07:27:29.479, Tesla T4, 6499 MiB, 8414 MiB, 15360 MiB, 29 %, 24 %, 1590 MHz, 5000 MHz, 59.30 W, 75, P0
2026/09/30 07:27:29.995, Tesla T4, 6499 MiB, 8414 MiB, 15360 MiB, 35 %, 30 %, 1590 MHz, 5000 MHz, 62.04 W, 75, P0
2026/09/30 07:27:30.503, Tesla T4, 6499 MiB, 8414 MiB, 15360 MiB, 68 %, 30 %, 945 MHz, 5000 MHz, 63.57 W, 75, P0
2026/09/30 07:27:31.013, Tesla T4, 6499 MiB, 8414 MiB, 15360 MiB, 35 %, 29 %, 1590 MHz, 5000 MHz, 59.01 W, 75, P0
2026/09/30 07:27:31.522, Tesla T4, 6499 MiB, 8414 MiB, 15360 MiB, 32 %, 28 %, 1590 MHz, 5000 MHz, 63.42 W, 75, P0
2026/09/30 07:27:32.030, Tesla T4, 6499 MiB, 8414 MiB, 15360 MiB, 35 %, 30 %, 1590 MHz, 5000 MHz, 62.83 W, 77, P0
2026/09/30 07:27:32.537, Tesla T4, 6499 MiB, 8414 MiB, 15360 MiB, 55 %, 30 %, 1590 MHz, 5000 MHz, 61.98 W, 76, P0
2026/09/30 07:27:33.046, Tesla T4, 6499 MiB, 8414 MiB, 15360 MiB, 36 %, 31 %, 1590 MHz, 5000 MHz, 66.56 W, 76, P0
2026/09/30 07:27:33.556, Tesla T4, 6499 MiB, 8414 MiB, 15360 MiB, 35 %, 30 %, 615 MHz, 5000 MHz, 77.83 W, 77, P0
2026/09/30 07:27:34.072, Tesla T4, 6499 MiB, 8414 MiB, 15360 MiB, 35 %, 30 %, 1590 MHz, 5000 MHz, 60.44 W, 76, P0
2026/09/30 07:27:34.581, Tesla T4, 6499 MiB, 8414 MiB, 15360 MiB, 36 %, 31 %, 1590 MHz, 5000 MHz, 59.83 W, 76, P0
2026/09/30 07:27:35.089, Tesla T4, 6499 MiB, 8414 MiB, 15360 MiB, 63 %, 30 %, 840 MHz, 5000 MHz, 59.43 W, 77, P0
2026/09/30 07:27:35.599, Tesla T4, 6499 MiB, 8414 MiB, 15360 MiB, 43 %, 32 %, 1440 MHz, 5000 MHz, 55.87 W, 76, P0
2026/09/30 07:27:36.113, Tesla T4, 6499 MiB, 8414 MiB, 15360 MiB, 34 %, 28 %, 1440 MHz, 5000 MHz, 57.96 W, 76, P0
2026/09/30 07:27:36.621, Tesla T4, 6499 MiB, 8414 MiB, 15360 MiB, 34 %, 28 %, 1440 MHz, 5000 MHz, 53.81 W, 76, P0
2026/09/30 07:27:37.130, Tesla T4, 6499 MiB, 8414 MiB, 15360 MiB, 37 %, 31 %, 1440 MHz, 5000 MHz, 57.96 W, 77, P0
2026/09/30 07:27:37.644, Tesla T4, 6499 MiB, 8414 MiB, 15360 MiB, 83 %, 30 %, 1590 MHz, 5000 MHz, 59.01 W, 77, P0
2026/09/30 07:27:38.164, Tesla T4, 6499 MiB, 8414 MiB, 15360 MiB, 22 %, 19 %, 1590 MHz, 5000 MHz, 58.92 W, 77, P0
2026/09/30 07:27:38.678, Tesla T4, 6499 MiB, 8414 MiB, 15360 MiB, 26 %, 22 %, 1590 MHz, 5000 MHz, 55.71 W, 77, P0
2026/09/30 07:27:39.202, Tesla T4, 6499 MiB, 8414 MiB, 15360 MiB, 93 %, 28 %, 1560 MHz, 5000 MHz, 57.25 W, 77, P0
2026/09/30 07:27:39.723, Tesla T4, 6499 MiB, 8414 MiB, 15360 MiB, 24 %, 20 %, 1590 MHz, 5000 MHz, 61.03 W, 77, P0
2026/09/30 07:27:40.240, Tesla T4, 6499 MiB, 8414 MiB, 15360 MiB, 22 %, 19 %, 1590 MHz, 5000 MHz, 57.30 W, 78, P0
2026/09/30 07:27:40.757, Tesla T4, 6499 MiB, 8414 MiB, 15360 MiB, 20 %, 17 %, 1590 MHz, 5000 MHz, 54.72 W, 78, P0
2026/09/30 07:27:41.271, Tesla T4, 6499 MiB, 8414 MiB, 15360 MiB, 96 %, 28 %, 1575 MHz, 5000 MHz, 58.88 W, 78, P0
2026/09/30 07:27:41.779, Tesla T4, 6499 MiB, 8414 MiB, 15360 MiB, 31 %, 27 %, 1590 MHz, 5000 MHz, 61.89 W, 78, P0
2026/09/30 07:27:42.288, Tesla T4, 6499 MiB, 8414 MiB, 15360 MiB, 33 %, 29 %, 1590 MHz, 5000 MHz, 64.20 W, 79, P0
2026/09/30 07:27:42.800, Tesla T4, 6499 MiB, 8414 MiB, 15360 MiB, 77 %, 29 %, 1575 MHz, 5000 MHz, 54.63 W, 79, P0
2026/09/30 07:27:43.308, Tesla T4, 6499 MiB, 8414 MiB, 15360 MiB, 32 %, 28 %, 1590 MHz, 5000 MHz, 59.79 W, 79, P0
2026/09/30 07:27:43.817, Tesla T4, 6499 MiB, 8414 MiB, 15360 MiB, 33 %, 28 %, 1575 MHz, 5000 MHz, 61.06 W, 79, P0
2026/09/30 07:27:44.328, Tesla T4, 6499 MiB, 8414 MiB, 15360 MiB, 36 %, 31 %, 1590 MHz, 5000 MHz, 70.40 W, 81, P0
2026/09/30 07:27:44.920, Tesla T4, 6499 MiB, 8414 MiB, 15360 MiB, 88 %, 28 %, 1590 MHz, 5000 MHz, 61.96 W, 80, P0
2026/09/30 07:27:45.429, Tesla T4, 6499 MiB, 8414 MiB, 15360 MiB, 32 %, 28 %, 1590 MHz, 5000 MHz, 65.42 W, 80, P0
2026/09/30 07:27:45.939, Tesla T4, 6499 MiB, 8414 MiB, 15360 MiB, 33 %, 29 %, 1590 MHz, 5000 MHz, 62.59 W, 80, P0
2026/09/30 07:27:46.447, Tesla T4, 6499 MiB, 8414 MiB, 15360 MiB, 32 %, 27 %, 1590 MHz, 5000 MHz, 65.61 W, 80, P0
2026/09/30 07:27:46.955, Tesla T4, 6499 MiB, 8414 MiB, 15360 MiB, 86 %, 28 %, 840 MHz, 5000 MHz, 63.32 W, 80, P0
2026/09/30 07:27:47.466, Tesla T4, 6499 MiB, 8414 MiB, 15360 MiB, 29 %, 25 %, 1590 MHz, 5000 MHz, 62.65 W, 81, P0
2026/09/30 07:27:47.975, Tesla T4, 6499 MiB, 8414 MiB, 15360 MiB, 32 %, 28 %, 1590 MHz, 5000 MHz, 62.47 W, 81, P0
2026/09/30 07:27:48.483, Tesla T4, 6499 MiB, 8414 MiB, 15360 MiB, 30 %, 26 %, 1575 MHz, 5000 MHz, 67.94 W, 81, P0
2026/09/30 07:27:48.994, Tesla T4, 6499 MiB, 8414 MiB, 15360 MiB, 89 %, 28 %, 885 MHz, 5000 MHz, 65.69 W, 81, P0
2026/09/30 07:27:49.507, Tesla T4, 6499 MiB, 8414 MiB, 15360 MiB, 34 %, 29 %, 1575 MHz, 5000 MHz, 70.98 W, 81, P0
2026/09/30 07:27:50.015, Tesla T4, 6499 MiB, 8414 MiB, 15360 MiB, 30 %, 26 %, 1590 MHz, 5000 MHz, 64.03 W, 81, P0
2026/09/30 07:27:50.524, Tesla T4, 6499 MiB, 8414 MiB, 15360 MiB, 30 %, 26 %, 1590 MHz, 5000 MHz, 64.26 W, 82, P0
2026/09/30 07:27:51.033, Tesla T4, 6499 MiB, 8414 MiB, 15360 MiB, 100 %, 25 %, 765 MHz, 5000 MHz, 63.61 W, 81, P0
2026/09/30 07:27:51.570, Tesla T4, 6499 MiB, 8414 MiB, 15360 MiB, 28 %, 22 %, 1305 MHz, 5000 MHz, 53.51 W, 80, P0
2026/09/30 07:27:52.089, Tesla T4, 6499 MiB, 8414 MiB, 15360 MiB, 25 %, 21 %, 1305 MHz, 5000 MHz, 51.18 W, 80, P0
2026/09/30 07:27:52.605, Tesla T4, 6499 MiB, 8414 MiB, 15360 MiB, 23 %, 19 %, 1305 MHz, 5000 MHz, 47.06 W, 80, P0
2026/09/30 07:27:53.120, Tesla T4, 6499 MiB, 8414 MiB, 15360 MiB, 100 %, 25 %, 1425 MHz, 5000 MHz, 53.77 W, 80, P0
2026/09/30 07:27:53.637, Tesla T4, 6499 MiB, 8414 MiB, 15360 MiB, 21 %, 18 %, 1545 MHz, 5000 MHz, 55.31 W, 81, P0
2026/09/30 07:27:54.147, Tesla T4, 6499 MiB, 8414 MiB, 15360 MiB, 34 %, 29 %, 1545 MHz, 5000 MHz, 63.32 W, 81, P0
2026/09/30 07:27:54.656, Tesla T4, 6499 MiB, 8414 MiB, 15360 MiB, 69 %, 30 %, 810 MHz, 5000 MHz, 63.42 W, 81, P0
2026/09/30 07:27:55.166, Tesla T4, 6499 MiB, 8414 MiB, 15360 MiB, 41 %, 30 %, 1365 MHz, 5000 MHz, 52.37 W, 80, P0
2026/09/30 07:27:55.678, Tesla T4, 6499 MiB, 8414 MiB, 15360 MiB, 35 %, 29 %, 1365 MHz, 5000 MHz, 57.74 W, 80, P0
2026/09/30 07:27:56.187, Tesla T4, 6499 MiB, 8414 MiB, 15360 MiB, 36 %, 30 %, 825 MHz, 5000 MHz, 64.46 W, 80, P0
2026/09/30 07:27:56.697, Tesla T4, 6499 MiB, 8414 MiB, 15360 MiB, 36 %, 31 %, 1590 MHz, 5000 MHz, 62.01 W, 80, P0
2026/09/30 07:27:57.206, Tesla T4, 6499 MiB, 8414 MiB, 15360 MiB, 33 %, 28 %, 1590 MHz, 5000 MHz, 63.48 W, 81, P0
2026/09/30 07:27:57.714, Tesla T4, 6499 MiB, 8414 MiB, 15360 MiB, 55 %, 32 %, 825 MHz, 5000 MHz, 65.28 W, 80, P0
2026/09/30 07:27:58.224, Tesla T4, 6499 MiB, 8414 MiB, 15360 MiB, 36 %, 31 %, 1590 MHz, 5000 MHz, 64.50 W, 80, P0
2026/09/30 07:27:58.733, Tesla T4, 6499 MiB, 8414 MiB, 15360 MiB, 37 %, 32 %, 1590 MHz, 5000 MHz, 57.41 W, 80, P0
2026/09/30 07:27:59.247, Tesla T4, 6499 MiB, 8414 MiB, 15360 MiB, 100 %, 26 %, 840 MHz, 5000 MHz, 66.51 W, 80, P0
2026/09/30 07:27:59.758, Tesla T4, 6499 MiB, 8414 MiB, 15360 MiB, 38 %, 32 %, 1470 MHz, 5000 MHz, 59.40 W, 79, P0
2026/09/30 07:28:00.267, Tesla T4, 6499 MiB, 8414 MiB, 15360 MiB, 35 %, 29 %, 1470 MHz, 5000 MHz, 56.72 W, 79, P0
2026/09/30 07:28:00.775, Tesla T4, 6499 MiB, 8414 MiB, 15360 MiB, 75 %, 30 %, 885 MHz, 5000 MHz, 62.99 W, 79, P0
2026/09/30 07:28:01.285, Tesla T4, 6499 MiB, 8414 MiB, 15360 MiB, 36 %, 31 %, 1590 MHz, 5000 MHz, 63.08 W, 79, P0
2026/09/30 07:28:01.795, Tesla T4, 6499 MiB, 8414 MiB, 15360 MiB, 37 %, 31 %, 1575 MHz, 5000 MHz, 64.12 W, 79, P0
2026/09/30 07:28:02.316, Tesla T4, 6499 MiB, 8414 MiB, 15360 MiB, 100 %, 27 %, 855 MHz, 5000 MHz, 64.06 W, 79, P0
2026/09/30 07:28:02.829, Tesla T4, 6499 MiB, 8414 MiB, 15360 MiB, 32 %, 28 %, 1590 MHz, 5000 MHz, 59.24 W, 79, P0
2026/09/30 07:28:03.351, Tesla T4, 6499 MiB, 8414 MiB, 15360 MiB, 36 %, 31 %, 1590 MHz, 5000 MHz, 64.77 W, 79, P0
2026/09/30 07:28:03.861, Tesla T4, 6499 MiB, 8414 MiB, 15360 MiB, 100 %, 25 %, 915 MHz, 5000 MHz, 65.89 W, 79, P0
2026/09/30 07:28:04.385, Tesla T4, 6499 MiB, 8414 MiB, 15360 MiB, 27 %, 23 %, 1575 MHz, 5000 MHz, 58.26 W, 78, P0
2026/09/30 07:28:04.899, Tesla T4, 6499 MiB, 8414 MiB, 15360 MiB, 29 %, 25 %, 1575 MHz, 5000 MHz, 62.63 W, 78, P0
2026/09/30 07:28:05.421, Tesla T4, 6499 MiB, 8414 MiB, 15360 MiB, 26 %, 23 %, 1575 MHz, 5000 MHz, 57.54 W, 78, P0
2026/09/30 07:28:05.935, Tesla T4, 6499 MiB, 8414 MiB, 15360 MiB, 99 %, 28 %, 1515 MHz, 5000 MHz, 64.36 W, 78, P0
2026/09/30 07:28:06.451, Tesla T4, 6499 MiB, 8414 MiB, 15360 MiB, 21 %, 18 %, 1590 MHz, 5000 MHz, 63.24 W, 78, P0
2026/09/30 07:28:06.960, Tesla T4, 6499 MiB, 8414 MiB, 15360 MiB, 36 %, 31 %, 1575 MHz, 5000 MHz, 92.12 W, 80, P0
2026/09/30 07:28:07.479, Tesla T4, 6499 MiB, 8414 MiB, 15360 MiB, 39 %, 32 %, 1575 MHz, 5000 MHz, 60.26 W, 78, P0
2026/09/30 07:28:07.987, Tesla T4, 6499 MiB, 8414 MiB, 15360 MiB, 36 %, 31 %, 1590 MHz, 5000 MHz, 70.16 W, 78, P0
2026/09/30 07:28:08.496, Tesla T4, 6499 MiB, 8414 MiB, 15360 MiB, 56 %, 33 %, 810 MHz, 5000 MHz, 66.42 W, 78, P0
2026/09/30 07:28:09.008, Tesla T4, 6499 MiB, 8414 MiB, 15360 MiB, 52 %, 32 %, 1590 MHz, 5000 MHz, 63.51 W, 78, P0
2026/09/30 07:28:09.516, Tesla T4, 6499 MiB, 8414 MiB, 15360 MiB, 36 %, 31 %, 1575 MHz, 5000 MHz, 64.12 W, 78, P0
2026/09/30 07:28:10.026, Tesla T4, 6499 MiB, 8414 MiB, 15360 MiB, 43 %, 32 %, 885 MHz, 5000 MHz, 64.95 W, 78, P0
2026/09/30 07:28:10.537, Tesla T4, 6499 MiB, 8414 MiB, 15360 MiB, 36 %, 31 %, 1590 MHz, 5000 MHz, 64.32 W, 77, P0
2026/09/30 07:28:11.047, Tesla T4, 6499 MiB, 8414 MiB, 15360 MiB, 36 %, 31 %, 1590 MHz, 5000 MHz, 65.65 W, 77, P0
2026/09/30 07:28:11.555, Tesla T4, 6499 MiB, 8414 MiB, 15360 MiB, 36 %, 31 %, 855 MHz, 5000 MHz, 64.95 W, 78, P0
2026/09/30 07:28:12.069, Tesla T4, 6499 MiB, 8414 MiB, 15360 MiB, 84 %, 30 %, 1575 MHz, 5000 MHz, 61.65 W, 77, P0
2026/09/30 07:28:12.578, Tesla T4, 6499 MiB, 8414 MiB, 15360 MiB, 34 %, 30 %, 1575 MHz, 5000 MHz, 65.97 W, 77, P0
2026/09/30 07:28:13.088, Tesla T4, 6499 MiB, 8414 MiB, 15360 MiB, 35 %, 30 %, 1590 MHz, 5000 MHz, 59.47 W, 77, P0
2026/09/30 07:28:13.598, Tesla T4, 6499 MiB, 8414 MiB, 15360 MiB, 34 %, 29 %, 1590 MHz, 5000 MHz, 67.52 W, 77, P0
2026/09/30 07:28:14.106, Tesla T4, 6499 MiB, 8414 MiB, 15360 MiB, 73 %, 30 %, 900 MHz, 5000 MHz, 63.67 W, 76, P0
2026/09/30 07:28:14.621, Tesla T4, 6499 MiB, 8414 MiB, 15360 MiB, 31 %, 26 %, 1590 MHz, 5000 MHz, 62.50 W, 76, P0
2026/09/30 07:28:15.130, Tesla T4, 6499 MiB, 8414 MiB, 15360 MiB, 35 %, 30 %, 1575 MHz, 5000 MHz, 61.22 W, 76, P0
2026/09/30 07:28:15.644, Tesla T4, 6499 MiB, 8414 MiB, 15360 MiB, 100 %, 27 %, 1530 MHz, 5000 MHz, 49.77 W, 76, P0
2026/09/30 07:28:16.153, Tesla T4, 6499 MiB, 8414 MiB, 15360 MiB, 36 %, 31 %, 1590 MHz, 5000 MHz, 62.04 W, 76, P0
2026/09/30 07:28:16.662, Tesla T4, 6499 MiB, 8414 MiB, 15360 MiB, 28 %, 24 %, 1590 MHz, 5000 MHz, 56.45 W, 76, P0
2026/09/30 07:28:17.176, Tesla T4, 6499 MiB, 8414 MiB, 15360 MiB, 84 %, 28 %, 1560 MHz, 5000 MHz, 46.68 W, 75, P0
2026/09/30 07:28:17.691, Tesla T4, 6499 MiB, 8414 MiB, 15360 MiB, 26 %, 22 %, 1590 MHz, 5000 MHz, 56.69 W, 76, P0
2026/09/30 07:28:18.205, Tesla T4, 6499 MiB, 8414 MiB, 15360 MiB, 25 %, 21 %, 1590 MHz, 5000 MHz, 57.76 W, 75, P0
2026/09/30 07:28:18.719, Tesla T4, 6499 MiB, 8414 MiB, 15360 MiB, 25 %, 22 %, 960 MHz, 5000 MHz, 66.12 W, 76, P0
2026/09/30 07:28:19.238, Tesla T4, 6499 MiB, 8414 MiB, 15360 MiB, 22 %, 19 %, 1590 MHz, 5000 MHz, 65.07 W, 75, P0
2026/09/30 07:28:19.748, Tesla T4, 6499 MiB, 8414 MiB, 15360 MiB, 33 %, 28 %, 1590 MHz, 5000 MHz, 61.56 W, 75, P0
2026/09/30 07:28:20.256, Tesla T4, 6499 MiB, 8414 MiB, 15360 MiB, 100 %, 27 %, 1470 MHz, 5000 MHz, 47.67 W, 75, P0
2026/09/30 07:28:20.765, Tesla T4, 6499 MiB, 8414 MiB, 15360 MiB, 34 %, 30 %, 1590 MHz, 5000 MHz, 63.79 W, 75, P0
2026/09/30 07:28:21.274, Tesla T4, 6499 MiB, 8414 MiB, 15360 MiB, 36 %, 31 %, 1395 MHz, 5000 MHz, 60.81 W, 76, P0
2026/09/30 07:28:21.784, Tesla T4, 6499 MiB, 8414 MiB, 15360 MiB, 43 %, 31 %, 1455 MHz, 5000 MHz, 55.44 W, 75, P0
2026/09/30 07:28:22.293, Tesla T4, 6499 MiB, 8414 MiB, 15360 MiB, 37 %, 31 %, 1455 MHz, 5000 MHz, 56.92 W, 75, P0
2026/09/30 07:28:22.801, Tesla T4, 6499 MiB, 8414 MiB, 15360 MiB, 38 %, 32 %, 1455 MHz, 5000 MHz, 57.37 W, 75, P0
2026/09/30 07:28:23.310, Tesla T4, 6499 MiB, 8414 MiB, 15360 MiB, 34 %, 29 %, 1455 MHz, 5000 MHz, 60.22 W, 74, P0
2026/09/30 07:28:23.819, Tesla T4, 6499 MiB, 8414 MiB, 15360 MiB, 100 %, 28 %, 1035 MHz, 5000 MHz, 66.42 W, 74, P0
2026/09/30 07:28:24.339, Tesla T4, 6499 MiB, 8414 MiB, 15360 MiB, 34 %, 28 %, 1425 MHz, 5000 MHz, 52.46 W, 74, P0
2026/09/30 07:28:24.848, Tesla T4, 6499 MiB, 8414 MiB, 15360 MiB, 38 %, 32 %, 1425 MHz, 5000 MHz, 50.85 W, 74, P0
2026/09/30 07:28:25.372, Tesla T4, 6499 MiB, 8414 MiB, 15360 MiB, 36 %, 30 %, 1425 MHz, 5000 MHz, 55.71 W, 74, P0
2026/09/30 07:28:25.883, Tesla T4, 6499 MiB, 8414 MiB, 15360 MiB, 38 %, 31 %, 1365 MHz, 5000 MHz, 51.39 W, 74, P0
2026/09/30 07:28:26.412, Tesla T4, 6499 MiB, 8414 MiB, 15360 MiB, 38 %, 31 %, 1335 MHz, 5000 MHz, 50.07 W, 74, P0
2026/09/30 07:28:26.921, Tesla T4, 6499 MiB, 8414 MiB, 15360 MiB, 38 %, 31 %, 1320 MHz, 5000 MHz, 51.28 W, 73, P0
2026/09/30 07:28:27.436, Tesla T4, 6499 MiB, 8414 MiB, 15360 MiB, 40 %, 32 %, 1290 MHz, 5000 MHz, 50.85 W, 73, P0
2026/09/30 07:28:27.951, Tesla T4, 6499 MiB, 8414 MiB, 15360 MiB, 97 %, 30 %, 1530 MHz, 5000 MHz, 58.35 W, 74, P0
2026/09/30 07:28:28.486, Tesla T4, 6499 MiB, 8414 MiB, 15360 MiB, 36 %, 31 %, 1590 MHz, 5000 MHz, 62.93 W, 74, P0
2026/09/30 07:28:28.994, Tesla T4, 6499 MiB, 8414 MiB, 15360 MiB, 36 %, 31 %, 1590 MHz, 5000 MHz, 61.79 W, 74, P0
2026/09/30 07:28:29.505, Tesla T4, 6499 MiB, 8414 MiB, 15360 MiB, 72 %, 27 %, 1590 MHz, 5000 MHz, 55.44 W, 74, P0
2026/09/30 07:28:30.021, Tesla T4, 6499 MiB, 8414 MiB, 15360 MiB, 28 %, 24 %, 1590 MHz, 5000 MHz, 56.46 W, 74, P0
2026/09/30 07:28:30.535, Tesla T4, 6499 MiB, 8414 MiB, 15360 MiB, 30 %, 25 %, 1590 MHz, 5000 MHz, 55.87 W, 74, P0
2026/09/30 07:28:31.054, Tesla T4, 6499 MiB, 8414 MiB, 15360 MiB, 24 %, 21 %, 1590 MHz, 5000 MHz, 54.89 W, 74, P0
2026/09/30 07:28:31.572, Tesla T4, 6499 MiB, 8414 MiB, 15360 MiB, 30 %, 24 %, 1185 MHz, 5000 MHz, 43.23 W, 73, P0
2026/09/30 07:28:32.092, Tesla T4, 6499 MiB, 8414 MiB, 15360 MiB, 29 %, 22 %, 1095 MHz, 5000 MHz, 46.61 W, 73, P0
2026/09/30 07:28:32.603, Tesla T4, 6499 MiB, 8414 MiB, 15360 MiB, 100 %, 29 %, 960 MHz, 5000 MHz, 65.34 W, 74, P0
2026/09/30 07:28:33.115, Tesla T4, 6499 MiB, 8414 MiB, 15360 MiB, 36 %, 31 %, 1575 MHz, 5000 MHz, 64.50 W, 74, P0
2026/09/30 07:28:33.628, Tesla T4, 6499 MiB, 8414 MiB, 15360 MiB, 35 %, 30 %, 1575 MHz, 5000 MHz, 58.64 W, 74, P0
2026/09/30 07:28:34.136, Tesla T4, 6499 MiB, 8414 MiB, 15360 MiB, 91 %, 31 %, 975 MHz, 5000 MHz, 65.77 W, 74, P0
2026/09/30 07:28:34.647, Tesla T4, 6499 MiB, 8414 MiB, 15360 MiB, 35 %, 30 %, 1590 MHz, 5000 MHz, 60.68 W, 74, P0
2026/09/30 07:28:35.156, Tesla T4, 6499 MiB, 8414 MiB, 15360 MiB, 34 %, 29 %, 1590 MHz, 5000 MHz, 63.06 W, 74, P0
2026/09/30 07:28:35.664, Tesla T4, 6499 MiB, 8414 MiB, 15360 MiB, 36 %, 31 %, 1590 MHz, 5000 MHz, 62.93 W, 75, P0
2026/09/30 07:28:36.172, Tesla T4, 6499 MiB, 8414 MiB, 15360 MiB, 51 %, 32 %, 960 MHz, 5000 MHz, 63.28 W, 75, P0
2026/09/30 07:28:36.684, Tesla T4, 6499 MiB, 8414 MiB, 15360 MiB, 42 %, 39 %, 1590 MHz, 5000 MHz, 65.83 W, 75, P0
2026/09/30 07:28:37.193, Tesla T4, 6499 MiB, 8414 MiB, 15360 MiB, 42 %, 38 %, 840 MHz, 5000 MHz, 103.54 W, 75, P0
2026/09/30 07:28:37.703, Tesla T4, 6499 MiB, 8414 MiB, 15360 MiB, 42 %, 38 %, 1530 MHz, 5000 MHz, 67.93 W, 75, P0
2026/09/30 07:28:38.213, Tesla T4, 6499 MiB, 8414 MiB, 15360 MiB, 37 %, 33 %, 1530 MHz, 5000 MHz, 62.57 W, 75, P0
2026/09/30 07:28:38.721, Tesla T4, 6499 MiB, 8414 MiB, 15360 MiB, 100 %, 28 %, 1215 MHz, 5000 MHz, 67.35 W, 75, P0
2026/09/30 07:28:39.232, Tesla T4, 6499 MiB, 8414 MiB, 15360 MiB, 25 %, 23 %, 1575 MHz, 5000 MHz, 64.77 W, 75, P0
2026/09/30 07:28:39.744, Tesla T4, 6499 MiB, 8414 MiB, 15360 MiB, 37 %, 34 %, 1590 MHz, 5000 MHz, 65.16 W, 76, P0
2026/09/30 07:28:40.253, Tesla T4, 6499 MiB, 8414 MiB, 15360 MiB, 56 %, 36 %, 1575 MHz, 5000 MHz, 63.32 W, 75, P0
2026/09/30 07:28:40.762, Tesla T4, 6499 MiB, 8414 MiB, 15360 MiB, 39 %, 35 %, 1590 MHz, 5000 MHz, 66.02 W, 76, P0
2026/09/30 07:28:41.270, Tesla T4, 6499 MiB, 8414 MiB, 15360 MiB, 40 %, 37 %, 1590 MHz, 5000 MHz, 64.95 W, 76, P0
2026/09/30 07:28:41.779, Tesla T4, 6499 MiB, 8414 MiB, 15360 MiB, 37 %, 33 %, 900 MHz, 5000 MHz, 63.67 W, 76, P0
2026/09/30 07:28:42.291, Tesla T4, 6499 MiB, 8414 MiB, 15360 MiB, 29 %, 26 %, 1590 MHz, 5000 MHz, 60.90 W, 76, P0
2026/09/30 07:28:42.818, Tesla T4, 6499 MiB, 8414 MiB, 15360 MiB, 30 %, 27 %, 1590 MHz, 5000 MHz, 61.48 W, 76, P0
2026/09/30 07:28:43.332, Tesla T4, 6499 MiB, 8414 MiB, 15360 MiB, 32 %, 30 %, 1590 MHz, 5000 MHz, 62.63 W, 76, P0
2026/09/30 07:28:43.847, Tesla T4, 6499 MiB, 8414 MiB, 15360 MiB, 100 %, 28 %, 1575 MHz, 5000 MHz, 59.08 W, 76, P0
2026/09/30 07:28:44.371, Tesla T4, 6499 MiB, 8414 MiB, 15360 MiB, 32 %, 30 %, 1590 MHz, 5000 MHz, 53.25 W, 76, P0
2026/09/30 07:28:44.888, Tesla T4, 6499 MiB, 8414 MiB, 15360 MiB, 30 %, 27 %, 1590 MHz, 5000 MHz, 67.75 W, 77, P0
2026/09/30 07:28:45.398, Tesla T4, 6499 MiB, 8414 MiB, 15360 MiB, 96 %, 29 %, 1560 MHz, 5000 MHz, 62.24 W, 77, P0
2026/09/30 07:28:45.913, Tesla T4, 6499 MiB, 8414 MiB, 15360 MiB, 39 %, 36 %, 1590 MHz, 5000 MHz, 66.75 W, 77, P0
2026/09/30 07:28:46.422, Tesla T4, 6499 MiB, 8414 MiB, 15360 MiB, 68 %, 34 %, 945 MHz, 5000 MHz, 67.06 W, 77, P0
2026/09/30 07:28:46.938, Tesla T4, 6499 MiB, 8414 MiB, 15360 MiB, 36 %, 32 %, 1470 MHz, 5000 MHz, 58.39 W, 77, P0
2026/09/30 07:28:47.447, Tesla T4, 6499 MiB, 8414 MiB, 15360 MiB, 42 %, 38 %, 1560 MHz, 5000 MHz, 63.53 W, 77, P0
2026/09/30 07:28:47.956, Tesla T4, 6499 MiB, 8414 MiB, 15360 MiB, 36 %, 33 %, 1560 MHz, 5000 MHz, 57.69 W, 78, P0
2026/09/30 07:28:48.465, Tesla T4, 6499 MiB, 8414 MiB, 15360 MiB, 100 %, 27 %, 1575 MHz, 5000 MHz, 63.20 W, 78, P0
2026/09/30 07:28:48.975, Tesla T4, 6499 MiB, 8414 MiB, 15360 MiB, 37 %, 33 %, 1500 MHz, 5000 MHz, 52.44 W, 78, P0
2026/09/30 07:28:49.483, Tesla T4, 6499 MiB, 8414 MiB, 15360 MiB, 75 %, 31 %, 855 MHz, 5000 MHz, 66.57 W, 78, P0
2026/09/30 07:28:49.995, Tesla T4, 6499 MiB, 8414 MiB, 15360 MiB, 38 %, 35 %, 1485 MHz, 5000 MHz, 56.88 W, 78, P0
2026/09/30 07:28:50.514, Tesla T4, 6499 MiB, 8414 MiB, 15360 MiB, 57 %, 38 %, 630 MHz, 5000 MHz, 57.11 W, 78, P0
2026/09/30 07:28:51.126, Tesla T4, 6499 MiB, 8414 MiB, 15360 MiB, 39 %, 35 %, 1590 MHz, 5000 MHz, 63.26 W, 79, P0
2026/09/30 07:28:51.638, Tesla T4, 6499 MiB, 8414 MiB, 15360 MiB, 41 %, 37 %, 1575 MHz, 5000 MHz, 67.14 W, 79, P0
2026/09/30 07:28:52.148, Tesla T4, 6499 MiB, 8414 MiB, 15360 MiB, 76 %, 29 %, 1515 MHz, 5000 MHz, 59.01 W, 79, P0
2026/09/30 07:28:52.658, Tesla T4, 6499 MiB, 8414 MiB, 15360 MiB, 42 %, 38 %, 1575 MHz, 5000 MHz, 67.31 W, 80, P0
2026/09/30 07:28:53.167, Tesla T4, 6499 MiB, 8414 MiB, 15360 MiB, 38 %, 34 %, 1590 MHz, 5000 MHz, 63.53 W, 80, P0
2026/09/30 07:28:53.676, Tesla T4, 6499 MiB, 8414 MiB, 15360 MiB, 42 %, 38 %, 1575 MHz, 5000 MHz, 67.06 W, 80, P0
2026/09/30 07:28:54.187, Tesla T4, 6499 MiB, 8414 MiB, 15360 MiB, 100 %, 26 %, 840 MHz, 5000 MHz, 66.28 W, 80, P0
2026/09/30 07:28:54.698, Tesla T4, 6499 MiB, 8414 MiB, 15360 MiB, 42 %, 38 %, 1575 MHz, 5000 MHz, 67.69 W, 80, P0
2026/09/30 07:28:55.207, Tesla T4, 6499 MiB, 8414 MiB, 15360 MiB, 32 %, 29 %, 1590 MHz, 5000 MHz, 60.52 W, 80, P0
2026/09/30 07:28:55.729, Tesla T4, 6499 MiB, 8414 MiB, 15360 MiB, 32 %, 29 %, 1590 MHz, 5000 MHz, 59.20 W, 81, P0
2026/09/30 07:28:56.248, Tesla T4, 6499 MiB, 8414 MiB, 15360 MiB, 33 %, 30 %, 630 MHz, 5000 MHz, 68.32 W, 81, P0
2026/09/30 07:28:56.780, Tesla T4, 6499 MiB, 8414 MiB, 15360 MiB, 29 %, 26 %, 1590 MHz, 5000 MHz, 58.52 W, 80, P0
2026/09/30 07:28:57.296, Tesla T4, 6499 MiB, 8414 MiB, 15360 MiB, 32 %, 29 %, 1590 MHz, 5000 MHz, 66.14 W, 81, P0
2026/09/30 07:28:57.806, Tesla T4, 6499 MiB, 8414 MiB, 15360 MiB, 35 %, 32 %, 1545 MHz, 5000 MHz, 61.69 W, 81, P0
2026/09/30 07:28:58.320, Tesla T4, 6499 MiB, 8414 MiB, 15360 MiB, 65 %, 34 %, 870 MHz, 5000 MHz, 65.14 W, 81, P0
2026/09/30 07:28:58.830, Tesla T4, 6499 MiB, 8414 MiB, 15360 MiB, 43 %, 39 %, 1575 MHz, 5000 MHz, 69.31 W, 81, P0
2026/09/30 07:28:59.342, Tesla T4, 6499 MiB, 8414 MiB, 15360 MiB, 42 %, 38 %, 1575 MHz, 5000 MHz, 64.54 W, 81, P0
2026/09/30 07:28:59.856, Tesla T4, 6499 MiB, 8414 MiB, 15360 MiB, 43 %, 39 %, 1560 MHz, 5000 MHz, 67.49 W, 82, P0
2026/09/30 07:29:00.364, Tesla T4, 6499 MiB, 8414 MiB, 15360 MiB, 56 %, 37 %, 840 MHz, 5000 MHz, 66.22 W, 81, P0
2026/09/30 07:29:00.881, Tesla T4, 6499 MiB, 8414 MiB, 15360 MiB, 43 %, 39 %, 1470 MHz, 5000 MHz, 62.83 W, 81, P0
2026/09/30 07:29:01.393, Tesla T4, 6499 MiB, 8414 MiB, 15360 MiB, 42 %, 38 %, 1575 MHz, 5000 MHz, 70.44 W, 81, P0
2026/09/30 07:29:01.902, Tesla T4, 6499 MiB, 8414 MiB, 15360 MiB, 90 %, 28 %, 1545 MHz, 5000 MHz, 50.66 W, 81, P0
2026/09/30 07:29:02.410, Tesla T4, 6499 MiB, 8414 MiB, 15360 MiB, 42 %, 38 %, 1560 MHz, 5000 MHz, 65.06 W, 81, P0
2026/09/30 07:29:02.925, Tesla T4, 6499 MiB, 8414 MiB, 15360 MiB, 57 %, 37 %, 870 MHz, 5000 MHz, 65.89 W, 81, P0
2026/09/30 07:29:03.435, Tesla T4, 6499 MiB, 8414 MiB, 15360 MiB, 40 %, 36 %, 1560 MHz, 5000 MHz, 65.40 W, 81, P0
2026/09/30 07:29:03.952, Tesla T4, 6499 MiB, 8414 MiB, 15360 MiB, 42 %, 38 %, 1485 MHz, 5000 MHz, 68.05 W, 81, P0
2026/09/30 07:29:04.463, Tesla T4, 6499 MiB, 8414 MiB, 15360 MiB, 93 %, 28 %, 1245 MHz, 5000 MHz, 49.25 W, 80, P0
2026/09/30 07:29:04.973, Tesla T4, 6499 MiB, 8414 MiB, 15360 MiB, 39 %, 35 %, 1470 MHz, 5000 MHz, 64.50 W, 80, P0
2026/09/30 07:29:05.481, Tesla T4, 6499 MiB, 8414 MiB, 15360 MiB, 76 %, 30 %, 840 MHz, 5000 MHz, 64.75 W, 80, P0
2026/09/30 07:29:05.997, Tesla T4, 6499 MiB, 8414 MiB, 15360 MiB, 40 %, 35 %, 1425 MHz, 5000 MHz, 57.47 W, 80, P0
2026/09/30 07:29:06.506, Tesla T4, 6499 MiB, 8414 MiB, 15360 MiB, 42 %, 38 %, 1575 MHz, 5000 MHz, 67.10 W, 82, P0
2026/09/30 07:29:07.023, Tesla T4, 6499 MiB, 8414 MiB, 15360 MiB, 87 %, 30 %, 1575 MHz, 5000 MHz, 64.77 W, 80, P0
2026/09/30 07:29:07.531, Tesla T4, 6499 MiB, 8414 MiB, 15360 MiB, 42 %, 38 %, 1545 MHz, 5000 MHz, 64.63 W, 80, P0
2026/09/30 07:29:08.040, Tesla T4, 6499 MiB, 8414 MiB, 15360 MiB, 32 %, 25 %, 840 MHz, 5000 MHz, 65.24 W, 79, P0
2026/09/30 07:29:08.569, Tesla T4, 6499 MiB, 8414 MiB, 15360 MiB, 31 %, 29 %, 1590 MHz, 5000 MHz, 62.24 W, 79, P0
2026/09/30 07:29:09.089, Tesla T4, 6499 MiB, 8414 MiB, 15360 MiB, 29 %, 27 %, 1590 MHz, 5000 MHz, 63.42 W, 79, P0
2026/09/30 07:29:09.604, Tesla T4, 6499 MiB, 8414 MiB, 15360 MiB, 28 %, 26 %, 780 MHz, 5000 MHz, 60.81 W, 79, P0
2026/09/30 07:29:10.115, Tesla T4, 6499 MiB, 8414 MiB, 15360 MiB, 29 %, 26 %, 1590 MHz, 5000 MHz, 64.00 W, 79, P0
2026/09/30 07:29:10.634, Tesla T4, 6499 MiB, 8414 MiB, 15360 MiB, 25 %, 23 %, 1590 MHz, 5000 MHz, 57.60 W, 78, P0
2026/09/30 07:29:11.149, Tesla T4, 6499 MiB, 8414 MiB, 15360 MiB, 36 %, 33 %, 735 MHz, 5000 MHz, 62.83 W, 79, P0
2026/09/30 07:29:11.663, Tesla T4, 6499 MiB, 8414 MiB, 15360 MiB, 81 %, 31 %, 1575 MHz, 5000 MHz, 69.02 W, 78, P0
2026/09/30 07:29:12.171, Tesla T4, 6499 MiB, 8414 MiB, 15360 MiB, 38 %, 34 %, 1575 MHz, 5000 MHz, 64.73 W, 78, P0
2026/09/30 07:29:12.680, Tesla T4, 6499 MiB, 8414 MiB, 15360 MiB, 66 %, 34 %, 855 MHz, 5000 MHz, 66.77 W, 78, P0
2026/09/30 07:29:13.193, Tesla T4, 6499 MiB, 8414 MiB, 15360 MiB, 35 %, 32 %, 1590 MHz, 5000 MHz, 63.03 W, 78, P0
2026/09/30 07:29:13.701, Tesla T4, 6499 MiB, 8414 MiB, 15360 MiB, 55 %, 38 %, 900 MHz, 5000 MHz, 65.30 W, 78, P0
2026/09/30 07:29:14.218, Tesla T4, 6499 MiB, 8414 MiB, 15360 MiB, 41 %, 37 %, 1590 MHz, 5000 MHz, 67.58 W, 78, P0
2026/09/30 07:29:14.727, Tesla T4, 6499 MiB, 8414 MiB, 15360 MiB, 43 %, 37 %, 1485 MHz, 5000 MHz, 104.26 W, 79, P0
2026/09/30 07:29:15.245, Tesla T4, 6499 MiB, 8414 MiB, 15360 MiB, 70 %, 34 %, 1590 MHz, 5000 MHz, 64.44 W, 78, P0
2026/09/30 07:29:15.754, Tesla T4, 6499 MiB, 8414 MiB, 15360 MiB, 41 %, 38 %, 1590 MHz, 5000 MHz, 68.43 W, 78, P0
2026/09/30 07:29:16.262, Tesla T4, 6499 MiB, 8414 MiB, 15360 MiB, 92 %, 30 %, 870 MHz, 5000 MHz, 64.46 W, 77, P0
2026/09/30 07:29:16.778, Tesla T4, 6499 MiB, 8414 MiB, 15360 MiB, 39 %, 36 %, 1575 MHz, 5000 MHz, 64.81 W, 77, P0
2026/09/30 07:29:17.287, Tesla T4, 6499 MiB, 8414 MiB, 15360 MiB, 40 %, 36 %, 1590 MHz, 5000 MHz, 55.37 W, 77, P0
2026/09/30 07:29:17.797, Tesla T4, 6499 MiB, 8414 MiB, 15360 MiB, 89 %, 30 %, 1515 MHz, 5000 MHz, 52.60 W, 77, P0
2026/09/30 07:29:18.312, Tesla T4, 6499 MiB, 8414 MiB, 15360 MiB, 42 %, 38 %, 1590 MHz, 5000 MHz, 61.55 W, 77, P0
2026/09/30 07:29:18.820, Tesla T4, 6499 MiB, 8414 MiB, 15360 MiB, 41 %, 38 %, 810 MHz, 5000 MHz, 67.09 W, 78, P0
2026/09/30 07:29:19.335, Tesla T4, 6499 MiB, 8414 MiB, 15360 MiB, 79 %, 31 %, 1590 MHz, 5000 MHz, 68.81 W, 77, P0
2026/09/30 07:29:19.844, Tesla T4, 6499 MiB, 8414 MiB, 15360 MiB, 40 %, 37 %, 1590 MHz, 5000 MHz, 68.68 W, 77, P0
2026/09/30 07:29:20.352, Tesla T4, 6499 MiB, 8414 MiB, 15360 MiB, 99 %, 29 %, 1575 MHz, 5000 MHz, 63.12 W, 76, P0
2026/09/30 07:29:20.871, Tesla T4, 6499 MiB, 8414 MiB, 15360 MiB, 35 %, 32 %, 1530 MHz, 5000 MHz, 57.18 W, 76, P0
2026/09/30 07:29:21.388, Tesla T4, 6499 MiB, 8414 MiB, 15360 MiB, 86 %, 29 %, 900 MHz, 5000 MHz, 64.65 W, 76, P0
2026/09/30 07:29:21.909, Tesla T4, 6499 MiB, 8414 MiB, 15360 MiB, 33 %, 30 %, 1590 MHz, 5000 MHz, 63.79 W, 76, P0
2026/09/30 07:29:22.423, Tesla T4, 6499 MiB, 8414 MiB, 15360 MiB, 29 %, 26 %, 1590 MHz, 5000 MHz, 57.67 W, 76, P0
2026/09/30 07:29:22.941, Tesla T4, 6499 MiB, 8414 MiB, 15360 MiB, 50 %, 28 %, 945 MHz, 5000 MHz, 66.81 W, 76, P0
2026/09/30 07:29:23.476, Tesla T4, 6499 MiB, 8414 MiB, 15360 MiB, 27 %, 25 %, 1590 MHz, 5000 MHz, 58.75 W, 76, P0
2026/09/30 07:29:23.985, Tesla T4, 6499 MiB, 8414 MiB, 15360 MiB, 64 %, 34 %, 780 MHz, 5000 MHz, 61.36 W, 76, P0
2026/09/30 07:29:24.496, Tesla T4, 6499 MiB, 8414 MiB, 15360 MiB, 45 %, 37 %, 1500 MHz, 5000 MHz, 61.14 W, 75, P0
2026/09/30 07:29:25.005, Tesla T4, 6499 MiB, 8414 MiB, 15360 MiB, 41 %, 37 %, 1545 MHz, 5000 MHz, 61.79 W, 75, P0
2026/09/30 07:29:25.516, Tesla T4, 6499 MiB, 8414 MiB, 15360 MiB, 100 %, 27 %, 1545 MHz, 5000 MHz, 57.18 W, 75, P0
2026/09/30 07:29:26.025, Tesla T4, 6499 MiB, 8414 MiB, 15360 MiB, 23 %, 21 %, 1560 MHz, 5000 MHz, 60.21 W, 75, P0
2026/09/30 07:29:26.534, Tesla T4, 6499 MiB, 8414 MiB, 15360 MiB, 41 %, 38 %, 1575 MHz, 5000 MHz, 67.80 W, 76, P0
2026/09/30 07:29:27.045, Tesla T4, 6499 MiB, 8414 MiB, 15360 MiB, 39 %, 35 %, 1590 MHz, 5000 MHz, 62.30 W, 76, P0
2026/09/30 07:29:27.553, Tesla T4, 6499 MiB, 8414 MiB, 15360 MiB, 100 %, 28 %, 1560 MHz, 5000 MHz, 58.45 W, 75, P0
2026/09/30 07:29:28.061, Tesla T4, 6499 MiB, 8414 MiB, 15360 MiB, 40 %, 36 %, 1590 MHz, 5000 MHz, 69.23 W, 75, P0
2026/09/30 07:29:28.571, Tesla T4, 6499 MiB, 8414 MiB, 15360 MiB, 41 %, 37 %, 1590 MHz, 5000 MHz, 65.34 W, 75, P0
2026/09/30 07:29:29.080, Tesla T4, 6499 MiB, 8414 MiB, 15360 MiB, 41 %, 38 %, 1575 MHz, 5000 MHz, 62.55 W, 75, P0
2026/09/30 07:29:29.588, Tesla T4, 6499 MiB, 8414 MiB, 15360 MiB, 42 %, 38 %, 1560 MHz, 5000 MHz, 65.20 W, 75, P0
2026/09/30 07:29:30.097, Tesla T4, 6499 MiB, 8414 MiB, 15360 MiB, 41 %, 38 %, 1590 MHz, 5000 MHz, 64.81 W, 75, P0
2026/09/30 07:29:30.606, Tesla T4, 6499 MiB, 8414 MiB, 15360 MiB, 41 %, 38 %, 960 MHz, 5000 MHz, 61.85 W, 75, P0
2026/09/30 07:29:31.117, Tesla T4, 6499 MiB, 8414 MiB, 15360 MiB, 40 %, 36 %, 1560 MHz, 5000 MHz, 62.53 W, 75, P0
2026/09/30 07:29:31.626, Tesla T4, 6499 MiB, 8414 MiB, 15360 MiB, 42 %, 38 %, 1590 MHz, 5000 MHz, 66.75 W, 75, P0
2026/09/30 07:29:32.137, Tesla T4, 6499 MiB, 8414 MiB, 15360 MiB, 93 %, 30 %, 1560 MHz, 5000 MHz, 62.93 W, 75, P0
2026/09/30 07:29:32.651, Tesla T4, 6499 MiB, 8414 MiB, 15360 MiB, 41 %, 38 %, 1590 MHz, 5000 MHz, 66.33 W, 75, P0
2026/09/30 07:29:33.161, Tesla T4, 6499 MiB, 8414 MiB, 15360 MiB, 40 %, 37 %, 1560 MHz, 5000 MHz, 67.87 W, 75, P0
2026/09/30 07:29:33.676, Tesla T4, 6499 MiB, 8414 MiB, 15360 MiB, 29 %, 27 %, 1590 MHz, 5000 MHz, 56.55 W, 75, P0
2026/09/30 07:29:34.199, Tesla T4, 6499 MiB, 8414 MiB, 15360 MiB, 30 %, 27 %, 915 MHz, 5000 MHz, 63.81 W, 75, P0
2026/09/30 07:29:34.720, Tesla T4, 6499 MiB, 8414 MiB, 15360 MiB, 33 %, 30 %, 1590 MHz, 5000 MHz, 60.87 W, 75, P0
2026/09/30 07:29:35.232, Tesla T4, 6499 MiB, 8414 MiB, 15360 MiB, 29 %, 27 %, 1590 MHz, 5000 MHz, 59.76 W, 75, P0
2026/09/30 07:29:35.751, Tesla T4, 6499 MiB, 8414 MiB, 15360 MiB, 29 %, 27 %, 705 MHz, 5000 MHz, 60.94 W, 75, P0
2026/09/30 07:29:36.268, Tesla T4, 6499 MiB, 8414 MiB, 15360 MiB, 24 %, 21 %, 1590 MHz, 5000 MHz, 54.49 W, 75, P0
2026/09/30 07:29:36.784, Tesla T4, 6499 MiB, 8414 MiB, 15360 MiB, 41 %, 37 %, 1590 MHz, 5000 MHz, 66.02 W, 75, P0
2026/09/30 07:29:37.294, Tesla T4, 6499 MiB, 8414 MiB, 15360 MiB, 63 %, 28 %, 1575 MHz, 5000 MHz, 60.75 W, 75, P0
2026/09/30 07:29:37.803, Tesla T4, 6499 MiB, 8414 MiB, 15360 MiB, 34 %, 29 %, 1590 MHz, 5000 MHz, 62.28 W, 75, P0
2026/09/30 07:29:38.311, Tesla T4, 6499 MiB, 8414 MiB, 15360 MiB, 32 %, 27 %, 1590 MHz, 5000 MHz, 63.28 W, 75, P0
2026/09/30 07:29:38.822, Tesla T4, 6499 MiB, 8414 MiB, 15360 MiB, 63 %, 28 %, 1590 MHz, 5000 MHz, 60.10 W, 75, P0
2026/09/30 07:29:39.330, Tesla T4, 6499 MiB, 8414 MiB, 15360 MiB, 32 %, 27 %, 1590 MHz, 5000 MHz, 61.47 W, 75, P0
2026/09/30 07:29:39.839, Tesla T4, 6499 MiB, 8414 MiB, 15360 MiB, 34 %, 29 %, 1590 MHz, 5000 MHz, 58.65 W, 75, P0
2026/09/30 07:29:40.348, Tesla T4, 6499 MiB, 8414 MiB, 15360 MiB, 32 %, 27 %, 1590 MHz, 5000 MHz, 59.67 W, 75, P0
2026/09/30 07:29:40.856, Tesla T4, 6499 MiB, 8414 MiB, 15360 MiB, 36 %, 30 %, 1440 MHz, 5000 MHz, 55.12 W, 75, P0
2026/09/30 07:29:41.364, Tesla T4, 6499 MiB, 8414 MiB, 15360 MiB, 34 %, 28 %, 1380 MHz, 5000 MHz, 53.28 W, 74, P0
2026/09/30 07:29:41.874, Tesla T4, 6499 MiB, 8414 MiB, 15360 MiB, 40 %, 30 %, 1590 MHz, 5000 MHz, 62.42 W, 75, P0
2026/09/30 07:29:42.384, Tesla T4, 6499 MiB, 8414 MiB, 15360 MiB, 32 %, 27 %, 1590 MHz, 5000 MHz, 55.54 W, 75, P0
2026/09/30 07:29:42.892, Tesla T4, 6499 MiB, 8414 MiB, 15360 MiB, 34 %, 29 %, 1590 MHz, 5000 MHz, 58.78 W, 75, P0
2026/09/30 07:29:43.403, Tesla T4, 6499 MiB, 8414 MiB, 15360 MiB, 48 %, 29 %, 1530 MHz, 5000 MHz, 61.02 W, 75, P0
2026/09/30 07:29:43.912, Tesla T4, 6499 MiB, 8414 MiB, 15360 MiB, 33 %, 28 %, 1590 MHz, 5000 MHz, 54.40 W, 75, P0
2026/09/30 07:29:44.420, Tesla T4, 6499 MiB, 8414 MiB, 15360 MiB, 34 %, 29 %, 1590 MHz, 5000 MHz, 50.73 W, 75, P0
2026/09/30 07:29:44.931, Tesla T4, 6499 MiB, 8414 MiB, 15360 MiB, 34 %, 29 %, 1590 MHz, 5000 MHz, 57.05 W, 75, P0
2026/09/30 07:29:45.439, Tesla T4, 6499 MiB, 8414 MiB, 15360 MiB, 34 %, 28 %, 1485 MHz, 5000 MHz, 46.52 W, 75, P0
2026/09/30 07:29:45.949, Tesla T4, 6499 MiB, 8414 MiB, 15360 MiB, 34 %, 29 %, 1590 MHz, 5000 MHz, 57.31 W, 75, P0
2026/09/30 07:29:46.459, Tesla T4, 6499 MiB, 8414 MiB, 15360 MiB, 34 %, 29 %, 1590 MHz, 5000 MHz, 55.80 W, 75, P0
2026/09/30 07:29:46.973, Tesla T4, 6499 MiB, 8414 MiB, 15360 MiB, 26 %, 22 %, 1590 MHz, 5000 MHz, 55.81 W, 75, P0
2026/09/30 07:29:47.498, Tesla T4, 6499 MiB, 8414 MiB, 15360 MiB, 25 %, 21 %, 1590 MHz, 5000 MHz, 58.52 W, 75, P0
2026/09/30 07:29:48.018, Tesla T4, 6499 MiB, 8414 MiB, 15360 MiB, 27 %, 23 %, 1590 MHz, 5000 MHz, 57.08 W, 75, P0
2026/09/30 07:29:48.541, Tesla T4, 6499 MiB, 8414 MiB, 15360 MiB, 23 %, 20 %, 1590 MHz, 5000 MHz, 57.58 W, 75, P0
2026/09/30 07:29:49.058, Tesla T4, 6499 MiB, 8414 MiB, 15360 MiB, 23 %, 19 %, 1590 MHz, 5000 MHz, 54.00 W, 75, P0
2026/09/30 07:29:49.579, Tesla T4, 6499 MiB, 8414 MiB, 15360 MiB, 33 %, 28 %, 1590 MHz, 5000 MHz, 64.48 W, 75, P0
2026/09/30 07:29:50.116, Tesla T4, 6499 MiB, 8414 MiB, 15360 MiB, 29 %, 25 %, 1590 MHz, 5000 MHz, 57.25 W, 76, P0
2026/09/30 07:29:50.635, Tesla T4, 6499 MiB, 8414 MiB, 15360 MiB, 34 %, 29 %, 1590 MHz, 5000 MHz, 63.08 W, 76, P0
2026/09/30 07:29:51.143, Tesla T4, 6499 MiB, 8414 MiB, 15360 MiB, 34 %, 28 %, 1395 MHz, 5000 MHz, 54.46 W, 76, P0
2026/09/30 07:29:51.652, Tesla T4, 6499 MiB, 8414 MiB, 15360 MiB, 37 %, 30 %, 1380 MHz, 5000 MHz, 60.51 W, 76, P0
2026/09/30 07:29:52.167, Tesla T4, 6499 MiB, 8414 MiB, 15360 MiB, 32 %, 27 %, 1590 MHz, 5000 MHz, 62.26 W, 76, P0
2026/09/30 07:29:52.675, Tesla T4, 6499 MiB, 8414 MiB, 15360 MiB, 36 %, 31 %, 1590 MHz, 5000 MHz, 59.53 W, 76, P0
2026/09/30 07:29:53.185, Tesla T4, 6499 MiB, 8414 MiB, 15360 MiB, 35 %, 30 %, 1590 MHz, 5000 MHz, 60.22 W, 76, P0
2026/09/30 07:29:53.693, Tesla T4, 6499 MiB, 8414 MiB, 15360 MiB, 35 %, 29 %, 1425 MHz, 5000 MHz, 52.89 W, 76, P0
2026/09/30 07:29:54.201, Tesla T4, 6499 MiB, 8414 MiB, 15360 MiB, 37 %, 30 %, 1380 MHz, 5000 MHz, 53.09 W, 75, P0
2026/09/30 07:29:54.713, Tesla T4, 6499 MiB, 8414 MiB, 15360 MiB, 37 %, 30 %, 1350 MHz, 5000 MHz, 50.36 W, 75, P0
2026/09/30 07:29:55.223, Tesla T4, 6499 MiB, 8414 MiB, 15360 MiB, 36 %, 29 %, 1305 MHz, 5000 MHz, 50.76 W, 75, P0
2026/09/30 07:29:55.732, Tesla T4, 6499 MiB, 8414 MiB, 15360 MiB, 65 %, 27 %, 1590 MHz, 5000 MHz, 59.80 W, 76, P0
2026/09/30 07:29:56.244, Tesla T4, 6499 MiB, 8414 MiB, 15360 MiB, 33 %, 29 %, 1590 MHz, 5000 MHz, 60.84 W, 76, P0
2026/09/30 07:29:56.752, Tesla T4, 6499 MiB, 8414 MiB, 15360 MiB, 33 %, 28 %, 1590 MHz, 5000 MHz, 59.08 W, 76, P0
2026/09/30 07:29:57.260, Tesla T4, 6499 MiB, 8414 MiB, 15360 MiB, 32 %, 27 %, 1590 MHz, 5000 MHz, 71.01 W, 76, P0
2026/09/30 07:29:57.770, Tesla T4, 6499 MiB, 8414 MiB, 15360 MiB, 42 %, 29 %, 1515 MHz, 5000 MHz, 55.67 W, 76, P0
2026/09/30 07:29:58.279, Tesla T4, 6499 MiB, 8414 MiB, 15360 MiB, 32 %, 26 %, 1515 MHz, 5000 MHz, 55.87 W, 76, P0
2026/09/30 07:29:58.787, Tesla T4, 6499 MiB, 8414 MiB, 15360 MiB, 34 %, 28 %, 1515 MHz, 5000 MHz, 56.46 W, 76, P0
2026/09/30 07:29:59.296, Tesla T4, 6499 MiB, 8414 MiB, 15360 MiB, 32 %, 27 %, 1515 MHz, 5000 MHz, 55.28 W, 76, P0
2026/09/30 07:29:59.809, Tesla T4, 6499 MiB, 8414 MiB, 15360 MiB, 25 %, 21 %, 1590 MHz, 5000 MHz, 57.34 W, 76, P0
2026/09/30 07:30:00.334, Tesla T4, 6499 MiB, 8414 MiB, 15360 MiB, 24 %, 20 %, 1590 MHz, 5000 MHz, 58.98 W, 76, P0
2026/09/30 07:30:00.859, Tesla T4, 6499 MiB, 8414 MiB, 15360 MiB, 27 %, 23 %, 1590 MHz, 5000 MHz, 56.10 W, 76, P0
2026/09/30 07:30:01.377, Tesla T4, 6499 MiB, 8414 MiB, 15360 MiB, 23 %, 19 %, 1590 MHz, 5000 MHz, 64.54 W, 76, P0
2026/09/30 07:30:01.899, Tesla T4, 6499 MiB, 8414 MiB, 15360 MiB, 21 %, 18 %, 1590 MHz, 5000 MHz, 55.41 W, 76, P0
2026/09/30 07:30:02.420, Tesla T4, 6499 MiB, 8414 MiB, 15360 MiB, 32 %, 27 %, 1590 MHz, 5000 MHz, 66.57 W, 77, P0
2026/09/30 07:30:02.930, Tesla T4, 6499 MiB, 8414 MiB, 15360 MiB, 63 %, 28 %, 1590 MHz, 5000 MHz, 58.65 W, 77, P0
2026/09/30 07:30:03.439, Tesla T4, 6499 MiB, 8414 MiB, 15360 MiB, 32 %, 27 %, 1590 MHz, 5000 MHz, 62.04 W, 77, P0
2026/09/30 07:30:03.947, Tesla T4, 6499 MiB, 8414 MiB, 15360 MiB, 64 %, 28 %, 1590 MHz, 5000 MHz, 58.10 W, 77, P0
2026/09/30 07:30:04.455, Tesla T4, 6499 MiB, 8414 MiB, 15360 MiB, 32 %, 27 %, 1575 MHz, 5000 MHz, 62.83 W, 77, P0
2026/09/30 07:30:04.966, Tesla T4, 6499 MiB, 8414 MiB, 15360 MiB, 33 %, 28 %, 1590 MHz, 5000 MHz, 59.94 W, 77, P0
2026/09/30 07:30:05.474, Tesla T4, 6499 MiB, 8414 MiB, 15360 MiB, 32 %, 27 %, 1590 MHz, 5000 MHz, 61.16 W, 78, P0
2026/09/30 07:30:05.986, Tesla T4, 6499 MiB, 8414 MiB, 15360 MiB, 35 %, 29 %, 1365 MHz, 5000 MHz, 50.72 W, 77, P0
2026/09/30 07:30:06.500, Tesla T4, 6499 MiB, 8414 MiB, 15360 MiB, 35 %, 29 %, 1335 MHz, 5000 MHz, 51.64 W, 77, P0
2026/09/30 07:30:07.012, Tesla T4, 6499 MiB, 8414 MiB, 15360 MiB, 35 %, 29 %, 1305 MHz, 5000 MHz, 52.30 W, 77, P0
2026/09/30 07:30:07.521, Tesla T4, 6499 MiB, 8414 MiB, 15360 MiB, 37 %, 30 %, 1290 MHz, 5000 MHz, 51.22 W, 77, P0
2026/09/30 07:30:08.030, Tesla T4, 6499 MiB, 8414 MiB, 15360 MiB, 37 %, 29 %, 1245 MHz, 5000 MHz, 49.12 W, 76, P0
2026/09/30 07:30:08.540, Tesla T4, 6499 MiB, 8414 MiB, 15360 MiB, 37 %, 29 %, 1230 MHz, 5000 MHz, 50.82 W, 76, P0
2026/09/30 07:30:09.050, Tesla T4, 6499 MiB, 8414 MiB, 15360 MiB, 36 %, 28 %, 1200 MHz, 5000 MHz, 50.01 W, 76, P0
2026/09/30 07:30:09.561, Tesla T4, 6499 MiB, 8414 MiB, 15360 MiB, 38 %, 30 %, 1200 MHz, 5000 MHz, 51.84 W, 76, P0
2026/09/30 07:30:10.071, Tesla T4, 6499 MiB, 8414 MiB, 15360 MiB, 37 %, 29 %, 1170 MHz, 5000 MHz, 48.39 W, 76, P0
2026/09/30 07:30:10.580, Tesla T4, 6499 MiB, 8414 MiB, 15360 MiB, 38 %, 30 %, 1170 MHz, 5000 MHz, 44.97 W, 76, P0
2026/09/30 07:30:11.092, Tesla T4, 6499 MiB, 8414 MiB, 15360 MiB, 37 %, 28 %, 1140 MHz, 5000 MHz, 49.05 W, 76, P0
2026/09/30 07:30:11.601, Tesla T4, 6499 MiB, 8414 MiB, 15360 MiB, 38 %, 29 %, 1140 MHz, 5000 MHz, 49.57 W, 76, P0
2026/09/30 07:30:12.125, Tesla T4, 6499 MiB, 8414 MiB, 15360 MiB, 37 %, 28 %, 1110 MHz, 5000 MHz, 42.24 W, 76, P0
2026/09/30 07:30:12.647, Tesla T4, 6499 MiB, 8414 MiB, 15360 MiB, 29 %, 22 %, 1035 MHz, 5000 MHz, 44.58 W, 76, P0
2026/09/30 07:30:13.173, Tesla T4, 6499 MiB, 8414 MiB, 15360 MiB, 31 %, 23 %, 1005 MHz, 5000 MHz, 45.59 W, 75, P0
2026/09/30 07:30:13.701, Tesla T4, 6499 MiB, 8414 MiB, 15360 MiB, 34 %, 25 %, 960 MHz, 5000 MHz, 41.77 W, 75, P0
2026/09/30 07:30:14.219, Tesla T4, 6499 MiB, 8414 MiB, 15360 MiB, 30 %, 22 %, 900 MHz, 5000 MHz, 41.55 W, 75, P0
2026/09/30 07:30:14.764, Tesla T4, 6499 MiB, 8414 MiB, 15360 MiB, 28 %, 20 %, 855 MHz, 5000 MHz, 40.32 W, 75, P0
2026/09/30 07:30:15.285, Tesla T4, 6499 MiB, 8414 MiB, 15360 MiB, 45 %, 31 %, 960 MHz, 5000 MHz, 48.15 W, 75, P0
2026/09/30 07:30:15.795, Tesla T4, 6499 MiB, 8414 MiB, 15360 MiB, 42 %, 30 %, 1020 MHz, 5000 MHz, 47.04 W, 75, P0
2026/09/30 07:30:16.307, Tesla T4, 6499 MiB, 8414 MiB, 15360 MiB, 41 %, 30 %, 1050 MHz, 5000 MHz, 44.95 W, 75, P0
2026/09/30 07:30:16.817, Tesla T4, 6499 MiB, 8414 MiB, 15360 MiB, 38 %, 29 %, 1080 MHz, 5000 MHz, 44.90 W, 75, P0
2026/09/30 07:30:17.329, Tesla T4, 6499 MiB, 8414 MiB, 15360 MiB, 41 %, 31 %, 1125 MHz, 5000 MHz, 46.58 W, 76, P0
2026/09/30 07:30:17.840, Tesla T4, 6499 MiB, 8414 MiB, 15360 MiB, 41 %, 31 %, 1155 MHz, 5000 MHz, 48.33 W, 76, P0
2026/09/30 07:30:18.353, Tesla T4, 6499 MiB, 8414 MiB, 15360 MiB, 40 %, 31 %, 1170 MHz, 5000 MHz, 49.67 W, 76, P0
2026/09/30 07:30:18.863, Tesla T4, 6499 MiB, 8414 MiB, 15360 MiB, 67 %, 26 %, 1530 MHz, 5000 MHz, 52.96 W, 76, P0
2026/09/30 07:30:19.372, Tesla T4, 6499 MiB, 8414 MiB, 15360 MiB, 34 %, 29 %, 1590 MHz, 5000 MHz, 66.71 W, 77, P0
2026/09/30 07:30:19.882, Tesla T4, 6499 MiB, 8414 MiB, 15360 MiB, 33 %, 28 %, 1590 MHz, 5000 MHz, 70.08 W, 77, P0
2026/09/30 07:30:20.390, Tesla T4, 6499 MiB, 8414 MiB, 15360 MiB, 34 %, 29 %, 1560 MHz, 5000 MHz, 61.26 W, 78, P0
2026/09/30 07:30:20.898, Tesla T4, 6499 MiB, 8414 MiB, 15360 MiB, 47 %, 28 %, 1185 MHz, 5000 MHz, 67.59 W, 78, P0
2026/09/30 07:30:21.413, Tesla T4, 6499 MiB, 8414 MiB, 15360 MiB, 34 %, 29 %, 1590 MHz, 5000 MHz, 62.73 W, 78, P0
2026/09/30 07:30:21.922, Tesla T4, 6499 MiB, 8414 MiB, 15360 MiB, 52 %, 28 %, 1245 MHz, 5000 MHz, 61.89 W, 78, P0
2026/09/30 07:30:22.438, Tesla T4, 6499 MiB, 8414 MiB, 15360 MiB, 35 %, 29 %, 1470 MHz, 5000 MHz, 56.40 W, 78, P0
2026/09/30 07:30:22.946, Tesla T4, 6499 MiB, 8414 MiB, 15360 MiB, 35 %, 29 %, 1470 MHz, 5000 MHz, 60.01 W, 78, P0
2026/09/30 07:30:23.455, Tesla T4, 6499 MiB, 8414 MiB, 15360 MiB, 33 %, 27 %, 1470 MHz, 5000 MHz, 56.62 W, 78, P0
2026/09/30 07:30:23.964, Tesla T4, 6499 MiB, 8414 MiB, 15360 MiB, 33 %, 28 %, 1590 MHz, 5000 MHz, 65.97 W, 79, P0
2026/09/30 07:30:24.472, Tesla T4, 6499 MiB, 8414 MiB, 15360 MiB, 31 %, 27 %, 1590 MHz, 5000 MHz, 69.80 W, 79, P0
2026/09/30 07:30:24.980, Tesla T4, 6499 MiB, 8414 MiB, 15360 MiB, 65 %, 28 %, 1575 MHz, 5000 MHz, 57.87 W, 79, P0
2026/09/30 07:30:25.501, Tesla T4, 6499 MiB, 8414 MiB, 15360 MiB, 26 %, 21 %, 1590 MHz, 5000 MHz, 64.95 W, 79, P0
2026/09/30 07:30:26.026, Tesla T4, 6499 MiB, 8414 MiB, 15360 MiB, 61 %, 25 %, 1575 MHz, 5000 MHz, 62.26 W, 79, P0
2026/09/30 07:30:26.553, Tesla T4, 6499 MiB, 8414 MiB, 15360 MiB, 28 %, 24 %, 1590 MHz, 5000 MHz, 58.68 W, 79, P0
2026/09/30 07:30:27.066, Tesla T4, 6499 MiB, 8414 MiB, 15360 MiB, 58 %, 22 %, 1590 MHz, 5000 MHz, 60.06 W, 79, P0
2026/09/30 07:30:27.577, Tesla T4, 6499 MiB, 8414 MiB, 15360 MiB, 21 %, 18 %, 1590 MHz, 5000 MHz, 63.12 W, 79, P0
2026/09/30 07:30:28.094, Tesla T4, 6499 MiB, 8414 MiB, 15360 MiB, 45 %, 23 %, 1575 MHz, 5000 MHz, 49.45 W, 80, P0
2026/09/30 07:30:28.602, Tesla T4, 6499 MiB, 8414 MiB, 15360 MiB, 32 %, 27 %, 1545 MHz, 5000 MHz, 68.17 W, 80, P0
2026/09/30 07:30:29.111, Tesla T4, 6499 MiB, 8414 MiB, 15360 MiB, 34 %, 29 %, 1590 MHz, 5000 MHz, 64.50 W, 80, P0
2026/09/30 07:30:29.620, Tesla T4, 6499 MiB, 8414 MiB, 15360 MiB, 31 %, 26 %, 1590 MHz, 5000 MHz, 66.40 W, 81, P0
2026/09/30 07:30:30.129, Tesla T4, 6499 MiB, 8414 MiB, 15360 MiB, 36 %, 29 %, 1380 MHz, 5000 MHz, 64.14 W, 80, P0
2026/09/30 07:30:30.637, Tesla T4, 6499 MiB, 8414 MiB, 15360 MiB, 32 %, 28 %, 1575 MHz, 5000 MHz, 62.50 W, 81, P0
2026/09/30 07:30:31.148, Tesla T4, 6499 MiB, 8414 MiB, 15360 MiB, 66 %, 28 %, 1560 MHz, 5000 MHz, 60.55 W, 81, P0
2026/09/30 07:30:31.659, Tesla T4, 6499 MiB, 8414 MiB, 15360 MiB, 32 %, 27 %, 1590 MHz, 5000 MHz, 65.18 W, 81, P0
2026/09/30 07:30:32.168, Tesla T4, 6499 MiB, 8414 MiB, 15360 MiB, 35 %, 30 %, 1590 MHz, 5000 MHz, 65.77 W, 81, P0
2026/09/30 07:30:32.678, Tesla T4, 6499 MiB, 8414 MiB, 15360 MiB, 33 %, 28 %, 1590 MHz, 5000 MHz, 65.28 W, 82, P0
2026/09/30 07:30:33.186, Tesla T4, 6499 MiB, 8414 MiB, 15360 MiB, 37 %, 30 %, 1410 MHz, 5000 MHz, 55.58 W, 81, P0
2026/09/30 07:30:33.694, Tesla T4, 6499 MiB, 8414 MiB, 15360 MiB, 30 %, 24 %, 1365 MHz, 5000 MHz, 56.13 W, 81, P0
2026/09/30 07:30:34.204, Tesla T4, 6499 MiB, 8414 MiB, 15360 MiB, 52 %, 28 %, 1365 MHz, 5000 MHz, 65.18 W, 81, P0
2026/09/30 07:30:34.714, Tesla T4, 6499 MiB, 8414 MiB, 15360 MiB, 34 %, 29 %, 1590 MHz, 5000 MHz, 63.46 W, 82, P0
2026/09/30 07:30:35.222, Tesla T4, 6499 MiB, 8414 MiB, 15360 MiB, 35 %, 30 %, 1245 MHz, 5000 MHz, 61.12 W, 82, P0
2026/09/30 07:30:35.736, Tesla T4, 6499 MiB, 8414 MiB, 15360 MiB, 32 %, 28 %, 1590 MHz, 5000 MHz, 62.57 W, 82, P0
2026/09/30 07:30:36.245, Tesla T4, 6499 MiB, 8414 MiB, 15360 MiB, 35 %, 29 %, 1590 MHz, 5000 MHz, 61.36 W, 82, P0
2026/09/30 07:30:36.755, Tesla T4, 6499 MiB, 8414 MiB, 15360 MiB, 35 %, 27 %, 1575 MHz, 5000 MHz, 59.21 W, 82, P0
2026/09/30 07:30:37.265, Tesla T4, 6499 MiB, 8414 MiB, 15360 MiB, 34 %, 29 %, 1590 MHz, 5000 MHz, 64.89 W, 82, P0
2026/09/30 07:30:37.774, Tesla T4, 6499 MiB, 8414 MiB, 15360 MiB, 32 %, 27 %, 1590 MHz, 5000 MHz, 63.49 W, 82, P0
2026/09/30 07:30:38.289, Tesla T4, 6499 MiB, 8414 MiB, 15360 MiB, 27 %, 22 %, 1590 MHz, 5000 MHz, 60.32 W, 82, P0
2026/09/30 07:30:38.817, Tesla T4, 6499 MiB, 8414 MiB, 15360 MiB, 26 %, 22 %, 1590 MHz, 5000 MHz, 58.78 W, 82, P0
2026/09/30 07:30:39.343, Tesla T4, 6499 MiB, 8414 MiB, 15360 MiB, 28 %, 24 %, 1590 MHz, 5000 MHz, 58.88 W, 81, P0
2026/09/30 07:30:39.863, Tesla T4, 6499 MiB, 8414 MiB, 15360 MiB, 22 %, 19 %, 1590 MHz, 5000 MHz, 64.77 W, 81, P0
2026/09/30 07:30:40.377, Tesla T4, 6499 MiB, 8414 MiB, 15360 MiB, 23 %, 20 %, 1125 MHz, 5000 MHz, 46.65 W, 81, P0
2026/09/30 07:30:40.893, Tesla T4, 6499 MiB, 8414 MiB, 15360 MiB, 39 %, 30 %, 1080 MHz, 5000 MHz, 43.82 W, 79, P0
2026/09/30 07:30:41.407, Tesla T4, 6499 MiB, 8414 MiB, 15360 MiB, 39 %, 30 %, 1065 MHz, 5000 MHz, 46.82 W, 79, P0
2026/09/30 07:30:41.917, Tesla T4, 6499 MiB, 8414 MiB, 15360 MiB, 40 %, 30 %, 1080 MHz, 5000 MHz, 45.37 W, 79, P0
2026/09/30 07:30:42.437, Tesla T4, 6499 MiB, 8414 MiB, 15360 MiB, 64 %, 28 %, 1575 MHz, 5000 MHz, 55.87 W, 79, P0
2026/09/30 07:30:42.946, Tesla T4, 6499 MiB, 8414 MiB, 15360 MiB, 35 %, 30 %, 1590 MHz, 5000 MHz, 61.27 W, 80, P0
2026/09/30 07:30:43.460, Tesla T4, 6499 MiB, 8414 MiB, 15360 MiB, 34 %, 29 %, 1590 MHz, 5000 MHz, 63.36 W, 80, P0
2026/09/30 07:30:43.968, Tesla T4, 6499 MiB, 8414 MiB, 15360 MiB, 34 %, 29 %, 1590 MHz, 5000 MHz, 60.51 W, 80, P0
2026/09/30 07:30:44.485, Tesla T4, 6499 MiB, 8414 MiB, 15360 MiB, 37 %, 30 %, 1380 MHz, 5000 MHz, 55.94 W, 79, P0
2026/09/30 07:30:44.993, Tesla T4, 6499 MiB, 8414 MiB, 15360 MiB, 35 %, 28 %, 1335 MHz, 5000 MHz, 50.63 W, 78, P0
2026/09/30 07:30:45.506, Tesla T4, 6499 MiB, 8414 MiB, 15360 MiB, 37 %, 30 %, 1305 MHz, 5000 MHz, 51.44 W, 78, P0
2026/09/30 07:30:46.015, Tesla T4, 6499 MiB, 8414 MiB, 15360 MiB, 37 %, 29 %, 1275 MHz, 5000 MHz, 49.45 W, 77, P0
2026/09/30 07:30:46.527, Tesla T4, 6499 MiB, 8414 MiB, 15360 MiB, 38 %, 30 %, 1260 MHz, 5000 MHz, 51.18 W, 77, P0
2026/09/30 07:30:47.036, Tesla T4, 6499 MiB, 8414 MiB, 15360 MiB, 35 %, 28 %, 1245 MHz, 5000 MHz, 49.67 W, 77, P0
2026/09/30 07:30:47.545, Tesla T4, 6499 MiB, 8414 MiB, 15360 MiB, 39 %, 31 %, 1230 MHz, 5000 MHz, 48.85 W, 77, P0
2026/09/30 07:30:48.057, Tesla T4, 6499 MiB, 8414 MiB, 15360 MiB, 37 %, 29 %, 1215 MHz, 5000 MHz, 51.05 W, 76, P0
2026/09/30 07:30:48.566, Tesla T4, 6499 MiB, 8414 MiB, 15360 MiB, 39 %, 30 %, 1200 MHz, 5000 MHz, 54.69 W, 76, P0
2026/09/30 07:30:49.078, Tesla T4, 6499 MiB, 8414 MiB, 15360 MiB, 37 %, 28 %, 1185 MHz, 5000 MHz, 48.03 W, 76, P0
2026/09/30 07:30:49.587, Tesla T4, 6499 MiB, 8414 MiB, 15360 MiB, 39 %, 31 %, 1170 MHz, 5000 MHz, 47.24 W, 75, P0
2026/09/30 07:30:50.096, Tesla T4, 6499 MiB, 8414 MiB, 15360 MiB, 37 %, 29 %, 1155 MHz, 5000 MHz, 47.53 W, 75, P0
2026/09/30 07:30:50.609, Tesla T4, 6499 MiB, 8414 MiB, 15360 MiB, 33 %, 25 %, 1125 MHz, 5000 MHz, 49.57 W, 75, P0
2026/09/30 07:30:51.131, Tesla T4, 6499 MiB, 8414 MiB, 15360 MiB, 29 %, 22 %, 1065 MHz, 5000 MHz, 43.52 W, 74, P0
2026/09/30 07:30:51.649, Tesla T4, 6499 MiB, 8414 MiB, 15360 MiB, 32 %, 24 %, 1005 MHz, 5000 MHz, 43.25 W, 74, P0
2026/09/30 07:30:52.168, Tesla T4, 6499 MiB, 8414 MiB, 15360 MiB, 34 %, 25 %, 975 MHz, 5000 MHz, 44.44 W, 74, P0
2026/09/30 07:30:52.687, Tesla T4, 6499 MiB, 8414 MiB, 15360 MiB, 30 %, 22 %, 900 MHz, 5000 MHz, 39.90 W, 73, P0
2026/09/30 07:30:53.222, Tesla T4, 6499 MiB, 8414 MiB, 15360 MiB, 27 %, 19 %, 840 MHz, 5000 MHz, 39.80 W, 73, P0
2026/09/30 07:30:53.745, Tesla T4, 6499 MiB, 8414 MiB, 15360 MiB, 41 %, 29 %, 885 MHz, 5000 MHz, 42.54 W, 73, P0
2026/09/30 07:30:54.256, Tesla T4, 6499 MiB, 8414 MiB, 15360 MiB, 43 %, 31 %, 1065 MHz, 5000 MHz, 45.76 W, 73, P0
2026/09/30 07:30:54.766, Tesla T4, 6499 MiB, 8414 MiB, 15360 MiB, 38 %, 29 %, 1110 MHz, 5000 MHz, 47.66 W, 73, P0
2026/09/30 07:30:55.277, Tesla T4, 6499 MiB, 8414 MiB, 15360 MiB, 40 %, 31 %, 1155 MHz, 5000 MHz, 48.25 W, 73, P0
2026/09/30 07:30:55.786, Tesla T4, 6499 MiB, 8414 MiB, 15360 MiB, 37 %, 29 %, 1155 MHz, 5000 MHz, 45.56 W, 73, P0
2026/09/30 07:30:56.297, Tesla T4, 6499 MiB, 8414 MiB, 15360 MiB, 40 %, 31 %, 1155 MHz, 5000 MHz, 46.75 W, 73, P0
2026/09/30 07:30:56.806, Tesla T4, 6499 MiB, 8414 MiB, 15360 MiB, 33 %, 28 %, 1590 MHz, 5000 MHz, 59.47 W, 74, P0
2026/09/30 07:30:57.314, Tesla T4, 6499 MiB, 8414 MiB, 15360 MiB, 34 %, 29 %, 1590 MHz, 5000 MHz, 59.10 W, 74, P0
2026/09/30 07:30:57.824, Tesla T4, 6499 MiB, 8414 MiB, 15360 MiB, 32 %, 27 %, 1590 MHz, 5000 MHz, 67.58 W, 74, P0
2026/09/30 07:30:58.332, Tesla T4, 6499 MiB, 8414 MiB, 15360 MiB, 28 %, 24 %, 1380 MHz, 5000 MHz, 53.84 W, 74, P0
2026/09/30 07:30:58.841, Tesla T4, 6499 MiB, 8414 MiB, 15360 MiB, 35 %, 29 %, 1350 MHz, 5000 MHz, 53.90 W, 73, P0
2026/09/30 07:30:59.360, Tesla T4, 6499 MiB, 8414 MiB, 15360 MiB, 37 %, 30 %, 1320 MHz, 5000 MHz, 50.13 W, 73, P0
2026/09/30 07:30:59.869, Tesla T4, 6499 MiB, 8414 MiB, 15360 MiB, 42 %, 27 %, 1530 MHz, 5000 MHz, 58.66 W, 74, P0
2026/09/30 07:31:00.380, Tesla T4, 6499 MiB, 8414 MiB, 15360 MiB, 36 %, 30 %, 1275 MHz, 5000 MHz, 79.06 W, 75, P0
2026/09/30 07:31:00.892, Tesla T4, 6499 MiB, 8414 MiB, 15360 MiB, 32 %, 27 %, 1590 MHz, 5000 MHz, 64.85 W, 74, P0
2026/09/30 07:31:01.402, Tesla T4, 6499 MiB, 8414 MiB, 15360 MiB, 64 %, 29 %, 1590 MHz, 5000 MHz, 58.78 W, 74, P0
2026/09/30 07:31:01.911, Tesla T4, 6499 MiB, 8414 MiB, 15360 MiB, 32 %, 28 %, 1590 MHz, 5000 MHz, 57.83 W, 74, P0
2026/09/30 07:31:02.418, Tesla T4, 6499 MiB, 8414 MiB, 15360 MiB, 36 %, 30 %, 1590 MHz, 5000 MHz, 66.85 W, 74, P0
2026/09/30 07:31:02.926, Tesla T4, 6499 MiB, 8414 MiB, 15360 MiB, 34 %, 29 %, 1140 MHz, 5000 MHz, 91.38 W, 75, P0
2026/09/30 07:31:03.436, Tesla T4, 6499 MiB, 8414 MiB, 15360 MiB, 35 %, 29 %, 1590 MHz, 5000 MHz, 55.12 W, 74, P0
2026/09/30 07:31:03.953, Tesla T4, 6499 MiB, 8414 MiB, 15360 MiB, 26 %, 22 %, 1590 MHz, 5000 MHz, 62.18 W, 74, P0
2026/09/30 07:31:04.467, Tesla T4, 6499 MiB, 8414 MiB, 15360 MiB, 55 %, 24 %, 1590 MHz, 5000 MHz, 54.20 W, 74, P0
2026/09/30 07:31:04.984, Tesla T4, 6499 MiB, 8414 MiB, 15360 MiB, 43 %, 24 %, 1515 MHz, 5000 MHz, 51.47 W, 74, P0
2026/09/30 07:31:05.498, Tesla T4, 6499 MiB, 8414 MiB, 15360 MiB, 27 %, 23 %, 1515 MHz, 5000 MHz, 55.25 W, 74, P0
2026/09/30 07:31:06.014, Tesla T4, 6499 MiB, 8414 MiB, 15360 MiB, 23 %, 19 %, 1440 MHz, 5000 MHz, 77.05 W, 75, P0
2026/09/30 07:31:06.539, Tesla T4, 6499 MiB, 8414 MiB, 15360 MiB, 40 %, 37 %, 1590 MHz, 5000 MHz, 61.89 W, 75, P0
2026/09/30 07:31:07.047, Tesla T4, 6499 MiB, 8414 MiB, 15360 MiB, 40 %, 36 %, 1590 MHz, 5000 MHz, 67.68 W, 75, P0
2026/09/30 07:31:07.559, Tesla T4, 6499 MiB, 8414 MiB, 15360 MiB, 40 %, 36 %, 1560 MHz, 5000 MHz, 64.06 W, 75, P0
2026/09/30 07:31:08.067, Tesla T4, 6499 MiB, 8414 MiB, 15360 MiB, 41 %, 36 %, 1575 MHz, 5000 MHz, 65.61 W, 75, P0
2026/09/30 07:31:08.585, Tesla T4, 6499 MiB, 8414 MiB, 15360 MiB, 43 %, 39 %, 1590 MHz, 5000 MHz, 67.16 W, 76, P0
2026/09/30 07:31:09.094, Tesla T4, 6499 MiB, 8414 MiB, 15360 MiB, 43 %, 38 %, 1590 MHz, 5000 MHz, 67.98 W, 76, P0
2026/09/30 07:31:09.614, Tesla T4, 6499 MiB, 8414 MiB, 15360 MiB, 60 %, 35 %, 1545 MHz, 5000 MHz, 63.61 W, 76, P0
2026/09/30 07:31:10.122, Tesla T4, 6499 MiB, 8414 MiB, 15360 MiB, 41 %, 37 %, 1590 MHz, 5000 MHz, 64.77 W, 76, P0
2026/09/30 07:31:10.632, Tesla T4, 6499 MiB, 8414 MiB, 15360 MiB, 43 %, 39 %, 1140 MHz, 5000 MHz, 73.19 W, 77, P0
2026/09/30 07:31:11.146, Tesla T4, 6499 MiB, 8414 MiB, 15360 MiB, 41 %, 37 %, 1575 MHz, 5000 MHz, 62.69 W, 77, P0
2026/09/30 07:31:11.654, Tesla T4, 6499 MiB, 8414 MiB, 15360 MiB, 42 %, 38 %, 1305 MHz, 5000 MHz, 55.18 W, 76, P0
2026/09/30 07:31:12.169, Tesla T4, 6499 MiB, 8414 MiB, 15360 MiB, 42 %, 38 %, 1590 MHz, 5000 MHz, 65.53 W, 77, P0
2026/09/30 07:31:12.676, Tesla T4, 6499 MiB, 8414 MiB, 15360 MiB, 42 %, 38 %, 1575 MHz, 5000 MHz, 71.62 W, 77, P0
2026/09/30 07:31:13.185, Tesla T4, 6499 MiB, 8414 MiB, 15360 MiB, 41 %, 37 %, 1590 MHz, 5000 MHz, 64.99 W, 77, P0
2026/09/30 07:31:13.695, Tesla T4, 6499 MiB, 8414 MiB, 15360 MiB, 67 %, 32 %, 1590 MHz, 5000 MHz, 63.87 W, 77, P0
2026/09/30 07:31:14.208, Tesla T4, 6499 MiB, 8414 MiB, 15360 MiB, 61 %, 33 %, 1500 MHz, 5000 MHz, 59.41 W, 77, P0
2026/09/30 07:31:14.717, Tesla T4, 6499 MiB, 8414 MiB, 15360 MiB, 41 %, 37 %, 1185 MHz, 5000 MHz, 65.97 W, 78, P0
2026/09/30 07:31:15.233, Tesla T4, 6499 MiB, 8414 MiB, 15360 MiB, 40 %, 37 %, 1575 MHz, 5000 MHz, 71.52 W, 78, P0
2026/09/30 07:31:15.742, Tesla T4, 6499 MiB, 8414 MiB, 15360 MiB, 41 %, 37 %, 1515 MHz, 5000 MHz, 65.73 W, 78, P0
2026/09/30 07:31:16.251, Tesla T4, 6499 MiB, 8414 MiB, 15360 MiB, 35 %, 31 %, 1590 MHz, 5000 MHz, 59.73 W, 78, P0
2026/09/30 07:31:16.767, Tesla T4, 6499 MiB, 8414 MiB, 15360 MiB, 30 %, 27 %, 1575 MHz, 5000 MHz, 57.97 W, 78, P0
2026/09/30 07:31:17.282, Tesla T4, 6499 MiB, 8414 MiB, 15360 MiB, 32 %, 29 %, 1590 MHz, 5000 MHz, 59.20 W, 78, P0
2026/09/30 07:31:17.797, Tesla T4, 6499 MiB, 8414 MiB, 15360 MiB, 29 %, 26 %, 1590 MHz, 5000 MHz, 62.22 W, 78, P0
2026/09/30 07:31:18.315, Tesla T4, 6499 MiB, 8414 MiB, 15360 MiB, 29 %, 26 %, 1590 MHz, 5000 MHz, 62.57 W, 79, P0
2026/09/30 07:31:18.838, Tesla T4, 6499 MiB, 8414 MiB, 15360 MiB, 24 %, 22 %, 1275 MHz, 5000 MHz, 53.51 W, 78, P0
2026/09/30 07:31:19.355, Tesla T4, 6499 MiB, 8414 MiB, 15360 MiB, 42 %, 36 %, 1320 MHz, 5000 MHz, 54.04 W, 78, P0
2026/09/30 07:31:19.869, Tesla T4, 6499 MiB, 8414 MiB, 15360 MiB, 39 %, 34 %, 1440 MHz, 5000 MHz, 56.49 W, 78, P0
2026/09/30 07:31:20.380, Tesla T4, 6499 MiB, 8414 MiB, 15360 MiB, 42 %, 37 %, 1575 MHz, 5000 MHz, 63.59 W, 79, P0
2026/09/30 07:31:20.888, Tesla T4, 6499 MiB, 8414 MiB, 15360 MiB, 57 %, 31 %, 1545 MHz, 5000 MHz, 57.18 W, 79, P0
2026/09/30 07:31:21.397, Tesla T4, 6499 MiB, 8414 MiB, 15360 MiB, 42 %, 37 %, 1575 MHz, 5000 MHz, 67.35 W, 79, P0
2026/09/30 07:31:21.906, Tesla T4, 6499 MiB, 8414 MiB, 15360 MiB, 38 %, 34 %, 1560 MHz, 5000 MHz, 59.89 W, 80, P0
2026/09/30 07:31:22.419, Tesla T4, 6499 MiB, 8414 MiB, 15360 MiB, 42 %, 38 %, 1560 MHz, 5000 MHz, 73.04 W, 80, P0
2026/09/30 07:31:22.929, Tesla T4, 6499 MiB, 8414 MiB, 15360 MiB, 38 %, 34 %, 1590 MHz, 5000 MHz, 63.81 W, 80, P0
2026/09/30 07:31:23.438, Tesla T4, 6499 MiB, 8414 MiB, 15360 MiB, 42 %, 38 %, 1425 MHz, 5000 MHz, 70.69 W, 81, P0
2026/09/30 07:31:23.953, Tesla T4, 6499 MiB, 8414 MiB, 15360 MiB, 39 %, 35 %, 1590 MHz, 5000 MHz, 66.75 W, 80, P0
2026/09/30 07:31:24.462, Tesla T4, 6499 MiB, 8414 MiB, 15360 MiB, 42 %, 38 %, 1290 MHz, 5000 MHz, 63.73 W, 81, P0
2026/09/30 07:31:24.990, Tesla T4, 6499 MiB, 8414 MiB, 15360 MiB, 40 %, 36 %, 1575 MHz, 5000 MHz, 65.91 W, 80, P0
2026/09/30 07:31:25.499, Tesla T4, 6499 MiB, 8414 MiB, 15360 MiB, 68 %, 32 %, 1575 MHz, 5000 MHz, 64.10 W, 80, P0
2026/09/30 07:31:26.009, Tesla T4, 6499 MiB, 8414 MiB, 15360 MiB, 41 %, 37 %, 1560 MHz, 5000 MHz, 67.31 W, 80, P0
2026/09/30 07:31:26.521, Tesla T4, 6499 MiB, 8414 MiB, 15360 MiB, 41 %, 37 %, 1560 MHz, 5000 MHz, 62.59 W, 80, P0
2026/09/30 07:31:27.030, Tesla T4, 6499 MiB, 8414 MiB, 15360 MiB, 37 %, 33 %, 1560 MHz, 5000 MHz, 68.96 W, 80, P0
2026/09/30 07:31:27.541, Tesla T4, 6499 MiB, 8414 MiB, 15360 MiB, 42 %, 38 %, 1575 MHz, 5000 MHz, 63.30 W, 80, P0
2026/09/30 07:31:28.052, Tesla T4, 6499 MiB, 8414 MiB, 15360 MiB, 37 %, 33 %, 1590 MHz, 5000 MHz, 66.38 W, 80, P0
2026/09/30 07:31:28.561, Tesla T4, 6499 MiB, 8414 MiB, 15360 MiB, 36 %, 33 %, 1530 MHz, 5000 MHz, 65.52 W, 80, P0
2026/09/30 07:31:29.076, Tesla T4, 6499 MiB, 8414 MiB, 15360 MiB, 27 %, 24 %, 1590 MHz, 5000 MHz, 63.30 W, 80, P0
2026/09/30 07:31:29.590, Tesla T4, 6499 MiB, 8414 MiB, 15360 MiB, 32 %, 29 %, 1590 MHz, 5000 MHz, 66.85 W, 80, P0
2026/09/30 07:31:30.105, Tesla T4, 6499 MiB, 8414 MiB, 15360 MiB, 32 %, 29 %, 1590 MHz, 5000 MHz, 58.13 W, 80, P0
2026/09/30 07:31:30.620, Tesla T4, 6499 MiB, 8414 MiB, 15360 MiB, 32 %, 29 %, 1590 MHz, 5000 MHz, 62.38 W, 80, P0
2026/09/30 07:31:31.132, Tesla T4, 6499 MiB, 8414 MiB, 15360 MiB, 30 %, 26 %, 1245 MHz, 5000 MHz, 48.88 W, 78, P0
2026/09/30 07:31:31.648, Tesla T4, 6499 MiB, 8414 MiB, 15360 MiB, 23 %, 19 %, 1140 MHz, 5000 MHz, 44.11 W, 77, P0
2026/09/30 07:31:32.162, Tesla T4, 6499 MiB, 8414 MiB, 15360 MiB, 45 %, 37 %, 1245 MHz, 5000 MHz, 53.45 W, 78, P0
2026/09/30 07:31:32.672, Tesla T4, 6499 MiB, 8414 MiB, 15360 MiB, 43 %, 38 %, 1515 MHz, 5000 MHz, 63.99 W, 78, P0
2026/09/30 07:31:33.181, Tesla T4, 6499 MiB, 8414 MiB, 15360 MiB, 43 %, 39 %, 1530 MHz, 5000 MHz, 66.26 W, 79, P0
2026/09/30 07:31:33.690, Tesla T4, 6499 MiB, 8414 MiB, 15360 MiB, 42 %, 38 %, 1560 MHz, 5000 MHz, 61.34 W, 79, P0
2026/09/30 07:31:34.203, Tesla T4, 6499 MiB, 8414 MiB, 15360 MiB, 42 %, 38 %, 1575 MHz, 5000 MHz, 67.49 W, 79, P0
2026/09/30 07:31:34.712, Tesla T4, 6499 MiB, 8414 MiB, 15360 MiB, 43 %, 39 %, 1575 MHz, 5000 MHz, 65.38 W, 79, P0
2026/09/30 07:31:35.220, Tesla T4, 6499 MiB, 8414 MiB, 15360 MiB, 42 %, 38 %, 1560 MHz, 5000 MHz, 67.18 W, 79, P0
2026/09/30 07:31:35.735, Tesla T4, 6499 MiB, 8414 MiB, 15360 MiB, 43 %, 39 %, 1575 MHz, 5000 MHz, 70.88 W, 79, P0
2026/09/30 07:31:36.244, Tesla T4, 6499 MiB, 8414 MiB, 15360 MiB, 43 %, 39 %, 1485 MHz, 5000 MHz, 65.00 W, 79, P0
2026/09/30 07:31:36.753, Tesla T4, 6499 MiB, 8414 MiB, 15360 MiB, 44 %, 40 %, 1500 MHz, 5000 MHz, 63.91 W, 78, P0
2026/09/30 07:31:37.261, Tesla T4, 6499 MiB, 8414 MiB, 15360 MiB, 42 %, 39 %, 1545 MHz, 5000 MHz, 64.85 W, 79, P0
2026/09/30 07:31:37.775, Tesla T4, 6499 MiB, 8414 MiB, 15360 MiB, 44 %, 40 %, 1530 MHz, 5000 MHz, 65.00 W, 78, P0
2026/09/30 07:31:38.285, Tesla T4, 6499 MiB, 8414 MiB, 15360 MiB, 42 %, 39 %, 1530 MHz, 5000 MHz, 53.77 W, 78, P0
2026/09/30 07:31:38.794, Tesla T4, 6499 MiB, 8414 MiB, 15360 MiB, 41 %, 37 %, 1575 MHz, 5000 MHz, 64.47 W, 79, P0
2026/09/30 07:31:39.309, Tesla T4, 6499 MiB, 8414 MiB, 15360 MiB, 40 %, 37 %, 1575 MHz, 5000 MHz, 64.12 W, 78, P0
2026/09/30 07:31:39.818, Tesla T4, 6499 MiB, 8414 MiB, 15360 MiB, 41 %, 37 %, 1215 MHz, 5000 MHz, 69.27 W, 79, P0
2026/09/30 07:31:40.327, Tesla T4, 6499 MiB, 8414 MiB, 15360 MiB, 41 %, 37 %, 1575 MHz, 5000 MHz, 63.53 W, 78, P0
2026/09/30 07:31:40.841, Tesla T4, 6499 MiB, 8414 MiB, 15360 MiB, 67 %, 32 %, 1575 MHz, 5000 MHz, 56.43 W, 78, P0
2026/09/30 07:31:41.350, Tesla T4, 6499 MiB, 8414 MiB, 15360 MiB, 40 %, 36 %, 1530 MHz, 5000 MHz, 65.71 W, 78, P0
2026/09/30 07:31:41.860, Tesla T4, 6499 MiB, 8414 MiB, 15360 MiB, 38 %, 35 %, 1590 MHz, 5000 MHz, 63.20 W, 78, P0
2026/09/30 07:31:42.374, Tesla T4, 6499 MiB, 8414 MiB, 15360 MiB, 37 %, 28 %, 1590 MHz, 5000 MHz, 60.98 W, 77, P0
2026/09/30 07:31:42.889, Tesla T4, 6499 MiB, 8414 MiB, 15360 MiB, 28 %, 25 %, 1590 MHz, 5000 MHz, 62.02 W, 77, P0
2026/09/30 07:31:43.402, Tesla T4, 6499 MiB, 8414 MiB, 15360 MiB, 31 %, 28 %, 1200 MHz, 5000 MHz, 58.98 W, 78, P0
2026/09/30 07:31:43.931, Tesla T4, 6499 MiB, 8414 MiB, 15360 MiB, 25 %, 22 %, 1590 MHz, 5000 MHz, 58.68 W, 77, P0
2026/09/30 07:31:44.447, Tesla T4, 6499 MiB, 8414 MiB, 15360 MiB, 47 %, 26 %, 1545 MHz, 5000 MHz, 63.42 W, 77, P0
2026/09/30 07:31:44.960, Tesla T4, 6499 MiB, 8414 MiB, 15360 MiB, 41 %, 36 %, 1470 MHz, 5000 MHz, 59.96 W, 77, P0
2026/09/30 07:31:45.474, Tesla T4, 6499 MiB, 8414 MiB, 15360 MiB, 40 %, 36 %, 1590 MHz, 5000 MHz, 71.26 W, 77, P0
2026/09/30 07:31:45.983, Tesla T4, 6499 MiB, 8414 MiB, 15360 MiB, 41 %, 37 %, 1590 MHz, 5000 MHz, 65.98 W, 77, P0
2026/09/30 07:31:46.492, Tesla T4, 6499 MiB, 8414 MiB, 15360 MiB, 41 %, 37 %, 1575 MHz, 5000 MHz, 66.08 W, 77, P0
2026/09/30 07:31:47.003, Tesla T4, 6499 MiB, 8414 MiB, 15360 MiB, 37 %, 33 %, 1590 MHz, 5000 MHz, 65.34 W, 77, P0
2026/09/30 07:31:47.511, Tesla T4, 6499 MiB, 8414 MiB, 15360 MiB, 42 %, 38 %, 1350 MHz, 5000 MHz, 58.00 W, 77, P0
2026/09/30 07:31:48.020, Tesla T4, 6499 MiB, 8414 MiB, 15360 MiB, 37 %, 34 %, 1590 MHz, 5000 MHz, 63.69 W, 77, P0
2026/09/30 07:31:48.529, Tesla T4, 6499 MiB, 8414 MiB, 15360 MiB, 41 %, 37 %, 1560 MHz, 5000 MHz, 64.55 W, 77, P0
2026/09/30 07:31:49.039, Tesla T4, 6499 MiB, 8414 MiB, 15360 MiB, 38 %, 34 %, 1575 MHz, 5000 MHz, 63.24 W, 77, P0
2026/09/30 07:31:49.547, Tesla T4, 6499 MiB, 8414 MiB, 15360 MiB, 42 %, 38 %, 1590 MHz, 5000 MHz, 67.84 W, 77, P0
2026/09/30 07:31:50.055, Tesla T4, 6499 MiB, 8414 MiB, 15360 MiB, 38 %, 35 %, 1590 MHz, 5000 MHz, 72.06 W, 77, P0
2026/09/30 07:31:50.565, Tesla T4, 6499 MiB, 8414 MiB, 15360 MiB, 38 %, 34 %, 1575 MHz, 5000 MHz, 67.14 W, 77, P0
2026/09/30 07:31:51.073, Tesla T4, 6499 MiB, 8414 MiB, 15360 MiB, 38 %, 34 %, 1545 MHz, 5000 MHz, 66.95 W, 77, P0
2026/09/30 07:31:51.582, Tesla T4, 6499 MiB, 8414 MiB, 15360 MiB, 45 %, 37 %, 1575 MHz, 5000 MHz, 58.94 W, 76, P0
2026/09/30 07:31:52.095, Tesla T4, 6499 MiB, 8414 MiB, 15360 MiB, 38 %, 34 %, 1575 MHz, 5000 MHz, 62.62 W, 76, P0
2026/09/30 07:31:52.603, Tesla T4, 6499 MiB, 8414 MiB, 15360 MiB, 41 %, 36 %, 1575 MHz, 5000 MHz, 64.65 W, 76, P0
2026/09/30 07:31:53.112, Tesla T4, 6499 MiB, 8414 MiB, 15360 MiB, 36 %, 32 %, 1590 MHz, 5000 MHz, 65.12 W, 76, P0
2026/09/30 07:31:53.622, Tesla T4, 6499 MiB, 8414 MiB, 15360 MiB, 42 %, 38 %, 1590 MHz, 5000 MHz, 65.53 W, 76, P0
2026/09/30 07:31:54.133, Tesla T4, 6499 MiB, 8414 MiB, 15360 MiB, 40 %, 36 %, 1590 MHz, 5000 MHz, 64.85 W, 76, P0
2026/09/30 07:31:54.641, Tesla T4, 6499 MiB, 8414 MiB, 15360 MiB, 39 %, 30 %, 1590 MHz, 5000 MHz, 56.59 W, 76, P0
2026/09/30 07:31:55.165, Tesla T4, 6499 MiB, 8414 MiB, 15360 MiB, 61 %, 28 %, 1590 MHz, 5000 MHz, 60.46 W, 76, P0
2026/09/30 07:31:55.681, Tesla T4, 6499 MiB, 8414 MiB, 15360 MiB, 33 %, 30 %, 1590 MHz, 5000 MHz, 67.16 W, 76, P0
2026/09/30 07:31:56.195, Tesla T4, 6499 MiB, 8414 MiB, 15360 MiB, 33 %, 29 %, 1590 MHz, 5000 MHz, 67.89 W, 76, P0
2026/09/30 07:31:56.709, Tesla T4, 6499 MiB, 8414 MiB, 15360 MiB, 30 %, 27 %, 1590 MHz, 5000 MHz, 62.93 W, 76, P0
2026/09/30 07:31:57.236, Tesla T4, 6499 MiB, 8414 MiB, 15360 MiB, 26 %, 23 %, 1260 MHz, 5000 MHz, 47.77 W, 74, P0
2026/09/30 07:31:57.752, Tesla T4, 6499 MiB, 8414 MiB, 15360 MiB, 45 %, 38 %, 1395 MHz, 5000 MHz, 54.99 W, 75, P0
2026/09/30 07:31:58.263, Tesla T4, 6499 MiB, 8414 MiB, 15360 MiB, 45 %, 37 %, 1590 MHz, 5000 MHz, 67.06 W, 75, P0
2026/09/30 07:31:58.778, Tesla T4, 6499 MiB, 8414 MiB, 15360 MiB, 36 %, 33 %, 1590 MHz, 5000 MHz, 70.78 W, 76, P0
2026/09/30 07:31:59.286, Tesla T4, 6499 MiB, 8414 MiB, 15360 MiB, 41 %, 37 %, 1575 MHz, 5000 MHz, 61.22 W, 75, P0
2026/09/30 07:31:59.810, Tesla T4, 6499 MiB, 8414 MiB, 15360 MiB, 41 %, 37 %, 1590 MHz, 5000 MHz, 64.54 W, 76, P0
2026/09/30 07:32:00.318, Tesla T4, 6499 MiB, 8414 MiB, 15360 MiB, 41 %, 37 %, 1590 MHz, 5000 MHz, 67.14 W, 76, P0
2026/09/30 07:32:00.828, Tesla T4, 6499 MiB, 8414 MiB, 15360 MiB, 41 %, 37 %, 1590 MHz, 5000 MHz, 68.86 W, 76, P0
2026/09/30 07:32:01.338, Tesla T4, 6499 MiB, 8414 MiB, 15360 MiB, 42 %, 38 %, 1590 MHz, 5000 MHz, 66.01 W, 76, P0
2026/09/30 07:32:01.846, Tesla T4, 6499 MiB, 8414 MiB, 15360 MiB, 41 %, 37 %, 1575 MHz, 5000 MHz, 66.26 W, 76, P0
2026/09/30 07:32:02.360, Tesla T4, 6499 MiB, 8414 MiB, 15360 MiB, 42 %, 39 %, 1560 MHz, 5000 MHz, 68.52 W, 76, P0
2026/09/30 07:32:02.868, Tesla T4, 6499 MiB, 8414 MiB, 15360 MiB, 42 %, 38 %, 1575 MHz, 5000 MHz, 66.75 W, 76, P0
2026/09/30 07:32:03.377, Tesla T4, 6499 MiB, 8414 MiB, 15360 MiB, 43 %, 39 %, 1575 MHz, 5000 MHz, 65.07 W, 76, P0
2026/09/30 07:32:03.898, Tesla T4, 6499 MiB, 8414 MiB, 15360 MiB, 42 %, 38 %, 1575 MHz, 5000 MHz, 69.69 W, 76, P0
2026/09/30 07:32:04.409, Tesla T4, 6499 MiB, 8414 MiB, 15360 MiB, 37 %, 33 %, 1590 MHz, 5000 MHz, 66.28 W, 76, P0
2026/09/30 07:32:04.917, Tesla T4, 6499 MiB, 8414 MiB, 15360 MiB, 42 %, 38 %, 1575 MHz, 5000 MHz, 69.26 W, 76, P0
2026/09/30 07:32:05.425, Tesla T4, 6499 MiB, 8414 MiB, 15360 MiB, 41 %, 38 %, 1590 MHz, 5000 MHz, 65.81 W, 76, P0
2026/09/30 07:32:05.935, Tesla T4, 6499 MiB, 8414 MiB, 15360 MiB, 41 %, 37 %, 1575 MHz, 5000 MHz, 71.74 W, 76, P0
2026/09/30 07:32:06.444, Tesla T4, 6499 MiB, 8414 MiB, 15360 MiB, 42 %, 39 %, 1590 MHz, 5000 MHz, 64.85 W, 76, P0
2026/09/30 07:32:06.953, Tesla T4, 6499 MiB, 8414 MiB, 15360 MiB, 40 %, 37 %, 1575 MHz, 5000 MHz, 64.20 W, 76, P0
2026/09/30 07:32:07.463, Tesla T4, 6499 MiB, 8414 MiB, 15360 MiB, 42 %, 38 %, 1590 MHz, 5000 MHz, 60.00 W, 75, P0
2026/09/30 07:32:07.979, Tesla T4, 6499 MiB, 8414 MiB, 15360 MiB, 32 %, 30 %, 1590 MHz, 5000 MHz, 63.42 W, 75, P0
2026/09/30 07:32:08.492, Tesla T4, 6499 MiB, 8414 MiB, 15360 MiB, 33 %, 31 %, 1590 MHz, 5000 MHz, 61.37 W, 75, P0
2026/09/30 07:32:09.007, Tesla T4, 6499 MiB, 8414 MiB, 15360 MiB, 29 %, 26 %, 1590 MHz, 5000 MHz, 61.00 W, 75, P0
2026/09/30 07:32:09.521, Tesla T4, 6499 MiB, 8414 MiB, 15360 MiB, 35 %, 30 %, 1305 MHz, 5000 MHz, 52.66 W, 74, P0
2026/09/30 07:32:10.085, Tesla T4, 6499 MiB, 8414 MiB, 15360 MiB, 61 %, 25 %, 1530 MHz, 5000 MHz, 60.32 W, 74, P0
2026/09/30 07:32:10.599, Tesla T4, 6499 MiB, 8414 MiB, 15360 MiB, 40 %, 36 %, 1590 MHz, 5000 MHz, 62.14 W, 75, P0
2026/09/30 07:32:11.108, Tesla T4, 6499 MiB, 8414 MiB, 15360 MiB, 38 %, 35 %, 1590 MHz, 5000 MHz, 63.46 W, 75, P0
2026/09/30 07:32:11.616, Tesla T4, 6499 MiB, 8414 MiB, 15360 MiB, 41 %, 37 %, 1590 MHz, 5000 MHz, 62.26 W, 75, P0
2026/09/30 07:32:12.128, Tesla T4, 6499 MiB, 8414 MiB, 15360 MiB, 39 %, 35 %, 1590 MHz, 5000 MHz, 67.10 W, 75, P0
2026/09/30 07:32:12.636, Tesla T4, 6499 MiB, 8414 MiB, 15360 MiB, 41 %, 37 %, 1545 MHz, 5000 MHz, 67.30 W, 76, P0
2026/09/30 07:32:13.145, Tesla T4, 6499 MiB, 8414 MiB, 15360 MiB, 37 %, 33 %, 1590 MHz, 5000 MHz, 68.66 W, 76, P0
2026/09/30 07:32:13.656, Tesla T4, 6499 MiB, 8414 MiB, 15360 MiB, 42 %, 38 %, 1530 MHz, 5000 MHz, 56.52 W, 75, P0
2026/09/30 07:32:14.166, Tesla T4, 6499 MiB, 8414 MiB, 15360 MiB, 37 %, 34 %, 1185 MHz, 5000 MHz, 90.05 W, 76, P0
2026/09/30 07:32:14.675, Tesla T4, 6499 MiB, 8414 MiB, 15360 MiB, 38 %, 34 %, 1590 MHz, 5000 MHz, 63.85 W, 76, P0
2026/09/30 07:32:15.184, Tesla T4, 6499 MiB, 8414 MiB, 15360 MiB, 38 %, 34 %, 1590 MHz, 5000 MHz, 65.24 W, 76, P0
2026/09/30 07:32:15.695, Tesla T4, 6499 MiB, 8414 MiB, 15360 MiB, 41 %, 37 %, 1590 MHz, 5000 MHz, 64.61 W, 76, P0
2026/09/30 07:32:16.204, Tesla T4, 6499 MiB, 8414 MiB, 15360 MiB, 37 %, 33 %, 1590 MHz, 5000 MHz, 65.18 W, 76, P0
2026/09/30 07:32:16.714, Tesla T4, 6499 MiB, 8414 MiB, 15360 MiB, 38 %, 34 %, 1530 MHz, 5000 MHz, 60.02 W, 76, P0
2026/09/30 07:32:17.224, Tesla T4, 6499 MiB, 8414 MiB, 15360 MiB, 38 %, 34 %, 1185 MHz, 5000 MHz, 79.93 W, 76, P0
2026/09/30 07:32:17.734, Tesla T4, 6499 MiB, 8414 MiB, 15360 MiB, 46 %, 37 %, 1575 MHz, 5000 MHz, 62.38 W, 76, P0
2026/09/30 07:32:18.248, Tesla T4, 6499 MiB, 8414 MiB, 15360 MiB, 39 %, 36 %, 1590 MHz, 5000 MHz, 66.28 W, 76, P0
2026/09/30 07:32:18.755, Tesla T4, 6499 MiB, 8414 MiB, 15360 MiB, 34 %, 28 %, 1590 MHz, 5000 MHz, 59.69 W, 76, P0
2026/09/30 07:32:19.263, Tesla T4, 6499 MiB, 8414 MiB, 15360 MiB, 64 %, 28 %, 1575 MHz, 5000 MHz, 56.85 W, 76, P0
2026/09/30 07:32:19.776, Tesla T4, 6499 MiB, 8414 MiB, 15360 MiB, 35 %, 30 %, 1590 MHz, 5000 MHz, 61.02 W, 76, P0
2026/09/30 07:32:20.286, Tesla T4, 6499 MiB, 8414 MiB, 15360 MiB, 34 %, 29 %, 1590 MHz, 5000 MHz, 55.22 W, 75, P0
2026/09/30 07:32:20.806, Tesla T4, 6499 MiB, 8414 MiB, 15360 MiB, 26 %, 22 %, 1590 MHz, 5000 MHz, 59.65 W, 76, P0
2026/09/30 07:32:21.337, Tesla T4, 6499 MiB, 8414 MiB, 15360 MiB, 27 %, 23 %, 1590 MHz, 5000 MHz, 53.97 W, 75, P0
2026/09/30 07:32:21.859, Tesla T4, 6499 MiB, 8414 MiB, 15360 MiB, 26 %, 22 %, 1200 MHz, 5000 MHz, 43.87 W, 75, P0
2026/09/30 07:32:22.377, Tesla T4, 6499 MiB, 8414 MiB, 15360 MiB, 31 %, 24 %, 1095 MHz, 5000 MHz, 41.26 W, 74, P0
2026/09/30 07:32:22.897, Tesla T4, 6499 MiB, 8414 MiB, 15360 MiB, 25 %, 19 %, 1020 MHz, 5000 MHz, 41.97 W, 74, P0
2026/09/30 07:32:23.406, Tesla T4, 6499 MiB, 8414 MiB, 15360 MiB, 40 %, 30 %, 1050 MHz, 5000 MHz, 44.01 W, 74, P0
2026/09/30 07:32:23.919, Tesla T4, 6499 MiB, 8414 MiB, 15360 MiB, 41 %, 31 %, 1095 MHz, 5000 MHz, 44.61 W, 74, P0
2026/09/30 07:32:24.428, Tesla T4, 6499 MiB, 8414 MiB, 15360 MiB, 40 %, 31 %, 1125 MHz, 5000 MHz, 49.80 W, 74, P0
2026/09/30 07:32:24.941, Tesla T4, 6499 MiB, 8414 MiB, 15360 MiB, 36 %, 28 %, 1125 MHz, 5000 MHz, 45.76 W, 74, P0
2026/09/30 07:32:25.450, Tesla T4, 6499 MiB, 8414 MiB, 15360 MiB, 35 %, 30 %, 1590 MHz, 5000 MHz, 58.75 W, 75, P0
2026/09/30 07:32:25.959, Tesla T4, 6499 MiB, 8414 MiB, 15360 MiB, 58 %, 28 %, 1575 MHz, 5000 MHz, 59.63 W, 75, P0
2026/09/30 07:32:26.481, Tesla T4, 6499 MiB, 8414 MiB, 15360 MiB, 35 %, 29 %, 1260 MHz, 5000 MHz, 54.96 W, 75, P0
2026/09/30 07:32:26.995, Tesla T4, 6499 MiB, 8414 MiB, 15360 MiB, 34 %, 29 %, 1590 MHz, 5000 MHz, 55.35 W, 75, P0
2026/09/30 07:32:27.503, Tesla T4, 6499 MiB, 8414 MiB, 15360 MiB, 64 %, 28 %, 1590 MHz, 5000 MHz, 63.61 W, 75, P0
2026/09/30 07:32:28.012, Tesla T4, 6499 MiB, 8414 MiB, 15360 MiB, 33 %, 28 %, 1590 MHz, 5000 MHz, 59.99 W, 76, P0
2026/09/30 07:32:28.522, Tesla T4, 6499 MiB, 8414 MiB, 15360 MiB, 35 %, 30 %, 1590 MHz, 5000 MHz, 60.48 W, 76, P0
2026/09/30 07:32:29.031, Tesla T4, 6499 MiB, 8414 MiB, 15360 MiB, 35 %, 30 %, 1590 MHz, 5000 MHz, 65.16 W, 76, P0
2026/09/30 07:32:29.539, Tesla T4, 6499 MiB, 8414 MiB, 15360 MiB, 36 %, 30 %, 1425 MHz, 5000 MHz, 53.77 W, 75, P0
2026/09/30 07:32:30.049, Tesla T4, 6499 MiB, 8414 MiB, 15360 MiB, 35 %, 29 %, 1380 MHz, 5000 MHz, 50.46 W, 75, P0
2026/09/30 07:32:30.558, Tesla T4, 6499 MiB, 8414 MiB, 15360 MiB, 37 %, 30 %, 1365 MHz, 5000 MHz, 53.84 W, 75, P0
2026/09/30 07:32:31.071, Tesla T4, 6499 MiB, 8414 MiB, 15360 MiB, 37 %, 30 %, 1335 MHz, 5000 MHz, 51.87 W, 75, P0
2026/09/30 07:32:31.579, Tesla T4, 6499 MiB, 8414 MiB, 15360 MiB, 37 %, 30 %, 1320 MHz, 5000 MHz, 49.77 W, 75, P0
2026/09/30 07:32:32.088, Tesla T4, 6499 MiB, 8414 MiB, 15360 MiB, 36 %, 29 %, 1290 MHz, 5000 MHz, 46.99 W, 75, P0
2026/09/30 07:32:32.598, Tesla T4, 6499 MiB, 8414 MiB, 15360 MiB, 38 %, 30 %, 1275 MHz, 5000 MHz, 50.46 W, 75, P0
2026/09/30 07:32:33.110, Tesla T4, 6499 MiB, 8414 MiB, 15360 MiB, 28 %, 23 %, 1230 MHz, 5000 MHz, 44.19 W, 75, P0
2026/09/30 07:32:33.631, Tesla T4, 6499 MiB, 8414 MiB, 15360 MiB, 34 %, 23 %, 1155 MHz, 5000 MHz, 61.63 W, 75, P0
2026/09/30 07:32:34.153, Tesla T4, 6499 MiB, 8414 MiB, 15360 MiB, 27 %, 23 %, 1590 MHz, 5000 MHz, 58.19 W, 76, P0
2026/09/30 07:32:34.680, Tesla T4, 6499 MiB, 8414 MiB, 15360 MiB, 45 %, 22 %, 1470 MHz, 5000 MHz, 55.18 W, 75, P0
2026/09/30 07:32:35.201, Tesla T4, 6499 MiB, 8414 MiB, 15360 MiB, 22 %, 18 %, 1590 MHz, 5000 MHz, 56.26 W, 76, P0
2026/09/30 07:32:35.721, Tesla T4, 6499 MiB, 8414 MiB, 15360 MiB, 22 %, 18 %, 1290 MHz, 5000 MHz, 77.59 W, 76, P0
2026/09/30 07:32:36.230, Tesla T4, 6499 MiB, 8414 MiB, 15360 MiB, 34 %, 29 %, 1590 MHz, 5000 MHz, 60.65 W, 76, P0
2026/09/30 07:32:36.740, Tesla T4, 6499 MiB, 8414 MiB, 15360 MiB, 35 %, 30 %, 1590 MHz, 5000 MHz, 68.11 W, 77, P0
2026/09/30 07:32:37.247, Tesla T4, 6499 MiB, 8414 MiB, 15360 MiB, 31 %, 26 %, 1590 MHz, 5000 MHz, 59.10 W, 77, P0
2026/09/30 07:32:37.756, Tesla T4, 6499 MiB, 8414 MiB, 15360 MiB, 35 %, 30 %, 1455 MHz, 5000 MHz, 54.79 W, 76, P0
2026/09/30 07:32:38.268, Tesla T4, 6499 MiB, 8414 MiB, 15360 MiB, 36 %, 30 %, 1410 MHz, 5000 MHz, 53.84 W, 76, P0
2026/09/30 07:32:38.776, Tesla T4, 6499 MiB, 8414 MiB, 15360 MiB, 36 %, 30 %, 1380 MHz, 5000 MHz, 55.41 W, 76, P0
2026/09/30 07:32:39.285, Tesla T4, 6499 MiB, 8414 MiB, 15360 MiB, 35 %, 28 %, 1335 MHz, 5000 MHz, 51.41 W, 76, P0
2026/09/30 07:32:39.794, Tesla T4, 6499 MiB, 8414 MiB, 15360 MiB, 37 %, 30 %, 1320 MHz, 5000 MHz, 55.28 W, 76, P0
2026/09/30 07:32:40.304, Tesla T4, 6499 MiB, 8414 MiB, 15360 MiB, 35 %, 28 %, 1275 MHz, 5000 MHz, 54.40 W, 76, P0
2026/09/30 07:32:40.813, Tesla T4, 6499 MiB, 8414 MiB, 15360 MiB, 37 %, 30 %, 1275 MHz, 5000 MHz, 52.53 W, 76, P0
2026/09/30 07:32:41.323, Tesla T4, 6499 MiB, 8414 MiB, 15360 MiB, 35 %, 28 %, 1245 MHz, 5000 MHz, 49.94 W, 76, P0
2026/09/30 07:32:41.833, Tesla T4, 6499 MiB, 8414 MiB, 15360 MiB, 37 %, 29 %, 1230 MHz, 5000 MHz, 48.42 W, 76, P0
2026/09/30 07:32:42.345, Tesla T4, 6499 MiB, 8414 MiB, 15360 MiB, 35 %, 27 %, 1200 MHz, 5000 MHz, 46.03 W, 76, P0
2026/09/30 07:32:42.855, Tesla T4, 6499 MiB, 8414 MiB, 15360 MiB, 38 %, 30 %, 1200 MHz, 5000 MHz, 48.62 W, 76, P0
2026/09/30 07:32:43.363, Tesla T4, 6499 MiB, 8414 MiB, 15360 MiB, 52 %, 26 %, 1545 MHz, 5000 MHz, 68.04 W, 77, P0
2026/09/30 07:32:43.875, Tesla T4, 6499 MiB, 8414 MiB, 15360 MiB, 35 %, 29 %, 1590 MHz, 5000 MHz, 62.73 W, 78, P0
2026/09/30 07:32:44.384, Tesla T4, 6499 MiB, 8414 MiB, 15360 MiB, 33 %, 27 %, 1560 MHz, 5000 MHz, 66.03 W, 78, P0
2026/09/30 07:32:44.893, Tesla T4, 6499 MiB, 8414 MiB, 15360 MiB, 35 %, 30 %, 1590 MHz, 5000 MHz, 59.01 W, 78, P0
2026/09/30 07:32:45.406, Tesla T4, 6499 MiB, 8414 MiB, 15360 MiB, 33 %, 27 %, 1590 MHz, 5000 MHz, 61.85 W, 78, P0
2026/09/30 07:32:45.915, Tesla T4, 6499 MiB, 8414 MiB, 15360 MiB, 23 %, 19 %, 1590 MHz, 5000 MHz, 60.84 W, 78, P0
2026/09/30 07:32:46.433, Tesla T4, 6499 MiB, 8414 MiB, 15360 MiB, 27 %, 23 %, 1590 MHz, 5000 MHz, 59.24 W, 78, P0
2026/09/30 07:32:46.954, Tesla T4, 6499 MiB, 8414 MiB, 15360 MiB, 28 %, 24 %, 1245 MHz, 5000 MHz, 45.79 W, 78, P0
2026/09/30 07:32:47.473, Tesla T4, 6499 MiB, 8414 MiB, 15360 MiB, 27 %, 21 %, 1155 MHz, 5000 MHz, 42.78 W, 77, P0
2026/09/30 07:32:47.998, Tesla T4, 6499 MiB, 8414 MiB, 15360 MiB, 31 %, 23 %, 1095 MHz, 5000 MHz, 42.83 W, 77, P0
2026/09/30 07:32:48.517, Tesla T4, 6499 MiB, 8414 MiB, 15360 MiB, 24 %, 17 %, 990 MHz, 5000 MHz, 45.69 W, 77, P0
2026/09/30 07:32:49.027, Tesla T4, 6499 MiB, 8414 MiB, 15360 MiB, 41 %, 30 %, 1050 MHz, 5000 MHz, 46.31 W, 77, P0
2026/09/30 07:32:49.540, Tesla T4, 6499 MiB, 8414 MiB, 15360 MiB, 71 %, 25 %, 1575 MHz, 5000 MHz, 56.49 W, 78, P0
2026/09/30 07:32:50.048, Tesla T4, 6499 MiB, 8414 MiB, 15360 MiB, 35 %, 30 %, 1590 MHz, 5000 MHz, 61.10 W, 79, P0
2026/09/30 07:32:50.556, Tesla T4, 6499 MiB, 8414 MiB, 15360 MiB, 32 %, 28 %, 1590 MHz, 5000 MHz, 57.97 W, 79, P0
2026/09/30 07:32:51.064, Tesla T4, 6499 MiB, 8414 MiB, 15360 MiB, 35 %, 29 %, 1545 MHz, 5000 MHz, 52.86 W, 79, P0
2026/09/30 07:32:51.582, Tesla T4, 6499 MiB, 8414 MiB, 15360 MiB, 34 %, 29 %, 1590 MHz, 5000 MHz, 63.16 W, 79, P0
2026/09/30 07:32:52.090, Tesla T4, 6499 MiB, 8414 MiB, 15360 MiB, 34 %, 29 %, 1575 MHz, 5000 MHz, 66.46 W, 80, P0
2026/09/30 07:32:52.605, Tesla T4, 6499 MiB, 8414 MiB, 15360 MiB, 36 %, 31 %, 1590 MHz, 5000 MHz, 61.20 W, 80, P0
2026/09/30 07:32:53.118, Tesla T4, 6499 MiB, 8414 MiB, 15360 MiB, 34 %, 28 %, 1425 MHz, 5000 MHz, 54.59 W, 79, P0
2026/09/30 07:32:53.631, Tesla T4, 6499 MiB, 8414 MiB, 15360 MiB, 36 %, 30 %, 1395 MHz, 5000 MHz, 51.51 W, 79, P0
2026/09/30 07:32:54.160, Tesla T4, 6499 MiB, 8414 MiB, 15360 MiB, 35 %, 29 %, 1350 MHz, 5000 MHz, 51.94 W, 79, P0
2026/09/30 07:32:54.668, Tesla T4, 6499 MiB, 8414 MiB, 15360 MiB, 36 %, 30 %, 1335 MHz, 5000 MHz, 52.92 W, 79, P0
2026/09/30 07:32:55.187, Tesla T4, 6499 MiB, 8414 MiB, 15360 MiB, 37 %, 30 %, 1305 MHz, 5000 MHz, 54.20 W, 79, P0
2026/09/30 07:32:55.699, Tesla T4, 6499 MiB, 8414 MiB, 15360 MiB, 38 %, 30 %, 1290 MHz, 5000 MHz, 51.71 W, 79, P0
2026/09/30 07:32:56.215, Tesla T4, 6499 MiB, 8414 MiB, 15360 MiB, 37 %, 30 %, 1260 MHz, 5000 MHz, 49.74 W, 79, P0
2026/09/30 07:32:56.726, Tesla T4, 6499 MiB, 8414 MiB, 15360 MiB, 68 %, 27 %, 1455 MHz, 5000 MHz, 65.57 W, 79, P0
2026/09/30 07:32:57.235, Tesla T4, 6499 MiB, 8414 MiB, 15360 MiB, 35 %, 29 %, 1590 MHz, 5000 MHz, 66.50 W, 80, P0
2026/09/30 07:32:57.744, Tesla T4, 6499 MiB, 8414 MiB, 15360 MiB, 35 %, 30 %, 1575 MHz, 5000 MHz, 63.34 W, 80, P0
2026/09/30 07:32:58.255, Tesla T4, 6499 MiB, 8414 MiB, 15360 MiB, 35 %, 30 %, 1590 MHz, 5000 MHz, 63.46 W, 81, P0
2026/09/30 07:32:58.764, Tesla T4, 6499 MiB, 8414 MiB, 15360 MiB, 23 %, 20 %, 1590 MHz, 5000 MHz, 56.52 W, 80, P0
2026/09/30 07:32:59.280, Tesla T4, 6499 MiB, 8414 MiB, 15360 MiB, 22 %, 19 %, 1590 MHz, 5000 MHz, 58.94 W, 80, P0
2026/09/30 07:32:59.803, Tesla T4, 6499 MiB, 8414 MiB, 15360 MiB, 32 %, 25 %, 1200 MHz, 5000 MHz, 45.71 W, 79, P0
2026/09/30 07:33:00.319, Tesla T4, 6499 MiB, 8414 MiB, 15360 MiB, 28 %, 21 %, 1110 MHz, 5000 MHz, 46.48 W, 79, P0
2026/09/30 07:33:00.846, Tesla T4, 6499 MiB, 8414 MiB, 15360 MiB, 32 %, 24 %, 1065 MHz, 5000 MHz, 45.15 W, 78, P0
2026/09/30 07:33:01.363, Tesla T4, 6499 MiB, 8414 MiB, 15360 MiB, 27 %, 20 %, 960 MHz, 5000 MHz, 46.04 W, 78, P0
2026/09/30 07:33:01.876, Tesla T4, 6499 MiB, 8414 MiB, 15360 MiB, 41 %, 30 %, 1005 MHz, 5000 MHz, 50.39 W, 78, P0
2026/09/30 07:33:02.386, Tesla T4, 6499 MiB, 8414 MiB, 15360 MiB, 39 %, 29 %, 1020 MHz, 5000 MHz, 44.90 W, 78, P0
2026/09/30 07:33:02.898, Tesla T4, 6499 MiB, 8414 MiB, 15360 MiB, 41 %, 30 %, 1050 MHz, 5000 MHz, 50.13 W, 78, P0
2026/09/30 07:33:03.408, Tesla T4, 6499 MiB, 8414 MiB, 15360 MiB, 38 %, 29 %, 1095 MHz, 5000 MHz, 49.53 W, 78, P0
2026/09/30 07:33:03.921, Tesla T4, 6499 MiB, 8414 MiB, 15360 MiB, 40 %, 30 %, 1095 MHz, 5000 MHz, 45.76 W, 78, P0
2026/09/30 07:33:04.431, Tesla T4, 6499 MiB, 8414 MiB, 15360 MiB, 64 %, 25 %, 1545 MHz, 5000 MHz, 51.12 W, 78, P0
2026/09/30 07:33:04.939, Tesla T4, 6499 MiB, 8414 MiB, 15360 MiB, 35 %, 30 %, 1590 MHz, 5000 MHz, 65.79 W, 79, P0
2026/09/30 07:33:05.449, Tesla T4, 6499 MiB, 8414 MiB, 15360 MiB, 34 %, 29 %, 1590 MHz, 5000 MHz, 65.97 W, 80, P0
2026/09/30 07:33:05.957, Tesla T4, 6499 MiB, 8414 MiB, 15360 MiB, 62 %, 28 %, 1575 MHz, 5000 MHz, 57.28 W, 79, P0
2026/09/30 07:33:06.466, Tesla T4, 6499 MiB, 8414 MiB, 15360 MiB, 32 %, 27 %, 1590 MHz, 5000 MHz, 68.38 W, 80, P0
2026/09/30 07:33:06.974, Tesla T4, 6499 MiB, 8414 MiB, 15360 MiB, 33 %, 28 %, 1590 MHz, 5000 MHz, 59.92 W, 80, P0
2026/09/30 07:33:07.484, Tesla T4, 6499 MiB, 8414 MiB, 15360 MiB, 65 %, 28 %, 1575 MHz, 5000 MHz, 60.22 W, 79, P0
2026/09/30 07:33:07.992, Tesla T4, 6499 MiB, 8414 MiB, 15360 MiB, 34 %, 29 %, 1590 MHz, 5000 MHz, 60.90 W, 80, P0
2026/09/30 07:33:08.500, Tesla T4, 6499 MiB, 8414 MiB, 15360 MiB, 33 %, 28 %, 1590 MHz, 5000 MHz, 64.71 W, 80, P0
2026/09/30 07:33:09.010, Tesla T4, 6499 MiB, 8414 MiB, 15360 MiB, 34 %, 28 %, 1590 MHz, 5000 MHz, 62.91 W, 80, P0
2026/09/30 07:33:09.519, Tesla T4, 6499 MiB, 8414 MiB, 15360 MiB, 33 %, 27 %, 1425 MHz, 5000 MHz, 54.30 W, 79, P0
2026/09/30 07:33:10.028, Tesla T4, 6499 MiB, 8414 MiB, 15360 MiB, 32 %, 26 %, 1380 MHz, 5000 MHz, 52.00 W, 79, P0
2026/09/30 07:33:10.538, Tesla T4, 6499 MiB, 8414 MiB, 15360 MiB, 35 %, 28 %, 1335 MHz, 5000 MHz, 55.68 W, 78, P0
2026/09/30 07:33:11.047, Tesla T4, 6499 MiB, 8414 MiB, 15360 MiB, 36 %, 29 %, 1305 MHz, 5000 MHz, 51.71 W, 78, P0
2026/09/30 07:33:11.559, Tesla T4, 6499 MiB, 8414 MiB, 15360 MiB, 30 %, 24 %, 1275 MHz, 5000 MHz, 47.20 W, 78, P0
2026/09/30 07:33:12.074, Tesla T4, 6499 MiB, 8414 MiB, 15360 MiB, 29 %, 22 %, 1155 MHz, 5000 MHz, 43.62 W, 77, P0
2026/09/30 07:33:12.591, Tesla T4, 6499 MiB, 8414 MiB, 15360 MiB, 28 %, 22 %, 1080 MHz, 5000 MHz, 43.30 W, 77, P0
2026/09/30 07:33:13.124, Tesla T4, 6499 MiB, 8414 MiB, 15360 MiB, 26 %, 19 %, 1020 MHz, 5000 MHz, 40.61 W, 76, P0
2026/09/30 07:33:13.643, Tesla T4, 6499 MiB, 8414 MiB, 15360 MiB, 32 %, 23 %, 945 MHz, 5000 MHz, 40.19 W, 76, P0
2026/09/30 07:33:14.162, Tesla T4, 6499 MiB, 8414 MiB, 15360 MiB, 24 %, 17 %, 885 MHz, 5000 MHz, 44.34 W, 76, P0
2026/09/30 07:33:14.674, Tesla T4, 6499 MiB, 8414 MiB, 15360 MiB, 42 %, 31 %, 1005 MHz, 5000 MHz, 41.80 W, 76, P0
2026/09/30 07:33:15.184, Tesla T4, 6499 MiB, 8414 MiB, 15360 MiB, 43 %, 28 %, 1560 MHz, 5000 MHz, 59.17 W, 77, P0
2026/09/30 07:33:15.693, Tesla T4, 6499 MiB, 8414 MiB, 15360 MiB, 64 %, 29 %, 1575 MHz, 5000 MHz, 55.77 W, 77, P0
2026/09/30 07:33:16.205, Tesla T4, 6499 MiB, 8414 MiB, 15360 MiB, 32 %, 27 %, 1590 MHz, 5000 MHz, 63.99 W, 78, P0
2026/09/30 07:33:16.714, Tesla T4, 6499 MiB, 8414 MiB, 15360 MiB, 32 %, 27 %, 1590 MHz, 5000 MHz, 59.49 W, 78, P0
2026/09/30 07:33:17.235, Tesla T4, 6499 MiB, 8414 MiB, 15360 MiB, 35 %, 30 %, 1575 MHz, 5000 MHz, 64.79 W, 78, P0
2026/09/30 07:33:17.746, Tesla T4, 6499 MiB, 8414 MiB, 15360 MiB, 36 %, 30 %, 1410 MHz, 5000 MHz, 52.59 W, 77, P0
2026/09/30 07:33:18.277, Tesla T4, 6499 MiB, 8414 MiB, 15360 MiB, 36 %, 29 %, 1365 MHz, 5000 MHz, 52.33 W, 77, P0
2026/09/30 07:33:18.786, Tesla T4, 6499 MiB, 8414 MiB, 15360 MiB, 36 %, 30 %, 1335 MHz, 5000 MHz, 52.99 W, 77, P0
2026/09/30 07:33:19.308, Tesla T4, 6499 MiB, 8414 MiB, 15360 MiB, 37 %, 30 %, 1305 MHz, 5000 MHz, 51.65 W, 76, P0
2026/09/30 07:33:19.818, Tesla T4, 6499 MiB, 8414 MiB, 15360 MiB, 38 %, 30 %, 1290 MHz, 5000 MHz, 48.86 W, 76, P0
2026/09/30 07:33:20.329, Tesla T4, 6499 MiB, 8414 MiB, 15360 MiB, 37 %, 29 %, 1245 MHz, 5000 MHz, 49.05 W, 76, P0
2026/09/30 07:33:20.838, Tesla T4, 6499 MiB, 8414 MiB, 15360 MiB, 38 %, 31 %, 1230 MHz, 5000 MHz, 50.10 W, 76, P0
2026/09/30 07:33:21.349, Tesla T4, 6499 MiB, 8414 MiB, 15360 MiB, 39 %, 30 %, 1215 MHz, 5000 MHz, 47.83 W, 76, P0
2026/09/30 07:33:21.859, Tesla T4, 6499 MiB, 8414 MiB, 15360 MiB, 39 %, 31 %, 1200 MHz, 5000 MHz, 50.79 W, 76, P0
2026/09/30 07:33:22.375, Tesla T4, 6499 MiB, 8414 MiB, 15360 MiB, 39 %, 30 %, 1185 MHz, 5000 MHz, 47.21 W, 75, P0
2026/09/30 07:33:22.884, Tesla T4, 6499 MiB, 8414 MiB, 15360 MiB, 68 %, 27 %, 1575 MHz, 5000 MHz, 55.35 W, 76, P0
2026/09/30 07:33:23.393, Tesla T4, 6499 MiB, 8414 MiB, 15360 MiB, 35 %, 30 %, 1590 MHz, 5000 MHz, 63.75 W, 77, P0
2026/09/30 07:33:23.903, Tesla T4, 6499 MiB, 8414 MiB, 15360 MiB, 35 %, 29 %, 1590 MHz, 5000 MHz, 60.26 W, 77, P0
2026/09/30 07:33:24.411, Tesla T4, 6499 MiB, 8414 MiB, 15360 MiB, 23 %, 20 %, 1590 MHz, 5000 MHz, 56.78 W, 77, P0
2026/09/30 07:33:24.933, Tesla T4, 6499 MiB, 8414 MiB, 15360 MiB, 26 %, 22 %, 1590 MHz, 5000 MHz, 55.18 W, 76, P0
2026/09/30 07:33:25.447, Tesla T4, 6499 MiB, 8414 MiB, 15360 MiB, 25 %, 21 %, 1590 MHz, 5000 MHz, 67.75 W, 76, P0
2026/09/30 07:33:25.961, Tesla T4, 6499 MiB, 8414 MiB, 15360 MiB, 24 %, 20 %, 1590 MHz, 5000 MHz, 53.94 W, 76, P0
2026/09/30 07:33:26.478, Tesla T4, 6499 MiB, 8414 MiB, 15360 MiB, 26 %, 22 %, 1590 MHz, 5000 MHz, 56.69 W, 76, P0
2026/09/30 07:33:26.993, Tesla T4, 6499 MiB, 8414 MiB, 15360 MiB, 40 %, 20 %, 1410 MHz, 5000 MHz, 49.70 W, 76, P0
2026/09/30 07:33:27.503, Tesla T4, 6499 MiB, 8414 MiB, 15360 MiB, 37 %, 29 %, 1275 MHz, 5000 MHz, 54.76 W, 77, P0
2026/09/30 07:33:28.012, Tesla T4, 6499 MiB, 8414 MiB, 15360 MiB, 33 %, 28 %, 1590 MHz, 5000 MHz, 63.36 W, 77, P0
2026/09/30 07:33:28.523, Tesla T4, 6499 MiB, 8414 MiB, 15360 MiB, 34 %, 29 %, 1590 MHz, 5000 MHz, 62.34 W, 77, P0
2026/09/30 07:33:29.031, Tesla T4, 6499 MiB, 8414 MiB, 15360 MiB, 35 %, 30 %, 1590 MHz, 5000 MHz, 61.49 W, 77, P0
2026/09/30 07:33:29.539, Tesla T4, 6499 MiB, 8414 MiB, 15360 MiB, 33 %, 28 %, 1410 MHz, 5000 MHz, 53.42 W, 77, P0
2026/09/30 07:33:30.051, Tesla T4, 6499 MiB, 8414 MiB, 15360 MiB, 36 %, 30 %, 1380 MHz, 5000 MHz, 56.66 W, 76, P0
2026/09/30 07:33:30.559, Tesla T4, 6499 MiB, 8414 MiB, 15360 MiB, 35 %, 29 %, 1350 MHz, 5000 MHz, 50.20 W, 76, P0
2026/09/30 07:33:31.071, Tesla T4, 6499 MiB, 8414 MiB, 15360 MiB, 38 %, 31 %, 1335 MHz, 5000 MHz, 49.71 W, 76, P0
2026/09/30 07:33:31.579, Tesla T4, 6499 MiB, 8414 MiB, 15360 MiB, 40 %, 28 %, 1470 MHz, 5000 MHz, 60.61 W, 76, P0
2026/09/30 07:33:32.088, Tesla T4, 6499 MiB, 8414 MiB, 15360 MiB, 36 %, 30 %, 1470 MHz, 5000 MHz, 56.63 W, 76, P0
2026/09/30 07:33:32.599, Tesla T4, 6499 MiB, 8414 MiB, 15360 MiB, 33 %, 27 %, 1470 MHz, 5000 MHz, 56.07 W, 76, P0
2026/09/30 07:33:33.108, Tesla T4, 6499 MiB, 8414 MiB, 15360 MiB, 64 %, 28 %, 1455 MHz, 5000 MHz, 65.93 W, 76, P0
2026/09/30 07:33:33.616, Tesla T4, 6499 MiB, 8414 MiB, 15360 MiB, 32 %, 27 %, 1590 MHz, 5000 MHz, 64.32 W, 77, P0
2026/09/30 07:33:34.125, Tesla T4, 6499 MiB, 8414 MiB, 15360 MiB, 33 %, 28 %, 1590 MHz, 5000 MHz, 59.67 W, 77, P0
2026/09/30 07:33:34.633, Tesla T4, 6499 MiB, 8414 MiB, 15360 MiB, 32 %, 27 %, 1590 MHz, 5000 MHz, 61.04 W, 77, P0
2026/09/30 07:33:35.141, Tesla T4, 6499 MiB, 8414 MiB, 15360 MiB, 35 %, 28 %, 1395 MHz, 5000 MHz, 51.15 W, 76, P0
2026/09/30 07:33:35.651, Tesla T4, 6499 MiB, 8414 MiB, 15360 MiB, 36 %, 30 %, 1380 MHz, 5000 MHz, 51.51 W, 76, P0
2026/09/30 07:33:36.160, Tesla T4, 6499 MiB, 8414 MiB, 15360 MiB, 35 %, 28 %, 1335 MHz, 5000 MHz, 51.05 W, 76, P0
2026/09/30 07:33:36.669, Tesla T4, 6499 MiB, 8414 MiB, 15360 MiB, 37 %, 30 %, 1320 MHz, 5000 MHz, 54.63 W, 76, P0
2026/09/30 07:33:37.180, Tesla T4, 6499 MiB, 8414 MiB, 15360 MiB, 24 %, 20 %, 1245 MHz, 5000 MHz, 45.37 W, 75, P0
2026/09/30 07:33:37.697, Tesla T4, 6499 MiB, 8414 MiB, 15360 MiB, 30 %, 24 %, 1185 MHz, 5000 MHz, 43.74 W, 75, P0
2026/09/30 07:33:38.218, Tesla T4, 6499 MiB, 8414 MiB, 15360 MiB, 30 %, 23 %, 1110 MHz, 5000 MHz, 43.33 W, 75, P0
2026/09/30 07:33:38.735, Tesla T4, 6499 MiB, 8414 MiB, 15360 MiB, 27 %, 21 %, 1035 MHz, 5000 MHz, 40.79 W, 74, P0
2026/09/30 07:33:39.256, Tesla T4, 6499 MiB, 8414 MiB, 15360 MiB, 32 %, 23 %, 990 MHz, 5000 MHz, 38.96 W, 74, P0
2026/09/30 07:33:39.776, Tesla T4, 6499 MiB, 8414 MiB, 15360 MiB, 30 %, 22 %, 915 MHz, 5000 MHz, 46.92 W, 74, P0
2026/09/30 07:33:40.287, Tesla T4, 6499 MiB, 8414 MiB, 15360 MiB, 42 %, 30 %, 975 MHz, 5000 MHz, 43.84 W, 74, P0
2026/09/30 07:33:40.800, Tesla T4, 6499 MiB, 8414 MiB, 15360 MiB, 41 %, 30 %, 1065 MHz, 5000 MHz, 42.66 W, 74, P0
2026/09/30 07:33:41.310, Tesla T4, 6499 MiB, 8414 MiB, 15360 MiB, 40 %, 31 %, 1095 MHz, 5000 MHz, 51.05 W, 74, P0
2026/09/30 07:33:41.819, Tesla T4, 6499 MiB, 8414 MiB, 15360 MiB, 40 %, 30 %, 1095 MHz, 5000 MHz, 44.31 W, 74, P0
2026/09/30 07:33:42.329, Tesla T4, 6499 MiB, 8414 MiB, 15360 MiB, 70 %, 26 %, 1515 MHz, 5000 MHz, 60.16 W, 75, P0
2026/09/30 07:33:42.840, Tesla T4, 6499 MiB, 8414 MiB, 15360 MiB, 34 %, 29 %, 1590 MHz, 5000 MHz, 59.63 W, 75, P0
2026/09/30 07:33:43.350, Tesla T4, 6499 MiB, 8414 MiB, 15360 MiB, 35 %, 30 %, 1590 MHz, 5000 MHz, 62.01 W, 76, P0
2026/09/30 07:33:43.860, Tesla T4, 6499 MiB, 8414 MiB, 15360 MiB, 41 %, 30 %, 1515 MHz, 5000 MHz, 64.99 W, 76, P0
2026/09/30 07:33:44.371, Tesla T4, 6499 MiB, 8414 MiB, 15360 MiB, 35 %, 30 %, 1590 MHz, 5000 MHz, 59.20 W, 76, P0
2026/09/30 07:33:44.881, Tesla T4, 6499 MiB, 8414 MiB, 15360 MiB, 34 %, 29 %, 1590 MHz, 5000 MHz, 53.81 W, 76, P0
2026/09/30 07:33:45.395, Tesla T4, 6499 MiB, 8414 MiB, 15360 MiB, 35 %, 29 %, 1590 MHz, 5000 MHz, 60.87 W, 76, P0
2026/09/30 07:33:45.905, Tesla T4, 6499 MiB, 8414 MiB, 15360 MiB, 34 %, 29 %, 1440 MHz, 5000 MHz, 55.77 W, 76, P0
2026/09/30 07:33:46.430, Tesla T4, 6499 MiB, 8414 MiB, 15360 MiB, 35 %, 29 %, 1395 MHz, 5000 MHz, 50.92 W, 76, P0
2026/09/30 07:33:46.938, Tesla T4, 6499 MiB, 8414 MiB, 15360 MiB, 35 %, 28 %, 1365 MHz, 5000 MHz, 51.97 W, 75, P0
2026/09/30 07:33:47.455, Tesla T4, 6499 MiB, 8414 MiB, 15360 MiB, 36 %, 29 %, 1320 MHz, 5000 MHz, 48.86 W, 75, P0
2026/09/30 07:33:47.964, Tesla T4, 6499 MiB, 8414 MiB, 15360 MiB, 37 %, 30 %, 1290 MHz, 5000 MHz, 51.02 W, 75, P0
2026/09/30 07:33:48.474, Tesla T4, 6499 MiB, 8414 MiB, 15360 MiB, 38 %, 30 %, 1275 MHz, 5000 MHz, 55.58 W, 75, P0
2026/09/30 07:33:48.983, Tesla T4, 6499 MiB, 8414 MiB, 15360 MiB, 37 %, 30 %, 1260 MHz, 5000 MHz, 48.62 W, 75, P0
2026/09/30 07:33:49.493, Tesla T4, 6499 MiB, 8414 MiB, 15360 MiB, 39 %, 31 %, 1245 MHz, 5000 MHz, 50.98 W, 75, P0
2026/09/30 07:33:50.005, Tesla T4, 6499 MiB, 8414 MiB, 15360 MiB, 27 %, 22 %, 1185 MHz, 5000 MHz, 44.21 W, 75, P0
2026/09/30 07:33:50.520, Tesla T4, 6499 MiB, 8414 MiB, 15360 MiB, 29 %, 22 %, 1110 MHz, 5000 MHz, 43.35 W, 75, P0
2026/09/30 07:33:51.045, Tesla T4, 6499 MiB, 8414 MiB, 15360 MiB, 32 %, 24 %, 1020 MHz, 5000 MHz, 42.61 W, 75, P0
2026/09/30 07:33:51.577, Tesla T4, 6499 MiB, 8414 MiB, 15360 MiB, 28 %, 21 %, 945 MHz, 5000 MHz, 39.01 W, 74, P0
2026/09/30 07:33:52.101, Tesla T4, 6499 MiB, 8414 MiB, 15360 MiB, 29 %, 21 %, 900 MHz, 5000 MHz, 40.22 W, 74, P0
2026/09/30 07:33:52.621, Tesla T4, 6499 MiB, 8414 MiB, 15360 MiB, 44 %, 30 %, 930 MHz, 5000 MHz, 42.54 W, 74, P0
2026/09/30 07:33:53.133, Tesla T4, 6499 MiB, 8414 MiB, 15360 MiB, 61 %, 26 %, 1590 MHz, 5000 MHz, 59.14 W, 76, P0
2026/09/30 07:33:53.642, Tesla T4, 6499 MiB, 8414 MiB, 15360 MiB, 50 %, 28 %, 1395 MHz, 5000 MHz, 56.26 W, 76, P0
2026/09/30 07:33:54.153, Tesla T4, 6499 MiB, 8414 MiB, 15360 MiB, 34 %, 29 %, 1590 MHz, 5000 MHz, 63.59 W, 76, P0
2026/09/30 07:33:54.662, Tesla T4, 6499 MiB, 8414 MiB, 15360 MiB, 35 %, 30 %, 1590 MHz, 5000 MHz, 60.61 W, 77, P0
2026/09/30 07:33:55.171, Tesla T4, 6499 MiB, 8414 MiB, 15360 MiB, 33 %, 28 %, 1590 MHz, 5000 MHz, 61.55 W, 77, P0
2026/09/30 07:33:55.680, Tesla T4, 6499 MiB, 8414 MiB, 15360 MiB, 35 %, 29 %, 1425 MHz, 5000 MHz, 53.18 W, 77, P0
2026/09/30 07:33:56.188, Tesla T4, 6499 MiB, 8414 MiB, 15360 MiB, 36 %, 29 %, 1395 MHz, 5000 MHz, 56.30 W, 76, P0
2026/09/30 07:33:56.708, Tesla T4, 6499 MiB, 8414 MiB, 15360 MiB, 35 %, 28 %, 1365 MHz, 5000 MHz, 52.07 W, 76, P0
2026/09/30 07:33:57.220, Tesla T4, 6499 MiB, 8414 MiB, 15360 MiB, 37 %, 30 %, 1335 MHz, 5000 MHz, 52.53 W, 76, P0
2026/09/30 07:33:57.729, Tesla T4, 6499 MiB, 8414 MiB, 15360 MiB, 34 %, 27 %, 1320 MHz, 5000 MHz, 50.82 W, 76, P0
2026/09/30 07:33:58.238, Tesla T4, 6499 MiB, 8414 MiB, 15360 MiB, 31 %, 24 %, 1245 MHz, 5000 MHz, 48.86 W, 76, P0
2026/09/30 07:33:58.749, Tesla T4, 6499 MiB, 8414 MiB, 15360 MiB, 34 %, 27 %, 1215 MHz, 5000 MHz, 51.02 W, 76, P0
2026/09/30 07:33:59.259, Tesla T4, 6499 MiB, 8414 MiB, 15360 MiB, 38 %, 30 %, 1215 MHz, 5000 MHz, 47.80 W, 76, P0
2026/09/30 07:33:59.769, Tesla T4, 6499 MiB, 8414 MiB, 15360 MiB, 35 %, 28 %, 1185 MHz, 5000 MHz, 48.95 W, 76, P0
2026/09/30 07:34:00.280, Tesla T4, 6499 MiB, 8414 MiB, 15360 MiB, 38 %, 30 %, 1170 MHz, 5000 MHz, 49.67 W, 76, P0
2026/09/30 07:34:00.789, Tesla T4, 6499 MiB, 8414 MiB, 15360 MiB, 36 %, 28 %, 1155 MHz, 5000 MHz, 63.46 W, 77, P0
2026/09/30 07:34:01.302, Tesla T4, 6499 MiB, 8414 MiB, 15360 MiB, 34 %, 29 %, 1590 MHz, 5000 MHz, 62.77 W, 78, P0
2026/09/30 07:34:01.809, Tesla T4, 6499 MiB, 8414 MiB, 15360 MiB, 62 %, 26 %, 1575 MHz, 5000 MHz, 63.10 W, 78, P0
2026/09/30 07:34:02.319, Tesla T4, 6499 MiB, 8414 MiB, 15360 MiB, 41 %, 29 %, 1290 MHz, 5000 MHz, 63.36 W, 78, P0
2026/09/30 07:34:02.834, Tesla T4, 6499 MiB, 8414 MiB, 15360 MiB, 26 %, 22 %, 1590 MHz, 5000 MHz, 57.18 W, 78, P0
2026/09/30 07:34:03.356, Tesla T4, 6499 MiB, 8414 MiB, 15360 MiB, 46 %, 24 %, 1560 MHz, 5000 MHz, 52.89 W, 78, P0
2026/09/30 07:34:03.871, Tesla T4, 6499 MiB, 8414 MiB, 15360 MiB, 27 %, 22 %, 1425 MHz, 5000 MHz, 50.49 W, 78, P0
2026/09/30 07:34:04.386, Tesla T4, 6499 MiB, 8414 MiB, 15360 MiB, 24 %, 20 %, 1425 MHz, 5000 MHz, 60.00 W, 78, P0
2026/09/30 07:34:04.902, Tesla T4, 6499 MiB, 8414 MiB, 15360 MiB, 21 %, 17 %, 1425 MHz, 5000 MHz, 49.02 W, 78, P0
2026/09/30 07:34:05.416, Tesla T4, 6499 MiB, 8414 MiB, 15360 MiB, 31 %, 26 %, 1170 MHz, 5000 MHz, 51.71 W, 78, P0
2026/09/30 07:34:05.927, Tesla T4, 6499 MiB, 8414 MiB, 15360 MiB, 39 %, 31 %, 1170 MHz, 5000 MHz, 49.21 W, 78, P0
2026/09/30 07:34:06.437, Tesla T4, 6499 MiB, 8414 MiB, 15360 MiB, 39 %, 30 %, 1155 MHz, 5000 MHz, 49.31 W, 78, P0
2026/09/30 07:34:06.953, Tesla T4, 6499 MiB, 8414 MiB, 15360 MiB, 39 %, 30 %, 1155 MHz, 5000 MHz, 44.93 W, 78, P0
2026/09/30 07:34:07.462, Tesla T4, 6499 MiB, 8414 MiB, 15360 MiB, 40 %, 31 %, 1170 MHz, 5000 MHz, 48.88 W, 78, P0
2026/09/30 07:34:07.972, Tesla T4, 6499 MiB, 8414 MiB, 15360 MiB, 39 %, 30 %, 1170 MHz, 5000 MHz, 48.35 W, 78, P0
2026/09/30 07:34:08.483, Tesla T4, 6499 MiB, 8414 MiB, 15360 MiB, 39 %, 30 %, 1170 MHz, 5000 MHz, 48.07 W, 78, P0
2026/09/30 07:34:08.992, Tesla T4, 6499 MiB, 8414 MiB, 15360 MiB, 40 %, 31 %, 1170 MHz, 5000 MHz, 49.25 W, 78, P0
2026/09/30 07:34:09.501, Tesla T4, 6499 MiB, 8414 MiB, 15360 MiB, 39 %, 30 %, 1170 MHz, 5000 MHz, 48.86 W, 78, P0
2026/09/30 07:34:10.014, Tesla T4, 6499 MiB, 8414 MiB, 15360 MiB, 37 %, 29 %, 1155 MHz, 5000 MHz, 42.22 W, 78, P0
2026/09/30 07:34:10.524, Tesla T4, 6499 MiB, 8414 MiB, 15360 MiB, 39 %, 30 %, 1140 MHz, 5000 MHz, 49.77 W, 78, P0
2026/09/30 07:34:11.037, Tesla T4, 6499 MiB, 8414 MiB, 15360 MiB, 39 %, 30 %, 1140 MHz, 5000 MHz, 64.10 W, 79, P0
2026/09/30 07:34:11.549, Tesla T4, 6499 MiB, 8414 MiB, 15360 MiB, 42 %, 38 %, 1590 MHz, 5000 MHz, 65.85 W, 80, P0
2026/09/30 07:34:12.059, Tesla T4, 6499 MiB, 8414 MiB, 15360 MiB, 43 %, 38 %, 1575 MHz, 5000 MHz, 65.77 W, 80, P0
2026/09/30 07:34:12.583, Tesla T4, 6499 MiB, 8414 MiB, 15360 MiB, 54 %, 35 %, 1575 MHz, 5000 MHz, 67.54 W, 81, P0
2026/09/30 07:34:13.096, Tesla T4, 6499 MiB, 8414 MiB, 15360 MiB, 40 %, 35 %, 1560 MHz, 5000 MHz, 65.53 W, 81, P0
2026/09/30 07:34:13.633, Tesla T4, 6499 MiB, 8414 MiB, 15360 MiB, 39 %, 35 %, 1545 MHz, 5000 MHz, 67.04 W, 81, P0
2026/09/30 07:34:14.142, Tesla T4, 6499 MiB, 8414 MiB, 15360 MiB, 41 %, 37 %, 1575 MHz, 5000 MHz, 60.61 W, 81, P0
2026/09/30 07:34:14.670, Tesla T4, 6499 MiB, 8414 MiB, 15360 MiB, 41 %, 37 %, 1530 MHz, 5000 MHz, 68.24 W, 82, P0
2026/09/30 07:34:15.185, Tesla T4, 6499 MiB, 8414 MiB, 15360 MiB, 42 %, 38 %, 1575 MHz, 5000 MHz, 59.57 W, 82, P0
2026/09/30 07:34:15.704, Tesla T4, 6499 MiB, 8414 MiB, 15360 MiB, 32 %, 29 %, 1575 MHz, 5000 MHz, 68.32 W, 82, P0
2026/09/30 07:34:16.218, Tesla T4, 6499 MiB, 8414 MiB, 15360 MiB, 55 %, 26 %, 1590 MHz, 5000 MHz, 64.38 W, 81, P0
2026/09/30 07:34:16.734, Tesla T4, 6499 MiB, 8414 MiB, 15360 MiB, 40 %, 28 %, 1020 MHz, 5000 MHz, 61.58 W, 82, P0
2026/09/30 07:34:17.253, Tesla T4, 6499 MiB, 8414 MiB, 15360 MiB, 26 %, 24 %, 1590 MHz, 5000 MHz, 67.52 W, 82, P0
2026/09/30 07:34:17.767, Tesla T4, 6499 MiB, 8414 MiB, 15360 MiB, 60 %, 25 %, 1575 MHz, 5000 MHz, 50.33 W, 82, P0
2026/09/30 07:34:18.287, Tesla T4, 6499 MiB, 8414 MiB, 15360 MiB, 41 %, 37 %, 1110 MHz, 5000 MHz, 80.86 W, 83, P0
2026/09/30 07:34:18.800, Tesla T4, 6499 MiB, 8414 MiB, 15360 MiB, 40 %, 36 %, 1560 MHz, 5000 MHz, 67.10 W, 82, P0
2026/09/30 07:34:19.308, Tesla T4, 6499 MiB, 8414 MiB, 15360 MiB, 41 %, 36 %, 1575 MHz, 5000 MHz, 66.32 W, 82, P0
2026/09/30 07:34:19.820, Tesla T4, 6499 MiB, 8414 MiB, 15360 MiB, 41 %, 37 %, 1515 MHz, 5000 MHz, 69.54 W, 82, P0
2026/09/30 07:34:20.332, Tesla T4, 6499 MiB, 8414 MiB, 15360 MiB, 42 %, 38 %, 1530 MHz, 5000 MHz, 67.48 W, 82, P0
2026/09/30 07:34:20.841, Tesla T4, 6499 MiB, 8414 MiB, 15360 MiB, 39 %, 35 %, 1545 MHz, 5000 MHz, 71.38 W, 82, P0
2026/09/30 07:34:21.349, Tesla T4, 6499 MiB, 8414 MiB, 15360 MiB, 40 %, 36 %, 1575 MHz, 5000 MHz, 65.77 W, 82, P0
2026/09/30 07:34:21.864, Tesla T4, 6499 MiB, 8414 MiB, 15360 MiB, 40 %, 36 %, 1515 MHz, 5000 MHz, 64.59 W, 82, P0
2026/09/30 07:34:22.376, Tesla T4, 6499 MiB, 8414 MiB, 15360 MiB, 40 %, 36 %, 1575 MHz, 5000 MHz, 68.57 W, 82, P0
2026/09/30 07:34:22.884, Tesla T4, 6499 MiB, 8414 MiB, 15360 MiB, 39 %, 35 %, 1575 MHz, 5000 MHz, 66.12 W, 82, P0
2026/09/30 07:34:23.393, Tesla T4, 6499 MiB, 8414 MiB, 15360 MiB, 42 %, 38 %, 1515 MHz, 5000 MHz, 65.06 W, 82, P0
2026/09/30 07:34:23.907, Tesla T4, 6499 MiB, 8414 MiB, 15360 MiB, 38 %, 34 %, 1575 MHz, 5000 MHz, 67.55 W, 82, P0
2026/09/30 07:34:24.418, Tesla T4, 6499 MiB, 8414 MiB, 15360 MiB, 41 %, 37 %, 1545 MHz, 5000 MHz, 64.83 W, 82, P0
2026/09/30 07:34:24.926, Tesla T4, 6499 MiB, 8414 MiB, 15360 MiB, 65 %, 29 %, 1560 MHz, 5000 MHz, 59.47 W, 81, P0
2026/09/30 07:34:25.434, Tesla T4, 6499 MiB, 8414 MiB, 15360 MiB, 40 %, 37 %, 1545 MHz, 5000 MHz, 69.20 W, 81, P0
2026/09/30 07:34:25.945, Tesla T4, 6499 MiB, 8414 MiB, 15360 MiB, 39 %, 35 %, 1575 MHz, 5000 MHz, 70.39 W, 81, P0
2026/09/30 07:34:26.460, Tesla T4, 6499 MiB, 8414 MiB, 15360 MiB, 39 %, 35 %, 1545 MHz, 5000 MHz, 64.55 W, 81, P0
2026/09/30 07:34:26.968, Tesla T4, 6499 MiB, 8414 MiB, 15360 MiB, 39 %, 35 %, 1590 MHz, 5000 MHz, 69.90 W, 81, P0
2026/09/30 07:34:27.479, Tesla T4, 6499 MiB, 8414 MiB, 15360 MiB, 43 %, 39 %, 1575 MHz, 5000 MHz, 71.02 W, 81, P0
2026/09/30 07:34:27.990, Tesla T4, 6499 MiB, 8414 MiB, 15360 MiB, 40 %, 36 %, 1575 MHz, 5000 MHz, 58.55 W, 80, P0
2026/09/30 07:34:28.514, Tesla T4, 6499 MiB, 8414 MiB, 15360 MiB, 32 %, 29 %, 1560 MHz, 5000 MHz, 60.81 W, 80, P0
2026/09/30 07:34:29.051, Tesla T4, 6499 MiB, 8414 MiB, 15360 MiB, 33 %, 30 %, 1575 MHz, 5000 MHz, 60.34 W, 80, P0
2026/09/30 07:34:29.564, Tesla T4, 6499 MiB, 8414 MiB, 15360 MiB, 32 %, 29 %, 1575 MHz, 5000 MHz, 57.58 W, 80, P0
2026/09/30 07:34:30.082, Tesla T4, 6499 MiB, 8414 MiB, 15360 MiB, 28 %, 24 %, 1260 MHz, 5000 MHz, 49.77 W, 78, P0
2026/09/30 07:34:30.604, Tesla T4, 6499 MiB, 8414 MiB, 15360 MiB, 29 %, 25 %, 1215 MHz, 5000 MHz, 48.25 W, 78, P0
2026/09/30 07:34:31.126, Tesla T4, 6499 MiB, 8414 MiB, 15360 MiB, 42 %, 35 %, 1215 MHz, 5000 MHz, 52.10 W, 77, P0
2026/09/30 07:34:31.635, Tesla T4, 6499 MiB, 8414 MiB, 15360 MiB, 49 %, 38 %, 1545 MHz, 5000 MHz, 69.10 W, 78, P0
2026/09/30 07:34:32.144, Tesla T4, 6499 MiB, 8414 MiB, 15360 MiB, 39 %, 35 %, 1575 MHz, 5000 MHz, 66.46 W, 78, P0
2026/09/30 07:34:32.655, Tesla T4, 6499 MiB, 8414 MiB, 15360 MiB, 42 %, 38 %, 1575 MHz, 5000 MHz, 65.16 W, 78, P0
2026/09/30 07:34:33.164, Tesla T4, 6499 MiB, 8414 MiB, 15360 MiB, 47 %, 32 %, 1575 MHz, 5000 MHz, 61.16 W, 78, P0
2026/09/30 07:34:33.672, Tesla T4, 6499 MiB, 8414 MiB, 15360 MiB, 42 %, 37 %, 1590 MHz, 5000 MHz, 63.36 W, 78, P0
2026/09/30 07:34:34.181, Tesla T4, 6499 MiB, 8414 MiB, 15360 MiB, 38 %, 35 %, 1590 MHz, 5000 MHz, 64.55 W, 78, P0
2026/09/30 07:34:34.695, Tesla T4, 6499 MiB, 8414 MiB, 15360 MiB, 42 %, 38 %, 1560 MHz, 5000 MHz, 65.20 W, 78, P0
2026/09/30 07:34:35.203, Tesla T4, 6499 MiB, 8414 MiB, 15360 MiB, 38 %, 34 %, 1560 MHz, 5000 MHz, 70.00 W, 78, P0
2026/09/30 07:34:35.718, Tesla T4, 6499 MiB, 8414 MiB, 15360 MiB, 42 %, 38 %, 1185 MHz, 5000 MHz, 64.69 W, 78, P0
2026/09/30 07:34:36.229, Tesla T4, 6499 MiB, 8414 MiB, 15360 MiB, 38 %, 34 %, 1590 MHz, 5000 MHz, 65.20 W, 78, P0
2026/09/30 07:34:36.737, Tesla T4, 6499 MiB, 8414 MiB, 15360 MiB, 42 %, 38 %, 1560 MHz, 5000 MHz, 66.44 W, 77, P0
2026/09/30 07:34:37.253, Tesla T4, 6499 MiB, 8414 MiB, 15360 MiB, 67 %, 32 %, 1590 MHz, 5000 MHz, 65.42 W, 77, P0
2026/09/30 07:34:37.762, Tesla T4, 6499 MiB, 8414 MiB, 15360 MiB, 42 %, 38 %, 1575 MHz, 5000 MHz, 65.04 W, 77, P0
2026/09/30 07:34:38.271, Tesla T4, 6499 MiB, 8414 MiB, 15360 MiB, 40 %, 36 %, 1590 MHz, 5000 MHz, 72.94 W, 77, P0
2026/09/30 07:34:38.780, Tesla T4, 6499 MiB, 8414 MiB, 15360 MiB, 43 %, 38 %, 1560 MHz, 5000 MHz, 71.73 W, 77, P0
2026/09/30 07:34:39.292, Tesla T4, 6499 MiB, 8414 MiB, 15360 MiB, 41 %, 37 %, 1590 MHz, 5000 MHz, 63.97 W, 77, P0
2026/09/30 07:34:39.801, Tesla T4, 6499 MiB, 8414 MiB, 15360 MiB, 41 %, 37 %, 1590 MHz, 5000 MHz, 67.17 W, 77, P0
2026/09/30 07:34:40.311, Tesla T4, 6499 MiB, 8414 MiB, 15360 MiB, 38 %, 34 %, 1575 MHz, 5000 MHz, 64.69 W, 77, P0
2026/09/30 07:34:40.827, Tesla T4, 6499 MiB, 8414 MiB, 15360 MiB, 41 %, 37 %, 1590 MHz, 5000 MHz, 66.61 W, 76, P0
2026/09/30 07:34:41.345, Tesla T4, 6499 MiB, 8414 MiB, 15360 MiB, 30 %, 28 %, 1590 MHz, 5000 MHz, 59.60 W, 76, P0
2026/09/30 07:34:41.857, Tesla T4, 6499 MiB, 8414 MiB, 15360 MiB, 33 %, 30 %, 1545 MHz, 5000 MHz, 60.38 W, 76, P0
2026/09/30 07:34:42.375, Tesla T4, 6499 MiB, 8414 MiB, 15360 MiB, 61 %, 27 %, 1575 MHz, 5000 MHz, 54.72 W, 75, P0
2026/09/30 07:34:42.891, Tesla T4, 6499 MiB, 8414 MiB, 15360 MiB, 28 %, 25 %, 1590 MHz, 5000 MHz, 57.60 W, 76, P0
2026/09/30 07:34:43.409, Tesla T4, 6499 MiB, 8414 MiB, 15360 MiB, 26 %, 23 %, 1590 MHz, 5000 MHz, 54.40 W, 75, P0
2026/09/30 07:34:43.924, Tesla T4, 6499 MiB, 8414 MiB, 15360 MiB, 35 %, 32 %, 1590 MHz, 5000 MHz, 67.02 W, 76, P0
2026/09/30 07:34:44.434, Tesla T4, 6499 MiB, 8414 MiB, 15360 MiB, 41 %, 37 %, 1590 MHz, 5000 MHz, 61.85 W, 75, P0
2026/09/30 07:34:44.942, Tesla T4, 6499 MiB, 8414 MiB, 15360 MiB, 39 %, 35 %, 1590 MHz, 5000 MHz, 63.91 W, 76, P0
2026/09/30 07:34:45.451, Tesla T4, 6499 MiB, 8414 MiB, 15360 MiB, 39 %, 35 %, 1590 MHz, 5000 MHz, 62.85 W, 75, P0
2026/09/30 07:34:45.960, Tesla T4, 6499 MiB, 8414 MiB, 15360 MiB, 40 %, 36 %, 1590 MHz, 5000 MHz, 65.08 W, 75, P0
2026/09/30 07:34:46.474, Tesla T4, 6499 MiB, 8414 MiB, 15360 MiB, 42 %, 38 %, 1590 MHz, 5000 MHz, 70.25 W, 75, P0
2026/09/30 07:34:46.983, Tesla T4, 6499 MiB, 8414 MiB, 15360 MiB, 40 %, 37 %, 1590 MHz, 5000 MHz, 62.71 W, 75, P0
2026/09/30 07:34:47.498, Tesla T4, 6499 MiB, 8414 MiB, 15360 MiB, 41 %, 38 %, 1575 MHz, 5000 MHz, 65.83 W, 75, P0
2026/09/30 07:34:48.006, Tesla T4, 6499 MiB, 8414 MiB, 15360 MiB, 41 %, 38 %, 1590 MHz, 5000 MHz, 67.93 W, 75, P0
2026/09/30 07:34:48.521, Tesla T4, 6499 MiB, 8414 MiB, 15360 MiB, 42 %, 38 %, 1575 MHz, 5000 MHz, 64.06 W, 75, P0
2026/09/30 07:34:49.029, Tesla T4, 6499 MiB, 8414 MiB, 15360 MiB, 37 %, 34 %, 1575 MHz, 5000 MHz, 64.24 W, 75, P0
2026/09/30 07:34:49.541, Tesla T4, 6499 MiB, 8414 MiB, 15360 MiB, 42 %, 38 %, 1590 MHz, 5000 MHz, 64.95 W, 75, P0
2026/09/30 07:34:50.049, Tesla T4, 6499 MiB, 8414 MiB, 15360 MiB, 40 %, 37 %, 1335 MHz, 5000 MHz, 69.66 W, 75, P0
2026/09/30 07:34:50.557, Tesla T4, 6499 MiB, 8414 MiB, 15360 MiB, 38 %, 35 %, 1590 MHz, 5000 MHz, 64.10 W, 75, P0
2026/09/30 07:34:51.068, Tesla T4, 6499 MiB, 8414 MiB, 15360 MiB, 35 %, 31 %, 1590 MHz, 5000 MHz, 63.12 W, 75, P0
2026/09/30 07:34:51.578, Tesla T4, 6499 MiB, 8414 MiB, 15360 MiB, 43 %, 37 %, 1590 MHz, 5000 MHz, 64.95 W, 75, P0
2026/09/30 07:34:52.086, Tesla T4, 6499 MiB, 8414 MiB, 15360 MiB, 56 %, 33 %, 1545 MHz, 5000 MHz, 52.20 W, 74, P0
2026/09/30 07:34:52.595, Tesla T4, 6499 MiB, 8414 MiB, 15360 MiB, 53 %, 34 %, 1170 MHz, 5000 MHz, 72.79 W, 75, P0
2026/09/30 07:34:53.111, Tesla T4, 6499 MiB, 8414 MiB, 15360 MiB, 39 %, 35 %, 1590 MHz, 5000 MHz, 64.89 W, 75, P0
2026/09/30 07:34:53.620, Tesla T4, 6499 MiB, 8414 MiB, 15360 MiB, 40 %, 36 %, 1590 MHz, 5000 MHz, 70.00 W, 74, P0
2026/09/30 07:34:54.137, Tesla T4, 6499 MiB, 8414 MiB, 15360 MiB, 31 %, 28 %, 1590 MHz, 5000 MHz, 57.47 W, 74, P0
2026/09/30 07:34:54.651, Tesla T4, 6499 MiB, 8414 MiB, 15360 MiB, 31 %, 28 %, 1590 MHz, 5000 MHz, 62.47 W, 74, P0
2026/09/30 07:34:55.165, Tesla T4, 6499 MiB, 8414 MiB, 15360 MiB, 31 %, 28 %, 1590 MHz, 5000 MHz, 59.49 W, 74, P0
2026/09/30 07:34:55.678, Tesla T4, 6499 MiB, 8414 MiB, 15360 MiB, 29 %, 25 %, 1290 MHz, 5000 MHz, 48.39 W, 73, P0
2026/09/30 07:34:56.203, Tesla T4, 6499 MiB, 8414 MiB, 15360 MiB, 29 %, 25 %, 1215 MHz, 5000 MHz, 45.89 W, 72, P0
2026/09/30 07:34:56.719, Tesla T4, 6499 MiB, 8414 MiB, 15360 MiB, 43 %, 36 %, 1275 MHz, 5000 MHz, 52.07 W, 73, P0
2026/09/30 07:34:57.229, Tesla T4, 6499 MiB, 8414 MiB, 15360 MiB, 41 %, 36 %, 1425 MHz, 5000 MHz, 53.84 W, 73, P0
2026/09/30 07:34:57.738, Tesla T4, 6499 MiB, 8414 MiB, 15360 MiB, 41 %, 37 %, 1545 MHz, 5000 MHz, 62.56 W, 73, P0
2026/09/30 07:34:58.250, Tesla T4, 6499 MiB, 8414 MiB, 15360 MiB, 50 %, 33 %, 1185 MHz, 5000 MHz, 55.58 W, 73, P0
2026/09/30 07:34:58.760, Tesla T4, 6499 MiB, 8414 MiB, 15360 MiB, 41 %, 37 %, 1590 MHz, 5000 MHz, 62.08 W, 74, P0
2026/09/30 07:34:59.269, Tesla T4, 6499 MiB, 8414 MiB, 15360 MiB, 38 %, 34 %, 1590 MHz, 5000 MHz, 65.22 W, 74, P0
2026/09/30 07:34:59.778, Tesla T4, 6499 MiB, 8414 MiB, 15360 MiB, 41 %, 37 %, 1590 MHz, 5000 MHz, 63.03 W, 74, P0
2026/09/30 07:35:00.287, Tesla T4, 6499 MiB, 8414 MiB, 15360 MiB, 37 %, 33 %, 1590 MHz, 5000 MHz, 68.07 W, 74, P0
2026/09/30 07:35:00.795, Tesla T4, 6499 MiB, 8414 MiB, 15360 MiB, 41 %, 37 %, 1590 MHz, 5000 MHz, 63.38 W, 74, P0
2026/09/30 07:35:01.305, Tesla T4, 6499 MiB, 8414 MiB, 15360 MiB, 38 %, 34 %, 1545 MHz, 5000 MHz, 64.97 W, 74, P0
2026/09/30 07:35:01.814, Tesla T4, 6499 MiB, 8414 MiB, 15360 MiB, 41 %, 37 %, 1590 MHz, 5000 MHz, 64.24 W, 74, P0
2026/09/30 07:35:02.323, Tesla T4, 6499 MiB, 8414 MiB, 15360 MiB, 38 %, 34 %, 1575 MHz, 5000 MHz, 66.11 W, 74, P0
2026/09/30 07:35:02.834, Tesla T4, 6499 MiB, 8414 MiB, 15360 MiB, 42 %, 38 %, 1590 MHz, 5000 MHz, 66.47 W, 74, P0
2026/09/30 07:35:03.343, Tesla T4, 6499 MiB, 8414 MiB, 15360 MiB, 40 %, 36 %, 1590 MHz, 5000 MHz, 65.38 W, 74, P0
2026/09/30 07:35:03.855, Tesla T4, 6499 MiB, 8414 MiB, 15360 MiB, 42 %, 39 %, 1575 MHz, 5000 MHz, 64.48 W, 74, P0
2026/09/30 07:35:04.365, Tesla T4, 6499 MiB, 8414 MiB, 15360 MiB, 40 %, 37 %, 1575 MHz, 5000 MHz, 60.67 W, 74, P0
2026/09/30 07:35:04.874, Tesla T4, 6499 MiB, 8414 MiB, 15360 MiB, 42 %, 39 %, 1590 MHz, 5000 MHz, 58.15 W, 74, P0
2026/09/30 07:35:05.390, Tesla T4, 6499 MiB, 8414 MiB, 15360 MiB, 61 %, 34 %, 1575 MHz, 5000 MHz, 70.35 W, 74, P0
2026/09/30 07:35:05.898, Tesla T4, 6499 MiB, 8414 MiB, 15360 MiB, 57 %, 34 %, 1365 MHz, 5000 MHz, 52.43 W, 74, P0
2026/09/30 07:35:06.416, Tesla T4, 6499 MiB, 8414 MiB, 15360 MiB, 40 %, 37 %, 1590 MHz, 5000 MHz, 55.05 W, 74, P0
2026/09/30 07:35:06.931, Tesla T4, 6499 MiB, 8414 MiB, 15360 MiB, 32 %, 29 %, 1590 MHz, 5000 MHz, 62.24 W, 74, P0
2026/09/30 07:35:07.443, Tesla T4, 6499 MiB, 8414 MiB, 15360 MiB, 44 %, 28 %, 1215 MHz, 5000 MHz, 57.34 W, 75, P0
2026/09/30 07:35:07.969, Tesla T4, 6499 MiB, 8414 MiB, 15360 MiB, 33 %, 30 %, 1590 MHz, 5000 MHz, 58.26 W, 74, P0
2026/09/30 07:35:08.483, Tesla T4, 6499 MiB, 8414 MiB, 15360 MiB, 31 %, 26 %, 1590 MHz, 5000 MHz, 58.03 W, 74, P0
2026/09/30 07:35:09.002, Tesla T4, 6499 MiB, 8414 MiB, 15360 MiB, 27 %, 24 %, 1590 MHz, 5000 MHz, 62.50 W, 75, P0
2026/09/30 07:35:09.516, Tesla T4, 6499 MiB, 8414 MiB, 15360 MiB, 41 %, 38 %, 1575 MHz, 5000 MHz, 62.91 W, 75, P0
2026/09/30 07:35:10.024, Tesla T4, 6499 MiB, 8414 MiB, 15360 MiB, 43 %, 39 %, 1590 MHz, 5000 MHz, 64.40 W, 75, P0
2026/09/30 07:35:10.534, Tesla T4, 6499 MiB, 8414 MiB, 15360 MiB, 42 %, 38 %, 1590 MHz, 5000 MHz, 58.82 W, 75, P0
2026/09/30 07:35:11.042, Tesla T4, 6499 MiB, 8414 MiB, 15360 MiB, 42 %, 38 %, 1590 MHz, 5000 MHz, 65.38 W, 75, P0
2026/09/30 07:35:11.550, Tesla T4, 6499 MiB, 8414 MiB, 15360 MiB, 42 %, 38 %, 1590 MHz, 5000 MHz, 61.85 W, 75, P0
2026/09/30 07:35:12.064, Tesla T4, 6499 MiB, 8414 MiB, 15360 MiB, 38 %, 35 %, 1590 MHz, 5000 MHz, 68.40 W, 75, P0
2026/09/30 07:35:12.572, Tesla T4, 6499 MiB, 8414 MiB, 15360 MiB, 41 %, 37 %, 1575 MHz, 5000 MHz, 59.97 W, 75, P0
2026/09/30 07:35:13.097, Tesla T4, 6499 MiB, 8414 MiB, 15360 MiB, 40 %, 36 %, 1590 MHz, 5000 MHz, 61.58 W, 75, P0
2026/09/30 07:35:13.605, Tesla T4, 6499 MiB, 8414 MiB, 15360 MiB, 41 %, 37 %, 1590 MHz, 5000 MHz, 64.12 W, 76, P0
2026/09/30 07:35:14.122, Tesla T4, 6499 MiB, 8414 MiB, 15360 MiB, 49 %, 35 %, 1140 MHz, 5000 MHz, 65.53 W, 76, P0
2026/09/30 07:35:14.631, Tesla T4, 6499 MiB, 8414 MiB, 15360 MiB, 41 %, 37 %, 1590 MHz, 5000 MHz, 62.63 W, 76, P0
2026/09/30 07:35:15.140, Tesla T4, 6499 MiB, 8414 MiB, 15360 MiB, 40 %, 36 %, 1590 MHz, 5000 MHz, 67.72 W, 76, P0
2026/09/30 07:35:15.651, Tesla T4, 6499 MiB, 8414 MiB, 15360 MiB, 42 %, 38 %, 1530 MHz, 5000 MHz, 66.85 W, 76, P0
2026/09/30 07:35:16.159, Tesla T4, 6499 MiB, 8414 MiB, 15360 MiB, 42 %, 38 %, 1590 MHz, 5000 MHz, 65.48 W, 76, P0
2026/09/30 07:35:16.673, Tesla T4, 6499 MiB, 8414 MiB, 15360 MiB, 41 %, 37 %, 1590 MHz, 5000 MHz, 66.08 W, 76, P0
2026/09/30 07:35:17.183, Tesla T4, 6499 MiB, 8414 MiB, 15360 MiB, 40 %, 37 %, 1575 MHz, 5000 MHz, 67.63 W, 77, P0
2026/09/30 07:35:17.695, Tesla T4, 6499 MiB, 8414 MiB, 15360 MiB, 43 %, 39 %, 1575 MHz, 5000 MHz, 67.30 W, 77, P0
2026/09/30 07:35:18.205, Tesla T4, 6499 MiB, 8414 MiB, 15360 MiB, 42 %, 38 %, 1575 MHz, 5000 MHz, 62.65 W, 77, P0
2026/09/30 07:35:18.713, Tesla T4, 6499 MiB, 8414 MiB, 15360 MiB, 40 %, 36 %, 1590 MHz, 5000 MHz, 71.23 W, 77, P0
2026/09/30 07:35:19.223, Tesla T4, 6499 MiB, 8414 MiB, 15360 MiB, 40 %, 36 %, 1590 MHz, 5000 MHz, 54.72 W, 77, P0
2026/09/30 07:35:19.742, Tesla T4, 6499 MiB, 8414 MiB, 15360 MiB, 32 %, 29 %, 1590 MHz, 5000 MHz, 62.01 W, 77, P0
2026/09/30 07:35:20.257, Tesla T4, 6499 MiB, 8414 MiB, 15360 MiB, 33 %, 30 %, 1590 MHz, 5000 MHz, 64.77 W, 77, P0
2026/09/30 07:35:20.773, Tesla T4, 6499 MiB, 8414 MiB, 15360 MiB, 31 %, 28 %, 1590 MHz, 5000 MHz, 66.99 W, 77, P0
2026/09/30 07:35:21.288, Tesla T4, 6499 MiB, 8414 MiB, 15360 MiB, 55 %, 24 %, 1575 MHz, 5000 MHz, 58.42 W, 77, P0
2026/09/30 07:35:21.813, Tesla T4, 6499 MiB, 8414 MiB, 15360 MiB, 26 %, 24 %, 1590 MHz, 5000 MHz, 59.09 W, 77, P0
2026/09/30 07:35:22.331, Tesla T4, 6499 MiB, 8414 MiB, 15360 MiB, 40 %, 36 %, 1560 MHz, 5000 MHz, 63.57 W, 78, P0
2026/09/30 07:35:22.839, Tesla T4, 6499 MiB, 8414 MiB, 15360 MiB, 65 %, 32 %, 1590 MHz, 5000 MHz, 65.14 W, 78, P0
2026/09/30 07:35:23.348, Tesla T4, 6499 MiB, 8414 MiB, 15360 MiB, 41 %, 38 %, 1590 MHz, 5000 MHz, 67.28 W, 78, P0
2026/09/30 07:35:23.857, Tesla T4, 6499 MiB, 8414 MiB, 15360 MiB, 42 %, 38 %, 1545 MHz, 5000 MHz, 65.42 W, 79, P0
2026/09/30 07:35:24.365, Tesla T4, 6499 MiB, 8414 MiB, 15360 MiB, 42 %, 38 %, 1575 MHz, 5000 MHz, 68.63 W, 79, P0
2026/09/30 07:35:24.882, Tesla T4, 6499 MiB, 8414 MiB, 15360 MiB, 41 %, 37 %, 1590 MHz, 5000 MHz, 70.44 W, 79, P0
2026/09/30 07:35:25.390, Tesla T4, 6499 MiB, 8414 MiB, 15360 MiB, 41 %, 37 %, 1575 MHz, 5000 MHz, 60.75 W, 79, P0
2026/09/30 07:35:25.899, Tesla T4, 6499 MiB, 8414 MiB, 15360 MiB, 42 %, 38 %, 1545 MHz, 5000 MHz, 64.71 W, 79, P0
2026/09/30 07:35:26.407, Tesla T4, 6499 MiB, 8414 MiB, 15360 MiB, 44 %, 40 %, 1575 MHz, 5000 MHz, 69.07 W, 80, P0
2026/09/30 07:35:26.920, Tesla T4, 6499 MiB, 8414 MiB, 15360 MiB, 43 %, 39 %, 1575 MHz, 5000 MHz, 62.79 W, 80, P0
2026/09/30 07:35:27.431, Tesla T4, 6499 MiB, 8414 MiB, 15360 MiB, 43 %, 39 %, 1575 MHz, 5000 MHz, 68.93 W, 80, P0
2026/09/30 07:35:27.940, Tesla T4, 6499 MiB, 8414 MiB, 15360 MiB, 43 %, 39 %, 1590 MHz, 5000 MHz, 67.24 W, 80, P0
2026/09/30 07:35:28.448, Tesla T4, 6499 MiB, 8414 MiB, 15360 MiB, 41 %, 36 %, 1560 MHz, 5000 MHz, 64.75 W, 80, P0
2026/09/30 07:35:28.957, Tesla T4, 6499 MiB, 8414 MiB, 15360 MiB, 62 %, 34 %, 1590 MHz, 5000 MHz, 68.49 W, 80, P0
2026/09/30 07:35:29.467, Tesla T4, 6499 MiB, 8414 MiB, 15360 MiB, 38 %, 35 %, 1515 MHz, 5000 MHz, 66.22 W, 80, P0
2026/09/30 07:35:29.978, Tesla T4, 6499 MiB, 8414 MiB, 15360 MiB, 40 %, 36 %, 1575 MHz, 5000 MHz, 68.39 W, 80, P0
2026/09/30 07:35:30.487, Tesla T4, 6499 MiB, 8414 MiB, 15360 MiB, 38 %, 34 %, 1575 MHz, 5000 MHz, 68.72 W, 81, P0
2026/09/30 07:35:30.995, Tesla T4, 6499 MiB, 8414 MiB, 15360 MiB, 42 %, 38 %, 1545 MHz, 5000 MHz, 64.22 W, 81, P0
2026/09/30 07:35:31.509, Tesla T4, 6499 MiB, 8414 MiB, 15360 MiB, 39 %, 35 %, 1065 MHz, 5000 MHz, 89.52 W, 81, P0
2026/09/30 07:35:32.018, Tesla T4, 6499 MiB, 8414 MiB, 15360 MiB, 31 %, 28 %, 1590 MHz, 5000 MHz, 58.78 W, 81, P0
2026/09/30 07:35:32.535, Tesla T4, 6499 MiB, 8414 MiB, 15360 MiB, 42 %, 27 %, 1455 MHz, 5000 MHz, 60.26 W, 80, P0
2026/09/30 07:35:33.050, Tesla T4, 6499 MiB, 8414 MiB, 15360 MiB, 63 %, 27 %, 1320 MHz, 5000 MHz, 67.26 W, 80, P0
2026/09/30 07:35:33.575, Tesla T4, 6499 MiB, 8414 MiB, 15360 MiB, 30 %, 27 %, 1590 MHz, 5000 MHz, 60.00 W, 80, P0
2026/09/30 07:35:34.087, Tesla T4, 6499 MiB, 8414 MiB, 15360 MiB, 30 %, 27 %, 1590 MHz, 5000 MHz, 60.81 W, 80, P0
2026/09/30 07:35:34.601, Tesla T4, 6499 MiB, 8414 MiB, 15360 MiB, 26 %, 24 %, 1590 MHz, 5000 MHz, 64.83 W, 80, P0
2026/09/30 07:35:35.123, Tesla T4, 6499 MiB, 8414 MiB, 15360 MiB, 40 %, 36 %, 1560 MHz, 5000 MHz, 66.26 W, 81, P0
2026/09/30 07:35:35.637, Tesla T4, 6499 MiB, 8414 MiB, 15360 MiB, 39 %, 35 %, 1590 MHz, 5000 MHz, 65.63 W, 81, P0
2026/09/30 07:35:36.145, Tesla T4, 6499 MiB, 8414 MiB, 15360 MiB, 41 %, 37 %, 1530 MHz, 5000 MHz, 72.50 W, 81, P0
2026/09/30 07:35:36.654, Tesla T4, 6499 MiB, 8414 MiB, 15360 MiB, 39 %, 35 %, 1560 MHz, 5000 MHz, 65.59 W, 81, P0
2026/09/30 07:35:37.165, Tesla T4, 6499 MiB, 8414 MiB, 15360 MiB, 41 %, 37 %, 1530 MHz, 5000 MHz, 64.48 W, 80, P0
2026/09/30 07:35:37.676, Tesla T4, 6499 MiB, 8414 MiB, 15360 MiB, 39 %, 35 %, 1575 MHz, 5000 MHz, 68.58 W, 80, P0
2026/09/30 07:35:38.185, Tesla T4, 6499 MiB, 8414 MiB, 15360 MiB, 39 %, 36 %, 1440 MHz, 5000 MHz, 63.22 W, 80, P0
2026/09/30 07:35:38.699, Tesla T4, 6499 MiB, 8414 MiB, 15360 MiB, 32 %, 28 %, 1590 MHz, 5000 MHz, 60.39 W, 80, P0
2026/09/30 07:35:39.207, Tesla T4, 6499 MiB, 8414 MiB, 15360 MiB, 34 %, 29 %, 1590 MHz, 5000 MHz, 63.95 W, 80, P0
2026/09/30 07:35:39.715, Tesla T4, 6499 MiB, 8414 MiB, 15360 MiB, 34 %, 29 %, 1590 MHz, 5000 MHz, 63.77 W, 80, P0
2026/09/30 07:35:40.225, Tesla T4, 6499 MiB, 8414 MiB, 15360 MiB, 34 %, 28 %, 1410 MHz, 5000 MHz, 53.19 W, 79, P0
2026/09/30 07:35:40.733, Tesla T4, 6499 MiB, 8414 MiB, 15360 MiB, 35 %, 28 %, 1380 MHz, 5000 MHz, 51.90 W, 78, P0
2026/09/30 07:35:41.242, Tesla T4, 6499 MiB, 8414 MiB, 15360 MiB, 35 %, 28 %, 1350 MHz, 5000 MHz, 52.62 W, 78, P0
2026/09/30 07:35:41.751, Tesla T4, 6499 MiB, 8414 MiB, 15360 MiB, 36 %, 29 %, 1305 MHz, 5000 MHz, 47.80 W, 77, P0
2026/09/30 07:35:42.260, Tesla T4, 6499 MiB, 8414 MiB, 15360 MiB, 37 %, 30 %, 1275 MHz, 5000 MHz, 50.36 W, 77, P0
2026/09/30 07:35:42.773, Tesla T4, 6499 MiB, 8414 MiB, 15360 MiB, 36 %, 29 %, 1260 MHz, 5000 MHz, 46.28 W, 77, P0
2026/09/30 07:35:43.282, Tesla T4, 6499 MiB, 8414 MiB, 15360 MiB, 36 %, 29 %, 1230 MHz, 5000 MHz, 47.93 W, 77, P0
2026/09/30 07:35:43.791, Tesla T4, 6499 MiB, 8414 MiB, 15360 MiB, 38 %, 30 %, 1215 MHz, 5000 MHz, 48.66 W, 76, P0
2026/09/30 07:35:44.310, Tesla T4, 6499 MiB, 8414 MiB, 15360 MiB, 39 %, 30 %, 1185 MHz, 5000 MHz, 47.87 W, 76, P0
2026/09/30 07:35:44.823, Tesla T4, 6499 MiB, 8414 MiB, 15360 MiB, 37 %, 29 %, 1185 MHz, 5000 MHz, 44.01 W, 76, P0
2026/09/30 07:35:45.336, Tesla T4, 6499 MiB, 8414 MiB, 15360 MiB, 31 %, 24 %, 1095 MHz, 5000 MHz, 42.49 W, 75, P0
2026/09/30 07:35:45.868, Tesla T4, 6499 MiB, 8414 MiB, 15360 MiB, 32 %, 24 %, 1050 MHz, 5000 MHz, 43.55 W, 75, P0
2026/09/30 07:35:46.404, Tesla T4, 6499 MiB, 8414 MiB, 15360 MiB, 31 %, 23 %, 975 MHz, 5000 MHz, 39.78 W, 74, P0
2026/09/30 07:35:46.922, Tesla T4, 6499 MiB, 8414 MiB, 15360 MiB, 33 %, 24 %, 915 MHz, 5000 MHz, 42.66 W, 74, P0
2026/09/30 07:35:47.437, Tesla T4, 6499 MiB, 8414 MiB, 15360 MiB, 27 %, 19 %, 870 MHz, 5000 MHz, 42.39 W, 74, P0
2026/09/30 07:35:47.947, Tesla T4, 6499 MiB, 8414 MiB, 15360 MiB, 42 %, 30 %, 990 MHz, 5000 MHz, 44.73 W, 74, P0
2026/09/30 07:35:48.459, Tesla T4, 6499 MiB, 8414 MiB, 15360 MiB, 39 %, 29 %, 990 MHz, 5000 MHz, 45.49 W, 74, P0
2026/09/30 07:35:48.971, Tesla T4, 6499 MiB, 8414 MiB, 15360 MiB, 39 %, 29 %, 1035 MHz, 5000 MHz, 44.71 W, 74, P0
2026/09/30 07:35:49.480, Tesla T4, 6499 MiB, 8414 MiB, 15360 MiB, 41 %, 30 %, 1065 MHz, 5000 MHz, 48.49 W, 74, P0
2026/09/30 07:35:49.993, Tesla T4, 6499 MiB, 8414 MiB, 15360 MiB, 39 %, 31 %, 1155 MHz, 5000 MHz, 48.79 W, 74, P0
2026/09/30 07:35:50.502, Tesla T4, 6499 MiB, 8414 MiB, 15360 MiB, 40 %, 31 %, 1170 MHz, 5000 MHz, 47.53 W, 74, P0
2026/09/30 07:35:51.037, Tesla T4, 6499 MiB, 8414 MiB, 15360 MiB, 38 %, 30 %, 1170 MHz, 5000 MHz, 45.76 W, 73, P0
2026/09/30 07:35:51.566, Tesla T4, 6499 MiB, 8414 MiB, 15360 MiB, 41 %, 32 %, 1245 MHz, 5000 MHz, 49.96 W, 73, P0
2026/09/30 07:35:52.076, Tesla T4, 6499 MiB, 8414 MiB, 15360 MiB, 38 %, 30 %, 1245 MHz, 5000 MHz, 54.10 W, 73, P0
2026/09/30 07:35:52.587, Tesla T4, 6499 MiB, 8414 MiB, 15360 MiB, 40 %, 32 %, 1245 MHz, 5000 MHz, 51.08 W, 73, P0
2026/09/30 07:35:53.096, Tesla T4, 6499 MiB, 8414 MiB, 15360 MiB, 38 %, 31 %, 1245 MHz, 5000 MHz, 67.69 W, 74, P0
2026/09/30 07:35:53.610, Tesla T4, 6499 MiB, 8414 MiB, 15360 MiB, 35 %, 30 %, 1590 MHz, 5000 MHz, 60.94 W, 74, P0
2026/09/30 07:35:54.118, Tesla T4, 6499 MiB, 8414 MiB, 15360 MiB, 34 %, 29 %, 1590 MHz, 5000 MHz, 61.53 W, 74, P0
2026/09/30 07:35:54.626, Tesla T4, 6499 MiB, 8414 MiB, 15360 MiB, 35 %, 30 %, 1590 MHz, 5000 MHz, 60.29 W, 74, P0
2026/09/30 07:35:55.136, Tesla T4, 6499 MiB, 8414 MiB, 15360 MiB, 37 %, 30 %, 1410 MHz, 5000 MHz, 53.12 W, 74, P0
2026/09/30 07:35:55.644, Tesla T4, 6499 MiB, 8414 MiB, 15360 MiB, 37 %, 30 %, 1380 MHz, 5000 MHz, 56.96 W, 74, P0
2026/09/30 07:35:56.152, Tesla T4, 6499 MiB, 8414 MiB, 15360 MiB, 37 %, 30 %, 1335 MHz, 5000 MHz, 51.65 W, 74, P0
2026/09/30 07:35:56.662, Tesla T4, 6499 MiB, 8414 MiB, 15360 MiB, 38 %, 30 %, 1320 MHz, 5000 MHz, 50.92 W, 74, P0
2026/09/30 07:35:57.171, Tesla T4, 6499 MiB, 8414 MiB, 15360 MiB, 37 %, 30 %, 1290 MHz, 5000 MHz, 49.11 W, 73, P0
2026/09/30 07:35:57.681, Tesla T4, 6499 MiB, 8414 MiB, 15360 MiB, 28 %, 22 %, 1245 MHz, 5000 MHz, 43.57 W, 73, P0
2026/09/30 07:35:58.208, Tesla T4, 6499 MiB, 8414 MiB, 15360 MiB, 30 %, 23 %, 1155 MHz, 5000 MHz, 42.86 W, 73, P0
2026/09/30 07:35:58.737, Tesla T4, 6499 MiB, 8414 MiB, 15360 MiB, 32 %, 24 %, 1080 MHz, 5000 MHz, 43.06 W, 73, P0
2026/09/30 07:35:59.267, Tesla T4, 6499 MiB, 8414 MiB, 15360 MiB, 28 %, 21 %, 1035 MHz, 5000 MHz, 42.34 W, 73, P0
2026/09/30 07:35:59.784, Tesla T4, 6499 MiB, 8414 MiB, 15360 MiB, 33 %, 24 %, 960 MHz, 5000 MHz, 42.66 W, 72, P0
2026/09/30 07:36:00.305, Tesla T4, 6499 MiB, 8414 MiB, 15360 MiB, 25 %, 18 %, 900 MHz, 5000 MHz, 41.87 W, 72, P0
2026/09/30 07:36:00.820, Tesla T4, 6499 MiB, 8414 MiB, 15360 MiB, 41 %, 29 %, 975 MHz, 5000 MHz, 43.15 W, 73, P0
2026/09/30 07:36:01.330, Tesla T4, 6499 MiB, 8414 MiB, 15360 MiB, 42 %, 31 %, 1050 MHz, 5000 MHz, 45.32 W, 73, P0
2026/09/30 07:36:01.840, Tesla T4, 6499 MiB, 8414 MiB, 15360 MiB, 38 %, 29 %, 1155 MHz, 5000 MHz, 51.31 W, 73, P0
2026/09/30 07:36:02.351, Tesla T4, 6499 MiB, 8414 MiB, 15360 MiB, 41 %, 32 %, 1200 MHz, 5000 MHz, 48.08 W, 73, P0
2026/09/30 07:36:02.861, Tesla T4, 6499 MiB, 8414 MiB, 15360 MiB, 36 %, 28 %, 1200 MHz, 5000 MHz, 52.99 W, 73, P0
2026/09/30 07:36:03.373, Tesla T4, 6499 MiB, 8414 MiB, 15360 MiB, 40 %, 32 %, 1200 MHz, 5000 MHz, 47.21 W, 73, P0
2026/09/30 07:36:03.882, Tesla T4, 6499 MiB, 8414 MiB, 15360 MiB, 37 %, 29 %, 1200 MHz, 5000 MHz, 49.49 W, 73, P0
2026/09/30 07:36:04.391, Tesla T4, 6499 MiB, 8414 MiB, 15360 MiB, 41 %, 32 %, 1230 MHz, 5000 MHz, 50.00 W, 73, P0
2026/09/30 07:36:04.903, Tesla T4, 6499 MiB, 8414 MiB, 15360 MiB, 35 %, 28 %, 1230 MHz, 5000 MHz, 47.47 W, 73, P0
2026/09/30 07:36:05.412, Tesla T4, 6499 MiB, 8414 MiB, 15360 MiB, 40 %, 32 %, 1245 MHz, 5000 MHz, 49.87 W, 73, P0
2026/09/30 07:36:05.924, Tesla T4, 6499 MiB, 8414 MiB, 15360 MiB, 36 %, 29 %, 1245 MHz, 5000 MHz, 46.55 W, 74, P0
2026/09/30 07:36:06.436, Tesla T4, 6499 MiB, 8414 MiB, 15360 MiB, 39 %, 32 %, 1245 MHz, 5000 MHz, 49.74 W, 74, P0
2026/09/30 07:36:06.946, Tesla T4, 6499 MiB, 8414 MiB, 15360 MiB, 36 %, 29 %, 1245 MHz, 5000 MHz, 50.95 W, 74, P0
2026/09/30 07:36:07.454, Tesla T4, 6499 MiB, 8414 MiB, 15360 MiB, 39 %, 31 %, 1245 MHz, 5000 MHz, 50.29 W, 74, P0
2026/09/30 07:36:07.965, Tesla T4, 6499 MiB, 8414 MiB, 15360 MiB, 40 %, 32 %, 1245 MHz, 5000 MHz, 47.90 W, 74, P0
2026/09/30 07:36:08.489, Tesla T4, 6499 MiB, 8414 MiB, 15360 MiB, 35 %, 29 %, 1590 MHz, 5000 MHz, 63.40 W, 75, P0
2026/09/30 07:36:08.997, Tesla T4, 6499 MiB, 8414 MiB, 15360 MiB, 31 %, 26 %, 1590 MHz, 5000 MHz, 59.01 W, 75, P0
2026/09/30 07:36:09.505, Tesla T4, 6499 MiB, 8414 MiB, 15360 MiB, 36 %, 31 %, 1590 MHz, 5000 MHz, 60.32 W, 76, P0
2026/09/30 07:36:10.014, Tesla T4, 6499 MiB, 8414 MiB, 15360 MiB, 32 %, 26 %, 1440 MHz, 5000 MHz, 58.00 W, 75, P0
2026/09/30 07:36:10.525, Tesla T4, 6499 MiB, 8414 MiB, 15360 MiB, 30 %, 24 %, 1395 MHz, 5000 MHz, 49.86 W, 75, P0
2026/09/30 07:36:11.053, Tesla T4, 6499 MiB, 8414 MiB, 15360 MiB, 24 %, 19 %, 1275 MHz, 5000 MHz, 47.83 W, 75, P0
2026/09/30 07:36:11.576, Tesla T4, 6499 MiB, 8414 MiB, 15360 MiB, 31 %, 25 %, 1200 MHz, 5000 MHz, 46.72 W, 75, P0
2026/09/30 07:36:12.123, Tesla T4, 6499 MiB, 8414 MiB, 15360 MiB, 27 %, 21 %, 1140 MHz, 5000 MHz, 43.35 W, 75, P0
2026/09/30 07:36:12.638, Tesla T4, 6499 MiB, 8414 MiB, 15360 MiB, 31 %, 24 %, 1065 MHz, 5000 MHz, 46.68 W, 74, P0
2026/09/30 07:36:13.154, Tesla T4, 6499 MiB, 8414 MiB, 15360 MiB, 25 %, 19 %, 990 MHz, 5000 MHz, 41.70 W, 74, P0
2026/09/30 07:36:13.666, Tesla T4, 6499 MiB, 8414 MiB, 15360 MiB, 41 %, 31 %, 1080 MHz, 5000 MHz, 48.39 W, 75, P0
2026/09/30 07:36:14.176, Tesla T4, 6499 MiB, 8414 MiB, 15360 MiB, 38 %, 29 %, 1095 MHz, 5000 MHz, 50.30 W, 75, P0
2026/09/30 07:36:14.688, Tesla T4, 6499 MiB, 8414 MiB, 15360 MiB, 40 %, 31 %, 1095 MHz, 5000 MHz, 48.35 W, 75, P0
2026/09/30 07:36:15.197, Tesla T4, 6499 MiB, 8414 MiB, 15360 MiB, 37 %, 29 %, 1095 MHz, 5000 MHz, 43.06 W, 75, P0
2026/09/30 07:36:15.707, Tesla T4, 6499 MiB, 8414 MiB, 15360 MiB, 41 %, 31 %, 1140 MHz, 5000 MHz, 46.06 W, 75, P0
2026/09/30 07:36:16.219, Tesla T4, 6499 MiB, 8414 MiB, 15360 MiB, 37 %, 29 %, 1140 MHz, 5000 MHz, 48.13 W, 75, P0
2026/09/30 07:36:16.728, Tesla T4, 6499 MiB, 8414 MiB, 15360 MiB, 38 %, 29 %, 1140 MHz, 5000 MHz, 47.66 W, 75, P0
2026/09/30 07:36:17.239, Tesla T4, 6499 MiB, 8414 MiB, 15360 MiB, 38 %, 29 %, 1140 MHz, 5000 MHz, 46.59 W, 75, P0
2026/09/30 07:36:17.752, Tesla T4, 6499 MiB, 8414 MiB, 15360 MiB, 40 %, 31 %, 1110 MHz, 5000 MHz, 47.90 W, 76, P0
2026/09/30 07:36:18.264, Tesla T4, 6499 MiB, 8414 MiB, 15360 MiB, 39 %, 30 %, 1110 MHz, 5000 MHz, 45.86 W, 76, P0
2026/09/30 07:36:18.780, Tesla T4, 6499 MiB, 8414 MiB, 15360 MiB, 40 %, 30 %, 1125 MHz, 5000 MHz, 45.40 W, 76, P0
2026/09/30 07:36:19.292, Tesla T4, 6499 MiB, 8414 MiB, 15360 MiB, 40 %, 31 %, 1125 MHz, 5000 MHz, 45.92 W, 76, P0
2026/09/30 07:36:19.821, Tesla T4, 6499 MiB, 8414 MiB, 15360 MiB, 69 %, 26 %, 1455 MHz, 5000 MHz, 50.26 W, 76, P0
2026/09/30 07:36:20.344, Tesla T4, 6499 MiB, 8414 MiB, 15360 MiB, 35 %, 30 %, 1590 MHz, 5000 MHz, 60.71 W, 77, P0
2026/09/30 07:36:20.869, Tesla T4, 6499 MiB, 8414 MiB, 15360 MiB, 35 %, 30 %, 1590 MHz, 5000 MHz, 62.77 W, 78, P0
2026/09/30 07:36:21.381, Tesla T4, 6499 MiB, 8414 MiB, 15360 MiB, 35 %, 29 %, 1590 MHz, 5000 MHz, 61.06 W, 78, P0
2026/09/30 07:36:21.898, Tesla T4, 6499 MiB, 8414 MiB, 15360 MiB, 36 %, 30 %, 1440 MHz, 5000 MHz, 54.33 W, 78, P0
2026/09/30 07:36:22.407, Tesla T4, 6499 MiB, 8414 MiB, 15360 MiB, 35 %, 29 %, 1410 MHz, 5000 MHz, 55.05 W, 78, P0
2026/09/30 07:36:22.916, Tesla T4, 6499 MiB, 8414 MiB, 15360 MiB, 28 %, 23 %, 1335 MHz, 5000 MHz, 47.14 W, 77, P0
2026/09/30 07:36:23.428, Tesla T4, 6499 MiB, 8414 MiB, 15360 MiB, 23 %, 18 %, 1245 MHz, 5000 MHz, 50.72 W, 77, P0
2026/09/30 07:36:23.959, Tesla T4, 6499 MiB, 8414 MiB, 15360 MiB, 30 %, 24 %, 1155 MHz, 5000 MHz, 47.34 W, 77, P0
2026/09/30 07:36:24.478, Tesla T4, 6499 MiB, 8414 MiB, 15360 MiB, 32 %, 24 %, 1095 MHz, 5000 MHz, 45.69 W, 77, P0
2026/09/30 07:36:24.998, Tesla T4, 6499 MiB, 8414 MiB, 15360 MiB, 27 %, 21 %, 1035 MHz, 5000 MHz, 45.74 W, 77, P0
2026/09/30 07:36:25.509, Tesla T4, 6499 MiB, 8414 MiB, 15360 MiB, 31 %, 22 %, 960 MHz, 5000 MHz, 40.32 W, 77, P0
2026/09/30 07:36:26.027, Tesla T4, 6499 MiB, 8414 MiB, 15360 MiB, 25 %, 17 %, 900 MHz, 5000 MHz, 47.31 W, 77, P0
2026/09/30 07:36:26.541, Tesla T4, 6499 MiB, 8414 MiB, 15360 MiB, 42 %, 30 %, 990 MHz, 5000 MHz, 44.88 W, 77, P0
2026/09/30 07:36:27.051, Tesla T4, 6499 MiB, 8414 MiB, 15360 MiB, 39 %, 28 %, 1020 MHz, 5000 MHz, 47.14 W, 77, P0
2026/09/30 07:36:27.561, Tesla T4, 6499 MiB, 8414 MiB, 15360 MiB, 40 %, 30 %, 1065 MHz, 5000 MHz, 45.69 W, 77, P0
2026/09/30 07:36:28.074, Tesla T4, 6499 MiB, 8414 MiB, 15360 MiB, 35 %, 26 %, 1065 MHz, 5000 MHz, 46.13 W, 77, P0
2026/09/30 07:36:28.583, Tesla T4, 6499 MiB, 8414 MiB, 15360 MiB, 41 %, 31 %, 1110 MHz, 5000 MHz, 49.41 W, 78, P0
2026/09/30 07:36:29.095, Tesla T4, 6499 MiB, 8414 MiB, 15360 MiB, 37 %, 28 %, 1125 MHz, 5000 MHz, 48.86 W, 78, P0
2026/09/30 07:36:29.605, Tesla T4, 6499 MiB, 8414 MiB, 15360 MiB, 41 %, 31 %, 1170 MHz, 5000 MHz, 49.08 W, 78, P0
2026/09/30 07:36:30.114, Tesla T4, 6499 MiB, 8414 MiB, 15360 MiB, 38 %, 30 %, 1185 MHz, 5000 MHz, 48.17 W, 78, P0
2026/09/30 07:36:30.625, Tesla T4, 6499 MiB, 8414 MiB, 15360 MiB, 34 %, 26 %, 1185 MHz, 5000 MHz, 48.69 W, 78, P0
2026/09/30 07:36:31.134, Tesla T4, 6499 MiB, 8414 MiB, 15360 MiB, 38 %, 29 %, 1185 MHz, 5000 MHz, 48.82 W, 78, P0
2026/09/30 07:36:31.646, Tesla T4, 6499 MiB, 8414 MiB, 15360 MiB, 40 %, 31 %, 1185 MHz, 5000 MHz, 48.79 W, 78, P0
2026/09/30 07:36:32.156, Tesla T4, 6499 MiB, 8414 MiB, 15360 MiB, 35 %, 28 %, 1170 MHz, 5000 MHz, 48.46 W, 78, P0
2026/09/30 07:36:32.665, Tesla T4, 6499 MiB, 8414 MiB, 15360 MiB, 40 %, 32 %, 1200 MHz, 5000 MHz, 54.53 W, 78, P0
2026/09/30 07:36:33.177, Tesla T4, 6499 MiB, 8414 MiB, 15360 MiB, 35 %, 28 %, 1200 MHz, 5000 MHz, 51.84 W, 78, P0
2026/09/30 07:36:33.686, Tesla T4, 6499 MiB, 8414 MiB, 15360 MiB, 40 %, 32 %, 1230 MHz, 5000 MHz, 51.54 W, 79, P0
2026/09/30 07:36:34.200, Tesla T4, 6499 MiB, 8414 MiB, 15360 MiB, 35 %, 28 %, 1230 MHz, 5000 MHz, 50.23 W, 79, P0
2026/09/30 07:36:34.709, Tesla T4, 6499 MiB, 8414 MiB, 15360 MiB, 40 %, 32 %, 1260 MHz, 5000 MHz, 54.76 W, 79, P0
2026/09/30 07:36:35.218, Tesla T4, 6499 MiB, 8414 MiB, 15360 MiB, 31 %, 26 %, 1575 MHz, 5000 MHz, 68.74 W, 80, P0
2026/09/30 07:36:35.726, Tesla T4, 6499 MiB, 8414 MiB, 15360 MiB, 36 %, 31 %, 1590 MHz, 5000 MHz, 65.85 W, 81, P0
2026/09/30 07:36:36.236, Tesla T4, 6499 MiB, 8414 MiB, 15360 MiB, 22 %, 19 %, 1590 MHz, 5000 MHz, 59.43 W, 81, P0
2026/09/30 07:36:36.749, Tesla T4, 6499 MiB, 8414 MiB, 15360 MiB, 28 %, 24 %, 1305 MHz, 5000 MHz, 61.53 W, 80, P0
2026/09/30 07:36:37.266, Tesla T4, 6499 MiB, 8414 MiB, 15360 MiB, 29 %, 23 %, 1245 MHz, 5000 MHz, 48.69 W, 80, P0
2026/09/30 07:36:37.785, Tesla T4, 6499 MiB, 8414 MiB, 15360 MiB, 27 %, 21 %, 1140 MHz, 5000 MHz, 45.86 W, 79, P0
2026/09/30 07:36:38.300, Tesla T4, 6499 MiB, 8414 MiB, 15360 MiB, 29 %, 22 %, 1080 MHz, 5000 MHz, 42.17 W, 79, P0
2026/09/30 07:36:38.814, Tesla T4, 6499 MiB, 8414 MiB, 15360 MiB, 30 %, 22 %, 990 MHz, 5000 MHz, 46.70 W, 79, P0
2026/09/30 07:36:39.323, Tesla T4, 6499 MiB, 8414 MiB, 15360 MiB, 39 %, 29 %, 1035 MHz, 5000 MHz, 47.63 W, 79, P0
2026/09/30 07:36:39.835, Tesla T4, 6499 MiB, 8414 MiB, 15360 MiB, 41 %, 30 %, 1110 MHz, 5000 MHz, 46.10 W, 80, P0
2026/09/30 07:36:40.344, Tesla T4, 6499 MiB, 8414 MiB, 15360 MiB, 36 %, 27 %, 1110 MHz, 5000 MHz, 43.79 W, 80, P0
2026/09/30 07:36:40.857, Tesla T4, 6499 MiB, 8414 MiB, 15360 MiB, 39 %, 30 %, 1110 MHz, 5000 MHz, 49.14 W, 80, P0
2026/09/30 07:36:41.367, Tesla T4, 6499 MiB, 8414 MiB, 15360 MiB, 39 %, 30 %, 1110 MHz, 5000 MHz, 48.59 W, 80, P0
2026/09/30 07:36:41.876, Tesla T4, 6499 MiB, 8414 MiB, 15360 MiB, 40 %, 31 %, 1140 MHz, 5000 MHz, 48.13 W, 80, P0
2026/09/30 07:36:42.387, Tesla T4, 6499 MiB, 8414 MiB, 15360 MiB, 38 %, 30 %, 1140 MHz, 5000 MHz, 47.01 W, 80, P0
2026/09/30 07:36:42.897, Tesla T4, 6499 MiB, 8414 MiB, 15360 MiB, 39 %, 30 %, 1140 MHz, 5000 MHz, 48.48 W, 80, P0
2026/09/30 07:36:43.411, Tesla T4, 6499 MiB, 8414 MiB, 15360 MiB, 39 %, 31 %, 1140 MHz, 5000 MHz, 45.42 W, 80, P0
2026/09/30 07:36:43.920, Tesla T4, 6499 MiB, 8414 MiB, 15360 MiB, 38 %, 29 %, 1140 MHz, 5000 MHz, 47.80 W, 80, P0
2026/09/30 07:36:44.434, Tesla T4, 6499 MiB, 8414 MiB, 15360 MiB, 41 %, 32 %, 1170 MHz, 5000 MHz, 50.07 W, 80, P0
2026/09/30 07:36:44.954, Tesla T4, 6499 MiB, 8414 MiB, 15360 MiB, 39 %, 31 %, 1215 MHz, 5000 MHz, 46.33 W, 80, P0
2026/09/30 07:36:45.464, Tesla T4, 6499 MiB, 8414 MiB, 15360 MiB, 40 %, 32 %, 1230 MHz, 5000 MHz, 52.99 W, 80, P0
2026/09/30 07:36:45.985, Tesla T4, 6499 MiB, 8414 MiB, 15360 MiB, 39 %, 30 %, 1230 MHz, 5000 MHz, 49.11 W, 80, P0
2026/09/30 07:36:46.494, Tesla T4, 6499 MiB, 8414 MiB, 15360 MiB, 40 %, 32 %, 1230 MHz, 5000 MHz, 55.12 W, 80, P0
2026/09/30 07:36:47.018, Tesla T4, 6499 MiB, 8414 MiB, 15360 MiB, 38 %, 30 %, 1230 MHz, 5000 MHz, 51.15 W, 80, P0
2026/09/30 07:36:47.533, Tesla T4, 6499 MiB, 8414 MiB, 15360 MiB, 40 %, 32 %, 1260 MHz, 5000 MHz, 51.22 W, 80, P0
2026/09/30 07:36:48.049, Tesla T4, 6499 MiB, 8414 MiB, 15360 MiB, 39 %, 31 %, 1260 MHz, 5000 MHz, 52.66 W, 80, P0
2026/09/30 07:36:48.558, Tesla T4, 6499 MiB, 8414 MiB, 15360 MiB, 39 %, 32 %, 1260 MHz, 5000 MHz, 52.99 W, 80, P0
2026/09/30 07:36:49.068, Tesla T4, 6499 MiB, 8414 MiB, 15360 MiB, 27 %, 22 %, 1260 MHz, 5000 MHz, 54.69 W, 80, P0
2026/09/30 07:36:49.583, Tesla T4, 6499 MiB, 8414 MiB, 15360 MiB, 32 %, 25 %, 1140 MHz, 5000 MHz, 48.15 W, 80, P0
2026/09/30 07:36:50.099, Tesla T4, 6499 MiB, 8414 MiB, 15360 MiB, 30 %, 25 %, 1590 MHz, 5000 MHz, 63.42 W, 81, P0
2026/09/30 07:36:50.613, Tesla T4, 6499 MiB, 8414 MiB, 15360 MiB, 24 %, 21 %, 1590 MHz, 5000 MHz, 56.82 W, 81, P0
2026/09/30 07:36:51.130, Tesla T4, 6499 MiB, 8414 MiB, 15360 MiB, 24 %, 20 %, 1590 MHz, 5000 MHz, 63.69 W, 81, P0
2026/09/30 07:36:51.717, Tesla T4, 6499 MiB, 8414 MiB, 15360 MiB, 27 %, 23 %, 1185 MHz, 5000 MHz, 54.36 W, 80, P0
2026/09/30 07:36:52.230, Tesla T4, 6499 MiB, 8414 MiB, 15360 MiB, 38 %, 30 %, 1170 MHz, 5000 MHz, 57.12 W, 80, P0
2026/09/30 07:36:52.739, Tesla T4, 6499 MiB, 8414 MiB, 15360 MiB, 37 %, 29 %, 1155 MHz, 5000 MHz, 53.22 W, 80, P0
2026/09/30 07:36:53.250, Tesla T4, 6499 MiB, 8414 MiB, 15360 MiB, 39 %, 30 %, 1140 MHz, 5000 MHz, 49.21 W, 79, P0
2026/09/30 07:36:53.762, Tesla T4, 6499 MiB, 8414 MiB, 15360 MiB, 39 %, 30 %, 1140 MHz, 5000 MHz, 48.13 W, 79, P0
2026/09/30 07:36:54.271, Tesla T4, 6499 MiB, 8414 MiB, 15360 MiB, 39 %, 30 %, 1125 MHz, 5000 MHz, 50.99 W, 79, P0
2026/09/30 07:36:54.784, Tesla T4, 6499 MiB, 8414 MiB, 15360 MiB, 39 %, 30 %, 1125 MHz, 5000 MHz, 47.01 W, 79, P0
2026/09/30 07:36:55.295, Tesla T4, 6499 MiB, 8414 MiB, 15360 MiB, 39 %, 29 %, 1110 MHz, 5000 MHz, 47.83 W, 78, P0
2026/09/30 07:36:55.805, Tesla T4, 6499 MiB, 8414 MiB, 15360 MiB, 39 %, 30 %, 1125 MHz, 5000 MHz, 46.40 W, 78, P0
2026/09/30 07:36:56.316, Tesla T4, 6499 MiB, 8414 MiB, 15360 MiB, 38 %, 29 %, 1110 MHz, 5000 MHz, 47.41 W, 78, P0
2026/09/30 07:36:56.825, Tesla T4, 6499 MiB, 8414 MiB, 15360 MiB, 40 %, 31 %, 1140 MHz, 5000 MHz, 51.74 W, 78, P0
2026/09/30 07:36:57.339, Tesla T4, 6499 MiB, 8414 MiB, 15360 MiB, 39 %, 30 %, 1140 MHz, 5000 MHz, 54.04 W, 78, P0
2026/09/30 07:36:57.848, Tesla T4, 6499 MiB, 8414 MiB, 15360 MiB, 40 %, 31 %, 1170 MHz, 5000 MHz, 47.63 W, 78, P0
2026/09/30 07:36:58.357, Tesla T4, 6499 MiB, 8414 MiB, 15360 MiB, 37 %, 29 %, 1170 MHz, 5000 MHz, 48.52 W, 77, P0
2026/09/30 07:36:58.869, Tesla T4, 6499 MiB, 8414 MiB, 15360 MiB, 40 %, 32 %, 1200 MHz, 5000 MHz, 48.00 W, 77, P0
2026/09/30 07:36:59.379, Tesla T4, 6499 MiB, 8414 MiB, 15360 MiB, 36 %, 28 %, 1200 MHz, 5000 MHz, 52.03 W, 77, P0
2026/09/30 07:36:59.892, Tesla T4, 6499 MiB, 8414 MiB, 15360 MiB, 39 %, 31 %, 1200 MHz, 5000 MHz, 51.08 W, 77, P0
2026/09/30 07:37:00.401, Tesla T4, 6499 MiB, 8414 MiB, 15360 MiB, 36 %, 28 %, 1200 MHz, 5000 MHz, 54.50 W, 77, P0
2026/09/30 07:37:00.911, Tesla T4, 6499 MiB, 8414 MiB, 15360 MiB, 35 %, 27 %, 1185 MHz, 5000 MHz, 47.93 W, 77, P0
2026/09/30 07:37:01.422, Tesla T4, 6499 MiB, 8414 MiB, 15360 MiB, 38 %, 30 %, 1170 MHz, 5000 MHz, 49.51 W, 77, P0
2026/09/30 07:37:01.932, Tesla T4, 6499 MiB, 8414 MiB, 15360 MiB, 29 %, 23 %, 1110 MHz, 5000 MHz, 45.72 W, 76, P0
2026/09/30 07:37:02.461, Tesla T4, 6499 MiB, 8414 MiB, 15360 MiB, 31 %, 23 %, 1050 MHz, 5000 MHz, 44.80 W, 76, P0
2026/09/30 07:37:02.981, Tesla T4, 6499 MiB, 8414 MiB, 15360 MiB, 33 %, 25 %, 1005 MHz, 5000 MHz, 43.90 W, 76, P0
2026/09/30 07:37:03.500, Tesla T4, 6499 MiB, 8414 MiB, 15360 MiB, 24 %, 17 %, 930 MHz, 5000 MHz, 43.08 W, 75, P0
2026/09/30 07:37:04.028, Tesla T4, 6499 MiB, 8414 MiB, 15360 MiB, 29 %, 21 %, 885 MHz, 5000 MHz, 40.71 W, 75, P0
2026/09/30 07:37:04.564, Tesla T4, 6499 MiB, 8414 MiB, 15360 MiB, 37 %, 26 %, 855 MHz, 5000 MHz, 48.94 W, 75, P0
2026/09/30 07:37:05.075, Tesla T4, 6499 MiB, 8414 MiB, 15360 MiB, 49 %, 28 %, 1260 MHz, 5000 MHz, 53.64 W, 76, P0
2026/09/30 07:37:05.589, Tesla T4, 6499 MiB, 8414 MiB, 15360 MiB, 32 %, 27 %, 1590 MHz, 5000 MHz, 59.01 W, 77, P0
2026/09/30 07:37:06.098, Tesla T4, 6499 MiB, 8414 MiB, 15360 MiB, 36 %, 30 %, 1590 MHz, 5000 MHz, 65.22 W, 77, P0
2026/09/30 07:37:06.608, Tesla T4, 6499 MiB, 8414 MiB, 15360 MiB, 33 %, 27 %, 1590 MHz, 5000 MHz, 64.91 W, 77, P0
2026/09/30 07:37:07.119, Tesla T4, 6499 MiB, 8414 MiB, 15360 MiB, 33 %, 27 %, 1440 MHz, 5000 MHz, 53.54 W, 76, P0
2026/09/30 07:37:07.628, Tesla T4, 6499 MiB, 8414 MiB, 15360 MiB, 34 %, 28 %, 1410 MHz, 5000 MHz, 53.71 W, 76, P0
2026/09/30 07:37:08.139, Tesla T4, 6499 MiB, 8414 MiB, 15360 MiB, 36 %, 29 %, 1365 MHz, 5000 MHz, 48.98 W, 76, P0
2026/09/30 07:37:08.647, Tesla T4, 6499 MiB, 8414 MiB, 15360 MiB, 35 %, 28 %, 1335 MHz, 5000 MHz, 52.82 W, 76, P0
2026/09/30 07:37:09.164, Tesla T4, 6499 MiB, 8414 MiB, 15360 MiB, 36 %, 29 %, 1305 MHz, 5000 MHz, 48.49 W, 76, P0
2026/09/30 07:37:09.673, Tesla T4, 6499 MiB, 8414 MiB, 15360 MiB, 36 %, 29 %, 1290 MHz, 5000 MHz, 51.47 W, 76, P0
2026/09/30 07:37:10.186, Tesla T4, 6499 MiB, 8414 MiB, 15360 MiB, 39 %, 32 %, 1275 MHz, 5000 MHz, 50.23 W, 75, P0
2026/09/30 07:37:10.697, Tesla T4, 6499 MiB, 8414 MiB, 15360 MiB, 36 %, 29 %, 1260 MHz, 5000 MHz, 53.22 W, 75, P0
2026/09/30 07:37:11.209, Tesla T4, 6499 MiB, 8414 MiB, 15360 MiB, 36 %, 29 %, 1245 MHz, 5000 MHz, 50.92 W, 75, P0
2026/09/30 07:37:11.718, Tesla T4, 6499 MiB, 8414 MiB, 15360 MiB, 37 %, 30 %, 1245 MHz, 5000 MHz, 51.63 W, 75, P0
2026/09/30 07:37:12.227, Tesla T4, 6499 MiB, 8414 MiB, 15360 MiB, 38 %, 30 %, 1245 MHz, 5000 MHz, 50.53 W, 75, P0
2026/09/30 07:37:12.738, Tesla T4, 6499 MiB, 8414 MiB, 15360 MiB, 37 %, 30 %, 1230 MHz, 5000 MHz, 48.49 W, 75, P0
2026/09/30 07:37:13.248, Tesla T4, 6499 MiB, 8414 MiB, 15360 MiB, 38 %, 30 %, 1230 MHz, 5000 MHz, 48.32 W, 75, P0
2026/09/30 07:37:13.761, Tesla T4, 6499 MiB, 8414 MiB, 15360 MiB, 36 %, 28 %, 1230 MHz, 5000 MHz, 49.35 W, 75, P0
2026/09/30 07:37:14.270, Tesla T4, 6499 MiB, 8414 MiB, 15360 MiB, 37 %, 29 %, 1215 MHz, 5000 MHz, 47.83 W, 75, P0
2026/09/30 07:37:14.789, Tesla T4, 6499 MiB, 8414 MiB, 15360 MiB, 30 %, 23 %, 1140 MHz, 5000 MHz, 45.20 W, 75, P0
2026/09/30 07:37:15.308, Tesla T4, 6499 MiB, 8414 MiB, 15360 MiB, 31 %, 24 %, 1065 MHz, 5000 MHz, 45.17 W, 75, P0
2026/09/30 07:37:15.826, Tesla T4, 6499 MiB, 8414 MiB, 15360 MiB, 34 %, 25 %, 1035 MHz, 5000 MHz, 40.98 W, 74, P0
2026/09/30 07:37:16.352, Tesla T4, 6499 MiB, 8414 MiB, 15360 MiB, 28 %, 21 %, 960 MHz, 5000 MHz, 41.48 W, 74, P0
2026/09/30 07:37:16.869, Tesla T4, 6499 MiB, 8414 MiB, 15360 MiB, 28 %, 20 %, 930 MHz, 5000 MHz, 39.72 W, 74, P0
2026/09/30 07:37:17.399, Tesla T4, 6499 MiB, 8414 MiB, 15360 MiB, 42 %, 29 %, 930 MHz, 5000 MHz, 43.89 W, 74, P0
2026/09/30 07:37:17.910, Tesla T4, 6499 MiB, 8414 MiB, 15360 MiB, 42 %, 32 %, 1125 MHz, 5000 MHz, 53.41 W, 74, P0
2026/09/30 07:37:18.423, Tesla T4, 6499 MiB, 8414 MiB, 15360 MiB, 40 %, 31 %, 1155 MHz, 5000 MHz, 47.87 W, 74, P0
2026/09/30 07:37:18.933, Tesla T4, 6499 MiB, 8414 MiB, 15360 MiB, 40 %, 32 %, 1200 MHz, 5000 MHz, 47.63 W, 74, P0
2026/09/30 07:37:19.447, Tesla T4, 6499 MiB, 8414 MiB, 15360 MiB, 39 %, 30 %, 1200 MHz, 5000 MHz, 48.00 W, 75, P0
2026/09/30 07:37:19.959, Tesla T4, 6499 MiB, 8414 MiB, 15360 MiB, 57 %, 27 %, 1590 MHz, 5000 MHz, 50.49 W, 75, P0
2026/09/30 07:37:20.483, Tesla T4, 6499 MiB, 8414 MiB, 15360 MiB, 34 %, 29 %, 1590 MHz, 5000 MHz, 60.90 W, 76, P0
2026/09/30 07:37:20.995, Tesla T4, 6499 MiB, 8414 MiB, 15360 MiB, 36 %, 30 %, 1590 MHz, 5000 MHz, 64.34 W, 76, P0
2026/09/30 07:37:21.521, Tesla T4, 6499 MiB, 8414 MiB, 15360 MiB, 36 %, 30 %, 1590 MHz, 5000 MHz, 64.44 W, 76, P0
2026/09/30 07:37:22.029, Tesla T4, 6499 MiB, 8414 MiB, 15360 MiB, 37 %, 31 %, 1455 MHz, 5000 MHz, 59.02 W, 76, P0
2026/09/30 07:37:22.542, Tesla T4, 6499 MiB, 8414 MiB, 15360 MiB, 38 %, 31 %, 1425 MHz, 5000 MHz, 56.10 W, 76, P0
2026/09/30 07:37:23.050, Tesla T4, 6499 MiB, 8414 MiB, 15360 MiB, 37 %, 31 %, 1395 MHz, 5000 MHz, 52.40 W, 76, P0
2026/09/30 07:37:23.560, Tesla T4, 6499 MiB, 8414 MiB, 15360 MiB, 37 %, 30 %, 1365 MHz, 5000 MHz, 53.05 W, 76, P0
2026/09/30 07:37:24.071, Tesla T4, 6499 MiB, 8414 MiB, 15360 MiB, 37 %, 30 %, 1350 MHz, 5000 MHz, 54.04 W, 76, P0
2026/09/30 07:37:24.580, Tesla T4, 6499 MiB, 8414 MiB, 15360 MiB, 38 %, 31 %, 1320 MHz, 5000 MHz, 50.79 W, 75, P0
2026/09/30 07:37:25.091, Tesla T4, 6499 MiB, 8414 MiB, 15360 MiB, 37 %, 30 %, 1305 MHz, 5000 MHz, 48.22 W, 75, P0
2026/09/30 07:37:25.600, Tesla T4, 6499 MiB, 8414 MiB, 15360 MiB, 37 %, 30 %, 1275 MHz, 5000 MHz, 52.03 W, 75, P0
2026/09/30 07:37:26.109, Tesla T4, 6499 MiB, 8414 MiB, 15360 MiB, 39 %, 31 %, 1260 MHz, 5000 MHz, 49.11 W, 75, P0
2026/09/30 07:37:26.621, Tesla T4, 6499 MiB, 8414 MiB, 15360 MiB, 38 %, 30 %, 1230 MHz, 5000 MHz, 46.49 W, 75, P0
2026/09/30 07:37:27.131, Tesla T4, 6499 MiB, 8414 MiB, 15360 MiB, 36 %, 29 %, 1215 MHz, 5000 MHz, 44.73 W, 75, P0
2026/09/30 07:37:27.649, Tesla T4, 6499 MiB, 8414 MiB, 15360 MiB, 30 %, 24 %, 1140 MHz, 5000 MHz, 45.52 W, 75, P0
2026/09/30 07:37:28.166, Tesla T4, 6499 MiB, 8414 MiB, 15360 MiB, 32 %, 24 %, 1080 MHz, 5000 MHz, 44.93 W, 75, P0
2026/09/30 07:37:28.683, Tesla T4, 6499 MiB, 8414 MiB, 15360 MiB, 32 %, 24 %, 1035 MHz, 5000 MHz, 40.79 W, 75, P0
2026/09/30 07:37:29.198, Tesla T4, 6499 MiB, 8414 MiB, 15360 MiB, 29 %, 22 %, 960 MHz, 5000 MHz, 39.48 W, 75, P0
2026/09/30 07:37:29.729, Tesla T4, 6499 MiB, 8414 MiB, 15360 MiB, 27 %, 20 %, 900 MHz, 5000 MHz, 39.70 W, 75, P0
2026/09/30 07:37:30.257, Tesla T4, 6499 MiB, 8414 MiB, 15360 MiB, 44 %, 31 %, 960 MHz, 5000 MHz, 41.87 W, 75, P0
2026/09/30 07:37:30.767, Tesla T4, 6499 MiB, 8414 MiB, 15360 MiB, 41 %, 30 %, 1020 MHz, 5000 MHz, 45.10 W, 75, P0
2026/09/30 07:37:31.291, Tesla T4, 6499 MiB, 8414 MiB, 15360 MiB, 39 %, 29 %, 1020 MHz, 5000 MHz, 45.86 W, 75, P0
2026/09/30 07:37:31.803, Tesla T4, 6499 MiB, 8414 MiB, 15360 MiB, 42 %, 31 %, 1095 MHz, 5000 MHz, 47.34 W, 75, P0
2026/09/30 07:37:32.313, Tesla T4, 6499 MiB, 8414 MiB, 15360 MiB, 40 %, 31 %, 1125 MHz, 5000 MHz, 47.47 W, 75, P0
2026/09/30 07:37:32.822, Tesla T4, 6499 MiB, 8414 MiB, 15360 MiB, 40 %, 31 %, 1155 MHz, 5000 MHz, 47.24 W, 75, P0
2026/09/30 07:37:33.335, Tesla T4, 6499 MiB, 8414 MiB, 15360 MiB, 40 %, 31 %, 1155 MHz, 5000 MHz, 46.48 W, 75, P0
2026/09/30 07:37:33.843, Tesla T4, 6499 MiB, 8414 MiB, 15360 MiB, 50 %, 28 %, 1590 MHz, 5000 MHz, 62.42 W, 76, P0
2026/09/30 07:37:34.354, Tesla T4, 6499 MiB, 8414 MiB, 15360 MiB, 34 %, 29 %, 1590 MHz, 5000 MHz, 65.48 W, 77, P0
2026/09/30 07:37:34.868, Tesla T4, 6499 MiB, 8414 MiB, 15360 MiB, 31 %, 26 %, 1590 MHz, 5000 MHz, 59.04 W, 77, P0
2026/09/30 07:37:35.377, Tesla T4, 6499 MiB, 8414 MiB, 15360 MiB, 30 %, 25 %, 1590 MHz, 5000 MHz, 56.98 W, 77, P0
2026/09/30 07:37:35.886, Tesla T4, 6499 MiB, 8414 MiB, 15360 MiB, 33 %, 27 %, 1380 MHz, 5000 MHz, 54.13 W, 77, P0
2026/09/30 07:37:36.395, Tesla T4, 6499 MiB, 8414 MiB, 15360 MiB, 37 %, 30 %, 1335 MHz, 5000 MHz, 53.32 W, 77, P0
2026/09/30 07:37:36.904, Tesla T4, 6499 MiB, 8414 MiB, 15360 MiB, 32 %, 26 %, 1305 MHz, 5000 MHz, 49.45 W, 77, P0
2026/09/30 07:37:37.414, Tesla T4, 6499 MiB, 8414 MiB, 15360 MiB, 37 %, 30 %, 1275 MHz, 5000 MHz, 48.98 W, 77, P0
2026/09/30 07:37:37.923, Tesla T4, 6499 MiB, 8414 MiB, 15360 MiB, 36 %, 29 %, 1260 MHz, 5000 MHz, 54.20 W, 77, P0
2026/09/30 07:37:38.434, Tesla T4, 6499 MiB, 8414 MiB, 15360 MiB, 37 %, 30 %, 1230 MHz, 5000 MHz, 50.53 W, 77, P0
2026/09/30 07:37:38.943, Tesla T4, 6499 MiB, 8414 MiB, 15360 MiB, 36 %, 28 %, 1215 MHz, 5000 MHz, 49.74 W, 77, P0
2026/09/30 07:37:39.453, Tesla T4, 6499 MiB, 8414 MiB, 15360 MiB, 38 %, 29 %, 1200 MHz, 5000 MHz, 49.41 W, 77, P0
2026/09/30 07:37:39.967, Tesla T4, 6499 MiB, 8414 MiB, 15360 MiB, 36 %, 29 %, 1185 MHz, 5000 MHz, 43.25 W, 77, P0
2026/09/30 07:37:40.494, Tesla T4, 6499 MiB, 8414 MiB, 15360 MiB, 29 %, 23 %, 1110 MHz, 5000 MHz, 43.60 W, 76, P0
2026/09/30 07:37:41.015, Tesla T4, 6499 MiB, 8414 MiB, 15360 MiB, 31 %, 23 %, 1035 MHz, 5000 MHz, 44.61 W, 76, P0
2026/09/30 07:37:41.538, Tesla T4, 6499 MiB, 8414 MiB, 15360 MiB, 33 %, 24 %, 1005 MHz, 5000 MHz, 39.97 W, 76, P0
2026/09/30 07:37:42.068, Tesla T4, 6499 MiB, 8414 MiB, 15360 MiB, 28 %, 21 %, 930 MHz, 5000 MHz, 42.24 W, 76, P0
2026/09/30 07:37:42.599, Tesla T4, 6499 MiB, 8414 MiB, 15360 MiB, 27 %, 19 %, 870 MHz, 5000 MHz, 40.59 W, 76, P0
2026/09/30 07:37:43.131, Tesla T4, 6499 MiB, 8414 MiB, 15360 MiB, 39 %, 27 %, 855 MHz, 5000 MHz, 44.48 W, 77, P0
2026/09/30 07:37:43.642, Tesla T4, 6499 MiB, 8414 MiB, 15360 MiB, 41 %, 30 %, 1020 MHz, 5000 MHz, 46.38 W, 77, P0
2026/09/30 07:37:44.154, Tesla T4, 6499 MiB, 8414 MiB, 15360 MiB, 37 %, 28 %, 1035 MHz, 5000 MHz, 48.39 W, 77, P0
2026/09/30 07:37:44.664, Tesla T4, 6499 MiB, 8414 MiB, 15360 MiB, 41 %, 31 %, 1095 MHz, 5000 MHz, 49.87 W, 77, P0
2026/09/30 07:37:45.174, Tesla T4, 6499 MiB, 8414 MiB, 15360 MiB, 42 %, 28 %, 1185 MHz, 5000 MHz, 59.90 W, 77, P0
2026/09/30 07:37:45.684, Tesla T4, 6499 MiB, 8414 MiB, 15360 MiB, 35 %, 29 %, 1590 MHz, 5000 MHz, 64.26 W, 79, P0
2026/09/30 07:37:46.193, Tesla T4, 6499 MiB, 8414 MiB, 15360 MiB, 33 %, 28 %, 1590 MHz, 5000 MHz, 63.57 W, 79, P0
2026/09/30 07:37:46.703, Tesla T4, 6499 MiB, 8414 MiB, 15360 MiB, 35 %, 30 %, 1590 MHz, 5000 MHz, 64.16 W, 79, P0
2026/09/30 07:37:47.211, Tesla T4, 6499 MiB, 8414 MiB, 15360 MiB, 33 %, 28 %, 1425 MHz, 5000 MHz, 57.34 W, 79, P0
2026/09/30 07:37:47.720, Tesla T4, 6499 MiB, 8414 MiB, 15360 MiB, 36 %, 30 %, 1365 MHz, 5000 MHz, 53.25 W, 79, P0
2026/09/30 07:37:48.230, Tesla T4, 6499 MiB, 8414 MiB, 15360 MiB, 34 %, 28 %, 1335 MHz, 5000 MHz, 55.84 W, 79, P0
2026/09/30 07:37:48.741, Tesla T4, 6499 MiB, 8414 MiB, 15360 MiB, 37 %, 30 %, 1305 MHz, 5000 MHz, 52.46 W, 79, P0
2026/09/30 07:37:49.250, Tesla T4, 6499 MiB, 8414 MiB, 15360 MiB, 35 %, 28 %, 1275 MHz, 5000 MHz, 52.04 W, 79, P0
2026/09/30 07:37:49.762, Tesla T4, 6499 MiB, 8414 MiB, 15360 MiB, 38 %, 29 %, 1260 MHz, 5000 MHz, 52.07 W, 79, P0
2026/09/30 07:37:50.271, Tesla T4, 6499 MiB, 8414 MiB, 15360 MiB, 35 %, 28 %, 1230 MHz, 5000 MHz, 51.67 W, 79, P0
2026/09/30 07:37:50.780, Tesla T4, 6499 MiB, 8414 MiB, 15360 MiB, 38 %, 30 %, 1215 MHz, 5000 MHz, 49.18 W, 79, P0
2026/09/30 07:37:51.293, Tesla T4, 6499 MiB, 8414 MiB, 15360 MiB, 35 %, 27 %, 1200 MHz, 5000 MHz, 50.13 W, 79, P0
2026/09/30 07:37:51.878, Tesla T4, 6499 MiB, 8414 MiB, 15360 MiB, 39 %, 31 %, 1230 MHz, 5000 MHz, 50.04 W, 79, P0
2026/09/30 07:37:52.387, Tesla T4, 6499 MiB, 8414 MiB, 15360 MiB, 36 %, 28 %, 1230 MHz, 5000 MHz, 48.73 W, 79, P0
2026/09/30 07:37:52.896, Tesla T4, 6499 MiB, 8414 MiB, 15360 MiB, 26 %, 21 %, 1230 MHz, 5000 MHz, 47.04 W, 79, P0
2026/09/30 07:37:53.411, Tesla T4, 6499 MiB, 8414 MiB, 15360 MiB, 30 %, 24 %, 1110 MHz, 5000 MHz, 45.56 W, 79, P0
2026/09/30 07:37:53.938, Tesla T4, 6499 MiB, 8414 MiB, 15360 MiB, 33 %, 25 %, 1050 MHz, 5000 MHz, 45.17 W, 79, P0
2026/09/30 07:37:54.464, Tesla T4, 6499 MiB, 8414 MiB, 15360 MiB, 28 %, 21 %, 990 MHz, 5000 MHz, 43.35 W, 78, P0
2026/09/30 07:37:54.986, Tesla T4, 6499 MiB, 8414 MiB, 15360 MiB, 32 %, 23 %, 945 MHz, 5000 MHz, 42.83 W, 78, P0
2026/09/30 07:37:55.505, Tesla T4, 6499 MiB, 8414 MiB, 15360 MiB, 25 %, 18 %, 870 MHz, 5000 MHz, 38.52 W, 78, P0
2026/09/30 07:37:56.016, Tesla T4, 6499 MiB, 8414 MiB, 15360 MiB, 43 %, 30 %, 975 MHz, 5000 MHz, 46.65 W, 78, P0
2026/09/30 07:37:56.526, Tesla T4, 6499 MiB, 8414 MiB, 15360 MiB, 39 %, 29 %, 1050 MHz, 5000 MHz, 45.07 W, 78, P0
2026/09/30 07:37:57.036, Tesla T4, 6499 MiB, 8414 MiB, 15360 MiB, 41 %, 30 %, 1080 MHz, 5000 MHz, 47.53 W, 79, P0
2026/09/30 07:37:57.549, Tesla T4, 6499 MiB, 8414 MiB, 15360 MiB, 39 %, 29 %, 1110 MHz, 5000 MHz, 47.04 W, 79, P0
2026/09/30 07:37:58.059, Tesla T4, 6499 MiB, 8414 MiB, 15360 MiB, 40 %, 30 %, 1110 MHz, 5000 MHz, 49.54 W, 79, P0
2026/09/30 07:37:58.572, Tesla T4, 6499 MiB, 8414 MiB, 15360 MiB, 39 %, 30 %, 1140 MHz, 5000 MHz, 43.96 W, 79, P0
2026/09/30 07:37:59.081, Tesla T4, 6499 MiB, 8414 MiB, 15360 MiB, 38 %, 29 %, 1155 MHz, 5000 MHz, 50.04 W, 79, P0
2026/09/30 07:37:59.591, Tesla T4, 6499 MiB, 8414 MiB, 15360 MiB, 39 %, 31 %, 1155 MHz, 5000 MHz, 45.93 W, 79, P0
2026/09/30 07:38:00.106, Tesla T4, 6499 MiB, 8414 MiB, 15360 MiB, 66 %, 26 %, 1215 MHz, 5000 MHz, 66.36 W, 79, P0
2026/09/30 07:38:00.615, Tesla T4, 6499 MiB, 8414 MiB, 15360 MiB, 34 %, 29 %, 1590 MHz, 5000 MHz, 61.04 W, 80, P0
2026/09/30 07:38:01.135, Tesla T4, 6499 MiB, 8414 MiB, 15360 MiB, 28 %, 24 %, 1590 MHz, 5000 MHz, 65.04 W, 80, P0
2026/09/30 07:38:01.645, Tesla T4, 6499 MiB, 8414 MiB, 15360 MiB, 31 %, 27 %, 1575 MHz, 5000 MHz, 62.04 W, 80, P0
2026/09/30 07:38:02.164, Tesla T4, 6499 MiB, 8414 MiB, 15360 MiB, 34 %, 28 %, 1335 MHz, 5000 MHz, 57.60 W, 80, P0
2026/09/30 07:38:02.674, Tesla T4, 6499 MiB, 8414 MiB, 15360 MiB, 36 %, 29 %, 1305 MHz, 5000 MHz, 55.08 W, 79, P0
2026/09/30 07:38:03.183, Tesla T4, 6499 MiB, 8414 MiB, 15360 MiB, 37 %, 29 %, 1275 MHz, 5000 MHz, 49.54 W, 79, P0
2026/09/30 07:38:03.693, Tesla T4, 6499 MiB, 8414 MiB, 15360 MiB, 36 %, 29 %, 1260 MHz, 5000 MHz, 49.71 W, 79, P0
2026/09/30 07:38:04.209, Tesla T4, 6499 MiB, 8414 MiB, 15360 MiB, 37 %, 29 %, 1230 MHz, 5000 MHz, 50.26 W, 79, P0
2026/09/30 07:38:04.721, Tesla T4, 6499 MiB, 8414 MiB, 15360 MiB, 38 %, 30 %, 1215 MHz, 5000 MHz, 50.13 W, 79, P0
2026/09/30 07:38:05.230, Tesla T4, 6499 MiB, 8414 MiB, 15360 MiB, 38 %, 30 %, 1185 MHz, 5000 MHz, 50.79 W, 78, P0
2026/09/30 07:38:05.739, Tesla T4, 6499 MiB, 8414 MiB, 15360 MiB, 25 %, 20 %, 1140 MHz, 5000 MHz, 44.75 W, 78, P0
2026/09/30 07:38:06.264, Tesla T4, 6499 MiB, 8414 MiB, 15360 MiB, 31 %, 23 %, 1080 MHz, 5000 MHz, 42.14 W, 78, P0
2026/09/30 07:38:06.805, Tesla T4, 6499 MiB, 8414 MiB, 15360 MiB, 32 %, 24 %, 1020 MHz, 5000 MHz, 44.29 W, 78, P0
2026/09/30 07:38:07.344, Tesla T4, 6499 MiB, 8414 MiB, 15360 MiB, 30 %, 22 %, 945 MHz, 5000 MHz, 41.62 W, 77, P0
2026/09/30 07:38:07.862, Tesla T4, 6499 MiB, 8414 MiB, 15360 MiB, 33 %, 24 %, 915 MHz, 5000 MHz, 41.99 W, 77, P0
2026/09/30 07:38:08.384, Tesla T4, 6499 MiB, 8414 MiB, 15360 MiB, 27 %, 18 %, 840 MHz, 5000 MHz, 44.41 W, 77, P0
2026/09/30 07:38:08.895, Tesla T4, 6499 MiB, 8414 MiB, 15360 MiB, 44 %, 30 %, 975 MHz, 5000 MHz, 45.30 W, 77, P0
2026/09/30 07:38:09.408, Tesla T4, 6499 MiB, 8414 MiB, 15360 MiB, 41 %, 30 %, 1020 MHz, 5000 MHz, 48.32 W, 77, P0
2026/09/30 07:38:09.920, Tesla T4, 6499 MiB, 8414 MiB, 15360 MiB, 41 %, 30 %, 1050 MHz, 5000 MHz, 48.42 W, 77, P0
2026/09/30 07:38:10.433, Tesla T4, 6499 MiB, 8414 MiB, 15360 MiB, 46 %, 30 %, 1230 MHz, 5000 MHz, 55.77 W, 77, P0
2026/09/30 07:38:10.943, Tesla T4, 6499 MiB, 8414 MiB, 15360 MiB, 34 %, 29 %, 1590 MHz, 5000 MHz, 62.28 W, 78, P0
2026/09/30 07:38:11.451, Tesla T4, 6499 MiB, 8414 MiB, 15360 MiB, 34 %, 29 %, 1590 MHz, 5000 MHz, 63.46 W, 79, P0
2026/09/30 07:38:11.962, Tesla T4, 6499 MiB, 8414 MiB, 15360 MiB, 34 %, 28 %, 1545 MHz, 5000 MHz, 61.53 W, 79, P0
2026/09/30 07:38:12.470, Tesla T4, 6499 MiB, 8414 MiB, 15360 MiB, 33 %, 28 %, 1410 MHz, 5000 MHz, 53.28 W, 78, P0
2026/09/30 07:38:12.979, Tesla T4, 6499 MiB, 8414 MiB, 15360 MiB, 36 %, 29 %, 1365 MHz, 5000 MHz, 53.22 W, 78, P0
2026/09/30 07:38:13.489, Tesla T4, 6499 MiB, 8414 MiB, 15360 MiB, 35 %, 28 %, 1350 MHz, 5000 MHz, 51.02 W, 78, P0
2026/09/30 07:38:13.999, Tesla T4, 6499 MiB, 8414 MiB, 15360 MiB, 36 %, 29 %, 1320 MHz, 5000 MHz, 52.00 W, 77, P0
2026/09/30 07:38:14.511, Tesla T4, 6499 MiB, 8414 MiB, 15360 MiB, 34 %, 27 %, 1305 MHz, 5000 MHz, 51.28 W, 77, P0
2026/09/30 07:38:15.020, Tesla T4, 6499 MiB, 8414 MiB, 15360 MiB, 38 %, 30 %, 1275 MHz, 5000 MHz, 51.94 W, 77, P0
2026/09/30 07:38:15.529, Tesla T4, 6499 MiB, 8414 MiB, 15360 MiB, 35 %, 28 %, 1260 MHz, 5000 MHz, 46.82 W, 77, P0
2026/09/30 07:38:16.044, Tesla T4, 6499 MiB, 8414 MiB, 15360 MiB, 37 %, 29 %, 1230 MHz, 5000 MHz, 49.41 W, 77, P0
2026/09/30 07:38:16.553, Tesla T4, 6499 MiB, 8414 MiB, 15360 MiB, 35 %, 28 %, 1215 MHz, 5000 MHz, 48.07 W, 77, P0
2026/09/30 07:38:17.066, Tesla T4, 6499 MiB, 8414 MiB, 15360 MiB, 38 %, 30 %, 1200 MHz, 5000 MHz, 49.21 W, 77, P0
2026/09/30 07:38:17.576, Tesla T4, 6499 MiB, 8414 MiB, 15360 MiB, 39 %, 31 %, 1185 MHz, 5000 MHz, 47.41 W, 77, P0
2026/09/30 07:38:18.089, Tesla T4, 6499 MiB, 8414 MiB, 15360 MiB, 39 %, 30 %, 1185 MHz, 5000 MHz, 48.59 W, 77, P0
2026/09/30 07:38:18.599, Tesla T4, 6499 MiB, 8414 MiB, 15360 MiB, 26 %, 20 %, 1125 MHz, 5000 MHz, 44.72 W, 76, P0
2026/09/30 07:38:19.120, Tesla T4, 6499 MiB, 8414 MiB, 15360 MiB, 32 %, 24 %, 1080 MHz, 5000 MHz, 46.49 W, 76, P0
2026/09/30 07:38:19.640, Tesla T4, 6499 MiB, 8414 MiB, 15360 MiB, 29 %, 22 %, 1020 MHz, 5000 MHz, 47.41 W, 76, P0
2026/09/30 07:38:20.167, Tesla T4, 6499 MiB, 8414 MiB, 15360 MiB, 29 %, 21 %, 975 MHz, 5000 MHz, 45.37 W, 76, P0
2026/09/30 07:38:20.699, Tesla T4, 6499 MiB, 8414 MiB, 15360 MiB, 30 %, 22 %, 900 MHz, 5000 MHz, 43.01 W, 75, P0
2026/09/30 07:38:21.218, Tesla T4, 6499 MiB, 8414 MiB, 15360 MiB, 78 %, 21 %, 1515 MHz, 5000 MHz, 43.94 W, 76, P0
2026/09/30 07:38:21.733, Tesla T4, 6499 MiB, 8414 MiB, 15360 MiB, 33 %, 28 %, 1590 MHz, 5000 MHz, 60.90 W, 77, P0
2026/09/30 07:38:22.241, Tesla T4, 6499 MiB, 8414 MiB, 15360 MiB, 35 %, 30 %, 1590 MHz, 5000 MHz, 73.33 W, 78, P0
2026/09/30 07:38:22.749, Tesla T4, 6499 MiB, 8414 MiB, 15360 MiB, 34 %, 29 %, 1590 MHz, 5000 MHz, 67.54 W, 78, P0
2026/09/30 07:38:23.260, Tesla T4, 6499 MiB, 8414 MiB, 15360 MiB, 36 %, 30 %, 1410 MHz, 5000 MHz, 56.92 W, 77, P0
2026/09/30 07:38:23.769, Tesla T4, 6499 MiB, 8414 MiB, 15360 MiB, 36 %, 29 %, 1380 MHz, 5000 MHz, 53.38 W, 77, P0
2026/09/30 07:38:24.277, Tesla T4, 6499 MiB, 8414 MiB, 15360 MiB, 37 %, 30 %, 1335 MHz, 5000 MHz, 50.53 W, 77, P0
2026/09/30 07:38:24.787, Tesla T4, 6499 MiB, 8414 MiB, 15360 MiB, 37 %, 30 %, 1320 MHz, 5000 MHz, 53.15 W, 76, P0
2026/09/30 07:38:25.297, Tesla T4, 6499 MiB, 8414 MiB, 15360 MiB, 37 %, 30 %, 1290 MHz, 5000 MHz, 50.92 W, 76, P0
2026/09/30 07:38:25.807, Tesla T4, 6499 MiB, 8414 MiB, 15360 MiB, 34 %, 27 %, 1260 MHz, 5000 MHz, 50.43 W, 76, P0
2026/09/30 07:38:26.327, Tesla T4, 6499 MiB, 8414 MiB, 15360 MiB, 39 %, 31 %, 1245 MHz, 5000 MHz, 52.79 W, 76, P0
2026/09/30 07:38:26.840, Tesla T4, 6499 MiB, 8414 MiB, 15360 MiB, 27 %, 21 %, 1170 MHz, 5000 MHz, 46.65 W, 76, P0
2026/09/30 07:38:27.349, Tesla T4, 6499 MiB, 8414 MiB, 15360 MiB, 38 %, 30 %, 1170 MHz, 5000 MHz, 47.31 W, 76, P0
2026/09/30 07:38:27.857, Tesla T4, 6499 MiB, 8414 MiB, 15360 MiB, 36 %, 28 %, 1155 MHz, 5000 MHz, 43.72 W, 76, P0
2026/09/30 07:38:28.369, Tesla T4, 6499 MiB, 8414 MiB, 15360 MiB, 40 %, 31 %, 1155 MHz, 5000 MHz, 48.52 W, 76, P0
2026/09/30 07:38:28.879, Tesla T4, 6499 MiB, 8414 MiB, 15360 MiB, 39 %, 30 %, 1155 MHz, 5000 MHz, 48.53 W, 76, P0
2026/09/30 07:38:29.393, Tesla T4, 6499 MiB, 8414 MiB, 15360 MiB, 40 %, 31 %, 1140 MHz, 5000 MHz, 47.60 W, 76, P0
2026/09/30 07:38:29.902, Tesla T4, 6499 MiB, 8414 MiB, 15360 MiB, 40 %, 31 %, 1155 MHz, 5000 MHz, 46.85 W, 75, P0
2026/09/30 07:38:30.412, Tesla T4, 6499 MiB, 8414 MiB, 15360 MiB, 39 %, 30 %, 1140 MHz, 5000 MHz, 47.14 W, 76, P0
2026/09/30 07:38:30.924, Tesla T4, 6499 MiB, 8414 MiB, 15360 MiB, 40 %, 31 %, 1170 MHz, 5000 MHz, 42.34 W, 75, P0
2026/09/30 07:38:31.433, Tesla T4, 6499 MiB, 8414 MiB, 15360 MiB, 25 %, 20 %, 1170 MHz, 5000 MHz, 47.83 W, 75, P0
2026/09/30 07:38:31.953, Tesla T4, 6499 MiB, 8414 MiB, 15360 MiB, 30 %, 23 %, 1170 MHz, 5000 MHz, 44.24 W, 75, P0
2026/09/30 07:38:32.473, Tesla T4, 6499 MiB, 8414 MiB, 15360 MiB, 32 %, 25 %, 1170 MHz, 5000 MHz, 46.26 W, 75, P0
2026/09/30 07:38:32.998, Tesla T4, 6499 MiB, 8414 MiB, 15360 MiB, 30 %, 22 %, 960 MHz, 5000 MHz, 41.55 W, 75, P0
2026/09/30 07:38:33.517, Tesla T4, 6499 MiB, 8414 MiB, 15360 MiB, 29 %, 20 %, 900 MHz, 5000 MHz, 39.60 W, 74, P0
2026/09/30 07:38:34.036, Tesla T4, 6499 MiB, 8414 MiB, 15360 MiB, 30 %, 20 %, 855 MHz, 5000 MHz, 47.14 W, 75, P0
2026/09/30 07:38:34.549, Tesla T4, 6499 MiB, 8414 MiB, 15360 MiB, 42 %, 30 %, 975 MHz, 5000 MHz, 44.11 W, 75, P0
2026/09/30 07:38:35.059, Tesla T4, 6499 MiB, 8414 MiB, 15360 MiB, 41 %, 31 %, 1065 MHz, 5000 MHz, 50.10 W, 75, P0
2026/09/30 07:38:35.575, Tesla T4, 6499 MiB, 8414 MiB, 15360 MiB, 40 %, 31 %, 1095 MHz, 5000 MHz, 48.17 W, 75, P0
2026/09/30 07:38:36.084, Tesla T4, 6499 MiB, 8414 MiB, 15360 MiB, 46 %, 30 %, 1320 MHz, 5000 MHz, 57.54 W, 76, P0
2026/09/30 07:38:36.595, Tesla T4, 6499 MiB, 8414 MiB, 15360 MiB, 35 %, 29 %, 1590 MHz, 5000 MHz, 57.80 W, 76, P0
2026/09/30 07:38:37.103, Tesla T4, 6499 MiB, 8414 MiB, 15360 MiB, 35 %, 30 %, 1590 MHz, 5000 MHz, 65.53 W, 77, P0
2026/09/30 07:38:37.613, Tesla T4, 6499 MiB, 8414 MiB, 15360 MiB, 34 %, 29 %, 1590 MHz, 5000 MHz, 62.79 W, 77, P0
2026/09/30 07:38:38.123, Tesla T4, 6499 MiB, 8414 MiB, 15360 MiB, 34 %, 29 %, 1425 MHz, 5000 MHz, 65.61 W, 76, P0
2026/09/30 07:38:38.632, Tesla T4, 6499 MiB, 8414 MiB, 15360 MiB, 36 %, 29 %, 1395 MHz, 5000 MHz, 54.43 W, 76, P0
2026/09/30 07:38:39.143, Tesla T4, 6499 MiB, 8414 MiB, 15360 MiB, 36 %, 29 %, 1365 MHz, 5000 MHz, 51.74 W, 76, P0
2026/09/30 07:38:39.651, Tesla T4, 6499 MiB, 8414 MiB, 15360 MiB, 35 %, 29 %, 1335 MHz, 5000 MHz, 51.44 W, 76, P0
2026/09/30 07:38:40.160, Tesla T4, 6499 MiB, 8414 MiB, 15360 MiB, 36 %, 29 %, 1305 MHz, 5000 MHz, 49.35 W, 76, P0
2026/09/30 07:38:40.671, Tesla T4, 6499 MiB, 8414 MiB, 15360 MiB, 35 %, 28 %, 1275 MHz, 5000 MHz, 49.57 W, 76, P0
2026/09/30 07:38:41.181, Tesla T4, 6499 MiB, 8414 MiB, 15360 MiB, 37 %, 29 %, 1260 MHz, 5000 MHz, 49.28 W, 76, P0
2026/09/30 07:38:41.695, Tesla T4, 6499 MiB, 8414 MiB, 15360 MiB, 39 %, 31 %, 1230 MHz, 5000 MHz, 47.80 W, 76, P0
2026/09/30 07:38:42.204, Tesla T4, 6499 MiB, 8414 MiB, 15360 MiB, 38 %, 30 %, 1230 MHz, 5000 MHz, 50.56 W, 76, P0
2026/09/30 07:38:42.713, Tesla T4, 6499 MiB, 8414 MiB, 15360 MiB, 37 %, 29 %, 1200 MHz, 5000 MHz, 53.28 W, 76, P0
2026/09/30 07:38:43.224, Tesla T4, 6499 MiB, 8414 MiB, 15360 MiB, 38 %, 29 %, 1185 MHz, 5000 MHz, 47.28 W, 76, P0
2026/09/30 07:38:43.733, Tesla T4, 6499 MiB, 8414 MiB, 15360 MiB, 39 %, 30 %, 1170 MHz, 5000 MHz, 49.48 W, 76, P0
2026/09/30 07:38:44.247, Tesla T4, 6499 MiB, 8414 MiB, 15360 MiB, 28 %, 21 %, 1125 MHz, 5000 MHz, 44.80 W, 76, P0
2026/09/30 07:38:44.763, Tesla T4, 6499 MiB, 8414 MiB, 15360 MiB, 31 %, 23 %, 1050 MHz, 5000 MHz, 41.82 W, 75, P0
2026/09/30 07:38:45.283, Tesla T4, 6499 MiB, 8414 MiB, 15360 MiB, 33 %, 24 %, 1005 MHz, 5000 MHz, 40.96 W, 75, P0
2026/09/30 07:38:45.810, Tesla T4, 6499 MiB, 8414 MiB, 15360 MiB, 27 %, 19 %, 930 MHz, 5000 MHz, 44.04 W, 75, P0
2026/09/30 07:38:46.328, Tesla T4, 6499 MiB, 8414 MiB, 15360 MiB, 27 %, 19 %, 870 MHz, 5000 MHz, 38.91 W, 75, P0
2026/09/30 07:38:46.846, Tesla T4, 6499 MiB, 8414 MiB, 15360 MiB, 33 %, 23 %, 840 MHz, 5000 MHz, 44.41 W, 75, P0
2026/09/30 07:38:47.357, Tesla T4, 6499 MiB, 8414 MiB, 15360 MiB, 43 %, 31 %, 1035 MHz, 5000 MHz, 44.71 W, 75, P0
2026/09/30 07:38:47.869, Tesla T4, 6499 MiB, 8414 MiB, 15360 MiB, 39 %, 29 %, 1080 MHz, 5000 MHz, 46.18 W, 75, P0
2026/09/30 07:38:48.379, Tesla T4, 6499 MiB, 8414 MiB, 15360 MiB, 40 %, 31 %, 1155 MHz, 5000 MHz, 51.02 W, 76, P0
2026/09/30 07:38:48.891, Tesla T4, 6499 MiB, 8414 MiB, 15360 MiB, 37 %, 29 %, 1155 MHz, 5000 MHz, 52.72 W, 76, P0
2026/09/30 07:38:49.401, Tesla T4, 6499 MiB, 8414 MiB, 15360 MiB, 40 %, 32 %, 1215 MHz, 5000 MHz, 49.45 W, 76, P0
2026/09/30 07:38:49.910, Tesla T4, 6499 MiB, 8414 MiB, 15360 MiB, 37 %, 29 %, 1215 MHz, 5000 MHz, 46.94 W, 76, P0
2026/09/30 07:38:50.423, Tesla T4, 6499 MiB, 8414 MiB, 15360 MiB, 40 %, 32 %, 1215 MHz, 5000 MHz, 56.17 W, 76, P0
2026/09/30 07:38:50.933, Tesla T4, 6499 MiB, 8414 MiB, 15360 MiB, 37 %, 30 %, 1215 MHz, 5000 MHz, 44.99 W, 76, P0
2026/09/30 07:38:51.495, Tesla T4, 6499 MiB, 8414 MiB, 15360 MiB, 35 %, 30 %, 1590 MHz, 5000 MHz, 64.20 W, 77, P0
2026/09/30 07:38:52.006, Tesla T4, 6499 MiB, 8414 MiB, 15360 MiB, 31 %, 26 %, 1590 MHz, 5000 MHz, 59.60 W, 77, P0
2026/09/30 07:38:52.514, Tesla T4, 6499 MiB, 8414 MiB, 15360 MiB, 35 %, 30 %, 1590 MHz, 5000 MHz, 61.73 W, 78, P0
2026/09/30 07:38:53.022, Tesla T4, 6499 MiB, 8414 MiB, 15360 MiB, 30 %, 26 %, 1410 MHz, 5000 MHz, 61.63 W, 77, P0
2026/09/30 07:38:53.532, Tesla T4, 6499 MiB, 8414 MiB, 15360 MiB, 36 %, 30 %, 1395 MHz, 5000 MHz, 52.56 W, 77, P0
2026/09/30 07:38:54.046, Tesla T4, 6499 MiB, 8414 MiB, 15360 MiB, 32 %, 26 %, 1350 MHz, 5000 MHz, 50.63 W, 77, P0
2026/09/30 07:38:54.558, Tesla T4, 6499 MiB, 8414 MiB, 15360 MiB, 36 %, 29 %, 1320 MHz, 5000 MHz, 51.09 W, 77, P0
2026/09/30 07:38:55.070, Tesla T4, 6499 MiB, 8414 MiB, 15360 MiB, 33 %, 26 %, 1290 MHz, 5000 MHz, 50.29 W, 77, P0
2026/09/30 07:38:55.583, Tesla T4, 6499 MiB, 8414 MiB, 15360 MiB, 37 %, 30 %, 1260 MHz, 5000 MHz, 51.22 W, 77, P0
2026/09/30 07:38:56.092, Tesla T4, 6499 MiB, 8414 MiB, 15360 MiB, 34 %, 27 %, 1245 MHz, 5000 MHz, 48.95 W, 77, P0
2026/09/30 07:38:56.602, Tesla T4, 6499 MiB, 8414 MiB, 15360 MiB, 37 %, 30 %, 1230 MHz, 5000 MHz, 50.89 W, 77, P0
2026/09/30 07:38:57.117, Tesla T4, 6499 MiB, 8414 MiB, 15360 MiB, 27 %, 21 %, 1155 MHz, 5000 MHz, 45.27 W, 77, P0
2026/09/30 07:38:57.633, Tesla T4, 6499 MiB, 8414 MiB, 15360 MiB, 30 %, 23 %, 1080 MHz, 5000 MHz, 44.11 W, 77, P0
2026/09/30 07:38:58.151, Tesla T4, 6499 MiB, 8414 MiB, 15360 MiB, 28 %, 21 %, 1005 MHz, 5000 MHz, 41.33 W, 77, P0
2026/09/30 07:38:58.668, Tesla T4, 6499 MiB, 8414 MiB, 15360 MiB, 28 %, 20 %, 960 MHz, 5000 MHz, 43.55 W, 76, P0
2026/09/30 07:38:59.196, Tesla T4, 6499 MiB, 8414 MiB, 15360 MiB, 26 %, 18 %, 885 MHz, 5000 MHz, 40.39 W, 76, P0
2026/09/30 07:38:59.723, Tesla T4, 6499 MiB, 8414 MiB, 15360 MiB, 41 %, 28 %, 900 MHz, 5000 MHz, 46.55 W, 77, P0
2026/09/30 07:39:00.234, Tesla T4, 6499 MiB, 8414 MiB, 15360 MiB, 40 %, 30 %, 990 MHz, 5000 MHz, 45.66 W, 77, P0
2026/09/30 07:39:00.744, Tesla T4, 6499 MiB, 8414 MiB, 15360 MiB, 42 %, 32 %, 1125 MHz, 5000 MHz, 53.84 W, 77, P0
2026/09/30 07:39:01.255, Tesla T4, 6499 MiB, 8414 MiB, 15360 MiB, 39 %, 30 %, 1140 MHz, 5000 MHz, 45.72 W, 77, P0
2026/09/30 07:39:01.764, Tesla T4, 6499 MiB, 8414 MiB, 15360 MiB, 30 %, 25 %, 1590 MHz, 5000 MHz, 57.50 W, 78, P0
2026/09/30 07:39:02.276, Tesla T4, 6499 MiB, 8414 MiB, 15360 MiB, 33 %, 28 %, 1590 MHz, 5000 MHz, 61.10 W, 79, P0
2026/09/30 07:39:02.784, Tesla T4, 6499 MiB, 8414 MiB, 15360 MiB, 33 %, 28 %, 1590 MHz, 5000 MHz, 62.91 W, 79, P0
2026/09/30 07:39:03.292, Tesla T4, 6499 MiB, 8414 MiB, 15360 MiB, 35 %, 30 %, 1440 MHz, 5000 MHz, 57.77 W, 79, P0
2026/09/30 07:39:03.802, Tesla T4, 6499 MiB, 8414 MiB, 15360 MiB, 36 %, 30 %, 1395 MHz, 5000 MHz, 55.02 W, 79, P0
2026/09/30 07:39:04.312, Tesla T4, 6499 MiB, 8414 MiB, 15360 MiB, 37 %, 30 %, 1365 MHz, 5000 MHz, 50.82 W, 79, P0
2026/09/30 07:39:04.820, Tesla T4, 6499 MiB, 8414 MiB, 15360 MiB, 38 %, 31 %, 1335 MHz, 5000 MHz, 57.18 W, 79, P0
2026/09/30 07:39:05.332, Tesla T4, 6499 MiB, 8414 MiB, 15360 MiB, 37 %, 30 %, 1320 MHz, 5000 MHz, 49.01 W, 79, P0
2026/09/30 07:39:05.841, Tesla T4, 6499 MiB, 8414 MiB, 15360 MiB, 37 %, 30 %, 1290 MHz, 5000 MHz, 51.31 W, 79, P0
2026/09/30 07:39:06.354, Tesla T4, 6499 MiB, 8414 MiB, 15360 MiB, 37 %, 30 %, 1275 MHz, 5000 MHz, 51.90 W, 79, P0
2026/09/30 07:39:06.863, Tesla T4, 6499 MiB, 8414 MiB, 15360 MiB, 37 %, 29 %, 1245 MHz, 5000 MHz, 50.72 W, 79, P0
2026/09/30 07:39:07.373, Tesla T4, 6499 MiB, 8414 MiB, 15360 MiB, 38 %, 31 %, 1230 MHz, 5000 MHz, 49.08 W, 79, P0
2026/09/30 07:39:07.885, Tesla T4, 6499 MiB, 8414 MiB, 15360 MiB, 39 %, 31 %, 1215 MHz, 5000 MHz, 52.43 W, 79, P0
2026/09/30 07:39:08.395, Tesla T4, 6499 MiB, 8414 MiB, 15360 MiB, 39 %, 31 %, 1215 MHz, 5000 MHz, 47.28 W, 79, P0
2026/09/30 07:39:08.922, Tesla T4, 6499 MiB, 8414 MiB, 15360 MiB, 38 %, 30 %, 1185 MHz, 5000 MHz, 47.94 W, 79, P0
2026/09/30 07:39:09.433, Tesla T4, 6499 MiB, 8414 MiB, 15360 MiB, 36 %, 29 %, 1170 MHz, 5000 MHz, 44.68 W, 78, P0
2026/09/30 07:39:09.960, Tesla T4, 6499 MiB, 8414 MiB, 15360 MiB, 31 %, 24 %, 1110 MHz, 5000 MHz, 42.83 W, 78, P0
2026/09/30 07:39:10.489, Tesla T4, 6499 MiB, 8414 MiB, 15360 MiB, 33 %, 25 %, 1050 MHz, 5000 MHz, 46.62 W, 78, P0
2026/09/30 07:39:11.010, Tesla T4, 6499 MiB, 8414 MiB, 15360 MiB, 34 %, 26 %, 990 MHz, 5000 MHz, 40.74 W, 78, P0
2026/09/30 07:39:11.549, Tesla T4, 6499 MiB, 8414 MiB, 15360 MiB, 29 %, 22 %, 945 MHz, 5000 MHz, 43.82 W, 78, P0
2026/09/30 07:39:12.067, Tesla T4, 6499 MiB, 8414 MiB, 15360 MiB, 27 %, 19 %, 885 MHz, 5000 MHz, 41.97 W, 78, P0
2026/09/30 07:39:12.586, Tesla T4, 6499 MiB, 8414 MiB, 15360 MiB, 45 %, 32 %, 990 MHz, 5000 MHz, 43.62 W, 78, P0
2026/09/30 07:39:13.098, Tesla T4, 6499 MiB, 8414 MiB, 15360 MiB, 40 %, 29 %, 1020 MHz, 5000 MHz, 46.94 W, 78, P0
2026/09/30 07:39:13.609, Tesla T4, 6499 MiB, 8414 MiB, 15360 MiB, 42 %, 31 %, 1065 MHz, 5000 MHz, 46.26 W, 78, P0
2026/09/30 07:39:14.122, Tesla T4, 6499 MiB, 8414 MiB, 15360 MiB, 39 %, 30 %, 1065 MHz, 5000 MHz, 48.42 W, 78, P0
2026/09/30 07:39:14.631, Tesla T4, 6499 MiB, 8414 MiB, 15360 MiB, 41 %, 31 %, 1125 MHz, 5000 MHz, 51.28 W, 78, P0
2026/09/30 07:39:15.152, Tesla T4, 6499 MiB, 8414 MiB, 15360 MiB, 39 %, 31 %, 1155 MHz, 5000 MHz, 52.30 W, 78, P0
2026/09/30 07:39:15.661, Tesla T4, 6499 MiB, 8414 MiB, 15360 MiB, 40 %, 31 %, 1170 MHz, 5000 MHz, 49.25 W, 78, P0
2026/09/30 07:39:16.173, Tesla T4, 6499 MiB, 8414 MiB, 15360 MiB, 40 %, 31 %, 1170 MHz, 5000 MHz, 51.35 W, 78, P0
2026/09/30 07:39:16.682, Tesla T4, 6499 MiB, 8414 MiB, 15360 MiB, 33 %, 28 %, 1590 MHz, 5000 MHz, 63.03 W, 79, P0
2026/09/30 07:39:17.190, Tesla T4, 6499 MiB, 8414 MiB, 15360 MiB, 34 %, 29 %, 1590 MHz, 5000 MHz, 64.06 W, 80, P0
2026/09/30 07:39:17.699, Tesla T4, 6499 MiB, 8414 MiB, 15360 MiB, 34 %, 28 %, 1590 MHz, 5000 MHz, 60.71 W, 80, P0
2026/09/30 07:39:18.207, Tesla T4, 6499 MiB, 8414 MiB, 15360 MiB, 31 %, 26 %, 1575 MHz, 5000 MHz, 60.75 W, 80, P0
2026/09/30 07:39:18.715, Tesla T4, 6499 MiB, 8414 MiB, 15360 MiB, 35 %, 29 %, 1395 MHz, 5000 MHz, 52.17 W, 79, P0
2026/09/30 07:39:19.224, Tesla T4, 6499 MiB, 8414 MiB, 15360 MiB, 34 %, 28 %, 1365 MHz, 5000 MHz, 55.15 W, 79, P0
2026/09/30 07:39:19.735, Tesla T4, 6499 MiB, 8414 MiB, 15360 MiB, 37 %, 30 %, 1335 MHz, 5000 MHz, 53.77 W, 79, P0
2026/09/30 07:39:20.244, Tesla T4, 6499 MiB, 8414 MiB, 15360 MiB, 33 %, 27 %, 1305 MHz, 5000 MHz, 51.87 W, 78, P0
2026/09/30 07:39:20.753, Tesla T4, 6499 MiB, 8414 MiB, 15360 MiB, 37 %, 29 %, 1290 MHz, 5000 MHz, 50.01 W, 78, P0
2026/09/30 07:39:21.264, Tesla T4, 6499 MiB, 8414 MiB, 15360 MiB, 34 %, 27 %, 1275 MHz, 5000 MHz, 48.73 W, 78, P0
2026/09/30 07:39:21.776, Tesla T4, 6499 MiB, 8414 MiB, 15360 MiB, 37 %, 30 %, 1260 MHz, 5000 MHz, 54.40 W, 78, P0
2026/09/30 07:39:22.288, Tesla T4, 6499 MiB, 8414 MiB, 15360 MiB, 31 %, 24 %, 1215 MHz, 5000 MHz, 45.03 W, 78, P0
2026/09/30 07:39:22.805, Tesla T4, 6499 MiB, 8414 MiB, 15360 MiB, 29 %, 22 %, 1155 MHz, 5000 MHz, 45.27 W, 77, P0
2026/09/30 07:39:23.321, Tesla T4, 6499 MiB, 8414 MiB, 15360 MiB, 32 %, 24 %, 1080 MHz, 5000 MHz, 45.89 W, 77, P0
2026/09/30 07:39:23.840, Tesla T4, 6499 MiB, 8414 MiB, 15360 MiB, 31 %, 23 %, 1035 MHz, 5000 MHz, 45.74 W, 77, P0
2026/09/30 07:39:24.362, Tesla T4, 6499 MiB, 8414 MiB, 15360 MiB, 28 %, 20 %, 945 MHz, 5000 MHz, 41.18 W, 76, P0
2026/09/30 07:39:24.887, Tesla T4, 6499 MiB, 8414 MiB, 15360 MiB, 27 %, 19 %, 885 MHz, 5000 MHz, 44.96 W, 76, P0
2026/09/30 07:39:25.418, Tesla T4, 6499 MiB, 8414 MiB, 15360 MiB, 40 %, 28 %, 885 MHz, 5000 MHz, 43.92 W, 76, P0
2026/09/30 07:39:25.931, Tesla T4, 6499 MiB, 8414 MiB, 15360 MiB, 41 %, 30 %, 1005 MHz, 5000 MHz, 45.32 W, 76, P0
2026/09/30 07:39:26.442, Tesla T4, 6499 MiB, 8414 MiB, 15360 MiB, 38 %, 29 %, 1050 MHz, 5000 MHz, 45.76 W, 76, P0
2026/09/30 07:39:26.954, Tesla T4, 6499 MiB, 8414 MiB, 15360 MiB, 68 %, 27 %, 1575 MHz, 5000 MHz, 54.13 W, 77, P0
2026/09/30 07:39:27.462, Tesla T4, 6499 MiB, 8414 MiB, 15360 MiB, 34 %, 29 %, 1590 MHz, 5000 MHz, 66.09 W, 78, P0
2026/09/30 07:39:27.970, Tesla T4, 6499 MiB, 8414 MiB, 15360 MiB, 34 %, 29 %, 1590 MHz, 5000 MHz, 60.61 W, 78, P0
2026/09/30 07:39:28.483, Tesla T4, 6499 MiB, 8414 MiB, 15360 MiB, 34 %, 29 %, 1590 MHz, 5000 MHz, 63.42 W, 78, P0
2026/09/30 07:39:28.991, Tesla T4, 6499 MiB, 8414 MiB, 15360 MiB, 35 %, 29 %, 1395 MHz, 5000 MHz, 50.33 W, 77, P0
2026/09/30 07:39:29.502, Tesla T4, 6499 MiB, 8414 MiB, 15360 MiB, 36 %, 29 %, 1380 MHz, 5000 MHz, 51.84 W, 77, P0
2026/09/30 07:39:30.010, Tesla T4, 6499 MiB, 8414 MiB, 15360 MiB, 36 %, 29 %, 1335 MHz, 5000 MHz, 52.00 W, 77, P0
2026/09/30 07:39:30.520, Tesla T4, 6499 MiB, 8414 MiB, 15360 MiB, 35 %, 28 %, 1305 MHz, 5000 MHz, 52.69 W, 77, P0
2026/09/30 07:39:31.030, Tesla T4, 6499 MiB, 8414 MiB, 15360 MiB, 36 %, 29 %, 1290 MHz, 5000 MHz, 49.64 W, 77, P0
2026/09/30 07:39:31.539, Tesla T4, 6499 MiB, 8414 MiB, 15360 MiB, 35 %, 28 %, 1260 MHz, 5000 MHz, 49.25 W, 77, P0
2026/09/30 07:39:32.048, Tesla T4, 6499 MiB, 8414 MiB, 15360 MiB, 34 %, 27 %, 1230 MHz, 5000 MHz, 47.08 W, 77, P0
2026/09/30 07:39:32.559, Tesla T4, 6499 MiB, 8414 MiB, 15360 MiB, 36 %, 28 %, 1200 MHz, 5000 MHz, 48.13 W, 77, P0
2026/09/30 07:39:33.069, Tesla T4, 6499 MiB, 8414 MiB, 15360 MiB, 38 %, 29 %, 1200 MHz, 5000 MHz, 48.00 W, 76, P0
2026/09/30 07:39:33.578, Tesla T4, 6499 MiB, 8414 MiB, 15360 MiB, 35 %, 27 %, 1170 MHz, 5000 MHz, 46.33 W, 76, P0
2026/09/30 07:39:34.088, Tesla T4, 6499 MiB, 8414 MiB, 15360 MiB, 38 %, 30 %, 1170 MHz, 5000 MHz, 47.83 W, 76, P0
2026/09/30 07:39:34.597, Tesla T4, 6499 MiB, 8414 MiB, 15360 MiB, 38 %, 30 %, 1170 MHz, 5000 MHz, 45.20 W, 76, P0
2026/09/30 07:39:35.112, Tesla T4, 6499 MiB, 8414 MiB, 15360 MiB, 37 %, 29 %, 1155 MHz, 5000 MHz, 43.08 W, 76, P0
2026/09/30 07:39:35.626, Tesla T4, 6499 MiB, 8414 MiB, 15360 MiB, 31 %, 23 %, 1065 MHz, 5000 MHz, 41.80 W, 76, P0
2026/09/30 07:39:36.147, Tesla T4, 6499 MiB, 8414 MiB, 15360 MiB, 33 %, 25 %, 1005 MHz, 5000 MHz, 42.64 W, 76, P0
2026/09/30 07:39:36.669, Tesla T4, 6499 MiB, 8414 MiB, 15360 MiB, 30 %, 22 %, 960 MHz, 5000 MHz, 40.19 W, 75, P0
2026/09/30 07:39:37.191, Tesla T4, 6499 MiB, 8414 MiB, 15360 MiB, 34 %, 24 %, 900 MHz, 5000 MHz, 42.07 W, 75, P0
2026/09/30 07:39:37.710, Tesla T4, 6499 MiB, 8414 MiB, 15360 MiB, 29 %, 20 %, 855 MHz, 5000 MHz, 39.68 W, 75, P0
2026/09/30 07:39:38.234, Tesla T4, 6499 MiB, 8414 MiB, 15360 MiB, 43 %, 31 %, 990 MHz, 5000 MHz, 43.50 W, 75, P0
2026/09/30 07:39:38.744, Tesla T4, 6499 MiB, 8414 MiB, 15360 MiB, 42 %, 31 %, 1080 MHz, 5000 MHz, 45.07 W, 75, P0
2026/09/30 07:39:39.258, Tesla T4, 6499 MiB, 8414 MiB, 15360 MiB, 41 %, 31 %, 1125 MHz, 5000 MHz, 49.21 W, 75, P0
2026/09/30 07:39:39.768, Tesla T4, 6499 MiB, 8414 MiB, 15360 MiB, 40 %, 31 %, 1140 MHz, 5000 MHz, 47.66 W, 75, P0
2026/09/30 07:39:40.278, Tesla T4, 6499 MiB, 8414 MiB, 15360 MiB, 41 %, 32 %, 1185 MHz, 5000 MHz, 50.40 W, 75, P0
2026/09/30 07:39:40.788, Tesla T4, 6499 MiB, 8414 MiB, 15360 MiB, 40 %, 32 %, 1230 MHz, 5000 MHz, 47.65 W, 75, P0
2026/09/30 07:39:41.298, Tesla T4, 6499 MiB, 8414 MiB, 15360 MiB, 39 %, 31 %, 1230 MHz, 5000 MHz, 48.69 W, 76, P0
2026/09/30 07:39:41.810, Tesla T4, 6499 MiB, 8414 MiB, 15360 MiB, 62 %, 28 %, 1575 MHz, 5000 MHz, 51.54 W, 76, P0
2026/09/30 07:39:42.319, Tesla T4, 6499 MiB, 8414 MiB, 15360 MiB, 35 %, 30 %, 1590 MHz, 5000 MHz, 61.09 W, 77, P0
2026/09/30 07:39:42.827, Tesla T4, 6499 MiB, 8414 MiB, 15360 MiB, 33 %, 28 %, 1590 MHz, 5000 MHz, 60.16 W, 77, P0
2026/09/30 07:39:43.336, Tesla T4, 6499 MiB, 8414 MiB, 15360 MiB, 35 %, 29 %, 1590 MHz, 5000 MHz, 63.36 W, 77, P0
2026/09/30 07:39:43.844, Tesla T4, 6499 MiB, 8414 MiB, 15360 MiB, 33 %, 27 %, 1425 MHz, 5000 MHz, 54.99 W, 77, P0
2026/09/30 07:39:44.352, Tesla T4, 6499 MiB, 8414 MiB, 15360 MiB, 36 %, 30 %, 1395 MHz, 5000 MHz, 55.18 W, 76, P0
2026/09/30 07:39:44.863, Tesla T4, 6499 MiB, 8414 MiB, 15360 MiB, 36 %, 29 %, 1365 MHz, 5000 MHz, 51.12 W, 76, P0
2026/09/30 07:39:45.372, Tesla T4, 6499 MiB, 8414 MiB, 15360 MiB, 36 %, 29 %, 1335 MHz, 5000 MHz, 50.23 W, 76, P0
2026/09/30 07:39:45.881, Tesla T4, 6499 MiB, 8414 MiB, 15360 MiB, 35 %, 28 %, 1305 MHz, 5000 MHz, 50.10 W, 76, P0
2026/09/30 07:39:46.390, Tesla T4, 6499 MiB, 8414 MiB, 15360 MiB, 37 %, 30 %, 1275 MHz, 5000 MHz, 48.07 W, 76, P0
2026/09/30 07:39:46.901, Tesla T4, 6499 MiB, 8414 MiB, 15360 MiB, 37 %, 30 %, 1260 MHz, 5000 MHz, 50.00 W, 76, P0
2026/09/30 07:39:47.410, Tesla T4, 6499 MiB, 8414 MiB, 15360 MiB, 37 %, 29 %, 1230 MHz, 5000 MHz, 49.87 W, 76, P0
2026/09/30 07:39:47.921, Tesla T4, 6499 MiB, 8414 MiB, 15360 MiB, 27 %, 21 %, 1185 MHz, 5000 MHz, 43.35 W, 76, P0
2026/09/30 07:39:48.435, Tesla T4, 6499 MiB, 8414 MiB, 15360 MiB, 30 %, 23 %, 1095 MHz, 5000 MHz, 50.19 W, 75, P0
2026/09/30 07:39:48.953, Tesla T4, 6499 MiB, 8414 MiB, 15360 MiB, 32 %, 24 %, 1050 MHz, 5000 MHz, 44.21 W, 75, P0
2026/09/30 07:39:49.473, Tesla T4, 6499 MiB, 8414 MiB, 15360 MiB, 28 %, 20 %, 975 MHz, 5000 MHz, 41.38 W, 75, P0
2026/09/30 07:39:49.998, Tesla T4, 6499 MiB, 8414 MiB, 15360 MiB, 29 %, 21 %, 930 MHz, 5000 MHz, 40.86 W, 75, P0
2026/09/30 07:39:50.530, Tesla T4, 6499 MiB, 8414 MiB, 15360 MiB, 27 %, 19 %, 855 MHz, 5000 MHz, 44.09 W, 75, P0
2026/09/30 07:39:51.043, Tesla T4, 6499 MiB, 8414 MiB, 15360 MiB, 41 %, 29 %, 975 MHz, 5000 MHz, 46.35 W, 75, P0
2026/09/30 07:39:51.570, Tesla T4, 6499 MiB, 8414 MiB, 15360 MiB, 36 %, 27 %, 1020 MHz, 5000 MHz, 44.21 W, 75, P0
2026/09/30 07:39:52.172, Tesla T4, 6499 MiB, 8414 MiB, 15360 MiB, 40 %, 30 %, 1035 MHz, 5000 MHz, 43.33 W, 75, P0
2026/09/30 07:39:52.681, Tesla T4, 6499 MiB, 8414 MiB, 15360 MiB, 41 %, 31 %, 1080 MHz, 5000 MHz, 45.17 W, 75, P0
2026/09/30 07:39:53.194, Tesla T4, 6499 MiB, 8414 MiB, 15360 MiB, 39 %, 29 %, 1080 MHz, 5000 MHz, 47.00 W, 75, P0
2026/09/30 07:39:53.703, Tesla T4, 6499 MiB, 8414 MiB, 15360 MiB, 40 %, 30 %, 1125 MHz, 5000 MHz, 49.91 W, 76, P0
2026/09/30 07:39:54.217, Tesla T4, 6499 MiB, 8414 MiB, 15360 MiB, 39 %, 30 %, 1125 MHz, 5000 MHz, 49.11 W, 76, P0
2026/09/30 07:39:54.727, Tesla T4, 6499 MiB, 8414 MiB, 15360 MiB, 41 %, 32 %, 1170 MHz, 5000 MHz, 47.01 W, 76, P0
2026/09/30 07:39:55.236, Tesla T4, 6499 MiB, 8414 MiB, 15360 MiB, 39 %, 31 %, 1170 MHz, 5000 MHz, 45.78 W, 76, P0
2026/09/30 07:39:55.749, Tesla T4, 6499 MiB, 8414 MiB, 15360 MiB, 38 %, 30 %, 1170 MHz, 5000 MHz, 48.79 W, 76, P0
2026/09/30 07:39:56.258, Tesla T4, 6499 MiB, 8414 MiB, 15360 MiB, 39 %, 31 %, 1170 MHz, 5000 MHz, 50.99 W, 76, P0
2026/09/30 07:39:56.770, Tesla T4, 6499 MiB, 8414 MiB, 15360 MiB, 66 %, 26 %, 1575 MHz, 5000 MHz, 62.81 W, 77, P0
2026/09/30 07:39:57.278, Tesla T4, 6499 MiB, 8414 MiB, 15360 MiB, 34 %, 29 %, 1590 MHz, 5000 MHz, 60.77 W, 77, P0
2026/09/30 07:39:57.787, Tesla T4, 6499 MiB, 8414 MiB, 15360 MiB, 33 %, 28 %, 1575 MHz, 5000 MHz, 59.17 W, 78, P0
2026/09/30 07:39:58.299, Tesla T4, 6499 MiB, 8414 MiB, 15360 MiB, 34 %, 29 %, 1575 MHz, 5000 MHz, 61.00 W, 78, P0
2026/09/30 07:39:58.807, Tesla T4, 6499 MiB, 8414 MiB, 15360 MiB, 34 %, 28 %, 1410 MHz, 5000 MHz, 54.40 W, 77, P0
2026/09/30 07:39:59.316, Tesla T4, 6499 MiB, 8414 MiB, 15360 MiB, 37 %, 30 %, 1380 MHz, 5000 MHz, 53.54 W, 78, P0
2026/09/30 07:39:59.826, Tesla T4, 6499 MiB, 8414 MiB, 15360 MiB, 34 %, 28 %, 1350 MHz, 5000 MHz, 51.81 W, 78, P0
2026/09/30 07:40:00.334, Tesla T4, 6499 MiB, 8414 MiB, 15360 MiB, 37 %, 30 %, 1320 MHz, 5000 MHz, 50.92 W, 78, P0
2026/09/30 07:40:00.844, Tesla T4, 6499 MiB, 8414 MiB, 15360 MiB, 23 %, 18 %, 1260 MHz, 5000 MHz, 49.18 W, 77, P0
2026/09/30 07:40:01.360, Tesla T4, 6499 MiB, 8414 MiB, 15360 MiB, 30 %, 24 %, 1170 MHz, 5000 MHz, 44.95 W, 77, P0
2026/09/30 07:40:01.884, Tesla T4, 6499 MiB, 8414 MiB, 15360 MiB, 29 %, 22 %, 1110 MHz, 5000 MHz, 47.34 W, 77, P0
2026/09/30 07:40:02.409, Tesla T4, 6499 MiB, 8414 MiB, 15360 MiB, 27 %, 20 %, 1035 MHz, 5000 MHz, 43.00 W, 77, P0
2026/09/30 07:40:02.927, Tesla T4, 6499 MiB, 8414 MiB, 15360 MiB, 27 %, 20 %, 960 MHz, 5000 MHz, 40.19 W, 77, P0
2026/09/30 07:40:03.448, Tesla T4, 6499 MiB, 8414 MiB, 15360 MiB, 27 %, 20 %, 900 MHz, 5000 MHz, 46.52 W, 77, P0
2026/09/30 07:40:03.959, Tesla T4, 6499 MiB, 8414 MiB, 15360 MiB, 41 %, 30 %, 1035 MHz, 5000 MHz, 42.81 W, 77, P0
2026/09/30 07:40:04.472, Tesla T4, 6499 MiB, 8414 MiB, 15360 MiB, 40 %, 30 %, 1065 MHz, 5000 MHz, 45.66 W, 77, P0
2026/09/30 07:40:04.981, Tesla T4, 6499 MiB, 8414 MiB, 15360 MiB, 40 %, 30 %, 1125 MHz, 5000 MHz, 49.31 W, 77, P0
2026/09/30 07:40:05.491, Tesla T4, 6499 MiB, 8414 MiB, 15360 MiB, 39 %, 30 %, 1125 MHz, 5000 MHz, 47.08 W, 77, P0
2026/09/30 07:40:06.006, Tesla T4, 6499 MiB, 8414 MiB, 15360 MiB, 39 %, 30 %, 1125 MHz, 5000 MHz, 47.63 W, 77, P0
2026/09/30 07:40:06.515, Tesla T4, 6499 MiB, 8414 MiB, 15360 MiB, 41 %, 32 %, 1170 MHz, 5000 MHz, 48.73 W, 78, P0
2026/09/30 07:40:07.025, Tesla T4, 6499 MiB, 8414 MiB, 15360 MiB, 39 %, 31 %, 1170 MHz, 5000 MHz, 42.64 W, 77, P0
2026/09/30 07:40:07.535, Tesla T4, 6499 MiB, 8414 MiB, 15360 MiB, 40 %, 32 %, 1185 MHz, 5000 MHz, 47.74 W, 78, P0
2026/09/30 07:40:08.045, Tesla T4, 6499 MiB, 8414 MiB, 15360 MiB, 39 %, 30 %, 1185 MHz, 5000 MHz, 51.18 W, 78, P0
2026/09/30 07:40:08.554, Tesla T4, 6499 MiB, 8414 MiB, 15360 MiB, 40 %, 32 %, 1215 MHz, 5000 MHz, 50.04 W, 78, P0
2026/09/30 07:40:09.065, Tesla T4, 6499 MiB, 8414 MiB, 15360 MiB, 38 %, 30 %, 1215 MHz, 5000 MHz, 48.83 W, 78, P0
2026/09/30 07:40:09.585, Tesla T4, 6499 MiB, 8414 MiB, 15360 MiB, 40 %, 32 %, 1215 MHz, 5000 MHz, 50.07 W, 78, P0
2026/09/30 07:40:10.096, Tesla T4, 6499 MiB, 8414 MiB, 15360 MiB, 38 %, 31 %, 1215 MHz, 5000 MHz, 52.36 W, 78, P0
2026/09/30 07:40:10.621, Tesla T4, 6499 MiB, 8414 MiB, 15360 MiB, 41 %, 32 %, 1245 MHz, 5000 MHz, 51.31 W, 78, P0
2026/09/30 07:40:11.132, Tesla T4, 6499 MiB, 8414 MiB, 15360 MiB, 40 %, 32 %, 1245 MHz, 5000 MHz, 52.49 W, 78, P0
2026/09/30 07:40:11.650, Tesla T4, 6499 MiB, 8414 MiB, 15360 MiB, 62 %, 29 %, 1590 MHz, 5000 MHz, 62.81 W, 79, P0
2026/09/30 07:40:12.158, Tesla T4, 6499 MiB, 8414 MiB, 15360 MiB, 35 %, 30 %, 1590 MHz, 5000 MHz, 62.40 W, 80, P0
2026/09/30 07:40:12.666, Tesla T4, 6499 MiB, 8414 MiB, 15360 MiB, 36 %, 30 %, 1575 MHz, 5000 MHz, 62.42 W, 80, P0
2026/09/30 07:40:13.175, Tesla T4, 6499 MiB, 8414 MiB, 15360 MiB, 36 %, 31 %, 1590 MHz, 5000 MHz, 61.58 W, 80, P0
2026/09/30 07:40:13.685, Tesla T4, 6499 MiB, 8414 MiB, 15360 MiB, 24 %, 20 %, 1395 MHz, 5000 MHz, 50.57 W, 79, P0
2026/09/30 07:40:14.200, Tesla T4, 6499 MiB, 8414 MiB, 15360 MiB, 30 %, 24 %, 1290 MHz, 5000 MHz, 46.99 W, 79, P0
2026/09/30 07:40:14.718, Tesla T4, 6499 MiB, 8414 MiB, 15360 MiB, 31 %, 24 %, 1230 MHz, 5000 MHz, 46.94 W, 78, P0
2026/09/30 07:40:15.233, Tesla T4, 6499 MiB, 8414 MiB, 15360 MiB, 27 %, 21 %, 1125 MHz, 5000 MHz, 44.28 W, 78, P0
2026/09/30 07:40:15.751, Tesla T4, 6499 MiB, 8414 MiB, 15360 MiB, 26 %, 20 %, 1035 MHz, 5000 MHz, 45.99 W, 78, P0
2026/09/30 07:40:16.279, Tesla T4, 6499 MiB, 8414 MiB, 15360 MiB, 35 %, 25 %, 990 MHz, 5000 MHz, 44.41 W, 78, P0
2026/09/30 07:40:16.790, Tesla T4, 6499 MiB, 8414 MiB, 15360 MiB, 39 %, 29 %, 1020 MHz, 5000 MHz, 46.55 W, 78, P0
2026/09/30 07:40:17.300, Tesla T4, 6499 MiB, 8414 MiB, 15360 MiB, 41 %, 31 %, 1065 MHz, 5000 MHz, 45.37 W, 78, P0
2026/09/30 07:40:17.812, Tesla T4, 6499 MiB, 8414 MiB, 15360 MiB, 40 %, 31 %, 1095 MHz, 5000 MHz, 47.34 W, 78, P0
2026/09/30 07:40:18.322, Tesla T4, 6499 MiB, 8414 MiB, 15360 MiB, 39 %, 30 %, 1125 MHz, 5000 MHz, 47.34 W, 78, P0
2026/09/30 07:40:18.831, Tesla T4, 6499 MiB, 8414 MiB, 15360 MiB, 40 %, 30 %, 1125 MHz, 5000 MHz, 47.31 W, 78, P0
2026/09/30 07:40:19.343, Tesla T4, 6499 MiB, 8414 MiB, 15360 MiB, 40 %, 30 %, 1125 MHz, 5000 MHz, 45.83 W, 78, P0
2026/09/30 07:40:19.853, Tesla T4, 6499 MiB, 8414 MiB, 15360 MiB, 39 %, 29 %, 1125 MHz, 5000 MHz, 50.30 W, 77, P0
2026/09/30 07:40:20.366, Tesla T4, 6499 MiB, 8414 MiB, 15360 MiB, 41 %, 32 %, 1215 MHz, 5000 MHz, 49.70 W, 78, P0
2026/09/30 07:40:20.886, Tesla T4, 6499 MiB, 8414 MiB, 15360 MiB, 39 %, 31 %, 1215 MHz, 5000 MHz, 47.34 W, 78, P0
2026/09/30 07:40:21.396, Tesla T4, 6499 MiB, 8414 MiB, 15360 MiB, 39 %, 32 %, 1245 MHz, 5000 MHz, 52.82 W, 78, P0
2026/09/30 07:40:21.906, Tesla T4, 6499 MiB, 8414 MiB, 15360 MiB, 38 %, 31 %, 1245 MHz, 5000 MHz, 53.28 W, 78, P0
2026/09/30 07:40:22.417, Tesla T4, 6499 MiB, 8414 MiB, 15360 MiB, 40 %, 32 %, 1290 MHz, 5000 MHz, 51.35 W, 78, P0
2026/09/30 07:40:22.926, Tesla T4, 6499 MiB, 8414 MiB, 15360 MiB, 38 %, 30 %, 1290 MHz, 5000 MHz, 52.30 W, 78, P0
2026/09/30 07:40:23.437, Tesla T4, 6499 MiB, 8414 MiB, 15360 MiB, 40 %, 32 %, 1290 MHz, 5000 MHz, 59.15 W, 78, P0
2026/09/30 07:40:23.946, Tesla T4, 6499 MiB, 8414 MiB, 15360 MiB, 37 %, 30 %, 1290 MHz, 5000 MHz, 52.62 W, 77, P0
2026/09/30 07:40:24.454, Tesla T4, 6499 MiB, 8414 MiB, 15360 MiB, 39 %, 32 %, 1290 MHz, 5000 MHz, 52.40 W, 77, P0
2026/09/30 07:40:24.966, Tesla T4, 6499 MiB, 8414 MiB, 15360 MiB, 37 %, 30 %, 1275 MHz, 5000 MHz, 52.83 W, 77, P0
2026/09/30 07:40:25.475, Tesla T4, 6499 MiB, 8414 MiB, 15360 MiB, 39 %, 31 %, 1275 MHz, 5000 MHz, 49.97 W, 77, P0
2026/09/30 07:40:25.984, Tesla T4, 6499 MiB, 8414 MiB, 15360 MiB, 36 %, 29 %, 1200 MHz, 5000 MHz, 66.92 W, 78, P0
2026/09/30 07:40:26.504, Tesla T4, 6499 MiB, 8414 MiB, 15360 MiB, 25 %, 21 %, 1590 MHz, 5000 MHz, 58.94 W, 78, P0
2026/09/30 07:40:27.018, Tesla T4, 6499 MiB, 8414 MiB, 15360 MiB, 26 %, 22 %, 1590 MHz, 5000 MHz, 60.51 W, 78, P0
2026/09/30 07:40:27.533, Tesla T4, 6499 MiB, 8414 MiB, 15360 MiB, 28 %, 24 %, 1590 MHz, 5000 MHz, 54.63 W, 78, P0
2026/09/30 07:40:28.046, Tesla T4, 6499 MiB, 8414 MiB, 15360 MiB, 25 %, 20 %, 1170 MHz, 5000 MHz, 48.06 W, 77, P0
2026/09/30 07:40:28.568, Tesla T4, 6499 MiB, 8414 MiB, 15360 MiB, 25 %, 19 %, 1110 MHz, 5000 MHz, 41.18 W, 77, P0
2026/09/30 07:40:29.097, Tesla T4, 6499 MiB, 8414 MiB, 15360 MiB, 37 %, 28 %, 1035 MHz, 5000 MHz, 48.65 W, 77, P0
2026/09/30 07:40:29.611, Tesla T4, 6499 MiB, 8414 MiB, 15360 MiB, 41 %, 31 %, 1095 MHz, 5000 MHz, 45.64 W, 77, P0
2026/09/30 07:40:30.122, Tesla T4, 6499 MiB, 8414 MiB, 15360 MiB, 35 %, 26 %, 1095 MHz, 5000 MHz, 47.31 W, 77, P0
2026/09/30 07:40:30.633, Tesla T4, 6499 MiB, 8414 MiB, 15360 MiB, 41 %, 31 %, 1125 MHz, 5000 MHz, 47.73 W, 77, P0
2026/09/30 07:40:31.143, Tesla T4, 6499 MiB, 8414 MiB, 15360 MiB, 35 %, 27 %, 1125 MHz, 5000 MHz, 50.57 W, 77, P0
2026/09/30 07:40:31.655, Tesla T4, 6499 MiB, 8414 MiB, 15360 MiB, 40 %, 31 %, 1125 MHz, 5000 MHz, 48.29 W, 77, P0
2026/09/30 07:40:32.164, Tesla T4, 6499 MiB, 8414 MiB, 15360 MiB, 36 %, 28 %, 1125 MHz, 5000 MHz, 48.76 W, 77, P0
2026/09/30 07:40:32.674, Tesla T4, 6499 MiB, 8414 MiB, 15360 MiB, 37 %, 28 %, 1095 MHz, 5000 MHz, 46.18 W, 76, P0
2026/09/30 07:40:33.185, Tesla T4, 6499 MiB, 8414 MiB, 15360 MiB, 39 %, 29 %, 1095 MHz, 5000 MHz, 47.24 W, 76, P0
2026/09/30 07:40:33.695, Tesla T4, 6499 MiB, 8414 MiB, 15360 MiB, 39 %, 30 %, 1080 MHz, 5000 MHz, 47.73 W, 76, P0
2026/09/30 07:40:34.208, Tesla T4, 6499 MiB, 8414 MiB, 15360 MiB, 38 %, 28 %, 1080 MHz, 5000 MHz, 45.54 W, 76, P0
2026/09/30 07:40:34.718, Tesla T4, 6499 MiB, 8414 MiB, 15360 MiB, 40 %, 30 %, 1095 MHz, 5000 MHz, 46.55 W, 76, P0
2026/09/30 07:40:35.230, Tesla T4, 6499 MiB, 8414 MiB, 15360 MiB, 38 %, 29 %, 1080 MHz, 5000 MHz, 44.31 W, 76, P0
2026/09/30 07:40:35.740, Tesla T4, 6499 MiB, 8414 MiB, 15360 MiB, 40 %, 30 %, 1095 MHz, 5000 MHz, 46.06 W, 76, P0
2026/09/30 07:40:36.251, Tesla T4, 6499 MiB, 8414 MiB, 15360 MiB, 39 %, 30 %, 1095 MHz, 5000 MHz, 48.98 W, 76, P0
2026/09/30 07:40:36.762, Tesla T4, 6499 MiB, 8414 MiB, 15360 MiB, 41 %, 32 %, 1185 MHz, 5000 MHz, 47.01 W, 76, P0
2026/09/30 07:40:37.271, Tesla T4, 6499 MiB, 8414 MiB, 15360 MiB, 37 %, 29 %, 1185 MHz, 5000 MHz, 48.35 W, 76, P0
2026/09/30 07:40:37.780, Tesla T4, 6499 MiB, 8414 MiB, 15360 MiB, 40 %, 32 %, 1185 MHz, 5000 MHz, 49.71 W, 76, P0
2026/09/30 07:40:38.292, Tesla T4, 6499 MiB, 8414 MiB, 15360 MiB, 37 %, 29 %, 1185 MHz, 5000 MHz, 47.74 W, 76, P0
2026/09/30 07:40:38.802, Tesla T4, 6499 MiB, 8414 MiB, 15360 MiB, 41 %, 32 %, 1230 MHz, 5000 MHz, 45.59 W, 76, P0
2026/09/30 07:40:39.327, Tesla T4, 6499 MiB, 8414 MiB, 15360 MiB, 31 %, 24 %, 1230 MHz, 5000 MHz, 47.27 W, 76, P0
2026/09/30 07:40:39.853, Tesla T4, 6499 MiB, 8414 MiB, 15360 MiB, 32 %, 26 %, 1230 MHz, 5000 MHz, 47.34 W, 76, P0
2026/09/30 07:40:40.381, Tesla T4, 6499 MiB, 8414 MiB, 15360 MiB, 33 %, 26 %, 1230 MHz, 5000 MHz, 46.38 W, 76, P0
2026/09/30 07:40:40.896, Tesla T4, 6499 MiB, 8414 MiB, 15360 MiB, 30 %, 23 %, 990 MHz, 5000 MHz, 44.53 W, 75, P0
2026/09/30 07:40:41.427, Tesla T4, 6499 MiB, 8414 MiB, 15360 MiB, 28 %, 21 %, 960 MHz, 5000 MHz, 54.99 W, 76, P0
2026/09/30 07:40:41.946, Tesla T4, 6499 MiB, 8414 MiB, 15360 MiB, 35 %, 30 %, 1590 MHz, 5000 MHz, 60.24 W, 77, P0
2026/09/30 07:40:42.456, Tesla T4, 6499 MiB, 8414 MiB, 15360 MiB, 36 %, 31 %, 1590 MHz, 5000 MHz, 67.10 W, 77, P0
2026/09/30 07:40:42.964, Tesla T4, 6499 MiB, 8414 MiB, 15360 MiB, 36 %, 31 %, 1575 MHz, 5000 MHz, 59.69 W, 78, P0
2026/09/30 07:40:43.472, Tesla T4, 6499 MiB, 8414 MiB, 15360 MiB, 35 %, 29 %, 1470 MHz, 5000 MHz, 59.86 W, 77, P0
2026/09/30 07:40:43.992, Tesla T4, 6499 MiB, 8414 MiB, 15360 MiB, 36 %, 30 %, 1440 MHz, 5000 MHz, 58.29 W, 77, P0
2026/09/30 07:40:44.504, Tesla T4, 6499 MiB, 8414 MiB, 15360 MiB, 36 %, 30 %, 1410 MHz, 5000 MHz, 52.40 W, 77, P0
2026/09/30 07:40:45.013, Tesla T4, 6499 MiB, 8414 MiB, 15360 MiB, 38 %, 31 %, 1380 MHz, 5000 MHz, 53.48 W, 77, P0
2026/09/30 07:40:45.522, Tesla T4, 6499 MiB, 8414 MiB, 15360 MiB, 31 %, 25 %, 1335 MHz, 5000 MHz, 48.29 W, 77, P0
2026/09/30 07:40:46.032, Tesla T4, 6499 MiB, 8414 MiB, 15360 MiB, 27 %, 21 %, 1260 MHz, 5000 MHz, 49.38 W, 77, P0
2026/09/30 07:40:46.541, Tesla T4, 6499 MiB, 8414 MiB, 15360 MiB, 39 %, 31 %, 1245 MHz, 5000 MHz, 52.40 W, 77, P0
2026/09/30 07:40:47.050, Tesla T4, 6499 MiB, 8414 MiB, 15360 MiB, 39 %, 31 %, 1230 MHz, 5000 MHz, 50.59 W, 77, P0
2026/09/30 07:40:47.560, Tesla T4, 6499 MiB, 8414 MiB, 15360 MiB, 38 %, 30 %, 1215 MHz, 5000 MHz, 49.94 W, 77, P0
2026/09/30 07:40:48.069, Tesla T4, 6499 MiB, 8414 MiB, 15360 MiB, 39 %, 30 %, 1200 MHz, 5000 MHz, 47.51 W, 77, P0
2026/09/30 07:40:48.579, Tesla T4, 6499 MiB, 8414 MiB, 15360 MiB, 37 %, 29 %, 1170 MHz, 5000 MHz, 47.67 W, 76, P0
2026/09/30 07:40:49.090, Tesla T4, 6499 MiB, 8414 MiB, 15360 MiB, 37 %, 29 %, 1155 MHz, 5000 MHz, 49.97 W, 76, P0
2026/09/30 07:40:49.600, Tesla T4, 6499 MiB, 8414 MiB, 15360 MiB, 38 %, 30 %, 1140 MHz, 5000 MHz, 48.95 W, 77, P0
2026/09/30 07:40:50.111, Tesla T4, 6499 MiB, 8414 MiB, 15360 MiB, 35 %, 27 %, 1110 MHz, 5000 MHz, 46.68 W, 76, P0
2026/09/30 07:40:50.621, Tesla T4, 6499 MiB, 8414 MiB, 15360 MiB, 40 %, 31 %, 1125 MHz, 5000 MHz, 48.06 W, 76, P0
2026/09/30 07:40:51.130, Tesla T4, 6499 MiB, 8414 MiB, 15360 MiB, 36 %, 28 %, 1590 MHz, 5000 MHz, 58.75 W, 77, P0
2026/09/30 07:40:51.639, Tesla T4, 6499 MiB, 8414 MiB, 15360 MiB, 32 %, 27 %, 1590 MHz, 5000 MHz, 57.11 W, 78, P0
2026/09/30 07:40:52.160, Tesla T4, 6499 MiB, 8414 MiB, 15360 MiB, 26 %, 22 %, 1590 MHz, 5000 MHz, 61.04 W, 78, P0
2026/09/30 07:40:52.686, Tesla T4, 6499 MiB, 8414 MiB, 15360 MiB, 26 %, 22 %, 1590 MHz, 5000 MHz, 60.97 W, 78, P0
2026/09/30 07:40:53.205, Tesla T4, 6499 MiB, 8414 MiB, 15360 MiB, 30 %, 23 %, 1155 MHz, 5000 MHz, 45.64 W, 77, P0
2026/09/30 07:40:53.725, Tesla T4, 6499 MiB, 8414 MiB, 15360 MiB, 29 %, 22 %, 1065 MHz, 5000 MHz, 43.06 W, 76, P0
2026/09/30 07:40:54.243, Tesla T4, 6499 MiB, 8414 MiB, 15360 MiB, 25 %, 19 %, 1005 MHz, 5000 MHz, 41.75 W, 76, P0
2026/09/30 07:40:54.761, Tesla T4, 6499 MiB, 8414 MiB, 15360 MiB, 41 %, 30 %, 990 MHz, 5000 MHz, 44.61 W, 76, P0
2026/09/30 07:40:55.271, Tesla T4, 6499 MiB, 8414 MiB, 15360 MiB, 37 %, 26 %, 990 MHz, 5000 MHz, 46.33 W, 76, P0
2026/09/30 07:40:55.784, Tesla T4, 6499 MiB, 8414 MiB, 15360 MiB, 42 %, 31 %, 1065 MHz, 5000 MHz, 46.68 W, 76, P0
2026/09/30 07:40:56.294, Tesla T4, 6499 MiB, 8414 MiB, 15360 MiB, 37 %, 28 %, 1065 MHz, 5000 MHz, 47.07 W, 76, P0
2026/09/30 07:40:56.807, Tesla T4, 6499 MiB, 8414 MiB, 15360 MiB, 40 %, 31 %, 1125 MHz, 5000 MHz, 45.41 W, 76, P0
2026/09/30 07:40:57.316, Tesla T4, 6499 MiB, 8414 MiB, 15360 MiB, 37 %, 28 %, 1125 MHz, 5000 MHz, 49.77 W, 76, P0
2026/09/30 07:40:57.825, Tesla T4, 6499 MiB, 8414 MiB, 15360 MiB, 39 %, 30 %, 1125 MHz, 5000 MHz, 47.40 W, 76, P0
2026/09/30 07:40:58.337, Tesla T4, 6499 MiB, 8414 MiB, 15360 MiB, 35 %, 27 %, 1125 MHz, 5000 MHz, 47.34 W, 76, P0
2026/09/30 07:40:58.847, Tesla T4, 6499 MiB, 8414 MiB, 15360 MiB, 41 %, 31 %, 1125 MHz, 5000 MHz, 47.44 W, 76, P0
2026/09/30 07:40:59.360, Tesla T4, 6499 MiB, 8414 MiB, 15360 MiB, 39 %, 30 %, 1125 MHz, 5000 MHz, 48.49 W, 76, P0
2026/09/30 07:40:59.869, Tesla T4, 6499 MiB, 8414 MiB, 15360 MiB, 40 %, 31 %, 1155 MHz, 5000 MHz, 48.10 W, 76, P0
2026/09/30 07:41:00.378, Tesla T4, 6499 MiB, 8414 MiB, 15360 MiB, 36 %, 28 %, 1155 MHz, 5000 MHz, 50.43 W, 76, P0
2026/09/30 07:41:00.890, Tesla T4, 6499 MiB, 8414 MiB, 15360 MiB, 35 %, 29 %, 1590 MHz, 5000 MHz, 61.59 W, 77, P0
2026/09/30 07:41:01.398, Tesla T4, 6499 MiB, 8414 MiB, 15360 MiB, 32 %, 27 %, 1590 MHz, 5000 MHz, 67.14 W, 78, P0
2026/09/30 07:41:01.907, Tesla T4, 6499 MiB, 8414 MiB, 15360 MiB, 34 %, 29 %, 1590 MHz, 5000 MHz, 63.40 W, 78, P0
2026/09/30 07:41:02.417, Tesla T4, 6499 MiB, 8414 MiB, 15360 MiB, 34 %, 29 %, 1410 MHz, 5000 MHz, 56.98 W, 78, P0
2026/09/30 07:41:02.926, Tesla T4, 6499 MiB, 8414 MiB, 15360 MiB, 37 %, 30 %, 1380 MHz, 5000 MHz, 54.63 W, 77, P0
2026/09/30 07:41:03.435, Tesla T4, 6499 MiB, 8414 MiB, 15360 MiB, 33 %, 27 %, 1335 MHz, 5000 MHz, 53.15 W, 77, P0
2026/09/30 07:41:03.946, Tesla T4, 6499 MiB, 8414 MiB, 15360 MiB, 38 %, 30 %, 1320 MHz, 5000 MHz, 50.10 W, 77, P0
2026/09/30 07:41:04.455, Tesla T4, 6499 MiB, 8414 MiB, 15360 MiB, 32 %, 25 %, 1275 MHz, 5000 MHz, 52.62 W, 77, P0
2026/09/30 07:41:04.966, Tesla T4, 6499 MiB, 8414 MiB, 15360 MiB, 29 %, 23 %, 1200 MHz, 5000 MHz, 47.58 W, 77, P0
2026/09/30 07:41:05.489, Tesla T4, 6499 MiB, 8414 MiB, 15360 MiB, 29 %, 23 %, 1110 MHz, 5000 MHz, 46.37 W, 76, P0
2026/09/30 07:41:06.013, Tesla T4, 6499 MiB, 8414 MiB, 15360 MiB, 30 %, 22 %, 1035 MHz, 5000 MHz, 46.35 W, 76, P0
2026/09/30 07:41:06.530, Tesla T4, 6499 MiB, 8414 MiB, 15360 MiB, 28 %, 21 %, 990 MHz, 5000 MHz, 43.15 W, 76, P0
2026/09/30 07:41:07.052, Tesla T4, 6499 MiB, 8414 MiB, 15360 MiB, 28 %, 21 %, 930 MHz, 5000 MHz, 41.58 W, 76, P0
2026/09/30 07:41:07.571, Tesla T4, 6499 MiB, 8414 MiB, 15360 MiB, 43 %, 31 %, 990 MHz, 5000 MHz, 48.39 W, 76, P0
2026/09/30 07:41:08.085, Tesla T4, 6499 MiB, 8414 MiB, 15360 MiB, 40 %, 30 %, 1095 MHz, 5000 MHz, 45.76 W, 76, P0
2026/09/30 07:41:08.595, Tesla T4, 6499 MiB, 8414 MiB, 15360 MiB, 37 %, 28 %, 1140 MHz, 5000 MHz, 47.21 W, 76, P0
2026/09/30 07:41:09.109, Tesla T4, 6499 MiB, 8414 MiB, 15360 MiB, 39 %, 30 %, 1140 MHz, 5000 MHz, 50.33 W, 77, P0
2026/09/30 07:41:09.619, Tesla T4, 6499 MiB, 8414 MiB, 15360 MiB, 38 %, 30 %, 1170 MHz, 5000 MHz, 43.77 W, 77, P0
2026/09/30 07:41:10.128, Tesla T4, 6499 MiB, 8414 MiB, 15360 MiB, 39 %, 31 %, 1170 MHz, 5000 MHz, 49.22 W, 77, P0
2026/09/30 07:41:10.640, Tesla T4, 6499 MiB, 8414 MiB, 15360 MiB, 40 %, 31 %, 1170 MHz, 5000 MHz, 46.72 W, 77, P0
2026/09/30 07:41:11.149, Tesla T4, 6499 MiB, 8414 MiB, 15360 MiB, 40 %, 31 %, 1170 MHz, 5000 MHz, 48.46 W, 77, P0
2026/09/30 07:41:11.661, Tesla T4, 6499 MiB, 8414 MiB, 15360 MiB, 40 %, 31 %, 1230 MHz, 5000 MHz, 52.24 W, 77, P0
2026/09/30 07:41:12.188, Tesla T4, 6499 MiB, 8414 MiB, 15360 MiB, 40 %, 31 %, 1230 MHz, 5000 MHz, 50.85 W, 77, P0
2026/09/30 07:41:12.699, Tesla T4, 6499 MiB, 8414 MiB, 15360 MiB, 38 %, 30 %, 1245 MHz, 5000 MHz, 56.33 W, 77, P0
2026/09/30 07:41:13.225, Tesla T4, 6499 MiB, 8414 MiB, 15360 MiB, 39 %, 31 %, 1245 MHz, 5000 MHz, 50.34 W, 77, P0
2026/09/30 07:41:13.737, Tesla T4, 6499 MiB, 8414 MiB, 15360 MiB, 40 %, 32 %, 1245 MHz, 5000 MHz, 52.13 W, 77, P0
2026/09/30 07:41:14.272, Tesla T4, 6499 MiB, 8414 MiB, 15360 MiB, 40 %, 32 %, 1260 MHz, 5000 MHz, 48.86 W, 77, P0
2026/09/30 07:41:14.782, Tesla T4, 6499 MiB, 8414 MiB, 15360 MiB, 39 %, 32 %, 1260 MHz, 5000 MHz, 51.87 W, 77, P0
2026/09/30 07:41:15.305, Tesla T4, 6499 MiB, 8414 MiB, 15360 MiB, 61 %, 29 %, 1515 MHz, 5000 MHz, 65.38 W, 78, P0
2026/09/30 07:41:15.813, Tesla T4, 6499 MiB, 8414 MiB, 15360 MiB, 35 %, 30 %, 1545 MHz, 5000 MHz, 61.59 W, 78, P0
2026/09/30 07:41:16.327, Tesla T4, 6499 MiB, 8414 MiB, 15360 MiB, 35 %, 29 %, 1545 MHz, 5000 MHz, 59.65 W, 79, P0
2026/09/30 07:41:16.835, Tesla T4, 6499 MiB, 8414 MiB, 15360 MiB, 36 %, 31 %, 1545 MHz, 5000 MHz, 62.85 W, 79, P0
2026/09/30 07:41:17.345, Tesla T4, 6499 MiB, 8414 MiB, 15360 MiB, 33 %, 28 %, 1410 MHz, 5000 MHz, 50.36 W, 78, P0
2026/09/30 07:41:17.857, Tesla T4, 6499 MiB, 8414 MiB, 15360 MiB, 30 %, 24 %, 1290 MHz, 5000 MHz, 47.21 W, 78, P0
2026/09/30 07:41:18.371, Tesla T4, 6499 MiB, 8414 MiB, 15360 MiB, 30 %, 24 %, 1230 MHz, 5000 MHz, 51.78 W, 78, P0
2026/09/30 07:41:18.886, Tesla T4, 6499 MiB, 8414 MiB, 15360 MiB, 27 %, 21 %, 1155 MHz, 5000 MHz, 44.51 W, 77, P0
2026/09/30 07:41:19.401, Tesla T4, 6499 MiB, 8414 MiB, 15360 MiB, 27 %, 20 %, 1080 MHz, 5000 MHz, 43.69 W, 77, P0
2026/09/30 07:41:19.928, Tesla T4, 6499 MiB, 8414 MiB, 15360 MiB, 25 %, 18 %, 990 MHz, 5000 MHz, 42.76 W, 77, P0
2026/09/30 07:41:20.443, Tesla T4, 6499 MiB, 8414 MiB, 15360 MiB, 42 %, 31 %, 1065 MHz, 5000 MHz, 45.96 W, 77, P0
2026/09/30 07:41:20.965, Tesla T4, 6499 MiB, 8414 MiB, 15360 MiB, 41 %, 31 %, 1110 MHz, 5000 MHz, 51.31 W, 77, P0
2026/09/30 07:41:21.475, Tesla T4, 6499 MiB, 8414 MiB, 15360 MiB, 42 %, 32 %, 1185 MHz, 5000 MHz, 49.90 W, 77, P0
2026/09/30 07:41:21.984, Tesla T4, 6499 MiB, 8414 MiB, 15360 MiB, 40 %, 32 %, 1215 MHz, 5000 MHz, 50.76 W, 77, P0
2026/09/30 07:41:22.495, Tesla T4, 6499 MiB, 8414 MiB, 15360 MiB, 41 %, 32 %, 1260 MHz, 5000 MHz, 47.90 W, 77, P0
2026/09/30 07:41:23.004, Tesla T4, 6499 MiB, 8414 MiB, 15360 MiB, 40 %, 32 %, 1260 MHz, 5000 MHz, 52.86 W, 78, P0
2026/09/30 07:41:23.513, Tesla T4, 6499 MiB, 8414 MiB, 15360 MiB, 39 %, 31 %, 1260 MHz, 5000 MHz, 48.56 W, 77, P0
2026/09/30 07:41:24.024, Tesla T4, 6499 MiB, 8414 MiB, 15360 MiB, 39 %, 31 %, 1260 MHz, 5000 MHz, 51.58 W, 78, P0
2026/09/30 07:41:24.533, Tesla T4, 6499 MiB, 8414 MiB, 15360 MiB, 38 %, 30 %, 1215 MHz, 5000 MHz, 48.82 W, 77, P0
2026/09/30 07:41:25.043, Tesla T4, 6499 MiB, 8414 MiB, 15360 MiB, 39 %, 31 %, 1200 MHz, 5000 MHz, 51.45 W, 77, P0
2026/09/30 07:41:25.554, Tesla T4, 6499 MiB, 8414 MiB, 15360 MiB, 39 %, 31 %, 1200 MHz, 5000 MHz, 50.82 W, 77, P0
2026/09/30 07:41:26.063, Tesla T4, 6499 MiB, 8414 MiB, 15360 MiB, 39 %, 31 %, 1185 MHz, 5000 MHz, 48.29 W, 77, P0
2026/09/30 07:41:26.577, Tesla T4, 6499 MiB, 8414 MiB, 15360 MiB, 38 %, 29 %, 1185 MHz, 5000 MHz, 50.72 W, 77, P0
2026/09/30 07:41:27.087, Tesla T4, 6499 MiB, 8414 MiB, 15360 MiB, 38 %, 30 %, 1185 MHz, 5000 MHz, 48.76 W, 77, P0
2026/09/30 07:41:27.599, Tesla T4, 6499 MiB, 8414 MiB, 15360 MiB, 37 %, 29 %, 1185 MHz, 5000 MHz, 50.88 W, 77, P0
2026/09/30 07:41:28.109, Tesla T4, 6499 MiB, 8414 MiB, 15360 MiB, 38 %, 31 %, 1200 MHz, 5000 MHz, 49.11 W, 77, P0
2026/09/30 07:41:28.618, Tesla T4, 6499 MiB, 8414 MiB, 15360 MiB, 36 %, 28 %, 1200 MHz, 5000 MHz, 49.87 W, 77, P0
2026/09/30 07:41:29.129, Tesla T4, 6499 MiB, 8414 MiB, 15360 MiB, 39 %, 30 %, 1200 MHz, 5000 MHz, 52.49 W, 77, P0
2026/09/30 07:41:29.639, Tesla T4, 6499 MiB, 8414 MiB, 15360 MiB, 37 %, 29 %, 1200 MHz, 5000 MHz, 50.92 W, 77, P0
2026/09/30 07:41:30.152, Tesla T4, 6499 MiB, 8414 MiB, 15360 MiB, 23 %, 20 %, 1590 MHz, 5000 MHz, 56.72 W, 78, P0
2026/09/30 07:41:30.670, Tesla T4, 6499 MiB, 8414 MiB, 15360 MiB, 24 %, 20 %, 1590 MHz, 5000 MHz, 59.43 W, 78, P0
2026/09/30 07:41:31.192, Tesla T4, 6499 MiB, 8414 MiB, 15360 MiB, 29 %, 24 %, 1590 MHz, 5000 MHz, 64.16 W, 79, P0
2026/09/30 07:41:31.706, Tesla T4, 6499 MiB, 8414 MiB, 15360 MiB, 24 %, 21 %, 1215 MHz, 5000 MHz, 48.52 W, 78, P0
2026/09/30 07:41:32.221, Tesla T4, 6499 MiB, 8414 MiB, 15360 MiB, 31 %, 24 %, 1155 MHz, 5000 MHz, 44.71 W, 77, P0
2026/09/30 07:41:32.744, Tesla T4, 6499 MiB, 8414 MiB, 15360 MiB, 25 %, 19 %, 1050 MHz, 5000 MHz, 45.00 W, 77, P0
2026/09/30 07:41:33.254, Tesla T4, 6499 MiB, 8414 MiB, 15360 MiB, 40 %, 30 %, 1035 MHz, 5000 MHz, 45.76 W, 77, P0
2026/09/30 07:41:33.764, Tesla T4, 6499 MiB, 8414 MiB, 15360 MiB, 38 %, 29 %, 1065 MHz, 5000 MHz, 46.92 W, 77, P0
2026/09/30 07:41:34.276, Tesla T4, 6499 MiB, 8414 MiB, 15360 MiB, 39 %, 29 %, 1065 MHz, 5000 MHz, 51.41 W, 77, P0
2026/09/30 07:41:34.786, Tesla T4, 6499 MiB, 8414 MiB, 15360 MiB, 38 %, 29 %, 1110 MHz, 5000 MHz, 45.96 W, 77, P0
2026/09/30 07:41:35.295, Tesla T4, 6499 MiB, 8414 MiB, 15360 MiB, 40 %, 31 %, 1140 MHz, 5000 MHz, 48.55 W, 77, P0
2026/09/30 07:41:35.808, Tesla T4, 6499 MiB, 8414 MiB, 15360 MiB, 37 %, 29 %, 1140 MHz, 5000 MHz, 46.23 W, 77, P0
2026/09/30 07:41:36.318, Tesla T4, 6499 MiB, 8414 MiB, 15360 MiB, 40 %, 30 %, 1155 MHz, 5000 MHz, 48.33 W, 77, P0
2026/09/30 07:41:36.836, Tesla T4, 6499 MiB, 8414 MiB, 15360 MiB, 39 %, 30 %, 1155 MHz, 5000 MHz, 47.25 W, 77, P0
2026/09/30 07:41:37.346, Tesla T4, 6499 MiB, 8414 MiB, 15360 MiB, 41 %, 31 %, 1185 MHz, 5000 MHz, 49.28 W, 77, P0
2026/09/30 07:41:37.858, Tesla T4, 6499 MiB, 8414 MiB, 15360 MiB, 39 %, 31 %, 1185 MHz, 5000 MHz, 48.56 W, 77, P0
2026/09/30 07:41:38.367, Tesla T4, 6499 MiB, 8414 MiB, 15360 MiB, 40 %, 32 %, 1200 MHz, 5000 MHz, 49.84 W, 77, P0
2026/09/30 07:41:38.876, Tesla T4, 6499 MiB, 8414 MiB, 15360 MiB, 39 %, 31 %, 1200 MHz, 5000 MHz, 49.06 W, 77, P0
2026/09/30 07:41:39.387, Tesla T4, 6499 MiB, 8414 MiB, 15360 MiB, 41 %, 32 %, 1230 MHz, 5000 MHz, 49.25 W, 77, P0
2026/09/30 07:41:39.896, Tesla T4, 6499 MiB, 8414 MiB, 15360 MiB, 39 %, 31 %, 1230 MHz, 5000 MHz, 52.10 W, 77, P0
2026/09/30 07:41:40.409, Tesla T4, 6499 MiB, 8414 MiB, 15360 MiB, 40 %, 32 %, 1230 MHz, 5000 MHz, 48.80 W, 77, P0
2026/09/30 07:41:40.918, Tesla T4, 6499 MiB, 8414 MiB, 15360 MiB, 39 %, 31 %, 1245 MHz, 5000 MHz, 52.86 W, 77, P0
2026/09/30 07:41:41.428, Tesla T4, 6499 MiB, 8414 MiB, 15360 MiB, 35 %, 28 %, 1245 MHz, 5000 MHz, 48.36 W, 77, P0
2026/09/30 07:41:41.938, Tesla T4, 6499 MiB, 8414 MiB, 15360 MiB, 36 %, 30 %, 1245 MHz, 5000 MHz, 50.60 W, 77, P0
2026/09/30 07:41:42.448, Tesla T4, 6499 MiB, 8414 MiB, 15360 MiB, 39 %, 31 %, 1230 MHz, 5000 MHz, 52.26 W, 77, P0
2026/09/30 07:41:42.962, Tesla T4, 6499 MiB, 8414 MiB, 15360 MiB, 25 %, 19 %, 1170 MHz, 5000 MHz, 47.11 W, 77, P0
2026/09/30 07:41:43.477, Tesla T4, 6499 MiB, 8414 MiB, 15360 MiB, 33 %, 25 %, 1125 MHz, 5000 MHz, 43.79 W, 77, P0
2026/09/30 07:41:43.995, Tesla T4, 6499 MiB, 8414 MiB, 15360 MiB, 30 %, 23 %, 1050 MHz, 5000 MHz, 44.71 W, 76, P0
2026/09/30 07:41:44.517, Tesla T4, 6499 MiB, 8414 MiB, 15360 MiB, 69 %, 21 %, 1590 MHz, 5000 MHz, 58.59 W, 77, P0
2026/09/30 07:41:45.032, Tesla T4, 6499 MiB, 8414 MiB, 15360 MiB, 23 %, 20 %, 1590 MHz, 5000 MHz, 59.08 W, 78, P0
2026/09/30 07:41:45.547, Tesla T4, 6499 MiB, 8414 MiB, 15360 MiB, 21 %, 18 %, 1590 MHz, 5000 MHz, 56.69 W, 78, P0
2026/09/30 07:41:46.057, Tesla T4, 6499 MiB, 8414 MiB, 15360 MiB, 33 %, 27 %, 1590 MHz, 5000 MHz, 61.69 W, 79, P0
2026/09/30 07:41:46.565, Tesla T4, 6499 MiB, 8414 MiB, 15360 MiB, 35 %, 28 %, 1350 MHz, 5000 MHz, 54.56 W, 78, P0
2026/09/30 07:41:47.076, Tesla T4, 6499 MiB, 8414 MiB, 15360 MiB, 36 %, 29 %, 1320 MHz, 5000 MHz, 51.02 W, 78, P0
2026/09/30 07:41:47.586, Tesla T4, 6499 MiB, 8414 MiB, 15360 MiB, 38 %, 31 %, 1305 MHz, 5000 MHz, 48.27 W, 77, P0
2026/09/30 07:41:48.095, Tesla T4, 6499 MiB, 8414 MiB, 15360 MiB, 37 %, 29 %, 1290 MHz, 5000 MHz, 51.48 W, 78, P0
2026/09/30 07:41:48.607, Tesla T4, 6499 MiB, 8414 MiB, 15360 MiB, 37 %, 29 %, 1260 MHz, 5000 MHz, 51.81 W, 77, P0
2026/09/30 07:41:49.116, Tesla T4, 6499 MiB, 8414 MiB, 15360 MiB, 36 %, 29 %, 1245 MHz, 5000 MHz, 50.10 W, 77, P0
2026/09/30 07:41:49.629, Tesla T4, 6499 MiB, 8414 MiB, 15360 MiB, 38 %, 30 %, 1230 MHz, 5000 MHz, 51.51 W, 77, P0
2026/09/30 07:41:50.138, Tesla T4, 6499 MiB, 8414 MiB, 15360 MiB, 37 %, 29 %, 1215 MHz, 5000 MHz, 49.71 W, 77, P0
2026/09/30 07:41:50.647, Tesla T4, 6499 MiB, 8414 MiB, 15360 MiB, 38 %, 30 %, 1200 MHz, 5000 MHz, 49.38 W, 77, P0
2026/09/30 07:41:51.158, Tesla T4, 6499 MiB, 8414 MiB, 15360 MiB, 37 %, 29 %, 1185 MHz, 5000 MHz, 48.52 W, 77, P0
2026/09/30 07:41:51.667, Tesla T4, 6499 MiB, 8414 MiB, 15360 MiB, 39 %, 31 %, 1170 MHz, 5000 MHz, 47.67 W, 77, P0
2026/09/30 07:41:52.176, Tesla T4, 6499 MiB, 8414 MiB, 15360 MiB, 29 %, 23 %, 1155 MHz, 5000 MHz, 49.21 W, 77, P0
2026/09/30 07:41:52.689, Tesla T4, 6499 MiB, 8414 MiB, 15360 MiB, 36 %, 28 %, 1125 MHz, 5000 MHz, 48.20 W, 77, P0
2026/09/30 07:41:53.199, Tesla T4, 6499 MiB, 8414 MiB, 15360 MiB, 40 %, 30 %, 1125 MHz, 5000 MHz, 54.89 W, 77, P0
2026/09/30 07:41:53.712, Tesla T4, 6499 MiB, 8414 MiB, 15360 MiB, 35 %, 27 %, 1110 MHz, 5000 MHz, 47.47 W, 77, P0
2026/09/30 07:41:54.221, Tesla T4, 6499 MiB, 8414 MiB, 15360 MiB, 38 %, 30 %, 1110 MHz, 5000 MHz, 46.55 W, 77, P0
2026/09/30 07:41:54.734, Tesla T4, 6499 MiB, 8414 MiB, 15360 MiB, 36 %, 28 %, 1095 MHz, 5000 MHz, 48.88 W, 77, P0
2026/09/30 07:41:55.245, Tesla T4, 6499 MiB, 8414 MiB, 15360 MiB, 40 %, 31 %, 1140 MHz, 5000 MHz, 48.72 W, 76, P0
2026/09/30 07:41:55.755, Tesla T4, 6499 MiB, 8414 MiB, 15360 MiB, 30 %, 24 %, 1185 MHz, 5000 MHz, 51.02 W, 76, P0
2026/09/30 07:41:56.282, Tesla T4, 6499 MiB, 8414 MiB, 15360 MiB, 31 %, 25 %, 1185 MHz, 5000 MHz, 46.55 W, 76, P0
2026/09/30 07:41:56.808, Tesla T4, 6499 MiB, 8414 MiB, 15360 MiB, 31 %, 24 %, 1185 MHz, 5000 MHz, 47.01 W, 76, P0
2026/09/30 07:41:57.331, Tesla T4, 6499 MiB, 8414 MiB, 15360 MiB, 23 %, 18 %, 960 MHz, 5000 MHz, 43.35 W, 76, P0
2026/09/30 07:41:57.853, Tesla T4, 6499 MiB, 8414 MiB, 15360 MiB, 32 %, 23 %, 900 MHz, 5000 MHz, 41.67 W, 76, P0
2026/09/30 07:41:58.369, Tesla T4, 6499 MiB, 8414 MiB, 15360 MiB, 28 %, 20 %, 840 MHz, 5000 MHz, 37.90 W, 76, P0
2026/09/30 07:41:58.880, Tesla T4, 6499 MiB, 8414 MiB, 15360 MiB, 41 %, 29 %, 960 MHz, 5000 MHz, 46.16 W, 76, P0
2026/09/30 07:41:59.390, Tesla T4, 6499 MiB, 8414 MiB, 15360 MiB, 43 %, 32 %, 1080 MHz, 5000 MHz, 48.55 W, 76, P0
2026/09/30 07:41:59.903, Tesla T4, 6499 MiB, 8414 MiB, 15360 MiB, 67 %, 25 %, 1575 MHz, 5000 MHz, 57.37 W, 77, P0
2026/09/30 07:42:00.411, Tesla T4, 6499 MiB, 8414 MiB, 15360 MiB, 32 %, 27 %, 1575 MHz, 5000 MHz, 63.48 W, 78, P0
2026/09/30 07:42:00.919, Tesla T4, 6499 MiB, 8414 MiB, 15360 MiB, 33 %, 28 %, 1590 MHz, 5000 MHz, 57.83 W, 78, P0
2026/09/30 07:42:01.428, Tesla T4, 6499 MiB, 8414 MiB, 15360 MiB, 37 %, 31 %, 1485 MHz, 5000 MHz, 65.65 W, 78, P0
2026/09/30 07:42:01.937, Tesla T4, 6499 MiB, 8414 MiB, 15360 MiB, 36 %, 30 %, 1455 MHz, 5000 MHz, 48.24 W, 77, P0
2026/09/30 07:42:02.445, Tesla T4, 6499 MiB, 8414 MiB, 15360 MiB, 37 %, 30 %, 1410 MHz, 5000 MHz, 53.32 W, 77, P0
2026/09/30 07:42:02.956, Tesla T4, 6499 MiB, 8414 MiB, 15360 MiB, 35 %, 28 %, 1380 MHz, 5000 MHz, 52.76 W, 77, P0
2026/09/30 07:42:03.465, Tesla T4, 6499 MiB, 8414 MiB, 15360 MiB, 63 %, 28 %, 1575 MHz, 5000 MHz, 56.98 W, 78, P0
2026/09/30 07:42:03.973, Tesla T4, 6499 MiB, 8414 MiB, 15360 MiB, 35 %, 30 %, 1590 MHz, 5000 MHz, 60.06 W, 78, P0
2026/09/30 07:42:04.483, Tesla T4, 6499 MiB, 8414 MiB, 15360 MiB, 34 %, 29 %, 1590 MHz, 5000 MHz, 68.43 W, 79, P0
2026/09/30 07:42:04.991, Tesla T4, 6499 MiB, 8414 MiB, 15360 MiB, 37 %, 31 %, 1575 MHz, 5000 MHz, 60.19 W, 78, P0
2026/09/30 07:42:05.499, Tesla T4, 6499 MiB, 8414 MiB, 15360 MiB, 37 %, 31 %, 1440 MHz, 5000 MHz, 55.90 W, 78, P0
2026/09/30 07:42:06.008, Tesla T4, 6499 MiB, 8414 MiB, 15360 MiB, 37 %, 31 %, 1425 MHz, 5000 MHz, 58.19 W, 78, P0
2026/09/30 07:42:06.528, Tesla T4, 6499 MiB, 8414 MiB, 15360 MiB, 38 %, 31 %, 1380 MHz, 5000 MHz, 53.05 W, 78, P0
2026/09/30 07:42:07.038, Tesla T4, 6499 MiB, 8414 MiB, 15360 MiB, 39 %, 32 %, 1365 MHz, 5000 MHz, 57.47 W, 78, P0
2026/09/30 07:42:07.578, Tesla T4, 6499 MiB, 8414 MiB, 15360 MiB, 38 %, 31 %, 1335 MHz, 5000 MHz, 58.69 W, 78, P0
2026/09/30 07:42:08.088, Tesla T4, 6499 MiB, 8414 MiB, 15360 MiB, 36 %, 29 %, 1305 MHz, 5000 MHz, 51.71 W, 78, P0
2026/09/30 07:42:08.609, Tesla T4, 6499 MiB, 8414 MiB, 15360 MiB, 29 %, 23 %, 1260 MHz, 5000 MHz, 46.35 W, 77, P0
2026/09/30 07:42:09.136, Tesla T4, 6499 MiB, 8414 MiB, 15360 MiB, 30 %, 23 %, 1170 MHz, 5000 MHz, 46.82 W, 77, P0
2026/09/30 07:42:09.658, Tesla T4, 6499 MiB, 8414 MiB, 15360 MiB, 33 %, 25 %, 1125 MHz, 5000 MHz, 44.58 W, 77, P0
2026/09/30 07:42:10.202, Tesla T4, 6499 MiB, 8414 MiB, 15360 MiB, 28 %, 22 %, 1050 MHz, 5000 MHz, 41.06 W, 77, P0
2026/09/30 07:42:10.727, Tesla T4, 6499 MiB, 8414 MiB, 15360 MiB, 31 %, 23 %, 975 MHz, 5000 MHz, 42.17 W, 76, P0
2026/09/30 07:42:11.244, Tesla T4, 6499 MiB, 8414 MiB, 15360 MiB, 26 %, 18 %, 930 MHz, 5000 MHz, 45.17 W, 76, P0
2026/09/30 07:42:11.754, Tesla T4, 6499 MiB, 8414 MiB, 15360 MiB, 43 %, 31 %, 1035 MHz, 5000 MHz, 46.45 W, 77, P0
2026/09/30 07:42:12.264, Tesla T4, 6499 MiB, 8414 MiB, 15360 MiB, 39 %, 30 %, 1080 MHz, 5000 MHz, 46.52 W, 76, P0
2026/09/30 07:42:12.774, Tesla T4, 6499 MiB, 8414 MiB, 15360 MiB, 41 %, 31 %, 1125 MHz, 5000 MHz, 49.57 W, 76, P0
2026/09/30 07:42:13.283, Tesla T4, 6499 MiB, 8414 MiB, 15360 MiB, 39 %, 31 %, 1170 MHz, 5000 MHz, 49.25 W, 77, P0
2026/09/30 07:42:13.795, Tesla T4, 6499 MiB, 8414 MiB, 15360 MiB, 41 %, 32 %, 1215 MHz, 5000 MHz, 47.58 W, 77, P0
2026/09/30 07:42:14.306, Tesla T4, 6499 MiB, 8414 MiB, 15360 MiB, 38 %, 30 %, 1215 MHz, 5000 MHz, 48.76 W, 77, P0
2026/09/30 07:42:14.814, Tesla T4, 6499 MiB, 8414 MiB, 15360 MiB, 39 %, 31 %, 1215 MHz, 5000 MHz, 48.07 W, 76, P0
2026/09/30 07:42:15.327, Tesla T4, 6499 MiB, 8414 MiB, 15360 MiB, 39 %, 31 %, 1215 MHz, 5000 MHz, 50.36 W, 76, P0
2026/09/30 07:42:15.837, Tesla T4, 6499 MiB, 8414 MiB, 15360 MiB, 41 %, 33 %, 1260 MHz, 5000 MHz, 53.05 W, 77, P0
2026/09/30 07:42:16.349, Tesla T4, 6499 MiB, 8414 MiB, 15360 MiB, 38 %, 30 %, 1260 MHz, 5000 MHz, 50.60 W, 77, P0
2026/09/30 07:42:16.858, Tesla T4, 6499 MiB, 8414 MiB, 15360 MiB, 36 %, 29 %, 1260 MHz, 5000 MHz, 49.61 W, 77, P0
2026/09/30 07:42:17.367, Tesla T4, 6499 MiB, 8414 MiB, 15360 MiB, 39 %, 32 %, 1260 MHz, 5000 MHz, 51.67 W, 76, P0
2026/09/30 07:42:17.879, Tesla T4, 6499 MiB, 8414 MiB, 15360 MiB, 40 %, 32 %, 1245 MHz, 5000 MHz, 50.89 W, 77, P0
2026/09/30 07:42:18.387, Tesla T4, 6499 MiB, 8414 MiB, 15360 MiB, 35 %, 29 %, 1590 MHz, 5000 MHz, 63.61 W, 78, P0
2026/09/30 07:42:18.895, Tesla T4, 6499 MiB, 8414 MiB, 15360 MiB, 34 %, 29 %, 1590 MHz, 5000 MHz, 61.12 W, 78, P0
2026/09/30 07:42:19.405, Tesla T4, 6499 MiB, 8414 MiB, 15360 MiB, 36 %, 30 %, 1590 MHz, 5000 MHz, 66.96 W, 78, P0
2026/09/30 07:42:19.913, Tesla T4, 6499 MiB, 8414 MiB, 15360 MiB, 33 %, 28 %, 1590 MHz, 5000 MHz, 67.14 W, 78, P0
2026/09/30 07:42:20.426, Tesla T4, 6499 MiB, 8414 MiB, 15360 MiB, 35 %, 28 %, 1395 MHz, 5000 MHz, 54.04 W, 77, P0
2026/09/30 07:42:20.935, Tesla T4, 6499 MiB, 8414 MiB, 15360 MiB, 34 %, 28 %, 1365 MHz, 5000 MHz, 52.37 W, 77, P0
2026/09/30 07:42:21.444, Tesla T4, 6499 MiB, 8414 MiB, 15360 MiB, 24 %, 19 %, 1290 MHz, 5000 MHz, 48.88 W, 77, P0
2026/09/30 07:42:21.968, Tesla T4, 6499 MiB, 8414 MiB, 15360 MiB, 31 %, 24 %, 1200 MHz, 5000 MHz, 43.13 W, 77, P0
2026/09/30 07:42:22.494, Tesla T4, 6499 MiB, 8414 MiB, 15360 MiB, 31 %, 24 %, 1155 MHz, 5000 MHz, 48.42 W, 76, P0
2026/09/30 07:42:23.033, Tesla T4, 6499 MiB, 8414 MiB, 15360 MiB, 28 %, 21 %, 1080 MHz, 5000 MHz, 43.89 W, 76, P0
2026/09/30 07:42:23.547, Tesla T4, 6499 MiB, 8414 MiB, 15360 MiB, 28 %, 20 %, 1005 MHz, 5000 MHz, 41.28 W, 76, P0
2026/09/30 07:42:24.062, Tesla T4, 6499 MiB, 8414 MiB, 15360 MiB, 28 %, 20 %, 945 MHz, 5000 MHz, 48.17 W, 76, P0
2026/09/30 07:42:24.573, Tesla T4, 6499 MiB, 8414 MiB, 15360 MiB, 40 %, 30 %, 1050 MHz, 5000 MHz, 47.63 W, 76, P0
2026/09/30 07:42:25.083, Tesla T4, 6499 MiB, 8414 MiB, 15360 MiB, 37 %, 28 %, 1080 MHz, 5000 MHz, 46.59 W, 76, P0
2026/09/30 07:42:25.595, Tesla T4, 6499 MiB, 8414 MiB, 15360 MiB, 40 %, 30 %, 1080 MHz, 5000 MHz, 46.75 W, 76, P0
2026/09/30 07:42:26.104, Tesla T4, 6499 MiB, 8414 MiB, 15360 MiB, 37 %, 29 %, 1125 MHz, 5000 MHz, 46.99 W, 76, P0
2026/09/30 07:42:26.614, Tesla T4, 6499 MiB, 8414 MiB, 15360 MiB, 69 %, 26 %, 1575 MHz, 5000 MHz, 58.78 W, 77, P0
2026/09/30 07:42:27.124, Tesla T4, 6499 MiB, 8414 MiB, 15360 MiB, 33 %, 29 %, 1590 MHz, 5000 MHz, 65.22 W, 78, P0
2026/09/30 07:42:27.632, Tesla T4, 6499 MiB, 8414 MiB, 15360 MiB, 36 %, 30 %, 1590 MHz, 5000 MHz, 67.68 W, 78, P0
2026/09/30 07:42:28.140, Tesla T4, 6499 MiB, 8414 MiB, 15360 MiB, 32 %, 27 %, 1590 MHz, 5000 MHz, 63.77 W, 78, P0
2026/09/30 07:42:28.650, Tesla T4, 6499 MiB, 8414 MiB, 15360 MiB, 36 %, 30 %, 1440 MHz, 5000 MHz, 54.10 W, 78, P0
2026/09/30 07:42:29.158, Tesla T4, 6499 MiB, 8414 MiB, 15360 MiB, 34 %, 28 %, 1395 MHz, 5000 MHz, 53.74 W, 77, P0
2026/09/30 07:42:29.670, Tesla T4, 6499 MiB, 8414 MiB, 15360 MiB, 38 %, 31 %, 1380 MHz, 5000 MHz, 55.87 W, 77, P0
2026/09/30 07:42:30.179, Tesla T4, 6499 MiB, 8414 MiB, 15360 MiB, 30 %, 25 %, 1335 MHz, 5000 MHz, 57.22 W, 77, P0
2026/09/30 07:42:30.687, Tesla T4, 6499 MiB, 8414 MiB, 15360 MiB, 38 %, 30 %, 1320 MHz, 5000 MHz, 55.64 W, 77, P0
2026/09/30 07:42:31.200, Tesla T4, 6499 MiB, 8414 MiB, 15360 MiB, 36 %, 29 %, 1305 MHz, 5000 MHz, 48.99 W, 77, P0
2026/09/30 07:42:31.709, Tesla T4, 6499 MiB, 8414 MiB, 15360 MiB, 39 %, 32 %, 1290 MHz, 5000 MHz, 51.81 W, 77, P0
2026/09/30 07:42:32.217, Tesla T4, 6499 MiB, 8414 MiB, 15360 MiB, 36 %, 29 %, 1275 MHz, 5000 MHz, 52.72 W, 77, P0
2026/09/30 07:42:32.728, Tesla T4, 6499 MiB, 8414 MiB, 15360 MiB, 39 %, 31 %, 1275 MHz, 5000 MHz, 50.40 W, 77, P0
2026/09/30 07:42:33.237, Tesla T4, 6499 MiB, 8414 MiB, 15360 MiB, 31 %, 25 %, 1245 MHz, 5000 MHz, 50.52 W, 77, P0
2026/09/30 07:42:33.746, Tesla T4, 6499 MiB, 8414 MiB, 15360 MiB, 39 %, 31 %, 1230 MHz, 5000 MHz, 50.23 W, 77, P0
2026/09/30 07:42:34.256, Tesla T4, 6499 MiB, 8414 MiB, 15360 MiB, 27 %, 22 %, 1170 MHz, 5000 MHz, 43.15 W, 76, P0
2026/09/30 07:42:34.778, Tesla T4, 6499 MiB, 8414 MiB, 15360 MiB, 32 %, 24 %, 1095 MHz, 5000 MHz, 48.10 W, 76, P0
2026/09/30 07:42:35.307, Tesla T4, 6499 MiB, 8414 MiB, 15360 MiB, 33 %, 25 %, 1065 MHz, 5000 MHz, 44.31 W, 76, P0
2026/09/30 07:42:35.834, Tesla T4, 6499 MiB, 8414 MiB, 15360 MiB, 30 %, 22 %, 990 MHz, 5000 MHz, 40.96 W, 76, P0
2026/09/30 07:42:36.357, Tesla T4, 6499 MiB, 8414 MiB, 15360 MiB, 33 %, 24 %, 960 MHz, 5000 MHz, 41.21 W, 76, P0
2026/09/30 07:42:36.871, Tesla T4, 6499 MiB, 8414 MiB, 15360 MiB, 39 %, 27 %, 900 MHz, 5000 MHz, 44.68 W, 76, P0
2026/09/30 07:42:37.381, Tesla T4, 6499 MiB, 8414 MiB, 15360 MiB, 42 %, 31 %, 1065 MHz, 5000 MHz, 48.94 W, 76, P0
2026/09/30 07:42:37.893, Tesla T4, 6499 MiB, 8414 MiB, 15360 MiB, 41 %, 31 %, 1140 MHz, 5000 MHz, 50.79 W, 76, P0
2026/09/30 07:42:38.405, Tesla T4, 6499 MiB, 8414 MiB, 15360 MiB, 38 %, 30 %, 1140 MHz, 5000 MHz, 47.60 W, 76, P0
2026/09/30 07:42:38.918, Tesla T4, 6499 MiB, 8414 MiB, 15360 MiB, 41 %, 32 %, 1185 MHz, 5000 MHz, 49.38 W, 76, P0
2026/09/30 07:42:39.428, Tesla T4, 6499 MiB, 8414 MiB, 15360 MiB, 40 %, 32 %, 1200 MHz, 5000 MHz, 45.30 W, 76, P0
2026/09/30 07:42:39.947, Tesla T4, 6499 MiB, 8414 MiB, 15360 MiB, 40 %, 32 %, 1230 MHz, 5000 MHz, 47.90 W, 76, P0
2026/09/30 07:42:40.456, Tesla T4, 6499 MiB, 8414 MiB, 15360 MiB, 39 %, 31 %, 1230 MHz, 5000 MHz, 53.54 W, 76, P0
2026/09/30 07:42:40.980, Tesla T4, 6499 MiB, 8414 MiB, 15360 MiB, 39 %, 32 %, 1230 MHz, 5000 MHz, 50.79 W, 76, P0
2026/09/30 07:42:41.493, Tesla T4, 6499 MiB, 8414 MiB, 15360 MiB, 34 %, 29 %, 1590 MHz, 5000 MHz, 65.85 W, 77, P0
2026/09/30 07:42:42.005, Tesla T4, 6499 MiB, 8414 MiB, 15360 MiB, 34 %, 29 %, 1590 MHz, 5000 MHz, 61.83 W, 78, P0
2026/09/30 07:42:42.515, Tesla T4, 6499 MiB, 8414 MiB, 15360 MiB, 33 %, 28 %, 1590 MHz, 5000 MHz, 63.61 W, 78, P0
2026/09/30 07:42:43.023, Tesla T4, 6499 MiB, 8414 MiB, 15360 MiB, 34 %, 29 %, 1455 MHz, 5000 MHz, 63.38 W, 78, P0
2026/09/30 07:42:43.533, Tesla T4, 6499 MiB, 8414 MiB, 15360 MiB, 36 %, 30 %, 1425 MHz, 5000 MHz, 54.10 W, 78, P0
2026/09/30 07:42:44.041, Tesla T4, 6499 MiB, 8414 MiB, 15360 MiB, 35 %, 28 %, 1380 MHz, 5000 MHz, 53.51 W, 78, P0
2026/09/30 07:42:44.551, Tesla T4, 6499 MiB, 8414 MiB, 15360 MiB, 36 %, 29 %, 1365 MHz, 5000 MHz, 53.42 W, 77, P0
2026/09/30 07:42:45.064, Tesla T4, 6499 MiB, 8414 MiB, 15360 MiB, 36 %, 29 %, 1335 MHz, 5000 MHz, 49.58 W, 77, P0
2026/09/30 07:42:45.572, Tesla T4, 6499 MiB, 8414 MiB, 15360 MiB, 37 %, 30 %, 1305 MHz, 5000 MHz, 55.48 W, 77, P0
2026/09/30 07:42:46.081, Tesla T4, 6499 MiB, 8414 MiB, 15360 MiB, 34 %, 28 %, 1260 MHz, 5000 MHz, 48.56 W, 77, P0
2026/09/30 07:42:46.598, Tesla T4, 6499 MiB, 8414 MiB, 15360 MiB, 38 %, 30 %, 1245 MHz, 5000 MHz, 50.01 W, 77, P0
2026/09/30 07:42:47.107, Tesla T4, 6499 MiB, 8414 MiB, 15360 MiB, 29 %, 23 %, 1185 MHz, 5000 MHz, 51.87 W, 77, P0
2026/09/30 07:42:47.623, Tesla T4, 6499 MiB, 8414 MiB, 15360 MiB, 31 %, 24 %, 1125 MHz, 5000 MHz, 46.75 W, 77, P0
2026/09/30 07:42:48.158, Tesla T4, 6499 MiB, 8414 MiB, 15360 MiB, 32 %, 24 %, 1050 MHz, 5000 MHz, 41.48 W, 76, P0
2026/09/30 07:42:48.673, Tesla T4, 6499 MiB, 8414 MiB, 15360 MiB, 28 %, 21 %, 975 MHz, 5000 MHz, 42.46 W, 76, P0
2026/09/30 07:42:49.205, Tesla T4, 6499 MiB, 8414 MiB, 15360 MiB, 29 %, 21 %, 930 MHz, 5000 MHz, 41.48 W, 76, P0
2026/09/30 07:42:49.727, Tesla T4, 6499 MiB, 8414 MiB, 15360 MiB, 44 %, 31 %, 990 MHz, 5000 MHz, 46.45 W, 76, P0
2026/09/30 07:42:50.237, Tesla T4, 6499 MiB, 8414 MiB, 15360 MiB, 38 %, 28 %, 1035 MHz, 5000 MHz, 46.52 W, 76, P0
2026/09/30 07:42:50.747, Tesla T4, 6499 MiB, 8414 MiB, 15360 MiB, 41 %, 31 %, 1140 MHz, 5000 MHz, 46.92 W, 76, P0
2026/09/30 07:42:51.259, Tesla T4, 6499 MiB, 8414 MiB, 15360 MiB, 37 %, 28 %, 1140 MHz, 5000 MHz, 46.69 W, 77, P0
2026/09/30 07:42:51.770, Tesla T4, 6499 MiB, 8414 MiB, 15360 MiB, 29 %, 22 %, 1140 MHz, 5000 MHz, 47.04 W, 77, P0
2026/09/30 07:42:52.284, Tesla T4, 6499 MiB, 8414 MiB, 15360 MiB, 37 %, 29 %, 1140 MHz, 5000 MHz, 47.60 W, 77, P0
2026/09/30 07:42:52.793, Tesla T4, 6499 MiB, 8414 MiB, 15360 MiB, 38 %, 29 %, 1140 MHz, 5000 MHz, 48.46 W, 77, P0
2026/09/30 07:42:53.303, Tesla T4, 6499 MiB, 8414 MiB, 15360 MiB, 40 %, 31 %, 1155 MHz, 5000 MHz, 48.56 W, 77, P0
2026/09/30 07:42:53.815, Tesla T4, 6499 MiB, 8414 MiB, 15360 MiB, 40 %, 31 %, 1185 MHz, 5000 MHz, 46.75 W, 77, P0
2026/09/30 07:42:54.324, Tesla T4, 6499 MiB, 8414 MiB, 15360 MiB, 39 %, 31 %, 1185 MHz, 5000 MHz, 48.95 W, 77, P0
2026/09/30 07:42:54.835, Tesla T4, 6499 MiB, 8414 MiB, 15360 MiB, 40 %, 31 %, 1185 MHz, 5000 MHz, 52.27 W, 77, P0
2026/09/30 07:42:55.344, Tesla T4, 6499 MiB, 8414 MiB, 15360 MiB, 39 %, 31 %, 1185 MHz, 5000 MHz, 50.14 W, 77, P0
2026/09/30 07:42:55.854, Tesla T4, 6499 MiB, 8414 MiB, 15360 MiB, 41 %, 33 %, 1260 MHz, 5000 MHz, 48.66 W, 77, P0
2026/09/30 07:42:56.366, Tesla T4, 6499 MiB, 8414 MiB, 15360 MiB, 32 %, 27 %, 1590 MHz, 5000 MHz, 65.81 W, 78, P0
2026/09/30 07:42:56.874, Tesla T4, 6499 MiB, 8414 MiB, 15360 MiB, 35 %, 30 %, 1590 MHz, 5000 MHz, 63.55 W, 78, P0
2026/09/30 07:42:57.381, Tesla T4, 6499 MiB, 8414 MiB, 15360 MiB, 33 %, 28 %, 1590 MHz, 5000 MHz, 64.89 W, 79, P0
2026/09/30 07:42:57.891, Tesla T4, 6499 MiB, 8414 MiB, 15360 MiB, 35 %, 30 %, 1440 MHz, 5000 MHz, 65.04 W, 78, P0
2026/09/30 07:42:58.406, Tesla T4, 6499 MiB, 8414 MiB, 15360 MiB, 33 %, 27 %, 1410 MHz, 5000 MHz, 53.51 W, 78, P0
2026/09/30 07:42:58.914, Tesla T4, 6499 MiB, 8414 MiB, 15360 MiB, 37 %, 30 %, 1380 MHz, 5000 MHz, 53.91 W, 78, P0
2026/09/30 07:42:59.424, Tesla T4, 6499 MiB, 8414 MiB, 15360 MiB, 35 %, 28 %, 1350 MHz, 5000 MHz, 49.41 W, 78, P0
2026/09/30 07:42:59.934, Tesla T4, 6499 MiB, 8414 MiB, 15360 MiB, 28 %, 22 %, 1260 MHz, 5000 MHz, 49.04 W, 77, P0
2026/09/30 07:43:00.451, Tesla T4, 6499 MiB, 8414 MiB, 15360 MiB, 28 %, 22 %, 1200 MHz, 5000 MHz, 46.13 W, 77, P0
2026/09/30 07:43:00.966, Tesla T4, 6499 MiB, 8414 MiB, 15360 MiB, 32 %, 24 %, 1125 MHz, 5000 MHz, 43.03 W, 77, P0
2026/09/30 07:43:01.483, Tesla T4, 6499 MiB, 8414 MiB, 15360 MiB, 27 %, 21 %, 1065 MHz, 5000 MHz, 46.13 W, 77, P0
2026/09/30 07:43:02.010, Tesla T4, 6499 MiB, 8414 MiB, 15360 MiB, 25 %, 18 %, 990 MHz, 5000 MHz, 41.87 W, 77, P0
2026/09/30 07:43:02.532, Tesla T4, 6499 MiB, 8414 MiB, 15360 MiB, 39 %, 28 %, 960 MHz, 5000 MHz, 44.01 W, 77, P0
2026/09/30 07:43:03.044, Tesla T4, 6499 MiB, 8414 MiB, 15360 MiB, 40 %, 30 %, 1050 MHz, 5000 MHz, 45.86 W, 77, P0
2026/09/30 07:43:03.554, Tesla T4, 6499 MiB, 8414 MiB, 15360 MiB, 36 %, 27 %, 1050 MHz, 5000 MHz, 47.86 W, 77, P0
2026/09/30 07:43:04.064, Tesla T4, 6499 MiB, 8414 MiB, 15360 MiB, 41 %, 31 %, 1095 MHz, 5000 MHz, 46.23 W, 77, P0
2026/09/30 07:43:04.576, Tesla T4, 6499 MiB, 8414 MiB, 15360 MiB, 38 %, 29 %, 1095 MHz, 5000 MHz, 48.52 W, 77, P0
2026/09/30 07:43:05.086, Tesla T4, 6499 MiB, 8414 MiB, 15360 MiB, 40 %, 31 %, 1095 MHz, 5000 MHz, 50.08 W, 77, P0
2026/09/30 07:43:05.598, Tesla T4, 6499 MiB, 8414 MiB, 15360 MiB, 36 %, 27 %, 1095 MHz, 5000 MHz, 52.92 W, 77, P0
2026/09/30 07:43:06.108, Tesla T4, 6499 MiB, 8414 MiB, 15360 MiB, 39 %, 30 %, 1095 MHz, 5000 MHz, 48.29 W, 77, P0
2026/09/30 07:43:06.617, Tesla T4, 6499 MiB, 8414 MiB, 15360 MiB, 36 %, 27 %, 1110 MHz, 5000 MHz, 49.90 W, 77, P0
2026/09/30 07:43:07.129, Tesla T4, 6499 MiB, 8414 MiB, 15360 MiB, 41 %, 32 %, 1170 MHz, 5000 MHz, 50.99 W, 77, P0
2026/09/30 07:43:07.639, Tesla T4, 6499 MiB, 8414 MiB, 15360 MiB, 38 %, 29 %, 1200 MHz, 5000 MHz, 49.51 W, 77, P0
2026/09/30 07:43:08.150, Tesla T4, 6499 MiB, 8414 MiB, 15360 MiB, 39 %, 31 %, 1200 MHz, 5000 MHz, 49.22 W, 77, P0
2026/09/30 07:43:08.663, Tesla T4, 6499 MiB, 8414 MiB, 15360 MiB, 39 %, 31 %, 1200 MHz, 5000 MHz, 45.00 W, 77, P0
2026/09/30 07:43:09.172, Tesla T4, 6499 MiB, 8414 MiB, 15360 MiB, 40 %, 32 %, 1215 MHz, 5000 MHz, 49.28 W, 77, P0
2026/09/30 07:43:09.683, Tesla T4, 6499 MiB, 8414 MiB, 15360 MiB, 40 %, 32 %, 1230 MHz, 5000 MHz, 50.92 W, 77, P0
2026/09/30 07:43:10.192, Tesla T4, 6499 MiB, 8414 MiB, 15360 MiB, 41 %, 32 %, 1245 MHz, 5000 MHz, 53.18 W, 77, P0
2026/09/30 07:43:10.701, Tesla T4, 6499 MiB, 8414 MiB, 15360 MiB, 38 %, 30 %, 1245 MHz, 5000 MHz, 54.46 W, 78, P0
2026/09/30 07:43:11.213, Tesla T4, 6499 MiB, 8414 MiB, 15360 MiB, 35 %, 30 %, 1560 MHz, 5000 MHz, 60.75 W, 78, P0
2026/09/30 07:43:11.721, Tesla T4, 6499 MiB, 8414 MiB, 15360 MiB, 35 %, 30 %, 1560 MHz, 5000 MHz, 59.63 W, 79, P0
2026/09/30 07:43:12.230, Tesla T4, 6499 MiB, 8414 MiB, 15360 MiB, 33 %, 28 %, 1560 MHz, 5000 MHz, 56.56 W, 78, P0
2026/09/30 07:43:12.743, Tesla T4, 6499 MiB, 8414 MiB, 15360 MiB, 26 %, 22 %, 1560 MHz, 5000 MHz, 56.30 W, 78, P0
2026/09/30 07:43:13.277, Tesla T4, 6499 MiB, 8414 MiB, 15360 MiB, 30 %, 24 %, 1245 MHz, 5000 MHz, 48.79 W, 78, P0
2026/09/30 07:43:13.792, Tesla T4, 6499 MiB, 8414 MiB, 15360 MiB, 27 %, 21 %, 1155 MHz, 5000 MHz, 40.76 W, 77, P0
2026/09/30 07:43:14.312, Tesla T4, 6499 MiB, 8414 MiB, 15360 MiB, 28 %, 21 %, 1095 MHz, 5000 MHz, 46.62 W, 77, P0
2026/09/30 07:43:14.834, Tesla T4, 6499 MiB, 8414 MiB, 15360 MiB, 26 %, 20 %, 1005 MHz, 5000 MHz, 40.25 W, 77, P0
2026/09/30 07:43:15.348, Tesla T4, 6499 MiB, 8414 MiB, 15360 MiB, 42 %, 30 %, 1035 MHz, 5000 MHz, 48.62 W, 77, P0
2026/09/30 07:43:15.859, Tesla T4, 6499 MiB, 8414 MiB, 15360 MiB, 40 %, 30 %, 1080 MHz, 5000 MHz, 46.75 W, 77, P0
2026/09/30 07:43:16.369, Tesla T4, 6499 MiB, 8414 MiB, 15360 MiB, 41 %, 31 %, 1125 MHz, 5000 MHz, 47.53 W, 77, P0
2026/09/30 07:43:16.882, Tesla T4, 6499 MiB, 8414 MiB, 15360 MiB, 40 %, 30 %, 1125 MHz, 5000 MHz, 48.86 W, 77, P0
2026/09/30 07:43:17.393, Tesla T4, 6499 MiB, 8414 MiB, 15360 MiB, 40 %, 31 %, 1140 MHz, 5000 MHz, 49.60 W, 77, P0
2026/09/30 07:43:17.905, Tesla T4, 6499 MiB, 8414 MiB, 15360 MiB, 40 %, 31 %, 1155 MHz, 5000 MHz, 47.87 W, 77, P0
2026/09/30 07:43:18.414, Tesla T4, 6499 MiB, 8414 MiB, 15360 MiB, 40 %, 31 %, 1170 MHz, 5000 MHz, 50.33 W, 77, P0
2026/09/30 07:43:18.924, Tesla T4, 6499 MiB, 8414 MiB, 15360 MiB, 40 %, 31 %, 1170 MHz, 5000 MHz, 47.51 W, 77, P0
2026/09/30 07:43:19.436, Tesla T4, 6499 MiB, 8414 MiB, 15360 MiB, 40 %, 32 %, 1200 MHz, 5000 MHz, 47.08 W, 77, P0
2026/09/30 07:43:19.946, Tesla T4, 6499 MiB, 8414 MiB, 15360 MiB, 39 %, 31 %, 1200 MHz, 5000 MHz, 48.66 W, 77, P0
2026/09/30 07:43:20.457, Tesla T4, 6499 MiB, 8414 MiB, 15360 MiB, 39 %, 31 %, 1185 MHz, 5000 MHz, 64.26 W, 78, P0
2026/09/30 07:43:20.969, Tesla T4, 6499 MiB, 8414 MiB, 15360 MiB, 36 %, 31 %, 1590 MHz, 5000 MHz, 60.97 W, 78, P0
2026/09/30 07:43:21.477, Tesla T4, 6499 MiB, 8414 MiB, 15360 MiB, 36 %, 31 %, 1590 MHz, 5000 MHz, 61.20 W, 79, P0
2026/09/30 07:43:21.985, Tesla T4, 6499 MiB, 8414 MiB, 15360 MiB, 36 %, 30 %, 1590 MHz, 5000 MHz, 63.51 W, 79, P0
2026/09/30 07:43:22.493, Tesla T4, 6499 MiB, 8414 MiB, 15360 MiB, 36 %, 30 %, 1470 MHz, 5000 MHz, 55.61 W, 79, P0
2026/09/30 07:43:23.002, Tesla T4, 6499 MiB, 8414 MiB, 15360 MiB, 38 %, 31 %, 1440 MHz, 5000 MHz, 56.92 W, 78, P0
2026/09/30 07:43:23.514, Tesla T4, 6499 MiB, 8414 MiB, 15360 MiB, 36 %, 29 %, 1410 MHz, 5000 MHz, 55.71 W, 78, P0
2026/09/30 07:43:24.022, Tesla T4, 6499 MiB, 8414 MiB, 15360 MiB, 38 %, 31 %, 1395 MHz, 5000 MHz, 54.33 W, 78, P0
2026/09/30 07:43:24.533, Tesla T4, 6499 MiB, 8414 MiB, 15360 MiB, 37 %, 30 %, 1365 MHz, 5000 MHz, 56.36 W, 78, P0
2026/09/30 07:43:25.042, Tesla T4, 6499 MiB, 8414 MiB, 15360 MiB, 25 %, 21 %, 1305 MHz, 5000 MHz, 46.69 W, 78, P0
2026/09/30 07:43:25.556, Tesla T4, 6499 MiB, 8414 MiB, 15360 MiB, 29 %, 23 %, 1245 MHz, 5000 MHz, 47.28 W, 78, P0
2026/09/30 07:43:26.079, Tesla T4, 6499 MiB, 8414 MiB, 15360 MiB, 32 %, 25 %, 1170 MHz, 5000 MHz, 47.08 W, 77, P0
2026/09/30 07:43:26.595, Tesla T4, 6499 MiB, 8414 MiB, 15360 MiB, 29 %, 23 %, 1110 MHz, 5000 MHz, 48.88 W, 77, P0
2026/09/30 07:43:27.122, Tesla T4, 6499 MiB, 8414 MiB, 15360 MiB, 33 %, 25 %, 1050 MHz, 5000 MHz, 45.83 W, 77, P0
2026/09/30 07:43:27.644, Tesla T4, 6499 MiB, 8414 MiB, 15360 MiB, 29 %, 22 %, 960 MHz, 5000 MHz, 41.35 W, 77, P0
2026/09/30 07:43:28.155, Tesla T4, 6499 MiB, 8414 MiB, 15360 MiB, 40 %, 30 %, 1035 MHz, 5000 MHz, 46.30 W, 77, P0
2026/09/30 07:43:28.665, Tesla T4, 6499 MiB, 8414 MiB, 15360 MiB, 40 %, 30 %, 1095 MHz, 5000 MHz, 46.72 W, 77, P0
2026/09/30 07:43:29.178, Tesla T4, 6499 MiB, 8414 MiB, 15360 MiB, 39 %, 30 %, 1095 MHz, 5000 MHz, 52.00 W, 77, P0
2026/09/30 07:43:29.687, Tesla T4, 6499 MiB, 8414 MiB, 15360 MiB, 38 %, 29 %, 1125 MHz, 5000 MHz, 47.11 W, 77, P0
2026/09/30 07:43:30.197, Tesla T4, 6499 MiB, 8414 MiB, 15360 MiB, 39 %, 30 %, 1155 MHz, 5000 MHz, 47.58 W, 77, P0
2026/09/30 07:43:30.708, Tesla T4, 6499 MiB, 8414 MiB, 15360 MiB, 36 %, 28 %, 1155 MHz, 5000 MHz, 47.41 W, 77, P0
2026/09/30 07:43:31.218, Tesla T4, 6499 MiB, 8414 MiB, 15360 MiB, 39 %, 30 %, 1155 MHz, 5000 MHz, 46.81 W, 77, P0
2026/09/30 07:43:31.729, Tesla T4, 6499 MiB, 8414 MiB, 15360 MiB, 36 %, 29 %, 1200 MHz, 5000 MHz, 50.56 W, 77, P0
2026/09/30 07:43:32.238, Tesla T4, 6499 MiB, 8414 MiB, 15360 MiB, 39 %, 31 %, 1200 MHz, 5000 MHz, 49.84 W, 77, P0
2026/09/30 07:43:32.747, Tesla T4, 6499 MiB, 8414 MiB, 15360 MiB, 37 %, 30 %, 1230 MHz, 5000 MHz, 49.74 W, 77, P0
2026/09/30 07:43:33.261, Tesla T4, 6499 MiB, 8414 MiB, 15360 MiB, 40 %, 32 %, 1260 MHz, 5000 MHz, 52.79 W, 77, P0
2026/09/30 07:43:33.770, Tesla T4, 6499 MiB, 8414 MiB, 15360 MiB, 37 %, 30 %, 1260 MHz, 5000 MHz, 54.23 W, 77, P0
2026/09/30 07:43:34.281, Tesla T4, 6499 MiB, 8414 MiB, 15360 MiB, 39 %, 31 %, 1260 MHz, 5000 MHz, 51.22 W, 77, P0
2026/09/30 07:43:34.790, Tesla T4, 6499 MiB, 8414 MiB, 15360 MiB, 37 %, 30 %, 1245 MHz, 5000 MHz, 49.67 W, 77, P0
2026/09/30 07:43:35.301, Tesla T4, 6499 MiB, 8414 MiB, 15360 MiB, 36 %, 31 %, 1590 MHz, 5000 MHz, 66.16 W, 78, P0
2026/09/30 07:43:35.810, Tesla T4, 6499 MiB, 8414 MiB, 15360 MiB, 33 %, 28 %, 1590 MHz, 5000 MHz, 64.55 W, 78, P0
2026/09/30 07:43:36.318, Tesla T4, 6499 MiB, 8414 MiB, 15360 MiB, 34 %, 28 %, 1590 MHz, 5000 MHz, 64.91 W, 78, P0
2026/09/30 07:43:36.826, Tesla T4, 6499 MiB, 8414 MiB, 15360 MiB, 36 %, 30 %, 1590 MHz, 5000 MHz, 65.16 W, 79, P0
2026/09/30 07:43:37.335, Tesla T4, 6499 MiB, 8414 MiB, 15360 MiB, 38 %, 31 %, 1425 MHz, 5000 MHz, 53.81 W, 78, P0
2026/09/30 07:43:37.845, Tesla T4, 6499 MiB, 8414 MiB, 15360 MiB, 32 %, 26 %, 1395 MHz, 5000 MHz, 51.02 W, 77, P0
2026/09/30 07:43:38.360, Tesla T4, 6499 MiB, 8414 MiB, 15360 MiB, 30 %, 24 %, 1275 MHz, 5000 MHz, 45.93 W, 77, P0
2026/09/30 07:43:38.882, Tesla T4, 6499 MiB, 8414 MiB, 15360 MiB, 27 %, 21 %, 1185 MHz, 5000 MHz, 50.46 W, 77, P0
2026/09/30 07:43:39.414, Tesla T4, 6499 MiB, 8414 MiB, 15360 MiB, 28 %, 22 %, 1140 MHz, 5000 MHz, 42.17 W, 76, P0
2026/09/30 07:43:39.933, Tesla T4, 6499 MiB, 8414 MiB, 15360 MiB, 31 %, 24 %, 1050 MHz, 5000 MHz, 42.49 W, 76, P0
2026/09/30 07:43:40.452, Tesla T4, 6499 MiB, 8414 MiB, 15360 MiB, 26 %, 19 %, 990 MHz, 5000 MHz, 43.99 W, 76, P0
2026/09/30 07:43:40.963, Tesla T4, 6499 MiB, 8414 MiB, 15360 MiB, 43 %, 32 %, 1110 MHz, 5000 MHz, 46.82 W, 76, P0
2026/09/30 07:43:41.472, Tesla T4, 6499 MiB, 8414 MiB, 15360 MiB, 40 %, 31 %, 1140 MHz, 5000 MHz, 46.82 W, 76, P0
2026/09/30 07:43:41.984, Tesla T4, 6499 MiB, 8414 MiB, 15360 MiB, 40 %, 31 %, 1140 MHz, 5000 MHz, 48.42 W, 76, P0
2026/09/30 07:43:42.494, Tesla T4, 6499 MiB, 8414 MiB, 15360 MiB, 41 %, 32 %, 1185 MHz, 5000 MHz, 48.20 W, 76, P0
2026/09/30 07:43:43.004, Tesla T4, 6499 MiB, 8414 MiB, 15360 MiB, 40 %, 31 %, 1185 MHz, 5000 MHz, 46.34 W, 76, P0
2026/09/30 07:43:43.516, Tesla T4, 6499 MiB, 8414 MiB, 15360 MiB, 39 %, 31 %, 1185 MHz, 5000 MHz, 52.24 W, 76, P0
2026/09/30 07:43:44.025, Tesla T4, 6499 MiB, 8414 MiB, 15360 MiB, 39 %, 31 %, 1185 MHz, 5000 MHz, 51.28 W, 76, P0
2026/09/30 07:43:44.549, Tesla T4, 6499 MiB, 8414 MiB, 15360 MiB, 40 %, 32 %, 1245 MHz, 5000 MHz, 47.08 W, 76, P0
2026/09/30 07:43:45.060, Tesla T4, 6499 MiB, 8414 MiB, 15360 MiB, 39 %, 31 %, 1245 MHz, 5000 MHz, 50.50 W, 76, P0
2026/09/30 07:43:45.582, Tesla T4, 6499 MiB, 8414 MiB, 15360 MiB, 38 %, 31 %, 1245 MHz, 5000 MHz, 49.25 W, 76, P0
2026/09/30 07:43:46.091, Tesla T4, 6499 MiB, 8414 MiB, 15360 MiB, 38 %, 31 %, 1245 MHz, 5000 MHz, 66.86 W, 77, P0
2026/09/30 07:43:46.607, Tesla T4, 6499 MiB, 8414 MiB, 15360 MiB, 35 %, 30 %, 1590 MHz, 5000 MHz, 64.79 W, 78, P0
2026/09/30 07:43:47.115, Tesla T4, 6499 MiB, 8414 MiB, 15360 MiB, 32 %, 27 %, 1575 MHz, 5000 MHz, 63.10 W, 78, P0
2026/09/30 07:43:47.623, Tesla T4, 6499 MiB, 8414 MiB, 15360 MiB, 35 %, 30 %, 1590 MHz, 5000 MHz, 61.63 W, 78, P0
2026/09/30 07:43:48.133, Tesla T4, 6499 MiB, 8414 MiB, 15360 MiB, 37 %, 31 %, 1440 MHz, 5000 MHz, 57.37 W, 78, P0
2026/09/30 07:43:48.641, Tesla T4, 6499 MiB, 8414 MiB, 15360 MiB, 37 %, 30 %, 1410 MHz, 5000 MHz, 53.32 W, 77, P0
2026/09/30 07:43:49.152, Tesla T4, 6499 MiB, 8414 MiB, 15360 MiB, 37 %, 31 %, 1380 MHz, 5000 MHz, 54.27 W, 77, P0
2026/09/30 07:43:49.663, Tesla T4, 6499 MiB, 8414 MiB, 15360 MiB, 38 %, 31 %, 1365 MHz, 5000 MHz, 51.65 W, 77, P0
2026/09/30 07:43:50.172, Tesla T4, 6499 MiB, 8414 MiB, 15360 MiB, 38 %, 31 %, 1350 MHz, 5000 MHz, 51.78 W, 77, P0
2026/09/30 07:43:50.686, Tesla T4, 6499 MiB, 8414 MiB, 15360 MiB, 26 %, 21 %, 1290 MHz, 5000 MHz, 46.26 W, 77, P0
2026/09/30 07:43:51.208, Tesla T4, 6499 MiB, 8414 MiB, 15360 MiB, 31 %, 24 %, 1215 MHz, 5000 MHz, 47.11 W, 77, P0
2026/09/30 07:43:51.726, Tesla T4, 6499 MiB, 8414 MiB, 15360 MiB, 32 %, 25 %, 1155 MHz, 5000 MHz, 47.93 W, 76, P0
2026/09/30 07:43:52.277, Tesla T4, 6499 MiB, 8414 MiB, 15360 MiB, 29 %, 21 %, 1080 MHz, 5000 MHz, 44.78 W, 76, P0
2026/09/30 07:43:52.815, Tesla T4, 6499 MiB, 8414 MiB, 15360 MiB, 30 %, 23 %, 1155 MHz, 5000 MHz, 44.26 W, 76, P0
2026/09/30 07:43:53.327, Tesla T4, 6499 MiB, 8414 MiB, 15360 MiB, 24 %, 18 %, 1155 MHz, 5000 MHz, 46.65 W, 76, P0
2026/09/30 07:43:53.840, Tesla T4, 6499 MiB, 8414 MiB, 15360 MiB, 40 %, 31 %, 1170 MHz, 5000 MHz, 51.84 W, 76, P0
2026/09/30 07:43:54.349, Tesla T4, 6499 MiB, 8414 MiB, 15360 MiB, 40 %, 32 %, 1200 MHz, 5000 MHz, 48.79 W, 76, P0
2026/09/30 07:43:54.866, Tesla T4, 6499 MiB, 8414 MiB, 15360 MiB, 39 %, 31 %, 1200 MHz, 5000 MHz, 48.42 W, 77, P0
2026/09/30 07:43:55.375, Tesla T4, 6499 MiB, 8414 MiB, 15360 MiB, 39 %, 31 %, 1200 MHz, 5000 MHz, 50.53 W, 77, P0
2026/09/30 07:43:55.884, Tesla T4, 6499 MiB, 8414 MiB, 15360 MiB, 39 %, 31 %, 1200 MHz, 5000 MHz, 50.23 W, 77, P0
2026/09/30 07:43:56.396, Tesla T4, 6499 MiB, 8414 MiB, 15360 MiB, 40 %, 32 %, 1230 MHz, 5000 MHz, 51.51 W, 76, P0
2026/09/30 07:43:56.906, Tesla T4, 6499 MiB, 8414 MiB, 15360 MiB, 39 %, 30 %, 1230 MHz, 5000 MHz, 49.60 W, 77, P0
2026/09/30 07:43:57.418, Tesla T4, 6499 MiB, 8414 MiB, 15360 MiB, 40 %, 32 %, 1230 MHz, 5000 MHz, 52.20 W, 77, P0
2026/09/30 07:43:57.927, Tesla T4, 6499 MiB, 8414 MiB, 15360 MiB, 38 %, 30 %, 1230 MHz, 5000 MHz, 47.65 W, 77, P0
2026/09/30 07:43:58.436, Tesla T4, 6499 MiB, 8414 MiB, 15360 MiB, 40 %, 32 %, 1245 MHz, 5000 MHz, 50.89 W, 77, P0
2026/09/30 07:43:58.947, Tesla T4, 6499 MiB, 8414 MiB, 15360 MiB, 36 %, 29 %, 1245 MHz, 5000 MHz, 49.22 W, 77, P0
2026/09/30 07:43:59.456, Tesla T4, 6499 MiB, 8414 MiB, 15360 MiB, 40 %, 32 %, 1260 MHz, 5000 MHz, 50.20 W, 77, P0
2026/09/30 07:43:59.965, Tesla T4, 6499 MiB, 8414 MiB, 15360 MiB, 37 %, 30 %, 1260 MHz, 5000 MHz, 51.64 W, 77, P0
2026/09/30 07:44:00.477, Tesla T4, 6499 MiB, 8414 MiB, 15360 MiB, 40 %, 33 %, 1245 MHz, 5000 MHz, 51.44 W, 77, P0
2026/09/30 07:44:00.985, Tesla T4, 6499 MiB, 8414 MiB, 15360 MiB, 35 %, 30 %, 1575 MHz, 5000 MHz, 65.00 W, 78, P0
2026/09/30 07:44:01.493, Tesla T4, 6499 MiB, 8414 MiB, 15360 MiB, 36 %, 30 %, 1590 MHz, 5000 MHz, 59.36 W, 78, P0
2026/09/30 07:44:02.002, Tesla T4, 6499 MiB, 8414 MiB, 15360 MiB, 34 %, 29 %, 1590 MHz, 5000 MHz, 62.69 W, 78, P0
2026/09/30 07:44:02.511, Tesla T4, 6499 MiB, 8414 MiB, 15360 MiB, 36 %, 31 %, 1470 MHz, 5000 MHz, 53.45 W, 78, P0
2026/09/30 07:44:03.019, Tesla T4, 6499 MiB, 8414 MiB, 15360 MiB, 35 %, 28 %, 1410 MHz, 5000 MHz, 56.00 W, 78, P0
2026/09/30 07:44:03.529, Tesla T4, 6499 MiB, 8414 MiB, 15360 MiB, 23 %, 19 %, 1350 MHz, 5000 MHz, 46.72 W, 77, P0
2026/09/30 07:44:04.049, Tesla T4, 6499 MiB, 8414 MiB, 15360 MiB, 27 %, 21 %, 1230 MHz, 5000 MHz, 44.92 W, 77, P0
2026/09/30 07:44:04.575, Tesla T4, 6499 MiB, 8414 MiB, 15360 MiB, 32 %, 25 %, 1185 MHz, 5000 MHz, 49.74 W, 77, P0
2026/09/30 07:44:05.101, Tesla T4, 6499 MiB, 8414 MiB, 15360 MiB, 26 %, 20 %, 1110 MHz, 5000 MHz, 41.50 W, 76, P0
2026/09/30 07:44:05.616, Tesla T4, 6499 MiB, 8414 MiB, 15360 MiB, 30 %, 23 %, 1020 MHz, 5000 MHz, 41.38 W, 76, P0
2026/09/30 07:44:06.138, Tesla T4, 6499 MiB, 8414 MiB, 15360 MiB, 27 %, 20 %, 975 MHz, 5000 MHz, 48.88 W, 76, P0
2026/09/30 07:44:06.649, Tesla T4, 6499 MiB, 8414 MiB, 15360 MiB, 40 %, 30 %, 1065 MHz, 5000 MHz, 46.03 W, 76, P0
2026/09/30 07:44:07.158, Tesla T4, 6499 MiB, 8414 MiB, 15360 MiB, 37 %, 28 %, 1065 MHz, 5000 MHz, 46.59 W, 76, P0
2026/09/30 07:44:07.669, Tesla T4, 6499 MiB, 8414 MiB, 15360 MiB, 41 %, 31 %, 1170 MHz, 5000 MHz, 49.15 W, 76, P0
2026/09/30 07:44:08.178, Tesla T4, 6499 MiB, 8414 MiB, 15360 MiB, 38 %, 30 %, 1170 MHz, 5000 MHz, 49.90 W, 76, P0
2026/09/30 07:44:08.690, Tesla T4, 6499 MiB, 8414 MiB, 15360 MiB, 40 %, 31 %, 1215 MHz, 5000 MHz, 49.38 W, 76, P0
2026/09/30 07:44:09.199, Tesla T4, 6499 MiB, 8414 MiB, 15360 MiB, 37 %, 29 %, 1215 MHz, 5000 MHz, 51.48 W, 76, P0
2026/09/30 07:44:09.708, Tesla T4, 6499 MiB, 8414 MiB, 15360 MiB, 39 %, 31 %, 1215 MHz, 5000 MHz, 51.09 W, 76, P0
2026/09/30 07:44:10.219, Tesla T4, 6499 MiB, 8414 MiB, 15360 MiB, 37 %, 29 %, 1215 MHz, 5000 MHz, 50.39 W, 76, P0
2026/09/30 07:44:10.729, Tesla T4, 6499 MiB, 8414 MiB, 15360 MiB, 39 %, 31 %, 1215 MHz, 5000 MHz, 55.71 W, 76, P0
2026/09/30 07:44:11.243, Tesla T4, 6499 MiB, 8414 MiB, 15360 MiB, 37 %, 30 %, 1200 MHz, 5000 MHz, 50.01 W, 76, P0
2026/09/30 07:44:11.752, Tesla T4, 6499 MiB, 8414 MiB, 15360 MiB, 39 %, 31 %, 1200 MHz, 5000 MHz, 49.45 W, 76, P0
2026/09/30 07:44:12.261, Tesla T4, 6499 MiB, 8414 MiB, 15360 MiB, 36 %, 28 %, 1185 MHz, 5000 MHz, 50.04 W, 76, P0
2026/09/30 07:44:12.772, Tesla T4, 6499 MiB, 8414 MiB, 15360 MiB, 39 %, 31 %, 1185 MHz, 5000 MHz, 49.08 W, 76, P0
2026/09/30 07:44:13.282, Tesla T4, 6499 MiB, 8414 MiB, 15360 MiB, 38 %, 30 %, 1185 MHz, 5000 MHz, 53.32 W, 76, P0
2026/09/30 07:44:13.794, Tesla T4, 6499 MiB, 8414 MiB, 15360 MiB, 39 %, 30 %, 1200 MHz, 5000 MHz, 48.73 W, 76, P0
2026/09/30 07:44:14.304, Tesla T4, 6499 MiB, 8414 MiB, 15360 MiB, 37 %, 29 %, 1200 MHz, 5000 MHz, 49.35 W, 76, P0
2026/09/30 07:44:14.813, Tesla T4, 6499 MiB, 8414 MiB, 15360 MiB, 39 %, 31 %, 1200 MHz, 5000 MHz, 52.46 W, 76, P0
2026/09/30 07:44:15.324, Tesla T4, 6499 MiB, 8414 MiB, 15360 MiB, 66 %, 27 %, 1575 MHz, 5000 MHz, 56.26 W, 77, P0
2026/09/30 07:44:15.832, Tesla T4, 6499 MiB, 8414 MiB, 15360 MiB, 35 %, 30 %, 1590 MHz, 5000 MHz, 64.59 W, 78, P0
2026/09/30 07:44:16.342, Tesla T4, 6499 MiB, 8414 MiB, 15360 MiB, 25 %, 21 %, 1590 MHz, 5000 MHz, 55.58 W, 78, P0
2026/09/30 07:44:16.857, Tesla T4, 6499 MiB, 8414 MiB, 15360 MiB, 27 %, 23 %, 1590 MHz, 5000 MHz, 56.59 W, 78, P0
2026/09/30 07:44:17.371, Tesla T4, 6499 MiB, 8414 MiB, 15360 MiB, 31 %, 24 %, 1230 MHz, 5000 MHz, 47.87 W, 77, P0
2026/09/30 07:44:17.887, Tesla T4, 6499 MiB, 8414 MiB, 15360 MiB, 28 %, 22 %, 1140 MHz, 5000 MHz, 42.02 W, 76, P0
2026/09/30 07:44:18.403, Tesla T4, 6499 MiB, 8414 MiB, 15360 MiB, 32 %, 24 %, 1080 MHz, 5000 MHz, 43.33 W, 76, P0
2026/09/30 07:44:18.922, Tesla T4, 6499 MiB, 8414 MiB, 15360 MiB, 35 %, 25 %, 1005 MHz, 5000 MHz, 43.08 W, 76, P0
2026/09/30 07:44:19.433, Tesla T4, 6499 MiB, 8414 MiB, 15360 MiB, 42 %, 31 %, 1065 MHz, 5000 MHz, 49.21 W, 76, P0
2026/09/30 07:44:19.944, Tesla T4, 6499 MiB, 8414 MiB, 15360 MiB, 40 %, 30 %, 1125 MHz, 5000 MHz, 43.96 W, 77, P0
2026/09/30 07:44:20.453, Tesla T4, 6499 MiB, 8414 MiB, 15360 MiB, 40 %, 31 %, 1140 MHz, 5000 MHz, 52.20 W, 77, P0
2026/09/30 07:44:20.964, Tesla T4, 6499 MiB, 8414 MiB, 15360 MiB, 39 %, 30 %, 1155 MHz, 5000 MHz, 47.41 W, 77, P0
2026/09/30 07:44:21.474, Tesla T4, 6499 MiB, 8414 MiB, 15360 MiB, 39 %, 30 %, 1155 MHz, 5000 MHz, 47.21 W, 77, P0
2026/09/30 07:44:21.984, Tesla T4, 6499 MiB, 8414 MiB, 15360 MiB, 40 %, 31 %, 1155 MHz, 5000 MHz, 48.43 W, 77, P0
2026/09/30 07:44:22.493, Tesla T4, 6499 MiB, 8414 MiB, 15360 MiB, 40 %, 31 %, 1170 MHz, 5000 MHz, 49.77 W, 77, P0
2026/09/30 07:44:23.005, Tesla T4, 6499 MiB, 8414 MiB, 15360 MiB, 35 %, 27 %, 1155 MHz, 5000 MHz, 47.44 W, 77, P0
2026/09/30 07:44:23.515, Tesla T4, 6499 MiB, 8414 MiB, 15360 MiB, 40 %, 31 %, 1185 MHz, 5000 MHz, 53.22 W, 77, P0
2026/09/30 07:44:24.028, Tesla T4, 6499 MiB, 8414 MiB, 15360 MiB, 40 %, 31 %, 1185 MHz, 5000 MHz, 50.95 W, 77, P0
2026/09/30 07:44:24.538, Tesla T4, 6499 MiB, 8414 MiB, 15360 MiB, 40 %, 32 %, 1215 MHz, 5000 MHz, 51.67 W, 77, P0
2026/09/30 07:44:25.047, Tesla T4, 6499 MiB, 8414 MiB, 15360 MiB, 38 %, 30 %, 1215 MHz, 5000 MHz, 50.00 W, 77, P0
2026/09/30 07:44:25.558, Tesla T4, 6499 MiB, 8414 MiB, 15360 MiB, 39 %, 31 %, 1215 MHz, 5000 MHz, 50.13 W, 77, P0
2026/09/30 07:44:26.067, Tesla T4, 6499 MiB, 8414 MiB, 15360 MiB, 36 %, 28 %, 1215 MHz, 5000 MHz, 67.06 W, 78, P0
2026/09/30 07:44:26.576, Tesla T4, 6499 MiB, 8414 MiB, 15360 MiB, 41 %, 37 %, 1590 MHz, 5000 MHz, 67.49 W, 79, P0
2026/09/30 07:44:27.090, Tesla T4, 6499 MiB, 8414 MiB, 15360 MiB, 38 %, 34 %, 1590 MHz, 5000 MHz, 73.63 W, 79, P0
2026/09/30 07:44:27.598, Tesla T4, 6499 MiB, 8414 MiB, 15360 MiB, 43 %, 39 %, 1560 MHz, 5000 MHz, 67.61 W, 79, P0
2026/09/30 07:44:28.106, Tesla T4, 6499 MiB, 8414 MiB, 15360 MiB, 39 %, 35 %, 1560 MHz, 5000 MHz, 67.08 W, 80, P0
2026/09/30 07:44:28.621, Tesla T4, 6499 MiB, 8414 MiB, 15360 MiB, 42 %, 38 %, 1545 MHz, 5000 MHz, 67.83 W, 80, P0
2026/09/30 07:44:29.130, Tesla T4, 6499 MiB, 8414 MiB, 15360 MiB, 32 %, 29 %, 1590 MHz, 5000 MHz, 64.14 W, 80, P0
2026/09/30 07:44:29.644, Tesla T4, 6499 MiB, 8414 MiB, 15360 MiB, 34 %, 31 %, 1590 MHz, 5000 MHz, 61.12 W, 80, P0
2026/09/30 07:44:30.158, Tesla T4, 6499 MiB, 8414 MiB, 15360 MiB, 34 %, 31 %, 1575 MHz, 5000 MHz, 56.98 W, 80, P0
2026/09/30 07:44:30.678, Tesla T4, 6499 MiB, 8414 MiB, 15360 MiB, 30 %, 27 %, 1380 MHz, 5000 MHz, 54.95 W, 79, P0
2026/09/30 07:44:31.199, Tesla T4, 6499 MiB, 8414 MiB, 15360 MiB, 28 %, 24 %, 1290 MHz, 5000 MHz, 47.81 W, 79, P0
2026/09/30 07:44:31.714, Tesla T4, 6499 MiB, 8414 MiB, 15360 MiB, 35 %, 30 %, 1245 MHz, 5000 MHz, 55.18 W, 79, P0
2026/09/30 07:44:32.224, Tesla T4, 6499 MiB, 8414 MiB, 15360 MiB, 41 %, 37 %, 1560 MHz, 5000 MHz, 67.57 W, 80, P0
2026/09/30 07:44:32.733, Tesla T4, 6499 MiB, 8414 MiB, 15360 MiB, 44 %, 40 %, 1485 MHz, 5000 MHz, 69.61 W, 80, P0
2026/09/30 07:44:33.245, Tesla T4, 6499 MiB, 8414 MiB, 15360 MiB, 40 %, 36 %, 1560 MHz, 5000 MHz, 63.42 W, 81, P0
2026/09/30 07:44:33.759, Tesla T4, 6499 MiB, 8414 MiB, 15360 MiB, 43 %, 39 %, 1560 MHz, 5000 MHz, 69.91 W, 81, P0
2026/09/30 07:44:34.269, Tesla T4, 6499 MiB, 8414 MiB, 15360 MiB, 40 %, 36 %, 1545 MHz, 5000 MHz, 71.49 W, 81, P0
2026/09/30 07:44:34.778, Tesla T4, 6499 MiB, 8414 MiB, 15360 MiB, 42 %, 38 %, 1575 MHz, 5000 MHz, 60.77 W, 81, P0
2026/09/30 07:44:35.286, Tesla T4, 6499 MiB, 8414 MiB, 15360 MiB, 40 %, 36 %, 1545 MHz, 5000 MHz, 66.14 W, 81, P0
2026/09/30 07:44:35.800, Tesla T4, 6499 MiB, 8414 MiB, 15360 MiB, 42 %, 38 %, 1560 MHz, 5000 MHz, 63.81 W, 81, P0
2026/09/30 07:44:36.308, Tesla T4, 6499 MiB, 8414 MiB, 15360 MiB, 42 %, 39 %, 1545 MHz, 5000 MHz, 68.24 W, 81, P0
2026/09/30 07:44:36.816, Tesla T4, 6499 MiB, 8414 MiB, 15360 MiB, 43 %, 39 %, 1590 MHz, 5000 MHz, 68.89 W, 81, P0
2026/09/30 07:44:37.325, Tesla T4, 6499 MiB, 8414 MiB, 15360 MiB, 45 %, 41 %, 1590 MHz, 5000 MHz, 69.23 W, 81, P0
2026/09/30 07:44:37.840, Tesla T4, 6499 MiB, 8414 MiB, 15360 MiB, 64 %, 34 %, 1350 MHz, 5000 MHz, 52.69 W, 81, P0
2026/09/30 07:44:38.352, Tesla T4, 6499 MiB, 8414 MiB, 15360 MiB, 40 %, 36 %, 1545 MHz, 5000 MHz, 68.99 W, 81, P0
2026/09/30 07:44:38.860, Tesla T4, 6499 MiB, 8414 MiB, 15360 MiB, 41 %, 36 %, 1515 MHz, 5000 MHz, 65.00 W, 81, P0
2026/09/30 07:44:39.368, Tesla T4, 6499 MiB, 8414 MiB, 15360 MiB, 38 %, 34 %, 1575 MHz, 5000 MHz, 63.89 W, 81, P0
2026/09/30 07:44:39.883, Tesla T4, 6499 MiB, 8414 MiB, 15360 MiB, 41 %, 37 %, 1560 MHz, 5000 MHz, 68.77 W, 81, P0
2026/09/30 07:44:40.392, Tesla T4, 6499 MiB, 8414 MiB, 15360 MiB, 41 %, 37 %, 1575 MHz, 5000 MHz, 69.26 W, 81, P0
2026/09/30 07:44:40.901, Tesla T4, 6499 MiB, 8414 MiB, 15360 MiB, 38 %, 34 %, 1575 MHz, 5000 MHz, 65.26 W, 81, P0
2026/09/30 07:44:41.412, Tesla T4, 6499 MiB, 8414 MiB, 15360 MiB, 43 %, 39 %, 1575 MHz, 5000 MHz, 60.48 W, 81, P0
2026/09/30 07:44:41.927, Tesla T4, 6499 MiB, 8414 MiB, 15360 MiB, 31 %, 28 %, 1590 MHz, 5000 MHz, 63.06 W, 81, P0
2026/09/30 07:44:42.450, Tesla T4, 6499 MiB, 8414 MiB, 15360 MiB, 31 %, 28 %, 1590 MHz, 5000 MHz, 58.93 W, 81, P0
2026/09/30 07:44:42.976, Tesla T4, 6499 MiB, 8414 MiB, 15360 MiB, 34 %, 31 %, 1590 MHz, 5000 MHz, 60.93 W, 81, P0
2026/09/30 07:44:43.513, Tesla T4, 6499 MiB, 8414 MiB, 15360 MiB, 30 %, 27 %, 1335 MHz, 5000 MHz, 50.79 W, 79, P0
2026/09/30 07:44:44.029, Tesla T4, 6499 MiB, 8414 MiB, 15360 MiB, 33 %, 28 %, 1275 MHz, 5000 MHz, 50.20 W, 79, P0
2026/09/30 07:44:44.561, Tesla T4, 6499 MiB, 8414 MiB, 15360 MiB, 42 %, 35 %, 1275 MHz, 5000 MHz, 53.25 W, 79, P0
2026/09/30 07:44:45.088, Tesla T4, 6499 MiB, 8414 MiB, 15360 MiB, 43 %, 38 %, 1530 MHz, 5000 MHz, 65.77 W, 79, P0
2026/09/30 07:44:45.599, Tesla T4, 6499 MiB, 8414 MiB, 15360 MiB, 42 %, 38 %, 1560 MHz, 5000 MHz, 64.77 W, 80, P0
2026/09/30 07:44:46.124, Tesla T4, 6499 MiB, 8414 MiB, 15360 MiB, 41 %, 37 %, 1530 MHz, 5000 MHz, 65.83 W, 80, P0
2026/09/30 07:44:46.636, Tesla T4, 6499 MiB, 8414 MiB, 15360 MiB, 44 %, 40 %, 1575 MHz, 5000 MHz, 68.72 W, 80, P0
2026/09/30 07:44:47.144, Tesla T4, 6499 MiB, 8414 MiB, 15360 MiB, 42 %, 38 %, 1560 MHz, 5000 MHz, 72.56 W, 80, P0
2026/09/30 07:44:47.656, Tesla T4, 6499 MiB, 8414 MiB, 15360 MiB, 44 %, 40 %, 1485 MHz, 5000 MHz, 65.24 W, 79, P0
2026/09/30 07:44:48.173, Tesla T4, 6499 MiB, 8414 MiB, 15360 MiB, 43 %, 39 %, 1560 MHz, 5000 MHz, 68.63 W, 80, P0
2026/09/30 07:44:48.681, Tesla T4, 6499 MiB, 8414 MiB, 15360 MiB, 45 %, 41 %, 1575 MHz, 5000 MHz, 65.67 W, 80, P0
2026/09/30 07:44:49.192, Tesla T4, 6499 MiB, 8414 MiB, 15360 MiB, 43 %, 40 %, 1575 MHz, 5000 MHz, 69.47 W, 80, P0
2026/09/30 07:44:49.704, Tesla T4, 6499 MiB, 8414 MiB, 15360 MiB, 69 %, 34 %, 1530 MHz, 5000 MHz, 60.18 W, 79, P0
2026/09/30 07:44:50.213, Tesla T4, 6499 MiB, 8414 MiB, 15360 MiB, 42 %, 38 %, 1560 MHz, 5000 MHz, 64.71 W, 79, P0
2026/09/30 07:44:50.729, Tesla T4, 6499 MiB, 8414 MiB, 15360 MiB, 43 %, 39 %, 1575 MHz, 5000 MHz, 68.50 W, 79, P0
2026/09/30 07:44:51.238, Tesla T4, 6499 MiB, 8414 MiB, 15360 MiB, 42 %, 38 %, 1575 MHz, 5000 MHz, 71.61 W, 79, P0
2026/09/30 07:44:51.747, Tesla T4, 6499 MiB, 8414 MiB, 15360 MiB, 42 %, 38 %, 1560 MHz, 5000 MHz, 64.81 W, 79, P0
2026/09/30 07:44:52.262, Tesla T4, 6499 MiB, 8414 MiB, 15360 MiB, 42 %, 38 %, 1575 MHz, 5000 MHz, 67.43 W, 79, P0
2026/09/30 07:44:52.770, Tesla T4, 6499 MiB, 8414 MiB, 15360 MiB, 42 %, 38 %, 1575 MHz, 5000 MHz, 66.59 W, 78, P0
2026/09/30 07:44:53.279, Tesla T4, 6499 MiB, 8414 MiB, 15360 MiB, 43 %, 38 %, 1575 MHz, 5000 MHz, 66.02 W, 78, P0
2026/09/30 07:44:53.790, Tesla T4, 6499 MiB, 8414 MiB, 15360 MiB, 43 %, 39 %, 1560 MHz, 5000 MHz, 66.46 W, 78, P0
2026/09/30 07:44:54.302, Tesla T4, 6499 MiB, 8414 MiB, 15360 MiB, 41 %, 37 %, 1575 MHz, 5000 MHz, 64.16 W, 78, P0
2026/09/30 07:44:54.827, Tesla T4, 6499 MiB, 8414 MiB, 15360 MiB, 33 %, 30 %, 1590 MHz, 5000 MHz, 59.55 W, 78, P0
2026/09/30 07:44:55.343, Tesla T4, 6499 MiB, 8414 MiB, 15360 MiB, 30 %, 27 %, 1590 MHz, 5000 MHz, 62.04 W, 78, P0
2026/09/30 07:44:55.857, Tesla T4, 6499 MiB, 8414 MiB, 15360 MiB, 32 %, 29 %, 1590 MHz, 5000 MHz, 63.73 W, 77, P0
2026/09/30 07:44:56.369, Tesla T4, 6499 MiB, 8414 MiB, 15360 MiB, 29 %, 25 %, 1260 MHz, 5000 MHz, 49.35 W, 76, P0
2026/09/30 07:44:56.899, Tesla T4, 6499 MiB, 8414 MiB, 15360 MiB, 32 %, 27 %, 1230 MHz, 5000 MHz, 44.85 W, 75, P0
2026/09/30 07:44:57.416, Tesla T4, 6499 MiB, 8414 MiB, 15360 MiB, 44 %, 36 %, 1260 MHz, 5000 MHz, 51.09 W, 75, P0
2026/09/30 07:44:57.925, Tesla T4, 6499 MiB, 8414 MiB, 15360 MiB, 42 %, 37 %, 1425 MHz, 5000 MHz, 59.49 W, 76, P0
2026/09/30 07:44:58.439, Tesla T4, 6499 MiB, 8414 MiB, 15360 MiB, 42 %, 38 %, 1560 MHz, 5000 MHz, 66.39 W, 76, P0
2026/09/30 07:44:58.948, Tesla T4, 6499 MiB, 8414 MiB, 15360 MiB, 42 %, 38 %, 1590 MHz, 5000 MHz, 64.47 W, 76, P0
2026/09/30 07:44:59.457, Tesla T4, 6499 MiB, 8414 MiB, 15360 MiB, 40 %, 36 %, 1560 MHz, 5000 MHz, 66.60 W, 76, P0
2026/09/30 07:44:59.971, Tesla T4, 6499 MiB, 8414 MiB, 15360 MiB, 31 %, 28 %, 1590 MHz, 5000 MHz, 63.73 W, 76, P0
2026/09/30 07:45:00.483, Tesla T4, 6499 MiB, 8414 MiB, 15360 MiB, 34 %, 31 %, 1575 MHz, 5000 MHz, 65.55 W, 76, P0
2026/09/30 07:45:00.994, Tesla T4, 6499 MiB, 8414 MiB, 15360 MiB, 43 %, 39 %, 1590 MHz, 5000 MHz, 65.49 W, 76, P0
2026/09/30 07:45:01.503, Tesla T4, 6499 MiB, 8414 MiB, 15360 MiB, 41 %, 38 %, 1335 MHz, 5000 MHz, 79.15 W, 76, P0
2026/09/30 07:45:02.012, Tesla T4, 6499 MiB, 8414 MiB, 15360 MiB, 41 %, 37 %, 1590 MHz, 5000 MHz, 66.33 W, 76, P0
2026/09/30 07:45:02.520, Tesla T4, 6499 MiB, 8414 MiB, 15360 MiB, 37 %, 33 %, 1590 MHz, 5000 MHz, 65.81 W, 76, P0
2026/09/30 07:45:03.030, Tesla T4, 6499 MiB, 8414 MiB, 15360 MiB, 38 %, 34 %, 1590 MHz, 5000 MHz, 68.74 W, 76, P0
2026/09/30 07:45:03.538, Tesla T4, 6499 MiB, 8414 MiB, 15360 MiB, 35 %, 32 %, 1590 MHz, 5000 MHz, 59.29 W, 75, P0
2026/09/30 07:45:04.046, Tesla T4, 6499 MiB, 8414 MiB, 15360 MiB, 40 %, 36 %, 1575 MHz, 5000 MHz, 58.12 W, 75, P0
2026/09/30 07:45:04.559, Tesla T4, 6499 MiB, 8414 MiB, 15360 MiB, 36 %, 32 %, 1590 MHz, 5000 MHz, 64.26 W, 75, P0
2026/09/30 07:45:05.068, Tesla T4, 6499 MiB, 8414 MiB, 15360 MiB, 38 %, 34 %, 1590 MHz, 5000 MHz, 64.42 W, 75, P0
2026/09/30 07:45:05.578, Tesla T4, 6499 MiB, 8414 MiB, 15360 MiB, 39 %, 35 %, 1590 MHz, 5000 MHz, 64.46 W, 75, P0
2026/09/30 07:45:06.087, Tesla T4, 6499 MiB, 8414 MiB, 15360 MiB, 37 %, 34 %, 1560 MHz, 5000 MHz, 65.63 W, 75, P0
2026/09/30 07:45:06.596, Tesla T4, 6499 MiB, 8414 MiB, 15360 MiB, 41 %, 37 %, 1560 MHz, 5000 MHz, 65.24 W, 75, P0
2026/09/30 07:45:07.111, Tesla T4, 6499 MiB, 8414 MiB, 15360 MiB, 40 %, 37 %, 1590 MHz, 5000 MHz, 65.93 W, 75, P0
2026/09/30 07:45:07.619, Tesla T4, 6499 MiB, 8414 MiB, 15360 MiB, 29 %, 27 %, 1590 MHz, 5000 MHz, 59.21 W, 75, P0
2026/09/30 07:45:08.140, Tesla T4, 6499 MiB, 8414 MiB, 15360 MiB, 34 %, 31 %, 1590 MHz, 5000 MHz, 60.65 W, 75, P0
2026/09/30 07:45:08.654, Tesla T4, 6499 MiB, 8414 MiB, 15360 MiB, 32 %, 29 %, 1590 MHz, 5000 MHz, 62.38 W, 74, P0
2026/09/30 07:45:09.166, Tesla T4, 6499 MiB, 8414 MiB, 15360 MiB, 31 %, 28 %, 1365 MHz, 5000 MHz, 50.47 W, 74, P0
2026/09/30 07:45:09.681, Tesla T4, 6499 MiB, 8414 MiB, 15360 MiB, 30 %, 26 %, 1305 MHz, 5000 MHz, 46.26 W, 73, P0
2026/09/30 07:45:10.201, Tesla T4, 6499 MiB, 8414 MiB, 15360 MiB, 45 %, 39 %, 1440 MHz, 5000 MHz, 55.71 W, 73, P0
2026/09/30 07:45:10.720, Tesla T4, 6499 MiB, 8414 MiB, 15360 MiB, 43 %, 38 %, 1590 MHz, 5000 MHz, 67.98 W, 74, P0
2026/09/30 07:45:11.241, Tesla T4, 6499 MiB, 8414 MiB, 15360 MiB, 44 %, 40 %, 1590 MHz, 5000 MHz, 66.51 W, 74, P0
2026/09/30 07:45:11.749, Tesla T4, 6499 MiB, 8414 MiB, 15360 MiB, 44 %, 40 %, 1575 MHz, 5000 MHz, 61.81 W, 74, P0
2026/09/30 07:45:12.268, Tesla T4, 6499 MiB, 8414 MiB, 15360 MiB, 43 %, 39 %, 1590 MHz, 5000 MHz, 63.40 W, 74, P0
2026/09/30 07:45:12.778, Tesla T4, 6499 MiB, 8414 MiB, 15360 MiB, 41 %, 37 %, 1590 MHz, 5000 MHz, 66.49 W, 74, P0
2026/09/30 07:45:13.287, Tesla T4, 6499 MiB, 8414 MiB, 15360 MiB, 43 %, 39 %, 1575 MHz, 5000 MHz, 63.53 W, 74, P0
2026/09/30 07:45:13.795, Tesla T4, 6499 MiB, 8414 MiB, 15360 MiB, 66 %, 32 %, 1575 MHz, 5000 MHz, 66.67 W, 74, P0
2026/09/30 07:45:14.303, Tesla T4, 6499 MiB, 8414 MiB, 15360 MiB, 42 %, 38 %, 1575 MHz, 5000 MHz, 62.30 W, 74, P0
2026/09/30 07:45:14.814, Tesla T4, 6499 MiB, 8414 MiB, 15360 MiB, 43 %, 38 %, 1575 MHz, 5000 MHz, 61.89 W, 74, P0
2026/09/30 07:45:15.322, Tesla T4, 6499 MiB, 8414 MiB, 15360 MiB, 38 %, 35 %, 1590 MHz, 5000 MHz, 58.83 W, 74, P0
2026/09/30 07:45:15.832, Tesla T4, 6499 MiB, 8414 MiB, 15360 MiB, 43 %, 39 %, 1590 MHz, 5000 MHz, 72.45 W, 74, P0
2026/09/30 07:45:16.341, Tesla T4, 6499 MiB, 8414 MiB, 15360 MiB, 38 %, 34 %, 1590 MHz, 5000 MHz, 62.55 W, 74, P0
2026/09/30 07:45:16.849, Tesla T4, 6499 MiB, 8414 MiB, 15360 MiB, 39 %, 36 %, 1590 MHz, 5000 MHz, 67.03 W, 74, P0
2026/09/30 07:45:17.359, Tesla T4, 6499 MiB, 8414 MiB, 15360 MiB, 40 %, 36 %, 1590 MHz, 5000 MHz, 65.16 W, 74, P0
2026/09/30 07:45:17.867, Tesla T4, 6499 MiB, 8414 MiB, 15360 MiB, 30 %, 27 %, 1590 MHz, 5000 MHz, 64.44 W, 74, P0
2026/09/30 07:45:18.376, Tesla T4, 6499 MiB, 8414 MiB, 15360 MiB, 37 %, 33 %, 1590 MHz, 5000 MHz, 65.44 W, 74, P0
2026/09/30 07:45:18.894, Tesla T4, 6499 MiB, 8414 MiB, 15360 MiB, 41 %, 37 %, 1590 MHz, 5000 MHz, 58.41 W, 74, P0
2026/09/30 07:45:19.403, Tesla T4, 6499 MiB, 8414 MiB, 15360 MiB, 37 %, 33 %, 1590 MHz, 5000 MHz, 68.82 W, 75, P0
2026/09/30 07:45:19.914, Tesla T4, 6499 MiB, 8414 MiB, 15360 MiB, 41 %, 37 %, 1590 MHz, 5000 MHz, 52.96 W, 74, P0
2026/09/30 07:45:20.437, Tesla T4, 6499 MiB, 8414 MiB, 15360 MiB, 29 %, 27 %, 1590 MHz, 5000 MHz, 60.65 W, 74, P0
2026/09/30 07:45:20.952, Tesla T4, 6499 MiB, 8414 MiB, 15360 MiB, 33 %, 31 %, 1590 MHz, 5000 MHz, 62.99 W, 74, P0
2026/09/30 07:45:21.467, Tesla T4, 6499 MiB, 8414 MiB, 15360 MiB, 33 %, 31 %, 1590 MHz, 5000 MHz, 59.43 W, 74, P0
2026/09/30 07:45:21.979, Tesla T4, 6499 MiB, 8414 MiB, 15360 MiB, 30 %, 26 %, 1335 MHz, 5000 MHz, 49.90 W, 74, P0
2026/09/30 07:45:22.509, Tesla T4, 6499 MiB, 8414 MiB, 15360 MiB, 29 %, 25 %, 1260 MHz, 5000 MHz, 44.48 W, 73, P0
2026/09/30 07:45:23.028, Tesla T4, 6499 MiB, 8414 MiB, 15360 MiB, 45 %, 39 %, 1410 MHz, 5000 MHz, 55.25 W, 74, P0
2026/09/30 07:45:23.541, Tesla T4, 6499 MiB, 8414 MiB, 15360 MiB, 41 %, 37 %, 1575 MHz, 5000 MHz, 66.77 W, 75, P0
2026/09/30 07:45:24.052, Tesla T4, 6499 MiB, 8414 MiB, 15360 MiB, 44 %, 41 %, 1590 MHz, 5000 MHz, 67.75 W, 75, P0
2026/09/30 07:45:24.561, Tesla T4, 6499 MiB, 8414 MiB, 15360 MiB, 40 %, 37 %, 1590 MHz, 5000 MHz, 67.54 W, 75, P0
2026/09/30 07:45:25.070, Tesla T4, 6499 MiB, 8414 MiB, 15360 MiB, 41 %, 37 %, 1590 MHz, 5000 MHz, 65.24 W, 75, P0
2026/09/30 07:45:25.582, Tesla T4, 6499 MiB, 8414 MiB, 15360 MiB, 41 %, 38 %, 1590 MHz, 5000 MHz, 67.70 W, 75, P0
2026/09/30 07:45:26.090, Tesla T4, 6499 MiB, 8414 MiB, 15360 MiB, 40 %, 36 %, 1590 MHz, 5000 MHz, 71.86 W, 75, P0
2026/09/30 07:45:26.598, Tesla T4, 6499 MiB, 8414 MiB, 15360 MiB, 38 %, 35 %, 1590 MHz, 5000 MHz, 67.69 W, 75, P0
2026/09/30 07:45:27.113, Tesla T4, 6499 MiB, 8414 MiB, 15360 MiB, 41 %, 37 %, 1575 MHz, 5000 MHz, 66.53 W, 75, P0
2026/09/30 07:45:27.622, Tesla T4, 6499 MiB, 8414 MiB, 15360 MiB, 39 %, 35 %, 1590 MHz, 5000 MHz, 66.71 W, 75, P0
2026/09/30 07:45:28.132, Tesla T4, 6499 MiB, 8414 MiB, 15360 MiB, 43 %, 39 %, 1590 MHz, 5000 MHz, 66.38 W, 76, P0
2026/09/30 07:45:28.640, Tesla T4, 6499 MiB, 8414 MiB, 15360 MiB, 40 %, 36 %, 1590 MHz, 5000 MHz, 67.26 W, 76, P0
2026/09/30 07:45:29.149, Tesla T4, 6499 MiB, 8414 MiB, 15360 MiB, 40 %, 36 %, 1575 MHz, 5000 MHz, 67.49 W, 76, P0
2026/09/30 07:45:29.662, Tesla T4, 6499 MiB, 8414 MiB, 15360 MiB, 42 %, 38 %, 1590 MHz, 5000 MHz, 65.28 W, 76, P0
2026/09/30 07:45:30.170, Tesla T4, 6499 MiB, 8414 MiB, 15360 MiB, 40 %, 37 %, 1515 MHz, 5000 MHz, 65.36 W, 76, P0
2026/09/30 07:45:30.679, Tesla T4, 6499 MiB, 8414 MiB, 15360 MiB, 41 %, 37 %, 1575 MHz, 5000 MHz, 68.67 W, 76, P0
2026/09/30 07:45:31.192, Tesla T4, 6499 MiB, 8414 MiB, 15360 MiB, 39 %, 36 %, 1590 MHz, 5000 MHz, 63.26 W, 76, P0
2026/09/30 07:45:31.701, Tesla T4, 6499 MiB, 8414 MiB, 15360 MiB, 39 %, 35 %, 1575 MHz, 5000 MHz, 63.91 W, 76, P0
2026/09/30 07:45:32.209, Tesla T4, 6499 MiB, 8414 MiB, 15360 MiB, 41 %, 37 %, 1590 MHz, 5000 MHz, 69.51 W, 77, P0
2026/09/30 07:45:32.719, Tesla T4, 6499 MiB, 8414 MiB, 15360 MiB, 33 %, 30 %, 1590 MHz, 5000 MHz, 60.67 W, 76, P0
2026/09/30 07:45:33.234, Tesla T4, 6499 MiB, 8414 MiB, 15360 MiB, 30 %, 28 %, 1590 MHz, 5000 MHz, 66.26 W, 76, P0
2026/09/30 07:45:33.747, Tesla T4, 6499 MiB, 8414 MiB, 15360 MiB, 31 %, 29 %, 1575 MHz, 5000 MHz, 60.26 W, 76, P0
2026/09/30 07:45:34.262, Tesla T4, 6499 MiB, 8414 MiB, 15360 MiB, 34 %, 31 %, 1590 MHz, 5000 MHz, 55.05 W, 76, P0
2026/09/30 07:45:34.771, Tesla T4, 6499 MiB, 8414 MiB, 15360 MiB, 32 %, 28 %, 1305 MHz, 5000 MHz, 53.19 W, 76, P0
2026/09/30 07:45:35.292, Tesla T4, 6499 MiB, 8414 MiB, 15360 MiB, 31 %, 27 %, 1275 MHz, 5000 MHz, 48.07 W, 75, P0
2026/09/30 07:45:35.810, Tesla T4, 6499 MiB, 8414 MiB, 15360 MiB, 46 %, 40 %, 1440 MHz, 5000 MHz, 52.24 W, 76, P0
2026/09/30 07:45:36.319, Tesla T4, 6499 MiB, 8414 MiB, 15360 MiB, 43 %, 39 %, 1590 MHz, 5000 MHz, 65.14 W, 77, P0
2026/09/30 07:45:36.827, Tesla T4, 6499 MiB, 8414 MiB, 15360 MiB, 44 %, 40 %, 1575 MHz, 5000 MHz, 64.10 W, 77, P0
2026/09/30 07:45:37.335, Tesla T4, 6499 MiB, 8414 MiB, 15360 MiB, 43 %, 40 %, 1560 MHz, 5000 MHz, 68.08 W, 77, P0
2026/09/30 07:45:37.849, Tesla T4, 6499 MiB, 8414 MiB, 15360 MiB, 42 %, 38 %, 1590 MHz, 5000 MHz, 65.87 W, 77, P0
2026/09/30 07:45:38.363, Tesla T4, 6499 MiB, 8414 MiB, 15360 MiB, 41 %, 37 %, 1590 MHz, 5000 MHz, 68.08 W, 78, P0
2026/09/30 07:45:38.877, Tesla T4, 6499 MiB, 8414 MiB, 15360 MiB, 42 %, 38 %, 1575 MHz, 5000 MHz, 59.14 W, 78, P0
2026/09/30 07:45:39.405, Tesla T4, 6499 MiB, 8414 MiB, 15360 MiB, 42 %, 38 %, 1575 MHz, 5000 MHz, 63.77 W, 78, P0
2026/09/30 07:45:39.913, Tesla T4, 6499 MiB, 8414 MiB, 15360 MiB, 41 %, 37 %, 1590 MHz, 5000 MHz, 60.97 W, 78, P0
2026/09/30 07:45:40.428, Tesla T4, 6499 MiB, 8414 MiB, 15360 MiB, 41 %, 37 %, 1590 MHz, 5000 MHz, 68.18 W, 78, P0
2026/09/30 07:45:40.937, Tesla T4, 6499 MiB, 8414 MiB, 15360 MiB, 42 %, 38 %, 1590 MHz, 5000 MHz, 62.14 W, 78, P0
2026/09/30 07:45:41.447, Tesla T4, 6499 MiB, 8414 MiB, 15360 MiB, 42 %, 38 %, 1575 MHz, 5000 MHz, 68.49 W, 79, P0
2026/09/30 07:45:41.960, Tesla T4, 6499 MiB, 8414 MiB, 15360 MiB, 41 %, 37 %, 1590 MHz, 5000 MHz, 63.77 W, 79, P0
2026/09/30 07:45:42.469, Tesla T4, 6499 MiB, 8414 MiB, 15360 MiB, 42 %, 38 %, 1590 MHz, 5000 MHz, 67.44 W, 79, P0
2026/09/30 07:45:42.979, Tesla T4, 6499 MiB, 8414 MiB, 15360 MiB, 39 %, 36 %, 1560 MHz, 5000 MHz, 68.86 W, 79, P0
2026/09/30 07:45:43.487, Tesla T4, 6499 MiB, 8414 MiB, 15360 MiB, 42 %, 38 %, 1575 MHz, 5000 MHz, 67.63 W, 79, P0
2026/09/30 07:45:43.995, Tesla T4, 6499 MiB, 8414 MiB, 15360 MiB, 41 %, 37 %, 1575 MHz, 5000 MHz, 63.53 W, 79, P0
2026/09/30 07:45:44.504, Tesla T4, 6499 MiB, 8414 MiB, 15360 MiB, 41 %, 37 %, 1575 MHz, 5000 MHz, 67.61 W, 80, P0
2026/09/30 07:45:45.015, Tesla T4, 6499 MiB, 8414 MiB, 15360 MiB, 42 %, 38 %, 1590 MHz, 5000 MHz, 64.44 W, 80, P0
2026/09/30 07:45:45.529, Tesla T4, 6499 MiB, 8414 MiB, 15360 MiB, 43 %, 39 %, 1590 MHz, 5000 MHz, 56.46 W, 80, P0
2026/09/30 07:45:46.046, Tesla T4, 6499 MiB, 8414 MiB, 15360 MiB, 32 %, 29 %, 1590 MHz, 5000 MHz, 65.75 W, 80, P0
2026/09/30 07:45:46.560, Tesla T4, 6499 MiB, 8414 MiB, 15360 MiB, 33 %, 30 %, 1590 MHz, 5000 MHz, 62.70 W, 80, P0
2026/09/30 07:45:47.082, Tesla T4, 6499 MiB, 8414 MiB, 15360 MiB, 31 %, 28 %, 1590 MHz, 5000 MHz, 64.91 W, 80, P0
2026/09/30 07:45:47.593, Tesla T4, 6499 MiB, 8414 MiB, 15360 MiB, 35 %, 31 %, 1335 MHz, 5000 MHz, 54.72 W, 79, P0
2026/09/30 07:45:48.123, Tesla T4, 6499 MiB, 8414 MiB, 15360 MiB, 28 %, 24 %, 1275 MHz, 5000 MHz, 46.27 W, 78, P0
2026/09/30 07:45:48.637, Tesla T4, 6499 MiB, 8414 MiB, 15360 MiB, 45 %, 39 %, 1455 MHz, 5000 MHz, 56.46 W, 79, P0
2026/09/30 07:45:49.146, Tesla T4, 6499 MiB, 8414 MiB, 15360 MiB, 41 %, 38 %, 1575 MHz, 5000 MHz, 66.71 W, 80, P0
2026/09/30 07:45:49.654, Tesla T4, 6499 MiB, 8414 MiB, 15360 MiB, 39 %, 35 %, 1590 MHz, 5000 MHz, 68.71 W, 80, P0
2026/09/30 07:45:50.165, Tesla T4, 6499 MiB, 8414 MiB, 15360 MiB, 40 %, 36 %, 1575 MHz, 5000 MHz, 62.81 W, 80, P0
2026/09/30 07:45:50.679, Tesla T4, 6499 MiB, 8414 MiB, 15360 MiB, 41 %, 37 %, 1560 MHz, 5000 MHz, 67.98 W, 80, P0
2026/09/30 07:45:51.187, Tesla T4, 6499 MiB, 8414 MiB, 15360 MiB, 41 %, 37 %, 1575 MHz, 5000 MHz, 69.13 W, 80, P0
2026/09/30 07:45:51.704, Tesla T4, 6499 MiB, 8414 MiB, 15360 MiB, 42 %, 38 %, 1575 MHz, 5000 MHz, 66.61 W, 80, P0
2026/09/30 07:45:52.212, Tesla T4, 6499 MiB, 8414 MiB, 15360 MiB, 40 %, 36 %, 1545 MHz, 5000 MHz, 64.28 W, 80, P0
2026/09/30 07:45:52.806, Tesla T4, 6499 MiB, 8414 MiB, 15360 MiB, 36 %, 32 %, 1560 MHz, 5000 MHz, 66.67 W, 80, P0
2026/09/30 07:45:53.321, Tesla T4, 6499 MiB, 8414 MiB, 15360 MiB, 42 %, 38 %, 1485 MHz, 5000 MHz, 62.93 W, 80, P0
2026/09/30 07:45:53.832, Tesla T4, 6499 MiB, 8414 MiB, 15360 MiB, 41 %, 37 %, 1545 MHz, 5000 MHz, 70.11 W, 80, P0
2026/09/30 07:45:54.343, Tesla T4, 6499 MiB, 8414 MiB, 15360 MiB, 42 %, 38 %, 1575 MHz, 5000 MHz, 63.26 W, 80, P0
2026/09/30 07:45:54.854, Tesla T4, 6499 MiB, 8414 MiB, 15360 MiB, 43 %, 39 %, 1575 MHz, 5000 MHz, 65.79 W, 80, P0
2026/09/30 07:45:55.363, Tesla T4, 6499 MiB, 8414 MiB, 15360 MiB, 42 %, 38 %, 1560 MHz, 5000 MHz, 68.00 W, 80, P0
2026/09/30 07:45:55.872, Tesla T4, 6499 MiB, 8414 MiB, 15360 MiB, 43 %, 39 %, 1560 MHz, 5000 MHz, 69.21 W, 80, P0
2026/09/30 07:45:56.380, Tesla T4, 6499 MiB, 8414 MiB, 15360 MiB, 42 %, 38 %, 1560 MHz, 5000 MHz, 68.25 W, 80, P0
2026/09/30 07:45:56.895, Tesla T4, 6499 MiB, 8414 MiB, 15360 MiB, 43 %, 39 %, 1590 MHz, 5000 MHz, 65.49 W, 80, P0
2026/09/30 07:45:57.403, Tesla T4, 6499 MiB, 8414 MiB, 15360 MiB, 43 %, 39 %, 1575 MHz, 5000 MHz, 67.75 W, 80, P0
2026/09/30 07:45:57.912, Tesla T4, 6499 MiB, 8414 MiB, 15360 MiB, 42 %, 39 %, 1560 MHz, 5000 MHz, 71.28 W, 80, P0
2026/09/30 07:45:58.422, Tesla T4, 6499 MiB, 8414 MiB, 15360 MiB, 35 %, 32 %, 1575 MHz, 5000 MHz, 59.17 W, 79, P0
2026/09/30 07:45:58.936, Tesla T4, 6499 MiB, 8414 MiB, 15360 MiB, 35 %, 32 %, 1575 MHz, 5000 MHz, 59.83 W, 79, P0
2026/09/30 07:45:59.451, Tesla T4, 6499 MiB, 8414 MiB, 15360 MiB, 34 %, 31 %, 1575 MHz, 5000 MHz, 68.05 W, 79, P0
2026/09/30 07:45:59.966, Tesla T4, 6499 MiB, 8414 MiB, 15360 MiB, 29 %, 26 %, 1395 MHz, 5000 MHz, 53.84 W, 79, P0
2026/09/30 07:46:00.480, Tesla T4, 6499 MiB, 8414 MiB, 15360 MiB, 32 %, 28 %, 1335 MHz, 5000 MHz, 53.05 W, 78, P0
2026/09/30 07:46:01.003, Tesla T4, 6499 MiB, 8414 MiB, 15360 MiB, 28 %, 24 %, 1260 MHz, 5000 MHz, 49.87 W, 77, P0
2026/09/30 07:46:01.513, Tesla T4, 6499 MiB, 8414 MiB, 15360 MiB, 42 %, 38 %, 1590 MHz, 5000 MHz, 67.70 W, 78, P0
2026/09/30 07:46:02.023, Tesla T4, 6499 MiB, 8414 MiB, 15360 MiB, 39 %, 35 %, 1590 MHz, 5000 MHz, 64.28 W, 78, P0
2026/09/30 07:46:02.538, Tesla T4, 6499 MiB, 8414 MiB, 15360 MiB, 43 %, 39 %, 1590 MHz, 5000 MHz, 67.44 W, 79, P0
2026/09/30 07:46:03.046, Tesla T4, 6499 MiB, 8414 MiB, 15360 MiB, 40 %, 36 %, 1530 MHz, 5000 MHz, 66.22 W, 78, P0
2026/09/30 07:46:03.561, Tesla T4, 6499 MiB, 8414 MiB, 15360 MiB, 42 %, 38 %, 1590 MHz, 5000 MHz, 66.04 W, 78, P0
2026/09/30 07:46:04.069, Tesla T4, 6499 MiB, 8414 MiB, 15360 MiB, 39 %, 35 %, 1575 MHz, 5000 MHz, 66.42 W, 78, P0
2026/09/30 07:46:04.579, Tesla T4, 6499 MiB, 8414 MiB, 15360 MiB, 36 %, 33 %, 1560 MHz, 5000 MHz, 66.12 W, 78, P0
2026/09/30 07:46:05.092, Tesla T4, 6499 MiB, 8414 MiB, 15360 MiB, 40 %, 36 %, 1575 MHz, 5000 MHz, 70.79 W, 79, P0
2026/09/30 07:46:05.601, Tesla T4, 6499 MiB, 8414 MiB, 15360 MiB, 43 %, 39 %, 1575 MHz, 5000 MHz, 66.38 W, 78, P0
2026/09/30 07:46:06.110, Tesla T4, 6499 MiB, 8414 MiB, 15360 MiB, 42 %, 38 %, 1590 MHz, 5000 MHz, 70.33 W, 78, P0
2026/09/30 07:46:06.621, Tesla T4, 6499 MiB, 8414 MiB, 15360 MiB, 44 %, 40 %, 1575 MHz, 5000 MHz, 68.92 W, 78, P0
2026/09/30 07:46:07.131, Tesla T4, 6499 MiB, 8414 MiB, 15360 MiB, 42 %, 38 %, 1560 MHz, 5000 MHz, 65.49 W, 78, P0
2026/09/30 07:46:07.639, Tesla T4, 6499 MiB, 8414 MiB, 15360 MiB, 42 %, 38 %, 1575 MHz, 5000 MHz, 68.33 W, 78, P0
2026/09/30 07:46:08.151, Tesla T4, 6499 MiB, 8414 MiB, 15360 MiB, 39 %, 36 %, 1560 MHz, 5000 MHz, 65.49 W, 78, P0
2026/09/30 07:46:08.662, Tesla T4, 6499 MiB, 8414 MiB, 15360 MiB, 43 %, 39 %, 1575 MHz, 5000 MHz, 66.81 W, 78, P0
2026/09/30 07:46:09.170, Tesla T4, 6499 MiB, 8414 MiB, 15360 MiB, 40 %, 37 %, 1575 MHz, 5000 MHz, 67.94 W, 78, P0
2026/09/30 07:46:09.682, Tesla T4, 6499 MiB, 8414 MiB, 15360 MiB, 43 %, 39 %, 1545 MHz, 5000 MHz, 67.49 W, 78, P0
2026/09/30 07:46:10.195, Tesla T4, 6499 MiB, 8414 MiB, 15360 MiB, 39 %, 36 %, 1575 MHz, 5000 MHz, 62.61 W, 78, P0
2026/09/30 07:46:10.704, Tesla T4, 6499 MiB, 8414 MiB, 15360 MiB, 43 %, 39 %, 1560 MHz, 5000 MHz, 66.65 W, 78, P0
2026/09/30 07:46:11.214, Tesla T4, 6499 MiB, 8414 MiB, 15360 MiB, 27 %, 24 %, 1590 MHz, 5000 MHz, 61.03 W, 77, P0
2026/09/30 07:46:11.728, Tesla T4, 6499 MiB, 8414 MiB, 15360 MiB, 32 %, 29 %, 1590 MHz, 5000 MHz, 63.03 W, 77, P0
2026/09/30 07:46:12.243, Tesla T4, 6499 MiB, 8414 MiB, 15360 MiB, 30 %, 27 %, 1590 MHz, 5000 MHz, 58.22 W, 77, P0
2026/09/30 07:46:12.757, Tesla T4, 6499 MiB, 8414 MiB, 15360 MiB, 33 %, 31 %, 1380 MHz, 5000 MHz, 53.64 W, 76, P0
2026/09/30 07:46:13.285, Tesla T4, 6499 MiB, 8414 MiB, 15360 MiB, 31 %, 28 %, 1590 MHz, 5000 MHz, 61.36 W, 77, P0
2026/09/30 07:46:13.798, Tesla T4, 6499 MiB, 8414 MiB, 15360 MiB, 25 %, 22 %, 1590 MHz, 5000 MHz, 57.70 W, 77, P0
2026/09/30 07:46:14.312, Tesla T4, 6499 MiB, 8414 MiB, 15360 MiB, 37 %, 33 %, 1590 MHz, 5000 MHz, 67.59 W, 77, P0
2026/09/30 07:46:14.820, Tesla T4, 6499 MiB, 8414 MiB, 15360 MiB, 43 %, 39 %, 1590 MHz, 5000 MHz, 65.40 W, 77, P0
2026/09/30 07:46:15.329, Tesla T4, 6499 MiB, 8414 MiB, 15360 MiB, 40 %, 36 %, 1530 MHz, 5000 MHz, 67.13 W, 77, P0
2026/09/30 07:46:15.843, Tesla T4, 6499 MiB, 8414 MiB, 15360 MiB, 42 %, 37 %, 1590 MHz, 5000 MHz, 66.26 W, 77, P0
2026/09/30 07:46:16.351, Tesla T4, 6499 MiB, 8414 MiB, 15360 MiB, 42 %, 38 %, 1590 MHz, 5000 MHz, 70.35 W, 77, P0
2026/09/30 07:46:16.865, Tesla T4, 6499 MiB, 8414 MiB, 15360 MiB, 41 %, 37 %, 1575 MHz, 5000 MHz, 63.28 W, 77, P0
2026/09/30 07:46:17.373, Tesla T4, 6499 MiB, 8414 MiB, 15360 MiB, 41 %, 37 %, 1560 MHz, 5000 MHz, 66.47 W, 77, P0
2026/09/30 07:46:17.881, Tesla T4, 6499 MiB, 8414 MiB, 15360 MiB, 41 %, 37 %, 1560 MHz, 5000 MHz, 66.38 W, 77, P0
2026/09/30 07:46:18.396, Tesla T4, 6499 MiB, 8414 MiB, 15360 MiB, 42 %, 38 %, 1590 MHz, 5000 MHz, 66.46 W, 77, P0
2026/09/30 07:46:18.905, Tesla T4, 6499 MiB, 8414 MiB, 15360 MiB, 41 %, 37 %, 1590 MHz, 5000 MHz, 68.00 W, 77, P0
2026/09/30 07:46:19.415, Tesla T4, 6499 MiB, 8414 MiB, 15360 MiB, 42 %, 38 %, 1575 MHz, 5000 MHz, 64.81 W, 76, P0
2026/09/30 07:46:19.926, Tesla T4, 6499 MiB, 8414 MiB, 15360 MiB, 38 %, 34 %, 1560 MHz, 5000 MHz, 66.81 W, 76, P0
2026/09/30 07:46:20.434, Tesla T4, 6499 MiB, 8414 MiB, 15360 MiB, 42 %, 38 %, 1590 MHz, 5000 MHz, 66.77 W, 76, P0
2026/09/30 07:46:20.943, Tesla T4, 6499 MiB, 8414 MiB, 15360 MiB, 42 %, 38 %, 1590 MHz, 5000 MHz, 73.58 W, 76, P0
2026/09/30 07:46:21.453, Tesla T4, 6499 MiB, 8414 MiB, 15360 MiB, 43 %, 39 %, 1590 MHz, 5000 MHz, 66.08 W, 76, P0
2026/09/30 07:46:21.961, Tesla T4, 6499 MiB, 8414 MiB, 15360 MiB, 41 %, 37 %, 1590 MHz, 5000 MHz, 63.44 W, 76, P0
2026/09/30 07:46:22.469, Tesla T4, 6499 MiB, 8414 MiB, 15360 MiB, 44 %, 40 %, 1530 MHz, 5000 MHz, 61.64 W, 76, P0
2026/09/30 07:46:22.978, Tesla T4, 6499 MiB, 8414 MiB, 15360 MiB, 40 %, 37 %, 1560 MHz, 5000 MHz, 66.28 W, 76, P0
2026/09/30 07:46:23.492, Tesla T4, 6499 MiB, 8414 MiB, 15360 MiB, 43 %, 40 %, 1575 MHz, 5000 MHz, 65.69 W, 76, P0
2026/09/30 07:46:24.002, Tesla T4, 6499 MiB, 8414 MiB, 15360 MiB, 38 %, 35 %, 1590 MHz, 5000 MHz, 57.72 W, 76, P0
2026/09/30 07:46:24.519, Tesla T4, 6499 MiB, 8414 MiB, 15360 MiB, 61 %, 28 %, 1575 MHz, 5000 MHz, 50.44 W, 75, P0
2026/09/30 07:46:25.035, Tesla T4, 6499 MiB, 8414 MiB, 15360 MiB, 31 %, 28 %, 1590 MHz, 5000 MHz, 64.04 W, 76, P0
2026/09/30 07:46:25.551, Tesla T4, 6499 MiB, 8414 MiB, 15360 MiB, 29 %, 26 %, 1590 MHz, 5000 MHz, 55.34 W, 76, P0
2026/09/30 07:46:26.063, Tesla T4, 6499 MiB, 8414 MiB, 15360 MiB, 29 %, 26 %, 1590 MHz, 5000 MHz, 63.32 W, 76, P0
2026/09/30 07:46:26.586, Tesla T4, 6499 MiB, 8414 MiB, 15360 MiB, 24 %, 21 %, 1245 MHz, 5000 MHz, 45.64 W, 74, P0
2026/09/30 07:46:27.102, Tesla T4, 6499 MiB, 8414 MiB, 15360 MiB, 35 %, 29 %, 1185 MHz, 5000 MHz, 48.00 W, 74, P0
2026/09/30 07:46:27.615, Tesla T4, 6499 MiB, 8414 MiB, 15360 MiB, 42 %, 35 %, 1275 MHz, 5000 MHz, 52.99 W, 74, P0
2026/09/30 07:46:28.125, Tesla T4, 6499 MiB, 8414 MiB, 15360 MiB, 37 %, 33 %, 1485 MHz, 5000 MHz, 55.90 W, 74, P0
2026/09/30 07:46:28.634, Tesla T4, 6499 MiB, 8414 MiB, 15360 MiB, 26 %, 23 %, 1485 MHz, 5000 MHz, 58.17 W, 74, P0
2026/09/30 07:46:29.144, Tesla T4, 6499 MiB, 8414 MiB, 15360 MiB, 37 %, 33 %, 1485 MHz, 5000 MHz, 60.75 W, 75, P0
2026/09/30 07:46:29.654, Tesla T4, 6499 MiB, 8414 MiB, 15360 MiB, 37 %, 33 %, 1500 MHz, 5000 MHz, 62.12 W, 74, P0
2026/09/30 07:46:30.164, Tesla T4, 6499 MiB, 8414 MiB, 15360 MiB, 37 %, 33 %, 1500 MHz, 5000 MHz, 63.95 W, 75, P0
2026/09/30 07:46:30.673, Tesla T4, 6499 MiB, 8414 MiB, 15360 MiB, 39 %, 36 %, 1530 MHz, 5000 MHz, 57.95 W, 75, P0
2026/09/30 07:46:31.181, Tesla T4, 6499 MiB, 8414 MiB, 15360 MiB, 36 %, 32 %, 1530 MHz, 5000 MHz, 61.27 W, 75, P0
2026/09/30 07:46:31.691, Tesla T4, 6499 MiB, 8414 MiB, 15360 MiB, 41 %, 37 %, 1575 MHz, 5000 MHz, 66.11 W, 75, P0
2026/09/30 07:46:32.201, Tesla T4, 6499 MiB, 8414 MiB, 15360 MiB, 40 %, 37 %, 1590 MHz, 5000 MHz, 67.89 W, 75, P0
2026/09/30 07:46:32.709, Tesla T4, 6499 MiB, 8414 MiB, 15360 MiB, 41 %, 37 %, 1590 MHz, 5000 MHz, 64.75 W, 75, P0
2026/09/30 07:46:33.218, Tesla T4, 6499 MiB, 8414 MiB, 15360 MiB, 41 %, 38 %, 1590 MHz, 5000 MHz, 57.17 W, 75, P0
2026/09/30 07:46:33.727, Tesla T4, 6499 MiB, 8414 MiB, 15360 MiB, 43 %, 39 %, 1575 MHz, 5000 MHz, 67.98 W, 75, P0
2026/09/30 07:46:34.236, Tesla T4, 6499 MiB, 8414 MiB, 15360 MiB, 42 %, 38 %, 1575 MHz, 5000 MHz, 64.22 W, 75, P0
2026/09/30 07:46:34.749, Tesla T4, 6499 MiB, 8414 MiB, 15360 MiB, 36 %, 33 %, 1590 MHz, 5000 MHz, 70.30 W, 75, P0
2026/09/30 07:46:35.257, Tesla T4, 6499 MiB, 8414 MiB, 15360 MiB, 39 %, 36 %, 1590 MHz, 5000 MHz, 66.20 W, 75, P0
2026/09/30 07:46:35.765, Tesla T4, 6499 MiB, 8414 MiB, 15360 MiB, 43 %, 40 %, 1590 MHz, 5000 MHz, 64.77 W, 75, P0
2026/09/30 07:46:36.275, Tesla T4, 6499 MiB, 8414 MiB, 15360 MiB, 44 %, 40 %, 1590 MHz, 5000 MHz, 62.09 W, 75, P0
2026/09/30 07:46:36.786, Tesla T4, 6499 MiB, 8414 MiB, 15360 MiB, 62 %, 27 %, 1575 MHz, 5000 MHz, 55.38 W, 75, P0
2026/09/30 07:46:37.298, Tesla T4, 6499 MiB, 8414 MiB, 15360 MiB, 28 %, 26 %, 1590 MHz, 5000 MHz, 61.91 W, 75, P0
2026/09/30 07:46:37.814, Tesla T4, 6499 MiB, 8414 MiB, 15360 MiB, 31 %, 28 %, 1590 MHz, 5000 MHz, 58.81 W, 75, P0
2026/09/30 07:46:38.328, Tesla T4, 6499 MiB, 8414 MiB, 15360 MiB, 30 %, 27 %, 1590 MHz, 5000 MHz, 56.10 W, 75, P0
2026/09/30 07:46:38.842, Tesla T4, 6499 MiB, 8414 MiB, 15360 MiB, 28 %, 24 %, 1275 MHz, 5000 MHz, 50.20 W, 74, P0
2026/09/30 07:46:39.369, Tesla T4, 6499 MiB, 8414 MiB, 15360 MiB, 28 %, 24 %, 1200 MHz, 5000 MHz, 47.27 W, 74, P0
2026/09/30 07:46:39.887, Tesla T4, 6499 MiB, 8414 MiB, 15360 MiB, 43 %, 36 %, 1260 MHz, 5000 MHz, 51.84 W, 74, P0
2026/09/30 07:46:40.399, Tesla T4, 6499 MiB, 8414 MiB, 15360 MiB, 42 %, 37 %, 1515 MHz, 5000 MHz, 59.10 W, 74, P0
2026/09/30 07:46:40.908, Tesla T4, 6499 MiB, 8414 MiB, 15360 MiB, 41 %, 37 %, 1560 MHz, 5000 MHz, 63.63 W, 75, P0
2026/09/30 07:46:41.416, Tesla T4, 6499 MiB, 8414 MiB, 15360 MiB, 40 %, 36 %, 1590 MHz, 5000 MHz, 63.85 W, 75, P0
2026/09/30 07:46:41.926, Tesla T4, 6499 MiB, 8414 MiB, 15360 MiB, 41 %, 37 %, 1590 MHz, 5000 MHz, 63.77 W, 75, P0
2026/09/30 07:46:42.434, Tesla T4, 6499 MiB, 8414 MiB, 15360 MiB, 41 %, 37 %, 1590 MHz, 5000 MHz, 63.55 W, 75, P0
2026/09/30 07:46:42.943, Tesla T4, 6499 MiB, 8414 MiB, 15360 MiB, 40 %, 37 %, 1590 MHz, 5000 MHz, 63.51 W, 76, P0
2026/09/30 07:46:43.458, Tesla T4, 6499 MiB, 8414 MiB, 15360 MiB, 41 %, 37 %, 1590 MHz, 5000 MHz, 66.46 W, 76, P0
2026/09/30 07:46:43.967, Tesla T4, 6499 MiB, 8414 MiB, 15360 MiB, 40 %, 37 %, 1590 MHz, 5000 MHz, 64.99 W, 76, P0
2026/09/30 07:46:44.476, Tesla T4, 6499 MiB, 8414 MiB, 15360 MiB, 42 %, 38 %, 1590 MHz, 5000 MHz, 65.94 W, 76, P0
2026/09/30 07:46:44.985, Tesla T4, 6499 MiB, 8414 MiB, 15360 MiB, 40 %, 37 %, 1590 MHz, 5000 MHz, 61.27 W, 76, P0
2026/09/30 07:46:45.493, Tesla T4, 6499 MiB, 8414 MiB, 15360 MiB, 42 %, 39 %, 1575 MHz, 5000 MHz, 69.36 W, 77, P0
2026/09/30 07:46:46.000, Tesla T4, 6499 MiB, 8414 MiB, 15360 MiB, 40 %, 37 %, 1590 MHz, 5000 MHz, 64.95 W, 76, P0
2026/09/30 07:46:46.512, Tesla T4, 6499 MiB, 8414 MiB, 15360 MiB, 39 %, 35 %, 1590 MHz, 5000 MHz, 66.08 W, 76, P0
2026/09/30 07:46:47.020, Tesla T4, 6499 MiB, 8414 MiB, 15360 MiB, 40 %, 36 %, 1590 MHz, 5000 MHz, 67.28 W, 76, P0
2026/09/30 07:46:47.529, Tesla T4, 6499 MiB, 8414 MiB, 15360 MiB, 42 %, 38 %, 1575 MHz, 5000 MHz, 66.47 W, 77, P0
2026/09/30 07:46:48.041, Tesla T4, 6499 MiB, 8414 MiB, 15360 MiB, 42 %, 38 %, 1575 MHz, 5000 MHz, 70.78 W, 77, P0
2026/09/30 07:46:48.549, Tesla T4, 6499 MiB, 8414 MiB, 15360 MiB, 41 %, 36 %, 1590 MHz, 5000 MHz, 63.61 W, 77, P0
2026/09/30 07:46:49.058, Tesla T4, 6499 MiB, 8414 MiB, 15360 MiB, 41 %, 37 %, 1575 MHz, 5000 MHz, 69.31 W, 77, P0
2026/09/30 07:46:49.573, Tesla T4, 6499 MiB, 8414 MiB, 15360 MiB, 38 %, 34 %, 1575 MHz, 5000 MHz, 68.93 W, 77, P0
2026/09/30 07:46:50.097, Tesla T4, 6499 MiB, 8414 MiB, 15360 MiB, 29 %, 26 %, 1590 MHz, 5000 MHz, 67.30 W, 77, P0
2026/09/30 07:46:50.618, Tesla T4, 6499 MiB, 8414 MiB, 15360 MiB, 32 %, 29 %, 1590 MHz, 5000 MHz, 67.45 W, 77, P0
2026/09/30 07:46:51.137, Tesla T4, 6499 MiB, 8414 MiB, 15360 MiB, 31 %, 29 %, 1590 MHz, 5000 MHz, 61.16 W, 77, P0
2026/09/30 07:46:51.651, Tesla T4, 6499 MiB, 8414 MiB, 15360 MiB, 28 %, 25 %, 1290 MHz, 5000 MHz, 51.51 W, 76, P0
2026/09/30 07:46:52.169, Tesla T4, 6499 MiB, 8414 MiB, 15360 MiB, 27 %, 23 %, 1200 MHz, 5000 MHz, 44.65 W, 76, P0
2026/09/30 07:46:52.688, Tesla T4, 6499 MiB, 8414 MiB, 15360 MiB, 43 %, 36 %, 1275 MHz, 5000 MHz, 51.25 W, 76, P0
2026/09/30 07:46:53.219, Tesla T4, 6499 MiB, 8414 MiB, 15360 MiB, 40 %, 35 %, 1410 MHz, 5000 MHz, 57.21 W, 76, P0
2026/09/30 07:46:53.728, Tesla T4, 6499 MiB, 8414 MiB, 15360 MiB, 43 %, 38 %, 1530 MHz, 5000 MHz, 62.67 W, 77, P0
2026/09/30 07:46:54.237, Tesla T4, 6499 MiB, 8414 MiB, 15360 MiB, 39 %, 35 %, 1575 MHz, 5000 MHz, 69.20 W, 77, P0
2026/09/30 07:46:54.745, Tesla T4, 6499 MiB, 8414 MiB, 15360 MiB, 41 %, 37 %, 1590 MHz, 5000 MHz, 66.98 W, 78, P0
2026/09/30 07:46:55.256, Tesla T4, 6499 MiB, 8414 MiB, 15360 MiB, 39 %, 36 %, 1590 MHz, 5000 MHz, 67.44 W, 78, P0
2026/09/30 07:46:55.765, Tesla T4, 6499 MiB, 8414 MiB, 15360 MiB, 42 %, 38 %, 1590 MHz, 5000 MHz, 68.19 W, 78, P0
2026/09/30 07:46:56.273, Tesla T4, 6499 MiB, 8414 MiB, 15360 MiB, 40 %, 37 %, 1590 MHz, 5000 MHz, 63.44 W, 78, P0
2026/09/30 07:46:56.783, Tesla T4, 6499 MiB, 8414 MiB, 15360 MiB, 42 %, 38 %, 1590 MHz, 5000 MHz, 67.65 W, 78, P0
2026/09/30 07:46:57.291, Tesla T4, 6499 MiB, 8414 MiB, 15360 MiB, 40 %, 36 %, 1575 MHz, 5000 MHz, 67.44 W, 78, P0
2026/09/30 07:46:57.800, Tesla T4, 6499 MiB, 8414 MiB, 15360 MiB, 52 %, 36 %, 1575 MHz, 5000 MHz, 64.08 W, 78, P0
2026/09/30 07:46:58.308, Tesla T4, 6499 MiB, 8414 MiB, 15360 MiB, 39 %, 35 %, 1575 MHz, 5000 MHz, 62.63 W, 78, P0
2026/09/30 07:46:58.817, Tesla T4, 6499 MiB, 8414 MiB, 15360 MiB, 42 %, 38 %, 1590 MHz, 5000 MHz, 69.70 W, 78, P0
2026/09/30 07:46:59.327, Tesla T4, 6499 MiB, 8414 MiB, 15360 MiB, 38 %, 34 %, 1545 MHz, 5000 MHz, 67.73 W, 78, P0
2026/09/30 07:46:59.835, Tesla T4, 6499 MiB, 8414 MiB, 15360 MiB, 41 %, 37 %, 1575 MHz, 5000 MHz, 65.28 W, 78, P0
2026/09/30 07:47:00.350, Tesla T4, 6499 MiB, 8414 MiB, 15360 MiB, 41 %, 37 %, 1575 MHz, 5000 MHz, 73.03 W, 78, P0
2026/09/30 07:47:00.858, Tesla T4, 6499 MiB, 8414 MiB, 15360 MiB, 42 %, 38 %, 1575 MHz, 5000 MHz, 62.02 W, 79, P0
2026/09/30 07:47:01.366, Tesla T4, 6499 MiB, 8414 MiB, 15360 MiB, 42 %, 38 %, 1590 MHz, 5000 MHz, 60.18 W, 79, P0
2026/09/30 07:47:01.876, Tesla T4, 6499 MiB, 8414 MiB, 15360 MiB, 41 %, 37 %, 1575 MHz, 5000 MHz, 67.57 W, 79, P0
2026/09/30 07:47:02.386, Tesla T4, 6499 MiB, 8414 MiB, 15360 MiB, 42 %, 38 %, 1575 MHz, 5000 MHz, 57.76 W, 79, P0
2026/09/30 07:47:02.899, Tesla T4, 6499 MiB, 8414 MiB, 15360 MiB, 32 %, 29 %, 1590 MHz, 5000 MHz, 63.46 W, 79, P0
2026/09/30 07:47:03.421, Tesla T4, 6499 MiB, 8414 MiB, 15360 MiB, 32 %, 29 %, 1590 MHz, 5000 MHz, 64.16 W, 79, P0
2026/09/30 07:47:03.941, Tesla T4, 6499 MiB, 8414 MiB, 15360 MiB, 34 %, 31 %, 1590 MHz, 5000 MHz, 60.26 W, 79, P0
2026/09/30 07:47:04.453, Tesla T4, 6499 MiB, 8414 MiB, 15360 MiB, 31 %, 27 %, 1320 MHz, 5000 MHz, 49.15 W, 77, P0
2026/09/30 07:47:04.967, Tesla T4, 6499 MiB, 8414 MiB, 15360 MiB, 26 %, 23 %, 1245 MHz, 5000 MHz, 49.67 W, 77, P0
2026/09/30 07:47:05.484, Tesla T4, 6499 MiB, 8414 MiB, 15360 MiB, 44 %, 38 %, 1335 MHz, 5000 MHz, 52.96 W, 77, P0
2026/09/30 07:47:06.008, Tesla T4, 6499 MiB, 8414 MiB, 15360 MiB, 44 %, 38 %, 1515 MHz, 5000 MHz, 64.22 W, 78, P0
2026/09/30 07:47:06.518, Tesla T4, 6499 MiB, 8414 MiB, 15360 MiB, 42 %, 38 %, 1575 MHz, 5000 MHz, 66.43 W, 78, P0
2026/09/30 07:47:07.042, Tesla T4, 6499 MiB, 8414 MiB, 15360 MiB, 42 %, 39 %, 1575 MHz, 5000 MHz, 63.61 W, 79, P0
2026/09/30 07:47:07.558, Tesla T4, 6499 MiB, 8414 MiB, 15360 MiB, 43 %, 39 %, 1590 MHz, 5000 MHz, 68.68 W, 79, P0
2026/09/30 07:47:08.072, Tesla T4, 6499 MiB, 8414 MiB, 15360 MiB, 42 %, 38 %, 1530 MHz, 5000 MHz, 67.65 W, 79, P0
2026/09/30 07:47:08.586, Tesla T4, 6499 MiB, 8414 MiB, 15360 MiB, 42 %, 39 %, 1500 MHz, 5000 MHz, 72.31 W, 79, P0
2026/09/30 07:47:09.111, Tesla T4, 6499 MiB, 8414 MiB, 15360 MiB, 42 %, 38 %, 1575 MHz, 5000 MHz, 69.51 W, 79, P0
2026/09/30 07:47:09.619, Tesla T4, 6499 MiB, 8414 MiB, 15360 MiB, 44 %, 40 %, 1125 MHz, 5000 MHz, 64.65 W, 79, P0
2026/09/30 07:47:10.134, Tesla T4, 6499 MiB, 8414 MiB, 15360 MiB, 41 %, 37 %, 1590 MHz, 5000 MHz, 68.53 W, 79, P0
2026/09/30 07:47:10.642, Tesla T4, 6499 MiB, 8414 MiB, 15360 MiB, 41 %, 37 %, 1545 MHz, 5000 MHz, 64.22 W, 79, P0
2026/09/30 07:47:11.152, Tesla T4, 6499 MiB, 8414 MiB, 15360 MiB, 40 %, 36 %, 1575 MHz, 5000 MHz, 66.20 W, 79, P0
2026/09/30 07:47:11.663, Tesla T4, 6499 MiB, 8414 MiB, 15360 MiB, 41 %, 37 %, 1575 MHz, 5000 MHz, 67.35 W, 79, P0
2026/09/30 07:47:12.174, Tesla T4, 6499 MiB, 8414 MiB, 15360 MiB, 40 %, 36 %, 1575 MHz, 5000 MHz, 66.30 W, 79, P0
2026/09/30 07:47:12.683, Tesla T4, 6499 MiB, 8414 MiB, 15360 MiB, 42 %, 38 %, 1590 MHz, 5000 MHz, 56.88 W, 79, P0
2026/09/30 07:47:13.272, Tesla T4, 6499 MiB, 8414 MiB, 15360 MiB, 41 %, 37 %, 1590 MHz, 5000 MHz, 72.05 W, 79, P0
2026/09/30 07:47:13.786, Tesla T4, 6499 MiB, 8414 MiB, 15360 MiB, 42 %, 38 %, 1590 MHz, 5000 MHz, 65.22 W, 79, P0
2026/09/30 07:47:14.294, Tesla T4, 6499 MiB, 8414 MiB, 15360 MiB, 42 %, 38 %, 1575 MHz, 5000 MHz, 67.55 W, 80, P0
2026/09/30 07:47:14.803, Tesla T4, 6499 MiB, 8414 MiB, 15360 MiB, 43 %, 39 %, 1590 MHz, 5000 MHz, 67.35 W, 79, P0
2026/09/30 07:47:15.318, Tesla T4, 6499 MiB, 8414 MiB, 15360 MiB, 32 %, 29 %, 1590 MHz, 5000 MHz, 59.04 W, 79, P0
2026/09/30 07:47:15.840, Tesla T4, 6499 MiB, 8414 MiB, 15360 MiB, 34 %, 31 %, 1590 MHz, 5000 MHz, 63.77 W, 79, P0
2026/09/30 07:47:16.353, Tesla T4, 6499 MiB, 8414 MiB, 15360 MiB, 64 %, 29 %, 1575 MHz, 5000 MHz, 52.72 W, 79, P0
2026/09/30 07:47:16.879, Tesla T4, 6499 MiB, 8414 MiB, 15360 MiB, 32 %, 29 %, 1590 MHz, 5000 MHz, 58.16 W, 79, P0
2026/09/30 07:47:17.393, Tesla T4, 6499 MiB, 8414 MiB, 15360 MiB, 31 %, 28 %, 1590 MHz, 5000 MHz, 64.59 W, 79, P0
2026/09/30 07:47:17.917, Tesla T4, 6499 MiB, 8414 MiB, 15360 MiB, 27 %, 25 %, 1590 MHz, 5000 MHz, 59.35 W, 78, P0
2026/09/30 07:47:18.429, Tesla T4, 6499 MiB, 8414 MiB, 15360 MiB, 42 %, 37 %, 1590 MHz, 5000 MHz, 67.00 W, 79, P0
2026/09/30 07:47:18.937, Tesla T4, 6499 MiB, 8414 MiB, 15360 MiB, 42 %, 38 %, 1575 MHz, 5000 MHz, 62.57 W, 79, P0
2026/09/30 07:47:19.446, Tesla T4, 6499 MiB, 8414 MiB, 15360 MiB, 42 %, 38 %, 1575 MHz, 5000 MHz, 71.56 W, 79, P0
2026/09/30 07:47:19.954, Tesla T4, 6499 MiB, 8414 MiB, 15360 MiB, 40 %, 36 %, 1575 MHz, 5000 MHz, 58.61 W, 79, P0
2026/09/30 07:47:20.465, Tesla T4, 6499 MiB, 8414 MiB, 15360 MiB, 41 %, 37 %, 1545 MHz, 5000 MHz, 73.38 W, 79, P0
2026/09/30 07:47:20.976, Tesla T4, 6499 MiB, 8414 MiB, 15360 MiB, 41 %, 37 %, 1560 MHz, 5000 MHz, 61.55 W, 79, P0
2026/09/30 07:47:21.485, Tesla T4, 6499 MiB, 8414 MiB, 15360 MiB, 41 %, 37 %, 1575 MHz, 5000 MHz, 66.36 W, 79, P0
2026/09/30 07:47:21.997, Tesla T4, 6499 MiB, 8414 MiB, 15360 MiB, 40 %, 36 %, 1575 MHz, 5000 MHz, 65.73 W, 79, P0
2026/09/30 07:47:22.506, Tesla T4, 6499 MiB, 8414 MiB, 15360 MiB, 40 %, 36 %, 1590 MHz, 5000 MHz, 66.47 W, 79, P0
2026/09/30 07:47:23.014, Tesla T4, 6499 MiB, 8414 MiB, 15360 MiB, 42 %, 38 %, 1575 MHz, 5000 MHz, 65.81 W, 79, P0
2026/09/30 07:47:23.523, Tesla T4, 6499 MiB, 8414 MiB, 15360 MiB, 37 %, 34 %, 1575 MHz, 5000 MHz, 64.98 W, 79, P0
2026/09/30 07:47:24.037, Tesla T4, 6499 MiB, 8414 MiB, 15360 MiB, 42 %, 38 %, 1575 MHz, 5000 MHz, 64.69 W, 79, P0
2026/09/30 07:47:24.546, Tesla T4, 6499 MiB, 8414 MiB, 15360 MiB, 41 %, 38 %, 1560 MHz, 5000 MHz, 64.96 W, 79, P0
2026/09/30 07:47:25.055, Tesla T4, 6499 MiB, 8414 MiB, 15360 MiB, 42 %, 38 %, 1560 MHz, 5000 MHz, 68.03 W, 79, P0
2026/09/30 07:47:25.570, Tesla T4, 6499 MiB, 8414 MiB, 15360 MiB, 38 %, 35 %, 1545 MHz, 5000 MHz, 64.46 W, 78, P0
2026/09/30 07:47:26.079, Tesla T4, 6499 MiB, 8414 MiB, 15360 MiB, 39 %, 36 %, 1590 MHz, 5000 MHz, 64.73 W, 78, P0
2026/09/30 07:47:26.587, Tesla T4, 6499 MiB, 8414 MiB, 15360 MiB, 40 %, 37 %, 1515 MHz, 5000 MHz, 69.09 W, 78, P0
2026/09/30 07:47:27.101, Tesla T4, 6499 MiB, 8414 MiB, 15360 MiB, 42 %, 38 %, 1560 MHz, 5000 MHz, 65.67 W, 78, P0
2026/09/30 07:47:27.609, Tesla T4, 6499 MiB, 8414 MiB, 15360 MiB, 41 %, 37 %, 1575 MHz, 5000 MHz, 66.96 W, 78, P0
2026/09/30 07:47:28.119, Tesla T4, 6499 MiB, 8414 MiB, 15360 MiB, 61 %, 27 %, 1590 MHz, 5000 MHz, 53.19 W, 78, P0
2026/09/30 07:47:28.633, Tesla T4, 6499 MiB, 8414 MiB, 15360 MiB, 28 %, 25 %, 1590 MHz, 5000 MHz, 58.22 W, 78, P0
2026/09/30 07:47:29.146, Tesla T4, 6499 MiB, 8414 MiB, 15360 MiB, 30 %, 27 %, 1590 MHz, 5000 MHz, 60.02 W, 78, P0
2026/09/30 07:47:29.660, Tesla T4, 6499 MiB, 8414 MiB, 15360 MiB, 28 %, 26 %, 1590 MHz, 5000 MHz, 60.16 W, 77, P0
2026/09/30 07:47:30.176, Tesla T4, 6499 MiB, 8414 MiB, 15360 MiB, 29 %, 25 %, 1290 MHz, 5000 MHz, 49.70 W, 76, P0
2026/09/30 07:47:30.710, Tesla T4, 6499 MiB, 8414 MiB, 15360 MiB, 27 %, 23 %, 1215 MHz, 5000 MHz, 49.05 W, 76, P0
2026/09/30 07:47:31.232, Tesla T4, 6499 MiB, 8414 MiB, 15360 MiB, 44 %, 38 %, 1425 MHz, 5000 MHz, 53.45 W, 76, P0
2026/09/30 07:47:31.744, Tesla T4, 6499 MiB, 8414 MiB, 15360 MiB, 41 %, 36 %, 1515 MHz, 5000 MHz, 58.49 W, 76, P0
2026/09/30 07:47:32.252, Tesla T4, 6499 MiB, 8414 MiB, 15360 MiB, 41 %, 37 %, 1575 MHz, 5000 MHz, 63.53 W, 77, P0
2026/09/30 07:47:32.761, Tesla T4, 6499 MiB, 8414 MiB, 15360 MiB, 42 %, 38 %, 1575 MHz, 5000 MHz, 61.06 W, 77, P0
2026/09/30 07:47:33.272, Tesla T4, 6499 MiB, 8414 MiB, 15360 MiB, 42 %, 38 %, 1575 MHz, 5000 MHz, 69.74 W, 77, P0
2026/09/30 07:47:33.783, Tesla T4, 6499 MiB, 8414 MiB, 15360 MiB, 42 %, 38 %, 1590 MHz, 5000 MHz, 71.15 W, 77, P0
2026/09/30 07:47:34.291, Tesla T4, 6499 MiB, 8414 MiB, 15360 MiB, 42 %, 39 %, 1575 MHz, 5000 MHz, 67.26 W, 77, P0
2026/09/30 07:47:34.802, Tesla T4, 6499 MiB, 8414 MiB, 15360 MiB, 42 %, 39 %, 1590 MHz, 5000 MHz, 61.37 W, 76, P0
2026/09/30 07:47:35.323, Tesla T4, 6499 MiB, 8414 MiB, 15360 MiB, 31 %, 28 %, 1590 MHz, 5000 MHz, 63.06 W, 77, P0
2026/09/30 07:47:35.831, Tesla T4, 6499 MiB, 8414 MiB, 15360 MiB, 42 %, 38 %, 1590 MHz, 5000 MHz, 68.78 W, 77, P0
2026/09/30 07:47:36.345, Tesla T4, 6499 MiB, 8414 MiB, 15360 MiB, 40 %, 37 %, 1590 MHz, 5000 MHz, 66.65 W, 77, P0
2026/09/30 07:47:36.854, Tesla T4, 6499 MiB, 8414 MiB, 15360 MiB, 44 %, 40 %, 1575 MHz, 5000 MHz, 63.89 W, 77, P0
2026/09/30 07:47:37.362, Tesla T4, 6499 MiB, 8414 MiB, 15360 MiB, 43 %, 39 %, 1575 MHz, 5000 MHz, 65.55 W, 77, P0
2026/09/30 07:47:37.871, Tesla T4, 6499 MiB, 8414 MiB, 15360 MiB, 42 %, 38 %, 1545 MHz, 5000 MHz, 67.75 W, 76, P0
2026/09/30 07:47:38.386, Tesla T4, 6499 MiB, 8414 MiB, 15360 MiB, 42 %, 38 %, 1590 MHz, 5000 MHz, 65.98 W, 77, P0
2026/09/30 07:47:38.894, Tesla T4, 6499 MiB, 8414 MiB, 15360 MiB, 43 %, 39 %, 1590 MHz, 5000 MHz, 67.12 W, 77, P0
2026/09/30 07:47:39.409, Tesla T4, 6499 MiB, 8414 MiB, 15360 MiB, 43 %, 40 %, 1530 MHz, 5000 MHz, 62.91 W, 76, P0
2026/09/30 07:47:39.922, Tesla T4, 6499 MiB, 8414 MiB, 15360 MiB, 43 %, 40 %, 1410 MHz, 5000 MHz, 65.22 W, 77, P0
2026/09/30 07:47:40.430, Tesla T4, 6499 MiB, 8414 MiB, 15360 MiB, 42 %, 38 %, 1590 MHz, 5000 MHz, 67.55 W, 76, P0
2026/09/30 07:47:40.939, Tesla T4, 6499 MiB, 8414 MiB, 15360 MiB, 33 %, 30 %, 1590 MHz, 5000 MHz, 55.61 W, 76, P0
2026/09/30 07:47:41.454, Tesla T4, 6499 MiB, 8414 MiB, 15360 MiB, 31 %, 28 %, 1590 MHz, 5000 MHz, 59.59 W, 76, P0
2026/09/30 07:47:41.969, Tesla T4, 6499 MiB, 8414 MiB, 15360 MiB, 34 %, 31 %, 1590 MHz, 5000 MHz, 59.47 W, 76, P0
2026/09/30 07:47:42.482, Tesla T4, 6499 MiB, 8414 MiB, 15360 MiB, 28 %, 26 %, 1365 MHz, 5000 MHz, 60.55 W, 75, P0
2026/09/30 07:47:43.006, Tesla T4, 6499 MiB, 8414 MiB, 15360 MiB, 30 %, 26 %, 1305 MHz, 5000 MHz, 49.53 W, 75, P0
2026/09/30 07:47:43.521, Tesla T4, 6499 MiB, 8414 MiB, 15360 MiB, 28 %, 24 %, 1245 MHz, 5000 MHz, 47.86 W, 74, P0
2026/09/30 07:47:44.070, Tesla T4, 6499 MiB, 8414 MiB, 15360 MiB, 44 %, 37 %, 1365 MHz, 5000 MHz, 56.40 W, 74, P0
2026/09/30 07:47:44.583, Tesla T4, 6499 MiB, 8414 MiB, 15360 MiB, 42 %, 38 %, 1545 MHz, 5000 MHz, 61.12 W, 75, P0
2026/09/30 07:47:45.091, Tesla T4, 6499 MiB, 8414 MiB, 15360 MiB, 41 %, 37 %, 1590 MHz, 5000 MHz, 66.02 W, 75, P0
2026/09/30 07:47:45.599, Tesla T4, 6499 MiB, 8414 MiB, 15360 MiB, 39 %, 35 %, 1590 MHz, 5000 MHz, 64.99 W, 75, P0
2026/09/30 07:47:46.109, Tesla T4, 6499 MiB, 8414 MiB, 15360 MiB, 40 %, 36 %, 1575 MHz, 5000 MHz, 67.12 W, 75, P0
2026/09/30 07:47:46.621, Tesla T4, 6499 MiB, 8414 MiB, 15360 MiB, 38 %, 34 %, 1590 MHz, 5000 MHz, 66.30 W, 75, P0
2026/09/30 07:47:47.130, Tesla T4, 6499 MiB, 8414 MiB, 15360 MiB, 40 %, 36 %, 1575 MHz, 5000 MHz, 66.65 W, 75, P0
2026/09/30 07:47:47.640, Tesla T4, 6499 MiB, 8414 MiB, 15360 MiB, 39 %, 36 %, 1575 MHz, 5000 MHz, 66.54 W, 75, P0
2026/09/30 07:47:48.149, Tesla T4, 6499 MiB, 8414 MiB, 15360 MiB, 41 %, 37 %, 1590 MHz, 5000 MHz, 66.84 W, 75, P0
2026/09/30 07:47:48.658, Tesla T4, 6499 MiB, 8414 MiB, 15360 MiB, 40 %, 36 %, 1590 MHz, 5000 MHz, 66.46 W, 76, P0
2026/09/30 07:47:49.167, Tesla T4, 6499 MiB, 8414 MiB, 15360 MiB, 42 %, 39 %, 1590 MHz, 5000 MHz, 64.83 W, 76, P0
2026/09/30 07:47:49.676, Tesla T4, 6499 MiB, 8414 MiB, 15360 MiB, 39 %, 36 %, 1575 MHz, 5000 MHz, 67.24 W, 76, P0
2026/09/30 07:47:50.184, Tesla T4, 6499 MiB, 8414 MiB, 15360 MiB, 42 %, 38 %, 1590 MHz, 5000 MHz, 64.81 W, 76, P0
2026/09/30 07:47:50.702, Tesla T4, 6499 MiB, 8414 MiB, 15360 MiB, 41 %, 37 %, 1560 MHz, 5000 MHz, 66.32 W, 76, P0
2026/09/30 07:47:51.210, Tesla T4, 6499 MiB, 8414 MiB, 15360 MiB, 43 %, 39 %, 1590 MHz, 5000 MHz, 65.36 W, 76, P0
2026/09/30 07:47:51.720, Tesla T4, 6499 MiB, 8414 MiB, 15360 MiB, 42 %, 38 %, 1590 MHz, 5000 MHz, 67.94 W, 76, P0
2026/09/30 07:47:52.230, Tesla T4, 6499 MiB, 8414 MiB, 15360 MiB, 41 %, 36 %, 1590 MHz, 5000 MHz, 66.06 W, 76, P0
2026/09/30 07:47:52.739, Tesla T4, 6499 MiB, 8414 MiB, 15360 MiB, 37 %, 34 %, 1575 MHz, 5000 MHz, 65.38 W, 76, P0
2026/09/30 07:47:53.253, Tesla T4, 6499 MiB, 8414 MiB, 15360 MiB, 41 %, 37 %, 1590 MHz, 5000 MHz, 66.86 W, 76, P0
2026/09/30 07:47:53.763, Tesla T4, 6499 MiB, 8414 MiB, 15360 MiB, 25 %, 23 %, 1590 MHz, 5000 MHz, 56.85 W, 75, P0
2026/09/30 07:47:54.278, Tesla T4, 6499 MiB, 8414 MiB, 15360 MiB, 32 %, 29 %, 1590 MHz, 5000 MHz, 61.33 W, 76, P0
2026/09/30 07:47:54.804, Tesla T4, 6499 MiB, 8414 MiB, 15360 MiB, 32 %, 29 %, 1590 MHz, 5000 MHz, 60.43 W, 75, P0
2026/09/30 07:47:55.329, Tesla T4, 6499 MiB, 8414 MiB, 15360 MiB, 32 %, 29 %, 1590 MHz, 5000 MHz, 60.18 W, 75, P0
2026/09/30 07:47:55.866, Tesla T4, 6499 MiB, 8414 MiB, 15360 MiB, 33 %, 29 %, 1290 MHz, 5000 MHz, 48.73 W, 74, P0
2026/09/30 07:47:56.380, Tesla T4, 6499 MiB, 8414 MiB, 15360 MiB, 27 %, 23 %, 1185 MHz, 5000 MHz, 48.42 W, 74, P0
2026/09/30 07:47:56.890, Tesla T4, 6499 MiB, 8414 MiB, 15360 MiB, 42 %, 36 %, 1260 MHz, 5000 MHz, 51.94 W, 74, P0
2026/09/30 07:47:57.402, Tesla T4, 6499 MiB, 8414 MiB, 15360 MiB, 44 %, 38 %, 1500 MHz, 5000 MHz, 58.33 W, 75, P0
2026/09/30 07:47:57.914, Tesla T4, 6499 MiB, 8414 MiB, 15360 MiB, 42 %, 38 %, 1575 MHz, 5000 MHz, 72.06 W, 75, P0
2026/09/30 07:47:58.422, Tesla T4, 6499 MiB, 8414 MiB, 15360 MiB, 42 %, 39 %, 1590 MHz, 5000 MHz, 64.46 W, 75, P0
2026/09/30 07:47:58.931, Tesla T4, 6499 MiB, 8414 MiB, 15360 MiB, 41 %, 37 %, 1590 MHz, 5000 MHz, 63.81 W, 75, P0
2026/09/30 07:47:59.440, Tesla T4, 6499 MiB, 8414 MiB, 15360 MiB, 41 %, 37 %, 1590 MHz, 5000 MHz, 65.48 W, 76, P0
2026/09/30 07:47:59.949, Tesla T4, 6499 MiB, 8414 MiB, 15360 MiB, 43 %, 39 %, 1590 MHz, 5000 MHz, 65.59 W, 76, P0
2026/09/30 07:48:00.457, Tesla T4, 6499 MiB, 8414 MiB, 15360 MiB, 42 %, 38 %, 1545 MHz, 5000 MHz, 64.46 W, 76, P0
2026/09/30 07:48:00.972, Tesla T4, 6499 MiB, 8414 MiB, 15360 MiB, 42 %, 38 %, 1590 MHz, 5000 MHz, 64.83 W, 76, P0
2026/09/30 07:48:01.480, Tesla T4, 6499 MiB, 8414 MiB, 15360 MiB, 43 %, 39 %, 1560 MHz, 5000 MHz, 65.67 W, 76, P0
2026/09/30 07:48:01.994, Tesla T4, 6499 MiB, 8414 MiB, 15360 MiB, 42 %, 38 %, 1575 MHz, 5000 MHz, 62.89 W, 76, P0
2026/09/30 07:48:02.503, Tesla T4, 6499 MiB, 8414 MiB, 15360 MiB, 43 %, 39 %, 1590 MHz, 5000 MHz, 63.91 W, 76, P0
2026/09/30 07:48:03.012, Tesla T4, 6499 MiB, 8414 MiB, 15360 MiB, 44 %, 40 %, 1590 MHz, 5000 MHz, 66.56 W, 76, P0
2026/09/30 07:48:03.521, Tesla T4, 6499 MiB, 8414 MiB, 15360 MiB, 43 %, 40 %, 1560 MHz, 5000 MHz, 66.51 W, 76, P0
2026/09/30 07:48:04.034, Tesla T4, 6499 MiB, 8414 MiB, 15360 MiB, 53 %, 34 %, 1590 MHz, 5000 MHz, 67.30 W, 76, P0
2026/09/30 07:48:04.543, Tesla T4, 6499 MiB, 8414 MiB, 15360 MiB, 41 %, 37 %, 1575 MHz, 5000 MHz, 66.30 W, 76, P0
2026/09/30 07:48:05.057, Tesla T4, 6499 MiB, 8414 MiB, 15360 MiB, 41 %, 36 %, 1590 MHz, 5000 MHz, 65.49 W, 76, P0
2026/09/30 07:48:05.565, Tesla T4, 6499 MiB, 8414 MiB, 15360 MiB, 35 %, 31 %, 1575 MHz, 5000 MHz, 65.46 W, 76, P0
2026/09/30 07:48:06.074, Tesla T4, 6499 MiB, 8414 MiB, 15360 MiB, 42 %, 38 %, 1590 MHz, 5000 MHz, 68.18 W, 77, P0
2026/09/30 07:48:06.588, Tesla T4, 6499 MiB, 8414 MiB, 15360 MiB, 36 %, 32 %, 1590 MHz, 5000 MHz, 60.00 W, 76, P0
2026/09/30 07:48:07.101, Tesla T4, 6499 MiB, 8414 MiB, 15360 MiB, 32 %, 29 %, 1590 MHz, 5000 MHz, 59.63 W, 76, P0
2026/09/30 07:48:07.616, Tesla T4, 6499 MiB, 8414 MiB, 15360 MiB, 34 %, 31 %, 1590 MHz, 5000 MHz, 63.79 W, 76, P0
2026/09/30 07:48:08.131, Tesla T4, 6499 MiB, 8414 MiB, 15360 MiB, 29 %, 26 %, 1380 MHz, 5000 MHz, 52.99 W, 76, P0
2026/09/30 07:48:08.645, Tesla T4, 6499 MiB, 8414 MiB, 15360 MiB, 33 %, 29 %, 1305 MHz, 5000 MHz, 49.81 W, 75, P0
2026/09/30 07:48:09.162, Tesla T4, 6499 MiB, 8414 MiB, 15360 MiB, 29 %, 25 %, 1245 MHz, 5000 MHz, 46.42 W, 75, P0
2026/09/30 07:48:09.672, Tesla T4, 6499 MiB, 8414 MiB, 15360 MiB, 40 %, 36 %, 1410 MHz, 5000 MHz, 56.36 W, 76, P0
2026/09/30 07:48:10.184, Tesla T4, 6499 MiB, 8414 MiB, 15360 MiB, 43 %, 39 %, 1590 MHz, 5000 MHz, 67.06 W, 77, P0
2026/09/30 07:48:10.693, Tesla T4, 6499 MiB, 8414 MiB, 15360 MiB, 41 %, 37 %, 1575 MHz, 5000 MHz, 61.95 W, 77, P0
2026/09/30 07:48:11.203, Tesla T4, 6499 MiB, 8414 MiB, 15360 MiB, 42 %, 38 %, 1560 MHz, 5000 MHz, 63.53 W, 77, P0
2026/09/30 07:48:11.719, Tesla T4, 6499 MiB, 8414 MiB, 15360 MiB, 40 %, 36 %, 1590 MHz, 5000 MHz, 65.48 W, 77, P0
2026/09/30 07:48:12.228, Tesla T4, 6499 MiB, 8414 MiB, 15360 MiB, 42 %, 38 %, 1590 MHz, 5000 MHz, 68.44 W, 77, P0
2026/09/30 07:48:12.737, Tesla T4, 6499 MiB, 8414 MiB, 15360 MiB, 40 %, 37 %, 1590 MHz, 5000 MHz, 70.93 W, 77, P0
2026/09/30 07:48:13.247, Tesla T4, 6499 MiB, 8414 MiB, 15360 MiB, 42 %, 39 %, 1590 MHz, 5000 MHz, 69.26 W, 77, P0
2026/09/30 07:48:13.756, Tesla T4, 6499 MiB, 8414 MiB, 15360 MiB, 40 %, 36 %, 1575 MHz, 5000 MHz, 65.81 W, 77, P0
2026/09/30 07:48:14.265, Tesla T4, 6499 MiB, 8414 MiB, 15360 MiB, 43 %, 40 %, 1590 MHz, 5000 MHz, 66.28 W, 77, P0
2026/09/30 07:48:14.775, Tesla T4, 6499 MiB, 8414 MiB, 15360 MiB, 40 %, 36 %, 1575 MHz, 5000 MHz, 65.57 W, 77, P0
2026/09/30 07:48:15.286, Tesla T4, 6499 MiB, 8414 MiB, 15360 MiB, 44 %, 39 %, 1545 MHz, 5000 MHz, 65.00 W, 77, P0
2026/09/30 07:48:15.795, Tesla T4, 6499 MiB, 8414 MiB, 15360 MiB, 69 %, 33 %, 1575 MHz, 5000 MHz, 67.94 W, 77, P0
2026/09/30 07:48:16.310, Tesla T4, 6499 MiB, 8414 MiB, 15360 MiB, 41 %, 37 %, 1590 MHz, 5000 MHz, 69.75 W, 78, P0
2026/09/30 07:48:16.819, Tesla T4, 6499 MiB, 8414 MiB, 15360 MiB, 41 %, 36 %, 1575 MHz, 5000 MHz, 63.67 W, 78, P0
2026/09/30 07:48:17.327, Tesla T4, 6499 MiB, 8414 MiB, 15360 MiB, 41 %, 37 %, 1590 MHz, 5000 MHz, 69.55 W, 78, P0
2026/09/30 07:48:17.841, Tesla T4, 6499 MiB, 8414 MiB, 15360 MiB, 41 %, 38 %, 1575 MHz, 5000 MHz, 69.81 W, 78, P0
2026/09/30 07:48:18.352, Tesla T4, 6499 MiB, 8414 MiB, 15360 MiB, 42 %, 38 %, 1590 MHz, 5000 MHz, 64.73 W, 78, P0
2026/09/30 07:48:18.866, Tesla T4, 6499 MiB, 8414 MiB, 15360 MiB, 42 %, 38 %, 1590 MHz, 5000 MHz, 66.14 W, 78, P0
2026/09/30 07:48:19.376, Tesla T4, 6499 MiB, 8414 MiB, 15360 MiB, 28 %, 25 %, 1590 MHz, 5000 MHz, 58.38 W, 78, P0
2026/09/30 07:48:19.891, Tesla T4, 6499 MiB, 8414 MiB, 15360 MiB, 31 %, 28 %, 1590 MHz, 5000 MHz, 59.83 W, 78, P0
2026/09/30 07:48:20.404, Tesla T4, 6499 MiB, 8414 MiB, 15360 MiB, 34 %, 31 %, 1590 MHz, 5000 MHz, 61.10 W, 78, P0
2026/09/30 07:48:20.920, Tesla T4, 6499 MiB, 8414 MiB, 15360 MiB, 28 %, 26 %, 1365 MHz, 5000 MHz, 60.32 W, 78, P0
2026/09/30 07:48:21.436, Tesla T4, 6499 MiB, 8414 MiB, 15360 MiB, 34 %, 30 %, 1305 MHz, 5000 MHz, 48.39 W, 77, P0
2026/09/30 07:48:21.952, Tesla T4, 6499 MiB, 8414 MiB, 15360 MiB, 32 %, 27 %, 1230 MHz, 5000 MHz, 53.22 W, 77, P0
2026/09/30 07:48:22.463, Tesla T4, 6499 MiB, 8414 MiB, 15360 MiB, 45 %, 39 %, 1455 MHz, 5000 MHz, 57.34 W, 77, P0
2026/09/30 07:48:22.973, Tesla T4, 6499 MiB, 8414 MiB, 15360 MiB, 42 %, 38 %, 1575 MHz, 5000 MHz, 64.95 W, 78, P0
2026/09/30 07:48:23.496, Tesla T4, 6499 MiB, 8414 MiB, 15360 MiB, 43 %, 39 %, 1560 MHz, 5000 MHz, 63.42 W, 78, P0
2026/09/30 07:48:24.005, Tesla T4, 6499 MiB, 8414 MiB, 15360 MiB, 43 %, 40 %, 1575 MHz, 5000 MHz, 63.67 W, 78, P0
2026/09/30 07:48:24.527, Tesla T4, 6499 MiB, 8414 MiB, 15360 MiB, 41 %, 38 %, 1575 MHz, 5000 MHz, 66.85 W, 78, P0
2026/09/30 07:48:25.038, Tesla T4, 6499 MiB, 8414 MiB, 15360 MiB, 40 %, 37 %, 1575 MHz, 5000 MHz, 70.11 W, 78, P0
2026/09/30 07:48:25.557, Tesla T4, 6499 MiB, 8414 MiB, 15360 MiB, 42 %, 39 %, 1590 MHz, 5000 MHz, 65.10 W, 79, P0
2026/09/30 07:48:26.067, Tesla T4, 6499 MiB, 8414 MiB, 15360 MiB, 42 %, 39 %, 1590 MHz, 5000 MHz, 67.84 W, 79, P0
2026/09/30 07:48:26.575, Tesla T4, 6499 MiB, 8414 MiB, 15360 MiB, 43 %, 39 %, 1575 MHz, 5000 MHz, 63.87 W, 79, P0
2026/09/30 07:48:27.083, Tesla T4, 6499 MiB, 8414 MiB, 15360 MiB, 42 %, 39 %, 1575 MHz, 5000 MHz, 64.73 W, 79, P0
2026/09/30 07:48:27.595, Tesla T4, 6499 MiB, 8414 MiB, 15360 MiB, 68 %, 32 %, 1590 MHz, 5000 MHz, 64.16 W, 79, P0
2026/09/30 07:48:28.108, Tesla T4, 6499 MiB, 8414 MiB, 15360 MiB, 40 %, 36 %, 1575 MHz, 5000 MHz, 69.51 W, 79, P0
2026/09/30 07:48:28.616, Tesla T4, 6499 MiB, 8414 MiB, 15360 MiB, 42 %, 38 %, 1590 MHz, 5000 MHz, 67.14 W, 79, P0
2026/09/30 07:48:29.126, Tesla T4, 6499 MiB, 8414 MiB, 15360 MiB, 41 %, 37 %, 1575 MHz, 5000 MHz, 67.86 W, 79, P0
2026/09/30 07:48:29.635, Tesla T4, 6499 MiB, 8414 MiB, 15360 MiB, 42 %, 38 %, 1575 MHz, 5000 MHz, 71.47 W, 79, P0
2026/09/30 07:48:30.144, Tesla T4, 6499 MiB, 8414 MiB, 15360 MiB, 43 %, 39 %, 1575 MHz, 5000 MHz, 72.79 W, 79, P0
2026/09/30 07:48:30.652, Tesla T4, 6499 MiB, 8414 MiB, 15360 MiB, 43 %, 39 %, 1545 MHz, 5000 MHz, 64.22 W, 79, P0
2026/09/30 07:48:31.166, Tesla T4, 6499 MiB, 8414 MiB, 15360 MiB, 42 %, 38 %, 1575 MHz, 5000 MHz, 66.15 W, 79, P0
2026/09/30 07:48:31.674, Tesla T4, 6499 MiB, 8414 MiB, 15360 MiB, 42 %, 38 %, 1590 MHz, 5000 MHz, 59.35 W, 79, P0
2026/09/30 07:48:32.186, Tesla T4, 6499 MiB, 8414 MiB, 15360 MiB, 31 %, 28 %, 1590 MHz, 5000 MHz, 62.38 W, 79, P0
2026/09/30 07:48:32.706, Tesla T4, 6499 MiB, 8414 MiB, 15360 MiB, 33 %, 30 %, 1590 MHz, 5000 MHz, 64.08 W, 79, P0
2026/09/30 07:48:33.220, Tesla T4, 6499 MiB, 8414 MiB, 15360 MiB, 34 %, 31 %, 1590 MHz, 5000 MHz, 61.71 W, 79, P0
2026/09/30 07:48:33.736, Tesla T4, 6499 MiB, 8414 MiB, 15360 MiB, 30 %, 27 %, 1380 MHz, 5000 MHz, 52.40 W, 78, P0
2026/09/30 07:48:34.250, Tesla T4, 6499 MiB, 8414 MiB, 15360 MiB, 35 %, 30 %, 1305 MHz, 5000 MHz, 47.06 W, 77, P0
2026/09/30 07:48:34.770, Tesla T4, 6499 MiB, 8414 MiB, 15360 MiB, 38 %, 32 %, 1230 MHz, 5000 MHz, 56.46 W, 77, P0
2026/09/30 07:48:35.281, Tesla T4, 6499 MiB, 8414 MiB, 15360 MiB, 43 %, 37 %, 1365 MHz, 5000 MHz, 56.36 W, 77, P0
2026/09/30 07:48:35.790, Tesla T4, 6499 MiB, 8414 MiB, 15360 MiB, 44 %, 39 %, 1560 MHz, 5000 MHz, 63.16 W, 78, P0
2026/09/30 07:48:36.299, Tesla T4, 6499 MiB, 8414 MiB, 15360 MiB, 42 %, 39 %, 1590 MHz, 5000 MHz, 66.96 W, 78, P0
2026/09/30 07:48:36.808, Tesla T4, 6499 MiB, 8414 MiB, 15360 MiB, 44 %, 40 %, 1590 MHz, 5000 MHz, 67.35 W, 78, P0
2026/09/30 07:48:37.316, Tesla T4, 6499 MiB, 8414 MiB, 15360 MiB, 41 %, 37 %, 1590 MHz, 5000 MHz, 72.85 W, 78, P0
2026/09/30 07:48:37.824, Tesla T4, 6499 MiB, 8414 MiB, 15360 MiB, 42 %, 39 %, 1575 MHz, 5000 MHz, 62.93 W, 78, P0
2026/09/30 07:48:38.332, Tesla T4, 6499 MiB, 8414 MiB, 15360 MiB, 43 %, 39 %, 1575 MHz, 5000 MHz, 67.35 W, 78, P0
2026/09/30 07:48:38.843, Tesla T4, 6499 MiB, 8414 MiB, 15360 MiB, 43 %, 40 %, 1575 MHz, 5000 MHz, 68.98 W, 78, P0
2026/09/30 07:48:39.352, Tesla T4, 6499 MiB, 8414 MiB, 15360 MiB, 43 %, 39 %, 1515 MHz, 5000 MHz, 65.24 W, 78, P0
2026/09/30 07:48:39.862, Tesla T4, 6499 MiB, 8414 MiB, 15360 MiB, 40 %, 36 %, 1590 MHz, 5000 MHz, 69.80 W, 78, P0
2026/09/30 07:48:40.370, Tesla T4, 6499 MiB, 8414 MiB, 15360 MiB, 41 %, 37 %, 1590 MHz, 5000 MHz, 62.20 W, 78, P0
2026/09/30 07:48:40.883, Tesla T4, 6499 MiB, 8414 MiB, 15360 MiB, 38 %, 34 %, 1590 MHz, 5000 MHz, 64.67 W, 78, P0
2026/09/30 07:48:41.391, Tesla T4, 6499 MiB, 8414 MiB, 15360 MiB, 43 %, 38 %, 1590 MHz, 5000 MHz, 67.57 W, 78, P0
2026/09/30 07:48:41.899, Tesla T4, 6499 MiB, 8414 MiB, 15360 MiB, 40 %, 36 %, 1545 MHz, 5000 MHz, 67.51 W, 78, P0
2026/09/30 07:48:42.413, Tesla T4, 6499 MiB, 8414 MiB, 15360 MiB, 41 %, 37 %, 1575 MHz, 5000 MHz, 64.55 W, 78, P0
2026/09/30 07:48:42.921, Tesla T4, 6499 MiB, 8414 MiB, 15360 MiB, 40 %, 36 %, 1560 MHz, 5000 MHz, 61.57 W, 78, P0
2026/09/30 07:48:43.430, Tesla T4, 6499 MiB, 8414 MiB, 15360 MiB, 42 %, 38 %, 1575 MHz, 5000 MHz, 67.94 W, 78, P0
2026/09/30 07:48:43.942, Tesla T4, 6499 MiB, 8414 MiB, 15360 MiB, 39 %, 36 %, 1590 MHz, 5000 MHz, 63.95 W, 78, P0
2026/09/30 07:48:44.450, Tesla T4, 6499 MiB, 8414 MiB, 15360 MiB, 40 %, 36 %, 1590 MHz, 5000 MHz, 63.16 W, 78, P0
2026/09/30 07:48:44.958, Tesla T4, 6499 MiB, 8414 MiB, 15360 MiB, 26 %, 24 %, 1590 MHz, 5000 MHz, 60.84 W, 78, P0
2026/09/30 07:48:45.486, Tesla T4, 6499 MiB, 8414 MiB, 15360 MiB, 33 %, 30 %, 1590 MHz, 5000 MHz, 63.87 W, 78, P0
2026/09/30 07:48:46.012, Tesla T4, 6499 MiB, 8414 MiB, 15360 MiB, 34 %, 31 %, 1590 MHz, 5000 MHz, 63.51 W, 78, P0
2026/09/30 07:48:46.533, Tesla T4, 6499 MiB, 8414 MiB, 15360 MiB, 30 %, 27 %, 1380 MHz, 5000 MHz, 52.43 W, 77, P0
2026/09/30 07:48:47.049, Tesla T4, 6499 MiB, 8414 MiB, 15360 MiB, 30 %, 26 %, 1290 MHz, 5000 MHz, 50.79 W, 76, P0
2026/09/30 07:48:47.564, Tesla T4, 6499 MiB, 8414 MiB, 15360 MiB, 28 %, 24 %, 1215 MHz, 5000 MHz, 52.00 W, 76, P0
2026/09/30 07:48:48.073, Tesla T4, 6499 MiB, 8414 MiB, 15360 MiB, 54 %, 34 %, 1125 MHz, 5000 MHz, 81.79 W, 77, P0
2026/09/30 07:48:48.582, Tesla T4, 6499 MiB, 8414 MiB, 15360 MiB, 41 %, 37 %, 1590 MHz, 5000 MHz, 67.45 W, 77, P0
2026/09/30 07:48:49.094, Tesla T4, 6499 MiB, 8414 MiB, 15360 MiB, 39 %, 35 %, 1590 MHz, 5000 MHz, 58.71 W, 77, P0
2026/09/30 07:48:49.602, Tesla T4, 6499 MiB, 8414 MiB, 15360 MiB, 42 %, 38 %, 1590 MHz, 5000 MHz, 68.47 W, 77, P0
2026/09/30 07:48:50.111, Tesla T4, 6499 MiB, 8414 MiB, 15360 MiB, 41 %, 37 %, 1590 MHz, 5000 MHz, 66.45 W, 77, P0
2026/09/30 07:48:50.621, Tesla T4, 6499 MiB, 8414 MiB, 15360 MiB, 42 %, 38 %, 1590 MHz, 5000 MHz, 73.97 W, 77, P0
2026/09/30 07:48:51.130, Tesla T4, 6499 MiB, 8414 MiB, 15360 MiB, 40 %, 37 %, 1575 MHz, 5000 MHz, 65.24 W, 77, P0
2026/09/30 07:48:51.639, Tesla T4, 6499 MiB, 8414 MiB, 15360 MiB, 41 %, 37 %, 1575 MHz, 5000 MHz, 65.89 W, 77, P0
2026/09/30 07:48:52.156, Tesla T4, 6499 MiB, 8414 MiB, 15360 MiB, 41 %, 37 %, 1590 MHz, 5000 MHz, 57.89 W, 77, P0
2026/09/30 07:48:52.665, Tesla T4, 6499 MiB, 8414 MiB, 15360 MiB, 41 %, 38 %, 1590 MHz, 5000 MHz, 65.04 W, 77, P0
2026/09/30 07:48:53.179, Tesla T4, 6499 MiB, 8414 MiB, 15360 MiB, 36 %, 32 %, 1590 MHz, 5000 MHz, 62.57 W, 77, P0
2026/09/30 07:48:53.688, Tesla T4, 6499 MiB, 8414 MiB, 15360 MiB, 42 %, 38 %, 1590 MHz, 5000 MHz, 67.26 W, 77, P0
2026/09/30 07:48:54.197, Tesla T4, 6499 MiB, 8414 MiB, 15360 MiB, 42 %, 38 %, 1575 MHz, 5000 MHz, 64.16 W, 77, P0
2026/09/30 07:48:54.719, Tesla T4, 6499 MiB, 8414 MiB, 15360 MiB, 43 %, 39 %, 1590 MHz, 5000 MHz, 68.14 W, 77, P0
2026/09/30 07:48:55.228, Tesla T4, 6499 MiB, 8414 MiB, 15360 MiB, 42 %, 38 %, 1590 MHz, 5000 MHz, 66.06 W, 77, P0
2026/09/30 07:48:55.759, Tesla T4, 6499 MiB, 8414 MiB, 15360 MiB, 59 %, 35 %, 1440 MHz, 5000 MHz, 72.89 W, 77, P0
2026/09/30 07:48:56.269, Tesla T4, 6499 MiB, 8414 MiB, 15360 MiB, 41 %, 37 %, 1590 MHz, 5000 MHz, 63.16 W, 77, P0
2026/09/30 07:48:56.786, Tesla T4, 6499 MiB, 8414 MiB, 15360 MiB, 42 %, 38 %, 1575 MHz, 5000 MHz, 67.45 W, 77, P0
2026/09/30 07:48:57.295, Tesla T4, 6499 MiB, 8414 MiB, 15360 MiB, 42 %, 38 %, 1590 MHz, 5000 MHz, 69.80 W, 77, P0
2026/09/30 07:48:57.803, Tesla T4, 6499 MiB, 8414 MiB, 15360 MiB, 29 %, 26 %, 1590 MHz, 5000 MHz, 61.89 W, 77, P0
2026/09/30 07:48:58.321, Tesla T4, 6499 MiB, 8414 MiB, 15360 MiB, 32 %, 29 %, 1575 MHz, 5000 MHz, 59.01 W, 77, P0
2026/09/30 07:48:58.838, Tesla T4, 6499 MiB, 8414 MiB, 15360 MiB, 35 %, 31 %, 1575 MHz, 5000 MHz, 61.36 W, 77, P0
2026/09/30 07:48:59.353, Tesla T4, 6499 MiB, 8414 MiB, 15360 MiB, 30 %, 26 %, 1380 MHz, 5000 MHz, 51.15 W, 76, P0
2026/09/30 07:48:59.874, Tesla T4, 6499 MiB, 8414 MiB, 15360 MiB, 34 %, 29 %, 1320 MHz, 5000 MHz, 46.16 W, 75, P0
2026/09/30 07:49:00.390, Tesla T4, 6499 MiB, 8414 MiB, 15360 MiB, 41 %, 36 %, 1305 MHz, 5000 MHz, 52.07 W, 75, P0
2026/09/30 07:49:00.906, Tesla T4, 6499 MiB, 8414 MiB, 15360 MiB, 42 %, 37 %, 1470 MHz, 5000 MHz, 56.59 W, 76, P0
2026/09/30 07:49:01.417, Tesla T4, 6499 MiB, 8414 MiB, 15360 MiB, 43 %, 39 %, 1560 MHz, 5000 MHz, 58.85 W, 76, P0
2026/09/30 07:49:01.925, Tesla T4, 6499 MiB, 8414 MiB, 15360 MiB, 41 %, 37 %, 1590 MHz, 5000 MHz, 62.81 W, 76, P0
2026/09/30 07:49:02.435, Tesla T4, 6499 MiB, 8414 MiB, 15360 MiB, 42 %, 38 %, 1590 MHz, 5000 MHz, 61.52 W, 76, P0
2026/09/30 07:49:02.943, Tesla T4, 6499 MiB, 8414 MiB, 15360 MiB, 40 %, 36 %, 1590 MHz, 5000 MHz, 59.40 W, 76, P0
2026/09/30 07:49:03.451, Tesla T4, 6499 MiB, 8414 MiB, 15360 MiB, 42 %, 38 %, 1590 MHz, 5000 MHz, 62.63 W, 76, P0
2026/09/30 07:49:03.961, Tesla T4, 6499 MiB, 8414 MiB, 15360 MiB, 43 %, 39 %, 1530 MHz, 5000 MHz, 69.76 W, 76, P0
2026/09/30 07:49:04.473, Tesla T4, 6499 MiB, 8414 MiB, 15360 MiB, 42 %, 38 %, 1575 MHz, 5000 MHz, 64.57 W, 76, P0
2026/09/30 07:49:04.982, Tesla T4, 6499 MiB, 8414 MiB, 15360 MiB, 41 %, 38 %, 1590 MHz, 5000 MHz, 68.17 W, 76, P0
2026/09/30 07:49:05.491, Tesla T4, 6499 MiB, 8414 MiB, 15360 MiB, 40 %, 36 %, 1590 MHz, 5000 MHz, 61.26 W, 76, P0
2026/09/30 07:49:05.999, Tesla T4, 6499 MiB, 8414 MiB, 15360 MiB, 42 %, 38 %, 1590 MHz, 5000 MHz, 65.81 W, 77, P0
2026/09/30 07:49:06.508, Tesla T4, 6499 MiB, 8414 MiB, 15360 MiB, 43 %, 40 %, 1560 MHz, 5000 MHz, 72.64 W, 76, P0
2026/09/30 07:49:07.019, Tesla T4, 6499 MiB, 8414 MiB, 15360 MiB, 42 %, 38 %, 1575 MHz, 5000 MHz, 64.89 W, 76, P0
2026/09/30 07:49:07.528, Tesla T4, 6499 MiB, 8414 MiB, 15360 MiB, 44 %, 40 %, 1110 MHz, 5000 MHz, 58.51 W, 77, P0
2026/09/30 07:49:08.036, Tesla T4, 6499 MiB, 8414 MiB, 15360 MiB, 36 %, 33 %, 1590 MHz, 5000 MHz, 62.14 W, 76, P0
2026/09/30 07:49:08.547, Tesla T4, 6499 MiB, 8414 MiB, 15360 MiB, 42 %, 38 %, 1575 MHz, 5000 MHz, 65.10 W, 77, P0
2026/09/30 07:49:09.057, Tesla T4, 6499 MiB, 8414 MiB, 15360 MiB, 37 %, 34 %, 1545 MHz, 5000 MHz, 66.65 W, 76, P0
2026/09/30 07:49:09.565, Tesla T4, 6499 MiB, 8414 MiB, 15360 MiB, 42 %, 38 %, 1575 MHz, 5000 MHz, 69.81 W, 77, P0
2026/09/30 07:49:10.078, Tesla T4, 6499 MiB, 8414 MiB, 15360 MiB, 38 %, 34 %, 1545 MHz, 5000 MHz, 66.51 W, 77, P0
2026/09/30 07:49:10.588, Tesla T4, 6499 MiB, 8414 MiB, 15360 MiB, 32 %, 29 %, 1590 MHz, 5000 MHz, 61.14 W, 76, P0
2026/09/30 07:49:11.111, Tesla T4, 6499 MiB, 8414 MiB, 15360 MiB, 29 %, 26 %, 1590 MHz, 5000 MHz, 60.24 W, 76, P0
2026/09/30 07:49:11.632, Tesla T4, 6499 MiB, 8414 MiB, 15360 MiB, 35 %, 31 %, 1590 MHz, 5000 MHz, 63.48 W, 76, P0
2026/09/30 07:49:12.141, Tesla T4, 6499 MiB, 8414 MiB, 15360 MiB, 29 %, 26 %, 1395 MHz, 5000 MHz, 49.64 W, 76, P0
2026/09/30 07:49:12.666, Tesla T4, 6499 MiB, 8414 MiB, 15360 MiB, 29 %, 25 %, 1305 MHz, 5000 MHz, 46.85 W, 75, P0
2026/09/30 07:49:13.191, Tesla T4, 6499 MiB, 8414 MiB, 15360 MiB, 42 %, 36 %, 1350 MHz, 5000 MHz, 53.77 W, 75, P0
2026/09/30 07:49:13.700, Tesla T4, 6499 MiB, 8414 MiB, 15360 MiB, 43 %, 38 %, 1575 MHz, 5000 MHz, 64.89 W, 76, P0
2026/09/30 07:49:14.208, Tesla T4, 6499 MiB, 8414 MiB, 15360 MiB, 39 %, 36 %, 1590 MHz, 5000 MHz, 67.75 W, 76, P0
2026/09/30 07:49:14.717, Tesla T4, 6499 MiB, 8414 MiB, 15360 MiB, 41 %, 37 %, 1575 MHz, 5000 MHz, 62.44 W, 76, P0
2026/09/30 07:49:15.227, Tesla T4, 6499 MiB, 8414 MiB, 15360 MiB, 39 %, 36 %, 1575 MHz, 5000 MHz, 66.22 W, 76, P0
2026/09/30 07:49:15.735, Tesla T4, 6499 MiB, 8414 MiB, 15360 MiB, 43 %, 39 %, 1575 MHz, 5000 MHz, 65.26 W, 76, P0
2026/09/30 07:49:16.248, Tesla T4, 6499 MiB, 8414 MiB, 15360 MiB, 40 %, 36 %, 1590 MHz, 5000 MHz, 60.68 W, 76, P0
2026/09/30 07:49:16.756, Tesla T4, 6499 MiB, 8414 MiB, 15360 MiB, 41 %, 37 %, 1575 MHz, 5000 MHz, 63.63 W, 76, P0
2026/09/30 07:49:17.265, Tesla T4, 6499 MiB, 8414 MiB, 15360 MiB, 42 %, 38 %, 1590 MHz, 5000 MHz, 66.69 W, 76, P0
2026/09/30 07:49:17.775, Tesla T4, 6499 MiB, 8414 MiB, 15360 MiB, 43 %, 39 %, 1560 MHz, 5000 MHz, 65.06 W, 76, P0
2026/09/30 07:49:18.288, Tesla T4, 6499 MiB, 8414 MiB, 15360 MiB, 43 %, 39 %, 1575 MHz, 5000 MHz, 64.22 W, 76, P0
2026/09/30 07:49:18.798, Tesla T4, 6499 MiB, 8414 MiB, 15360 MiB, 42 %, 38 %, 1590 MHz, 5000 MHz, 67.75 W, 77, P0
2026/09/30 07:49:19.308, Tesla T4, 6499 MiB, 8414 MiB, 15360 MiB, 42 %, 39 %, 1140 MHz, 5000 MHz, 64.10 W, 77, P0
2026/09/30 07:49:19.820, Tesla T4, 6499 MiB, 8414 MiB, 15360 MiB, 43 %, 38 %, 1545 MHz, 5000 MHz, 63.03 W, 77, P0
2026/09/30 07:49:20.329, Tesla T4, 6499 MiB, 8414 MiB, 15360 MiB, 41 %, 37 %, 1590 MHz, 5000 MHz, 58.92 W, 77, P0
2026/09/30 07:49:20.838, Tesla T4, 6499 MiB, 8414 MiB, 15360 MiB, 43 %, 39 %, 1575 MHz, 5000 MHz, 66.92 W, 77, P0
2026/09/30 07:49:21.350, Tesla T4, 6499 MiB, 8414 MiB, 15360 MiB, 40 %, 37 %, 1590 MHz, 5000 MHz, 68.33 W, 77, P0
2026/09/30 07:49:21.860, Tesla T4, 6499 MiB, 8414 MiB, 15360 MiB, 43 %, 39 %, 1590 MHz, 5000 MHz, 69.70 W, 77, P0
2026/09/30 07:49:22.369, Tesla T4, 6499 MiB, 8414 MiB, 15360 MiB, 42 %, 38 %, 1590 MHz, 5000 MHz, 69.06 W, 77, P0
2026/09/30 07:49:22.894, Tesla T4, 6499 MiB, 8414 MiB, 15360 MiB, 42 %, 38 %, 1590 MHz, 5000 MHz, 72.06 W, 77, P0
2026/09/30 07:49:23.413, Tesla T4, 6499 MiB, 8414 MiB, 15360 MiB, 32 %, 29 %, 1590 MHz, 5000 MHz, 58.67 W, 77, P0
2026/09/30 07:49:23.931, Tesla T4, 6499 MiB, 8414 MiB, 15360 MiB, 34 %, 30 %, 1590 MHz, 5000 MHz, 60.02 W, 77, P0
2026/09/30 07:49:24.455, Tesla T4, 6499 MiB, 8414 MiB, 15360 MiB, 31 %, 28 %, 1590 MHz, 5000 MHz, 58.71 W, 77, P0
2026/09/30 07:49:24.981, Tesla T4, 6499 MiB, 8414 MiB, 15360 MiB, 31 %, 27 %, 1335 MHz, 5000 MHz, 48.07 W, 76, P0
2026/09/30 07:49:25.514, Tesla T4, 6499 MiB, 8414 MiB, 15360 MiB, 29 %, 25 %, 1260 MHz, 5000 MHz, 47.60 W, 75, P0
2026/09/30 07:49:26.029, Tesla T4, 6499 MiB, 8414 MiB, 15360 MiB, 43 %, 37 %, 1320 MHz, 5000 MHz, 52.46 W, 75, P0
2026/09/30 07:49:26.539, Tesla T4, 6499 MiB, 8414 MiB, 15360 MiB, 44 %, 39 %, 1545 MHz, 5000 MHz, 66.14 W, 76, P0
2026/09/30 07:49:27.052, Tesla T4, 6499 MiB, 8414 MiB, 15360 MiB, 43 %, 39 %, 1530 MHz, 5000 MHz, 64.52 W, 76, P0
2026/09/30 07:49:27.562, Tesla T4, 6499 MiB, 8414 MiB, 15360 MiB, 43 %, 39 %, 1575 MHz, 5000 MHz, 65.61 W, 77, P0
2026/09/30 07:49:28.071, Tesla T4, 6499 MiB, 8414 MiB, 15360 MiB, 42 %, 38 %, 1590 MHz, 5000 MHz, 65.53 W, 77, P0
2026/09/30 07:49:28.580, Tesla T4, 6499 MiB, 8414 MiB, 15360 MiB, 44 %, 40 %, 1590 MHz, 5000 MHz, 67.55 W, 77, P0
2026/09/30 07:49:29.089, Tesla T4, 6499 MiB, 8414 MiB, 15360 MiB, 43 %, 39 %, 1590 MHz, 5000 MHz, 67.41 W, 77, P0
2026/09/30 07:49:29.597, Tesla T4, 6499 MiB, 8414 MiB, 15360 MiB, 44 %, 40 %, 1590 MHz, 5000 MHz, 66.91 W, 77, P0
2026/09/30 07:49:30.105, Tesla T4, 6499 MiB, 8414 MiB, 15360 MiB, 43 %, 39 %, 1515 MHz, 5000 MHz, 64.69 W, 77, P0
2026/09/30 07:49:30.619, Tesla T4, 6499 MiB, 8414 MiB, 15360 MiB, 44 %, 41 %, 1590 MHz, 5000 MHz, 66.56 W, 77, P0
2026/09/30 07:49:31.128, Tesla T4, 6499 MiB, 8414 MiB, 15360 MiB, 68 %, 33 %, 1575 MHz, 5000 MHz, 67.00 W, 77, P0
2026/09/30 07:49:31.636, Tesla T4, 6499 MiB, 8414 MiB, 15360 MiB, 42 %, 38 %, 1590 MHz, 5000 MHz, 74.21 W, 77, P0
2026/09/30 07:49:32.145, Tesla T4, 6499 MiB, 8414 MiB, 15360 MiB, 41 %, 37 %, 1575 MHz, 5000 MHz, 66.77 W, 77, P0
2026/09/30 07:49:32.654, Tesla T4, 6499 MiB, 8414 MiB, 15360 MiB, 43 %, 39 %, 1590 MHz, 5000 MHz, 61.32 W, 77, P0
2026/09/30 07:49:33.162, Tesla T4, 6499 MiB, 8414 MiB, 15360 MiB, 41 %, 37 %, 1575 MHz, 5000 MHz, 65.20 W, 77, P0
2026/09/30 07:49:33.673, Tesla T4, 6499 MiB, 8414 MiB, 15360 MiB, 42 %, 38 %, 1590 MHz, 5000 MHz, 62.50 W, 78, P0
2026/09/30 07:49:34.184, Tesla T4, 6499 MiB, 8414 MiB, 15360 MiB, 42 %, 38 %, 1560 MHz, 5000 MHz, 66.86 W, 77, P0
2026/09/30 07:49:34.693, Tesla T4, 6499 MiB, 8414 MiB, 15360 MiB, 43 %, 39 %, 1590 MHz, 5000 MHz, 66.51 W, 78, P0
2026/09/30 07:49:35.203, Tesla T4, 6499 MiB, 8414 MiB, 15360 MiB, 42 %, 38 %, 1530 MHz, 5000 MHz, 64.04 W, 78, P0
2026/09/30 07:49:35.712, Tesla T4, 6499 MiB, 8414 MiB, 15360 MiB, 31 %, 28 %, 1590 MHz, 5000 MHz, 57.54 W, 77, P0
2026/09/30 07:49:36.228, Tesla T4, 6499 MiB, 8414 MiB, 15360 MiB, 32 %, 29 %, 1590 MHz, 5000 MHz, 63.03 W, 77, P0
2026/09/30 07:49:36.755, Tesla T4, 6499 MiB, 8414 MiB, 15360 MiB, 33 %, 30 %, 1590 MHz, 5000 MHz, 60.51 W, 78, P0
2026/09/30 07:49:37.281, Tesla T4, 6499 MiB, 8414 MiB, 15360 MiB, 31 %, 28 %, 1590 MHz, 5000 MHz, 67.55 W, 77, P0
2026/09/30 07:49:37.802, Tesla T4, 6499 MiB, 8414 MiB, 15360 MiB, 30 %, 26 %, 1335 MHz, 5000 MHz, 53.64 W, 76, P0
2026/09/30 07:49:38.317, Tesla T4, 6499 MiB, 8414 MiB, 15360 MiB, 29 %, 25 %, 1245 MHz, 5000 MHz, 45.93 W, 76, P0
2026/09/30 07:49:38.836, Tesla T4, 6499 MiB, 8414 MiB, 15360 MiB, 45 %, 39 %, 1410 MHz, 5000 MHz, 57.15 W, 76, P0
2026/09/30 07:49:39.347, Tesla T4, 6499 MiB, 8414 MiB, 15360 MiB, 40 %, 36 %, 1560 MHz, 5000 MHz, 67.96 W, 77, P0
2026/09/30 07:49:39.855, Tesla T4, 6499 MiB, 8414 MiB, 15360 MiB, 43 %, 39 %, 1575 MHz, 5000 MHz, 65.69 W, 77, P0
2026/09/30 07:49:40.364, Tesla T4, 6499 MiB, 8414 MiB, 15360 MiB, 41 %, 37 %, 1560 MHz, 5000 MHz, 68.81 W, 77, P0
2026/09/30 07:49:40.879, Tesla T4, 6499 MiB, 8414 MiB, 15360 MiB, 40 %, 37 %, 1590 MHz, 5000 MHz, 67.84 W, 78, P0
2026/09/30 07:49:41.387, Tesla T4, 6499 MiB, 8414 MiB, 15360 MiB, 39 %, 35 %, 1590 MHz, 5000 MHz, 65.30 W, 78, P0
2026/09/30 07:49:41.896, Tesla T4, 6499 MiB, 8414 MiB, 15360 MiB, 42 %, 38 %, 1575 MHz, 5000 MHz, 67.45 W, 78, P0
2026/09/30 07:49:42.408, Tesla T4, 6499 MiB, 8414 MiB, 15360 MiB, 39 %, 36 %, 1590 MHz, 5000 MHz, 72.21 W, 78, P0
2026/09/30 07:49:42.917, Tesla T4, 6499 MiB, 8414 MiB, 15360 MiB, 41 %, 37 %, 1590 MHz, 5000 MHz, 70.39 W, 78, P0
2026/09/30 07:49:43.427, Tesla T4, 6499 MiB, 8414 MiB, 15360 MiB, 39 %, 35 %, 1590 MHz, 5000 MHz, 66.02 W, 78, P0
2026/09/30 07:49:43.937, Tesla T4, 6499 MiB, 8414 MiB, 15360 MiB, 41 %, 37 %, 1590 MHz, 5000 MHz, 67.13 W, 78, P0
2026/09/30 07:49:44.449, Tesla T4, 6499 MiB, 8414 MiB, 15360 MiB, 68 %, 32 %, 1545 MHz, 5000 MHz, 59.59 W, 78, P0
2026/09/30 07:49:44.958, Tesla T4, 6499 MiB, 8414 MiB, 15360 MiB, 41 %, 37 %, 1590 MHz, 5000 MHz, 65.87 W, 78, P0
2026/09/30 07:49:45.468, Tesla T4, 6499 MiB, 8414 MiB, 15360 MiB, 39 %, 35 %, 1575 MHz, 5000 MHz, 66.67 W, 78, P0
2026/09/30 07:49:45.980, Tesla T4, 6499 MiB, 8414 MiB, 15360 MiB, 41 %, 37 %, 1575 MHz, 5000 MHz, 70.30 W, 78, P0
2026/09/30 07:49:46.489, Tesla T4, 6499 MiB, 8414 MiB, 15360 MiB, 40 %, 36 %, 1575 MHz, 5000 MHz, 63.06 W, 78, P0
2026/09/30 07:49:47.000, Tesla T4, 6499 MiB, 8414 MiB, 15360 MiB, 40 %, 37 %, 1590 MHz, 5000 MHz, 66.56 W, 78, P0
2026/09/30 07:49:47.509, Tesla T4, 6499 MiB, 8414 MiB, 15360 MiB, 41 %, 37 %, 1590 MHz, 5000 MHz, 67.40 W, 78, P0
2026/09/30 07:49:48.017, Tesla T4, 6499 MiB, 8414 MiB, 15360 MiB, 41 %, 37 %, 1575 MHz, 5000 MHz, 66.71 W, 78, P0
2026/09/30 07:49:48.525, Tesla T4, 6499 MiB, 8414 MiB, 15360 MiB, 41 %, 37 %, 1590 MHz, 5000 MHz, 56.26 W, 78, P0
2026/09/30 07:49:49.040, Tesla T4, 6499 MiB, 8414 MiB, 15360 MiB, 32 %, 29 %, 1590 MHz, 5000 MHz, 62.16 W, 78, P0
2026/09/30 07:49:49.568, Tesla T4, 6499 MiB, 8414 MiB, 15360 MiB, 33 %, 30 %, 1590 MHz, 5000 MHz, 60.08 W, 78, P0
2026/09/30 07:49:50.091, Tesla T4, 6499 MiB, 8414 MiB, 15360 MiB, 32 %, 29 %, 1590 MHz, 5000 MHz, 56.78 W, 78, P0
2026/09/30 07:49:50.607, Tesla T4, 6499 MiB, 8414 MiB, 15360 MiB, 34 %, 30 %, 1290 MHz, 5000 MHz, 50.33 W, 76, P0
2026/09/30 07:49:51.130, Tesla T4, 6499 MiB, 8414 MiB, 15360 MiB, 29 %, 25 %, 1230 MHz, 5000 MHz, 45.31 W, 76, P0
2026/09/30 07:49:51.647, Tesla T4, 6499 MiB, 8414 MiB, 15360 MiB, 44 %, 39 %, 1500 MHz, 5000 MHz, 56.46 W, 77, P0
2026/09/30 07:49:52.156, Tesla T4, 6499 MiB, 8414 MiB, 15360 MiB, 42 %, 38 %, 1590 MHz, 5000 MHz, 66.53 W, 77, P0
2026/09/30 07:49:52.667, Tesla T4, 6499 MiB, 8414 MiB, 15360 MiB, 42 %, 38 %, 1590 MHz, 5000 MHz, 64.57 W, 78, P0
2026/09/30 07:49:53.175, Tesla T4, 6499 MiB, 8414 MiB, 15360 MiB, 39 %, 35 %, 1590 MHz, 5000 MHz, 65.94 W, 78, P0
2026/09/30 07:49:53.684, Tesla T4, 6499 MiB, 8414 MiB, 15360 MiB, 42 %, 39 %, 1575 MHz, 5000 MHz, 65.24 W, 78, P0
2026/09/30 07:49:54.193, Tesla T4, 6499 MiB, 8414 MiB, 15360 MiB, 42 %, 39 %, 1560 MHz, 5000 MHz, 67.94 W, 78, P0
2026/09/30 07:49:54.707, Tesla T4, 6499 MiB, 8414 MiB, 15360 MiB, 42 %, 39 %, 1590 MHz, 5000 MHz, 62.85 W, 78, P0
2026/09/30 07:49:55.216, Tesla T4, 6499 MiB, 8414 MiB, 15360 MiB, 40 %, 37 %, 1575 MHz, 5000 MHz, 67.40 W, 78, P0
2026/09/30 07:49:55.726, Tesla T4, 6499 MiB, 8414 MiB, 15360 MiB, 44 %, 40 %, 1575 MHz, 5000 MHz, 61.22 W, 78, P0
2026/09/30 07:49:56.237, Tesla T4, 6499 MiB, 8414 MiB, 15360 MiB, 64 %, 33 %, 1155 MHz, 5000 MHz, 62.83 W, 77, P0
2026/09/30 07:49:56.750, Tesla T4, 6499 MiB, 8414 MiB, 15360 MiB, 41 %, 37 %, 1590 MHz, 5000 MHz, 66.18 W, 78, P0
2026/09/30 07:49:57.259, Tesla T4, 6499 MiB, 8414 MiB, 15360 MiB, 40 %, 36 %, 1575 MHz, 5000 MHz, 61.98 W, 78, P0
2026/09/30 07:49:57.770, Tesla T4, 6499 MiB, 8414 MiB, 15360 MiB, 43 %, 38 %, 1575 MHz, 5000 MHz, 61.89 W, 78, P0
2026/09/30 07:49:58.279, Tesla T4, 6499 MiB, 8414 MiB, 15360 MiB, 42 %, 38 %, 1560 MHz, 5000 MHz, 67.06 W, 78, P0
2026/09/30 07:49:58.787, Tesla T4, 6499 MiB, 8414 MiB, 15360 MiB, 41 %, 37 %, 1590 MHz, 5000 MHz, 64.32 W, 78, P0
2026/09/30 07:49:59.295, Tesla T4, 6499 MiB, 8414 MiB, 15360 MiB, 40 %, 36 %, 1575 MHz, 5000 MHz, 66.50 W, 78, P0
2026/09/30 07:49:59.806, Tesla T4, 6499 MiB, 8414 MiB, 15360 MiB, 42 %, 37 %, 1590 MHz, 5000 MHz, 69.36 W, 78, P0
2026/09/30 07:50:00.315, Tesla T4, 6499 MiB, 8414 MiB, 15360 MiB, 43 %, 39 %, 1575 MHz, 5000 MHz, 67.40 W, 78, P0
2026/09/30 07:50:00.824, Tesla T4, 6499 MiB, 8414 MiB, 15360 MiB, 42 %, 38 %, 1590 MHz, 5000 MHz, 65.32 W, 78, P0
2026/09/30 07:50:01.338, Tesla T4, 6499 MiB, 8414 MiB, 15360 MiB, 37 %, 34 %, 1590 MHz, 5000 MHz, 58.75 W, 77, P0
2026/09/30 07:50:01.853, Tesla T4, 6499 MiB, 8414 MiB, 15360 MiB, 33 %, 30 %, 1590 MHz, 5000 MHz, 62.34 W, 77, P0
2026/09/30 07:50:02.375, Tesla T4, 6499 MiB, 8414 MiB, 15360 MiB, 34 %, 31 %, 1590 MHz, 5000 MHz, 62.73 W, 77, P0
2026/09/30 07:50:02.901, Tesla T4, 6499 MiB, 8414 MiB, 15360 MiB, 51 %, 25 %, 1575 MHz, 5000 MHz, 61.65 W, 77, P0
2026/09/30 07:50:03.422, Tesla T4, 6499 MiB, 8414 MiB, 15360 MiB, 27 %, 25 %, 1590 MHz, 5000 MHz, 59.92 W, 77, P0
2026/09/30 07:50:03.938, Tesla T4, 6499 MiB, 8414 MiB, 15360 MiB, 26 %, 24 %, 1590 MHz, 5000 MHz, 57.96 W, 77, P0
2026/09/30 07:50:04.451, Tesla T4, 6499 MiB, 8414 MiB, 15360 MiB, 38 %, 34 %, 1575 MHz, 5000 MHz, 63.65 W, 77, P0
2026/09/30 07:50:04.960, Tesla T4, 6499 MiB, 8414 MiB, 15360 MiB, 41 %, 37 %, 1590 MHz, 5000 MHz, 68.04 W, 77, P0
2026/09/30 07:50:05.468, Tesla T4, 6499 MiB, 8414 MiB, 15360 MiB, 40 %, 36 %, 1575 MHz, 5000 MHz, 68.53 W, 77, P0
2026/09/30 07:50:05.985, Tesla T4, 6499 MiB, 8414 MiB, 15360 MiB, 41 %, 37 %, 1590 MHz, 5000 MHz, 67.16 W, 77, P0
2026/09/30 07:50:06.494, Tesla T4, 6499 MiB, 8414 MiB, 15360 MiB, 41 %, 37 %, 1590 MHz, 5000 MHz, 66.82 W, 78, P0
2026/09/30 07:50:07.004, Tesla T4, 6499 MiB, 8414 MiB, 15360 MiB, 41 %, 37 %, 1590 MHz, 5000 MHz, 66.53 W, 77, P0
2026/09/30 07:50:07.513, Tesla T4, 6499 MiB, 8414 MiB, 15360 MiB, 42 %, 38 %, 1545 MHz, 5000 MHz, 64.32 W, 77, P0
2026/09/30 07:50:08.022, Tesla T4, 6499 MiB, 8414 MiB, 15360 MiB, 41 %, 38 %, 1590 MHz, 5000 MHz, 65.20 W, 77, P0
2026/09/30 07:50:08.530, Tesla T4, 6499 MiB, 8414 MiB, 15360 MiB, 40 %, 37 %, 1590 MHz, 5000 MHz, 66.57 W, 77, P0
2026/09/30 07:50:09.045, Tesla T4, 6499 MiB, 8414 MiB, 15360 MiB, 39 %, 35 %, 1590 MHz, 5000 MHz, 66.26 W, 77, P0
2026/09/30 07:50:09.553, Tesla T4, 6499 MiB, 8414 MiB, 15360 MiB, 37 %, 33 %, 1590 MHz, 5000 MHz, 65.20 W, 77, P0
2026/09/30 07:50:10.063, Tesla T4, 6499 MiB, 8414 MiB, 15360 MiB, 41 %, 37 %, 1560 MHz, 5000 MHz, 64.26 W, 77, P0
2026/09/30 07:50:10.572, Tesla T4, 6499 MiB, 8414 MiB, 15360 MiB, 40 %, 36 %, 1590 MHz, 5000 MHz, 66.91 W, 77, P0
2026/09/30 07:50:11.081, Tesla T4, 6499 MiB, 8414 MiB, 15360 MiB, 40 %, 36 %, 1590 MHz, 5000 MHz, 64.51 W, 77, P0
2026/09/30 07:50:11.589, Tesla T4, 6499 MiB, 8414 MiB, 15360 MiB, 40 %, 37 %, 1590 MHz, 5000 MHz, 67.79 W, 77, P0
2026/09/30 07:50:12.099, Tesla T4, 6499 MiB, 8414 MiB, 15360 MiB, 41 %, 38 %, 1590 MHz, 5000 MHz, 64.61 W, 77, P0
2026/09/30 07:50:12.608, Tesla T4, 6499 MiB, 8414 MiB, 15360 MiB, 41 %, 38 %, 1590 MHz, 5000 MHz, 69.65 W, 77, P0
2026/09/30 07:50:13.116, Tesla T4, 6499 MiB, 8414 MiB, 15360 MiB, 42 %, 38 %, 1575 MHz, 5000 MHz, 68.03 W, 77, P0
2026/09/30 07:50:13.632, Tesla T4, 6499 MiB, 8414 MiB, 15360 MiB, 39 %, 35 %, 1545 MHz, 5000 MHz, 65.40 W, 77, P0
2026/09/30 07:50:14.141, Tesla T4, 6499 MiB, 8414 MiB, 15360 MiB, 30 %, 27 %, 1575 MHz, 5000 MHz, 66.32 W, 77, P0
2026/09/30 07:50:14.658, Tesla T4, 6499 MiB, 8414 MiB, 15360 MiB, 55 %, 28 %, 1590 MHz, 5000 MHz, 60.84 W, 77, P0
2026/09/30 07:50:15.171, Tesla T4, 6499 MiB, 8414 MiB, 15360 MiB, 33 %, 30 %, 1590 MHz, 5000 MHz, 66.89 W, 77, P0
2026/09/30 07:50:15.686, Tesla T4, 6499 MiB, 8414 MiB, 15360 MiB, 31 %, 29 %, 1590 MHz, 5000 MHz, 57.51 W, 77, P0
2026/09/30 07:50:16.202, Tesla T4, 6499 MiB, 8414 MiB, 15360 MiB, 32 %, 29 %, 1590 MHz, 5000 MHz, 65.18 W, 77, P0
2026/09/30 07:50:16.720, Tesla T4, 6499 MiB, 8414 MiB, 15360 MiB, 27 %, 23 %, 1290 MHz, 5000 MHz, 46.13 W, 76, P0
2026/09/30 07:50:17.230, Tesla T4, 6499 MiB, 8414 MiB, 15360 MiB, 43 %, 38 %, 1440 MHz, 5000 MHz, 53.74 W, 76, P0
2026/09/30 07:50:17.739, Tesla T4, 6499 MiB, 8414 MiB, 15360 MiB, 42 %, 37 %, 1575 MHz, 5000 MHz, 60.97 W, 76, P0
2026/09/30 07:50:18.250, Tesla T4, 6499 MiB, 8414 MiB, 15360 MiB, 41 %, 37 %, 1575 MHz, 5000 MHz, 63.85 W, 77, P0
2026/09/30 07:50:18.759, Tesla T4, 6499 MiB, 8414 MiB, 15360 MiB, 41 %, 36 %, 1590 MHz, 5000 MHz, 62.42 W, 77, P0
2026/09/30 07:50:19.281, Tesla T4, 6499 MiB, 8414 MiB, 15360 MiB, 41 %, 37 %, 1590 MHz, 5000 MHz, 68.26 W, 77, P0
2026/09/30 07:50:19.790, Tesla T4, 6499 MiB, 8414 MiB, 15360 MiB, 43 %, 39 %, 1560 MHz, 5000 MHz, 66.32 W, 77, P0
2026/09/30 07:50:20.322, Tesla T4, 6499 MiB, 8414 MiB, 15360 MiB, 42 %, 38 %, 1590 MHz, 5000 MHz, 65.52 W, 77, P0
2026/09/30 07:50:20.831, Tesla T4, 6499 MiB, 8414 MiB, 15360 MiB, 42 %, 38 %, 1590 MHz, 5000 MHz, 66.83 W, 77, P0
2026/09/30 07:50:21.353, Tesla T4, 6499 MiB, 8414 MiB, 15360 MiB, 42 %, 39 %, 1590 MHz, 5000 MHz, 63.89 W, 77, P0
2026/09/30 07:50:21.861, Tesla T4, 6499 MiB, 8414 MiB, 15360 MiB, 41 %, 38 %, 1590 MHz, 5000 MHz, 61.22 W, 77, P0
2026/09/30 07:50:22.370, Tesla T4, 6499 MiB, 8414 MiB, 15360 MiB, 41 %, 37 %, 1575 MHz, 5000 MHz, 63.38 W, 77, P0
2026/09/30 07:50:22.882, Tesla T4, 6499 MiB, 8414 MiB, 15360 MiB, 44 %, 40 %, 1575 MHz, 5000 MHz, 64.06 W, 77, P0
2026/09/30 07:50:23.390, Tesla T4, 6499 MiB, 8414 MiB, 15360 MiB, 42 %, 39 %, 1575 MHz, 5000 MHz, 65.38 W, 77, P0
2026/09/30 07:50:23.899, Tesla T4, 6499 MiB, 8414 MiB, 15360 MiB, 42 %, 38 %, 1590 MHz, 5000 MHz, 67.00 W, 77, P0
2026/09/30 07:50:24.408, Tesla T4, 6499 MiB, 8414 MiB, 15360 MiB, 43 %, 39 %, 1590 MHz, 5000 MHz, 65.87 W, 77, P0
2026/09/30 07:50:24.917, Tesla T4, 6499 MiB, 8414 MiB, 15360 MiB, 43 %, 39 %, 1590 MHz, 5000 MHz, 65.28 W, 77, P0
2026/09/30 07:50:25.425, Tesla T4, 6499 MiB, 8414 MiB, 15360 MiB, 42 %, 38 %, 1575 MHz, 5000 MHz, 67.93 W, 77, P0
2026/09/30 07:50:25.934, Tesla T4, 6499 MiB, 8414 MiB, 15360 MiB, 44 %, 40 %, 1590 MHz, 5000 MHz, 64.85 W, 77, P0
2026/09/30 07:50:26.443, Tesla T4, 6499 MiB, 8414 MiB, 15360 MiB, 41 %, 37 %, 1530 MHz, 5000 MHz, 64.85 W, 77, P0
2026/09/30 07:50:26.954, Tesla T4, 6499 MiB, 8414 MiB, 15360 MiB, 30 %, 27 %, 1575 MHz, 5000 MHz, 57.21 W, 76, P0
2026/09/30 07:50:27.467, Tesla T4, 6499 MiB, 8414 MiB, 15360 MiB, 30 %, 27 %, 1575 MHz, 5000 MHz, 58.59 W, 76, P0
2026/09/30 07:50:27.993, Tesla T4, 6499 MiB, 8414 MiB, 15360 MiB, 33 %, 29 %, 1575 MHz, 5000 MHz, 60.16 W, 76, P0
2026/09/30 07:50:28.508, Tesla T4, 6499 MiB, 8414 MiB, 15360 MiB, 28 %, 25 %, 1335 MHz, 5000 MHz, 53.61 W, 76, P0
2026/09/30 07:50:29.025, Tesla T4, 6499 MiB, 8414 MiB, 15360 MiB, 34 %, 29 %, 1260 MHz, 5000 MHz, 51.28 W, 75, P0
2026/09/30 07:50:29.550, Tesla T4, 6499 MiB, 8414 MiB, 15360 MiB, 26 %, 22 %, 1200 MHz, 5000 MHz, 47.56 W, 75, P0
2026/09/30 07:50:30.061, Tesla T4, 6499 MiB, 8414 MiB, 15360 MiB, 42 %, 36 %, 1410 MHz, 5000 MHz, 55.41 W, 75, P0
2026/09/30 07:50:30.571, Tesla T4, 6499 MiB, 8414 MiB, 15360 MiB, 40 %, 36 %, 1560 MHz, 5000 MHz, 61.89 W, 76, P0
2026/09/30 07:50:31.079, Tesla T4, 6499 MiB, 8414 MiB, 15360 MiB, 41 %, 37 %, 1590 MHz, 5000 MHz, 68.71 W, 76, P0
2026/09/30 07:50:31.588, Tesla T4, 6499 MiB, 8414 MiB, 15360 MiB, 38 %, 34 %, 1590 MHz, 5000 MHz, 62.77 W, 76, P0
2026/09/30 07:50:32.096, Tesla T4, 6499 MiB, 8414 MiB, 15360 MiB, 40 %, 37 %, 1590 MHz, 5000 MHz, 66.32 W, 76, P0
2026/09/30 07:50:32.605, Tesla T4, 6499 MiB, 8414 MiB, 15360 MiB, 39 %, 35 %, 1590 MHz, 5000 MHz, 68.47 W, 76, P0
2026/09/30 07:50:33.114, Tesla T4, 6499 MiB, 8414 MiB, 15360 MiB, 41 %, 37 %, 1590 MHz, 5000 MHz, 72.59 W, 76, P0
2026/09/30 07:50:33.623, Tesla T4, 6499 MiB, 8414 MiB, 15360 MiB, 40 %, 37 %, 1590 MHz, 5000 MHz, 69.06 W, 76, P0
2026/09/30 07:50:34.133, Tesla T4, 6499 MiB, 8414 MiB, 15360 MiB, 41 %, 38 %, 1590 MHz, 5000 MHz, 66.60 W, 76, P0
2026/09/30 07:50:34.647, Tesla T4, 6499 MiB, 8414 MiB, 15360 MiB, 39 %, 36 %, 1575 MHz, 5000 MHz, 67.52 W, 76, P0
2026/09/30 07:50:35.156, Tesla T4, 6499 MiB, 8414 MiB, 15360 MiB, 40 %, 36 %, 1590 MHz, 5000 MHz, 74.61 W, 77, P0
2026/09/30 07:50:35.667, Tesla T4, 6499 MiB, 8414 MiB, 15360 MiB, 39 %, 36 %, 1590 MHz, 5000 MHz, 66.56 W, 77, P0
2026/09/30 07:50:36.175, Tesla T4, 6499 MiB, 8414 MiB, 15360 MiB, 41 %, 37 %, 1530 MHz, 5000 MHz, 66.22 W, 77, P0
2026/09/30 07:50:36.684, Tesla T4, 6499 MiB, 8414 MiB, 15360 MiB, 39 %, 36 %, 1590 MHz, 5000 MHz, 65.75 W, 77, P0
2026/09/30 07:50:37.192, Tesla T4, 6499 MiB, 8414 MiB, 15360 MiB, 43 %, 39 %, 1575 MHz, 5000 MHz, 67.02 W, 77, P0
2026/09/30 07:50:37.705, Tesla T4, 6499 MiB, 8414 MiB, 15360 MiB, 41 %, 37 %, 1575 MHz, 5000 MHz, 69.32 W, 77, P0
2026/09/30 07:50:38.213, Tesla T4, 6499 MiB, 8414 MiB, 15360 MiB, 53 %, 34 %, 1575 MHz, 5000 MHz, 56.62 W, 76, P0
2026/09/30 07:50:38.722, Tesla T4, 6499 MiB, 8414 MiB, 15360 MiB, 38 %, 34 %, 1590 MHz, 5000 MHz, 63.40 W, 77, P0
2026/09/30 07:50:39.231, Tesla T4, 6499 MiB, 8414 MiB, 15360 MiB, 40 %, 36 %, 1545 MHz, 5000 MHz, 67.68 W, 77, P0
2026/09/30 07:50:39.744, Tesla T4, 6499 MiB, 8414 MiB, 15360 MiB, 28 %, 25 %, 1590 MHz, 5000 MHz, 61.67 W, 76, P0
2026/09/30 07:50:40.273, Tesla T4, 6499 MiB, 8414 MiB, 15360 MiB, 33 %, 30 %, 1590 MHz, 5000 MHz, 59.33 W, 76, P0
2026/09/30 07:50:40.787, Tesla T4, 6499 MiB, 8414 MiB, 15360 MiB, 34 %, 31 %, 1590 MHz, 5000 MHz, 59.83 W, 76, P0
2026/09/30 07:50:41.303, Tesla T4, 6499 MiB, 8414 MiB, 15360 MiB, 29 %, 26 %, 1365 MHz, 5000 MHz, 59.14 W, 76, P0
2026/09/30 07:50:41.818, Tesla T4, 6499 MiB, 8414 MiB, 15360 MiB, 33 %, 29 %, 1320 MHz, 5000 MHz, 51.22 W, 75, P0
2026/09/30 07:50:42.339, Tesla T4, 6499 MiB, 8414 MiB, 15360 MiB, 28 %, 24 %, 1215 MHz, 5000 MHz, 46.66 W, 75, P0
2026/09/30 07:50:42.849, Tesla T4, 6499 MiB, 8414 MiB, 15360 MiB, 45 %, 39 %, 1485 MHz, 5000 MHz, 60.90 W, 76, P0
2026/09/30 07:50:43.357, Tesla T4, 6499 MiB, 8414 MiB, 15360 MiB, 41 %, 37 %, 1590 MHz, 5000 MHz, 65.85 W, 76, P0
2026/09/30 07:50:43.865, Tesla T4, 6499 MiB, 8414 MiB, 15360 MiB, 41 %, 37 %, 1575 MHz, 5000 MHz, 60.75 W, 76, P0
2026/09/30 07:50:44.379, Tesla T4, 6499 MiB, 8414 MiB, 15360 MiB, 43 %, 39 %, 1560 MHz, 5000 MHz, 64.54 W, 76, P0
2026/09/30 07:50:44.889, Tesla T4, 6499 MiB, 8414 MiB, 15360 MiB, 42 %, 38 %, 1545 MHz, 5000 MHz, 63.16 W, 77, P0
2026/09/30 07:50:45.398, Tesla T4, 6499 MiB, 8414 MiB, 15360 MiB, 43 %, 39 %, 1590 MHz, 5000 MHz, 68.86 W, 77, P0
2026/09/30 07:50:45.908, Tesla T4, 6499 MiB, 8414 MiB, 15360 MiB, 43 %, 39 %, 1590 MHz, 5000 MHz, 68.03 W, 77, P0
2026/09/30 07:50:46.420, Tesla T4, 6499 MiB, 8414 MiB, 15360 MiB, 43 %, 40 %, 1575 MHz, 5000 MHz, 65.34 W, 77, P0
2026/09/30 07:50:46.928, Tesla T4, 6499 MiB, 8414 MiB, 15360 MiB, 40 %, 36 %, 1575 MHz, 5000 MHz, 62.83 W, 77, P0
2026/09/30 07:50:47.441, Tesla T4, 6499 MiB, 8414 MiB, 15360 MiB, 42 %, 38 %, 1575 MHz, 5000 MHz, 65.90 W, 77, P0
2026/09/30 07:50:47.950, Tesla T4, 6499 MiB, 8414 MiB, 15360 MiB, 43 %, 39 %, 1575 MHz, 5000 MHz, 63.32 W, 77, P0
2026/09/30 07:50:48.458, Tesla T4, 6499 MiB, 8414 MiB, 15360 MiB, 41 %, 36 %, 1545 MHz, 5000 MHz, 67.75 W, 77, P0
2026/09/30 07:50:48.972, Tesla T4, 6499 MiB, 8414 MiB, 15360 MiB, 41 %, 37 %, 1590 MHz, 5000 MHz, 64.93 W, 77, P0
2026/09/30 07:50:49.481, Tesla T4, 6499 MiB, 8414 MiB, 15360 MiB, 41 %, 37 %, 1575 MHz, 5000 MHz, 62.63 W, 77, P0
2026/09/30 07:50:49.989, Tesla T4, 6499 MiB, 8414 MiB, 15360 MiB, 41 %, 37 %, 1590 MHz, 5000 MHz, 58.42 W, 77, P0
2026/09/30 07:50:50.498, Tesla T4, 6499 MiB, 8414 MiB, 15360 MiB, 39 %, 35 %, 1590 MHz, 5000 MHz, 69.13 W, 77, P0
2026/09/30 07:50:51.008, Tesla T4, 6499 MiB, 8414 MiB, 15360 MiB, 42 %, 38 %, 1575 MHz, 5000 MHz, 64.81 W, 77, P0
2026/09/30 07:50:51.516, Tesla T4, 6499 MiB, 8414 MiB, 15360 MiB, 40 %, 36 %, 1590 MHz, 5000 MHz, 66.12 W, 77, P0
2026/09/30 07:50:52.027, Tesla T4, 6499 MiB, 8414 MiB, 15360 MiB, 40 %, 37 %, 1590 MHz, 5000 MHz, 69.20 W, 77, P0
2026/09/30 07:50:52.538, Tesla T4, 6499 MiB, 8414 MiB, 15360 MiB, 29 %, 27 %, 1590 MHz, 5000 MHz, 63.81 W, 77, P0
2026/09/30 07:50:53.061, Tesla T4, 6499 MiB, 8414 MiB, 15360 MiB, 33 %, 30 %, 1590 MHz, 5000 MHz, 65.36 W, 77, P0
2026/09/30 07:50:53.586, Tesla T4, 6499 MiB, 8414 MiB, 15360 MiB, 33 %, 30 %, 1590 MHz, 5000 MHz, 61.16 W, 77, P0
2026/09/30 07:50:54.114, Tesla T4, 6499 MiB, 8414 MiB, 15360 MiB, 31 %, 28 %, 1395 MHz, 5000 MHz, 55.64 W, 76, P0
2026/09/30 07:50:54.631, Tesla T4, 6499 MiB, 8414 MiB, 15360 MiB, 34 %, 30 %, 1335 MHz, 5000 MHz, 51.35 W, 76, P0
2026/09/30 07:50:55.152, Tesla T4, 6499 MiB, 8414 MiB, 15360 MiB, 37 %, 32 %, 1260 MHz, 5000 MHz, 53.45 W, 76, P0
2026/09/30 07:50:55.662, Tesla T4, 6499 MiB, 8414 MiB, 15360 MiB, 41 %, 36 %, 1455 MHz, 5000 MHz, 59.01 W, 76, P0
2026/09/30 07:50:56.172, Tesla T4, 6499 MiB, 8414 MiB, 15360 MiB, 42 %, 38 %, 1560 MHz, 5000 MHz, 66.57 W, 77, P0
2026/09/30 07:50:56.682, Tesla T4, 6499 MiB, 8414 MiB, 15360 MiB, 40 %, 36 %, 1590 MHz, 5000 MHz, 66.14 W, 77, P0
2026/09/30 07:50:57.190, Tesla T4, 6499 MiB, 8414 MiB, 15360 MiB, 43 %, 39 %, 1590 MHz, 5000 MHz, 65.71 W, 77, P0
2026/09/30 07:50:57.700, Tesla T4, 6499 MiB, 8414 MiB, 15360 MiB, 40 %, 36 %, 1575 MHz, 5000 MHz, 68.28 W, 77, P0
2026/09/30 07:50:58.208, Tesla T4, 6499 MiB, 8414 MiB, 15360 MiB, 43 %, 39 %, 1575 MHz, 5000 MHz, 67.70 W, 78, P0
2026/09/30 07:50:58.717, Tesla T4, 6499 MiB, 8414 MiB, 15360 MiB, 40 %, 36 %, 1590 MHz, 5000 MHz, 74.31 W, 78, P0
2026/09/30 07:50:59.225, Tesla T4, 6499 MiB, 8414 MiB, 15360 MiB, 41 %, 38 %, 1575 MHz, 5000 MHz, 67.63 W, 78, P0
2026/09/30 07:50:59.739, Tesla T4, 6499 MiB, 8414 MiB, 15360 MiB, 39 %, 35 %, 1560 MHz, 5000 MHz, 67.58 W, 78, P0
2026/09/30 07:51:00.247, Tesla T4, 6499 MiB, 8414 MiB, 15360 MiB, 40 %, 36 %, 1590 MHz, 5000 MHz, 65.97 W, 78, P0
2026/09/30 07:51:00.756, Tesla T4, 6499 MiB, 8414 MiB, 15360 MiB, 39 %, 35 %, 1545 MHz, 5000 MHz, 63.53 W, 78, P0
2026/09/30 07:51:01.269, Tesla T4, 6499 MiB, 8414 MiB, 15360 MiB, 40 %, 36 %, 1560 MHz, 5000 MHz, 67.48 W, 78, P0
2026/09/30 07:51:01.779, Tesla T4, 6499 MiB, 8414 MiB, 15360 MiB, 40 %, 36 %, 1560 MHz, 5000 MHz, 65.85 W, 78, P0
2026/09/30 07:51:02.287, Tesla T4, 6499 MiB, 8414 MiB, 15360 MiB, 40 %, 36 %, 1575 MHz, 5000 MHz, 65.83 W, 78, P0
2026/09/30 07:51:02.806, Tesla T4, 6499 MiB, 8414 MiB, 15360 MiB, 40 %, 36 %, 1575 MHz, 5000 MHz, 67.59 W, 78, P0
2026/09/30 07:51:03.314, Tesla T4, 6499 MiB, 8414 MiB, 15360 MiB, 41 %, 36 %, 1530 MHz, 5000 MHz, 67.90 W, 78, P0
2026/09/30 07:51:03.830, Tesla T4, 6499 MiB, 8414 MiB, 15360 MiB, 39 %, 35 %, 1590 MHz, 5000 MHz, 66.57 W, 78, P0
2026/09/30 07:51:04.339, Tesla T4, 6499 MiB, 8414 MiB, 15360 MiB, 41 %, 37 %, 1590 MHz, 5000 MHz, 68.19 W, 78, P0
2026/09/30 07:51:04.847, Tesla T4, 6499 MiB, 8414 MiB, 15360 MiB, 36 %, 33 %, 1575 MHz, 5000 MHz, 62.53 W, 78, P0
2026/09/30 07:51:05.357, Tesla T4, 6499 MiB, 8414 MiB, 15360 MiB, 28 %, 25 %, 1590 MHz, 5000 MHz, 62.99 W, 78, P0
2026/09/30 07:51:05.874, Tesla T4, 6499 MiB, 8414 MiB, 15360 MiB, 30 %, 27 %, 1590 MHz, 5000 MHz, 60.94 W, 78, P0
2026/09/30 07:51:06.387, Tesla T4, 6499 MiB, 8414 MiB, 15360 MiB, 33 %, 30 %, 1590 MHz, 5000 MHz, 71.61 W, 77, P0
2026/09/30 07:51:06.903, Tesla T4, 6499 MiB, 8414 MiB, 15360 MiB, 29 %, 27 %, 1350 MHz, 5000 MHz, 52.24 W, 77, P0
2026/09/30 07:51:07.416, Tesla T4, 6499 MiB, 8414 MiB, 15360 MiB, 31 %, 27 %, 1275 MHz, 5000 MHz, 48.46 W, 76, P0
2026/09/30 07:51:07.942, Tesla T4, 6499 MiB, 8414 MiB, 15360 MiB, 28 %, 24 %, 1215 MHz, 5000 MHz, 50.56 W, 76, P0
2026/09/30 07:51:08.452, Tesla T4, 6499 MiB, 8414 MiB, 15360 MiB, 43 %, 38 %, 1485 MHz, 5000 MHz, 58.97 W, 76, P0
2026/09/30 07:51:08.961, Tesla T4, 6499 MiB, 8414 MiB, 15360 MiB, 67 %, 33 %, 1575 MHz, 5000 MHz, 60.71 W, 77, P0
2026/09/30 07:51:09.469, Tesla T4, 6499 MiB, 8414 MiB, 15360 MiB, 40 %, 36 %, 1575 MHz, 5000 MHz, 60.08 W, 77, P0
2026/09/30 07:51:09.981, Tesla T4, 6499 MiB, 8414 MiB, 15360 MiB, 40 %, 36 %, 1575 MHz, 5000 MHz, 57.31 W, 77, P0
2026/09/30 07:51:10.489, Tesla T4, 6499 MiB, 8414 MiB, 15360 MiB, 41 %, 37 %, 1590 MHz, 5000 MHz, 65.79 W, 77, P0
2026/09/30 07:51:10.997, Tesla T4, 6499 MiB, 8414 MiB, 15360 MiB, 42 %, 38 %, 1590 MHz, 5000 MHz, 70.19 W, 77, P0
2026/09/30 07:51:11.507, Tesla T4, 6499 MiB, 8414 MiB, 15360 MiB, 42 %, 38 %, 1590 MHz, 5000 MHz, 66.53 W, 78, P0
2026/09/30 07:51:12.016, Tesla T4, 6499 MiB, 8414 MiB, 15360 MiB, 42 %, 38 %, 1590 MHz, 5000 MHz, 62.50 W, 77, P0
2026/09/30 07:51:12.544, Tesla T4, 6499 MiB, 8414 MiB, 15360 MiB, 41 %, 37 %, 1590 MHz, 5000 MHz, 67.79 W, 78, P0
2026/09/30 07:51:13.053, Tesla T4, 6499 MiB, 8414 MiB, 15360 MiB, 39 %, 35 %, 1575 MHz, 5000 MHz, 56.69 W, 77, P0
2026/09/30 07:51:13.573, Tesla T4, 6499 MiB, 8414 MiB, 15360 MiB, 41 %, 37 %, 1590 MHz, 5000 MHz, 66.47 W, 78, P0
2026/09/30 07:51:14.083, Tesla T4, 6499 MiB, 8414 MiB, 15360 MiB, 40 %, 36 %, 1560 MHz, 5000 MHz, 66.26 W, 78, P0
2026/09/30 07:51:14.599, Tesla T4, 6499 MiB, 8414 MiB, 15360 MiB, 40 %, 36 %, 1530 MHz, 5000 MHz, 63.77 W, 78, P0
2026/09/30 07:51:15.114, Tesla T4, 6499 MiB, 8414 MiB, 15360 MiB, 34 %, 31 %, 1590 MHz, 5000 MHz, 69.01 W, 78, P0
2026/09/30 07:51:15.622, Tesla T4, 6499 MiB, 8414 MiB, 15360 MiB, 40 %, 37 %, 1575 MHz, 5000 MHz, 63.53 W, 78, P0
2026/09/30 07:51:16.131, Tesla T4, 6499 MiB, 8414 MiB, 15360 MiB, 42 %, 38 %, 1575 MHz, 5000 MHz, 69.66 W, 78, P0
2026/09/30 07:51:16.642, Tesla T4, 6499 MiB, 8414 MiB, 15360 MiB, 41 %, 37 %, 1590 MHz, 5000 MHz, 60.21 W, 78, P0
2026/09/30 07:51:17.150, Tesla T4, 6499 MiB, 8414 MiB, 15360 MiB, 40 %, 37 %, 1575 MHz, 5000 MHz, 63.65 W, 78, P0
2026/09/30 07:51:17.658, Tesla T4, 6499 MiB, 8414 MiB, 15360 MiB, 43 %, 39 %, 1560 MHz, 5000 MHz, 68.22 W, 78, P0
2026/09/30 07:51:18.167, Tesla T4, 6499 MiB, 8414 MiB, 15360 MiB, 28 %, 25 %, 1590 MHz, 5000 MHz, 59.69 W, 77, P0
2026/09/30 07:51:18.691, Tesla T4, 6499 MiB, 8414 MiB, 15360 MiB, 31 %, 29 %, 1590 MHz, 5000 MHz, 59.72 W, 77, P0
2026/09/30 07:51:19.216, Tesla T4, 6499 MiB, 8414 MiB, 15360 MiB, 32 %, 29 %, 1575 MHz, 5000 MHz, 59.53 W, 77, P0
2026/09/30 07:51:19.733, Tesla T4, 6499 MiB, 8414 MiB, 15360 MiB, 29 %, 25 %, 1290 MHz, 5000 MHz, 46.57 W, 76, P0
2026/09/30 07:51:20.259, Tesla T4, 6499 MiB, 8414 MiB, 15360 MiB, 31 %, 27 %, 1245 MHz, 5000 MHz, 49.71 W, 76, P0
2026/09/30 07:51:20.787, Tesla T4, 6499 MiB, 8414 MiB, 15360 MiB, 28 %, 24 %, 1155 MHz, 5000 MHz, 45.59 W, 76, P0
2026/09/30 07:51:21.319, Tesla T4, 6499 MiB, 8414 MiB, 15360 MiB, 41 %, 36 %, 1515 MHz, 5000 MHz, 61.92 W, 76, P0
2026/09/30 07:51:21.829, Tesla T4, 6499 MiB, 8414 MiB, 15360 MiB, 38 %, 34 %, 1560 MHz, 5000 MHz, 63.57 W, 77, P0
2026/09/30 07:51:22.343, Tesla T4, 6499 MiB, 8414 MiB, 15360 MiB, 42 %, 38 %, 1575 MHz, 5000 MHz, 72.35 W, 77, P0
2026/09/30 07:51:22.852, Tesla T4, 6499 MiB, 8414 MiB, 15360 MiB, 40 %, 36 %, 1575 MHz, 5000 MHz, 63.51 W, 77, P0
2026/09/30 07:51:23.361, Tesla T4, 6499 MiB, 8414 MiB, 15360 MiB, 42 %, 38 %, 1590 MHz, 5000 MHz, 66.01 W, 77, P0
2026/09/30 07:51:23.869, Tesla T4, 6499 MiB, 8414 MiB, 15360 MiB, 39 %, 35 %, 1590 MHz, 5000 MHz, 66.51 W, 77, P0
2026/09/30 07:51:24.377, Tesla T4, 6499 MiB, 8414 MiB, 15360 MiB, 40 %, 36 %, 1560 MHz, 5000 MHz, 63.99 W, 77, P0
2026/09/30 07:51:24.892, Tesla T4, 6499 MiB, 8414 MiB, 15360 MiB, 40 %, 36 %, 1575 MHz, 5000 MHz, 67.84 W, 77, P0
2026/09/30 07:51:25.401, Tesla T4, 6499 MiB, 8414 MiB, 15360 MiB, 41 %, 37 %, 1590 MHz, 5000 MHz, 71.27 W, 77, P0
2026/09/30 07:51:25.909, Tesla T4, 6499 MiB, 8414 MiB, 15360 MiB, 39 %, 35 %, 1575 MHz, 5000 MHz, 66.59 W, 77, P0
2026/09/30 07:51:26.421, Tesla T4, 6499 MiB, 8414 MiB, 15360 MiB, 41 %, 37 %, 1590 MHz, 5000 MHz, 66.71 W, 77, P0
2026/09/30 07:51:26.929, Tesla T4, 6499 MiB, 8414 MiB, 15360 MiB, 39 %, 36 %, 1560 MHz, 5000 MHz, 65.85 W, 77, P0
2026/09/30 07:51:27.438, Tesla T4, 6499 MiB, 8414 MiB, 15360 MiB, 40 %, 36 %, 1590 MHz, 5000 MHz, 65.40 W, 77, P0
2026/09/30 07:51:27.948, Tesla T4, 6499 MiB, 8414 MiB, 15360 MiB, 39 %, 35 %, 1575 MHz, 5000 MHz, 69.94 W, 77, P0
2026/09/30 07:51:28.458, Tesla T4, 6499 MiB, 8414 MiB, 15360 MiB, 43 %, 39 %, 1575 MHz, 5000 MHz, 68.03 W, 78, P0
2026/09/30 07:51:28.966, Tesla T4, 6499 MiB, 8414 MiB, 15360 MiB, 40 %, 36 %, 1590 MHz, 5000 MHz, 70.73 W, 78, P0
2026/09/30 07:51:29.476, Tesla T4, 6499 MiB, 8414 MiB, 15360 MiB, 42 %, 39 %, 1590 MHz, 5000 MHz, 70.59 W, 78, P0
2026/09/30 07:51:29.985, Tesla T4, 6499 MiB, 8414 MiB, 15360 MiB, 38 %, 35 %, 1575 MHz, 5000 MHz, 65.55 W, 78, P0
2026/09/30 07:51:30.493, Tesla T4, 6499 MiB, 8414 MiB, 15360 MiB, 41 %, 38 %, 1560 MHz, 5000 MHz, 65.16 W, 78, P0
2026/09/30 07:51:31.001, Tesla T4, 6499 MiB, 8414 MiB, 15360 MiB, 30 %, 27 %, 1590 MHz, 5000 MHz, 58.77 W, 77, P0
2026/09/30 07:51:31.525, Tesla T4, 6499 MiB, 8414 MiB, 15360 MiB, 40 %, 29 %, 1560 MHz, 5000 MHz, 50.53 W, 77, P0
2026/09/30 07:51:32.049, Tesla T4, 6499 MiB, 8414 MiB, 15360 MiB, 30 %, 27 %, 1590 MHz, 5000 MHz, 56.76 W, 77, P0
2026/09/30 07:51:32.564, Tesla T4, 6499 MiB, 8414 MiB, 15360 MiB, 28 %, 25 %, 1590 MHz, 5000 MHz, 63.69 W, 77, P0
2026/09/30 07:51:33.073, Tesla T4, 6499 MiB, 8414 MiB, 15360 MiB, 29 %, 26 %, 1590 MHz, 5000 MHz, 62.67 W, 77, P0
2026/09/30 07:51:33.598, Tesla T4, 6499 MiB, 8414 MiB, 15360 MiB, 27 %, 23 %, 1260 MHz, 5000 MHz, 48.79 W, 76, P0
2026/09/30 07:51:34.113, Tesla T4, 6499 MiB, 8414 MiB, 15360 MiB, 43 %, 37 %, 1350 MHz, 5000 MHz, 49.64 W, 76, P0
2026/09/30 07:51:34.635, Tesla T4, 6499 MiB, 8414 MiB, 15360 MiB, 43 %, 38 %, 1515 MHz, 5000 MHz, 58.51 W, 76, P0
2026/09/30 07:51:35.148, Tesla T4, 6499 MiB, 8414 MiB, 15360 MiB, 40 %, 36 %, 1545 MHz, 5000 MHz, 62.77 W, 76, P0
2026/09/30 07:51:35.661, Tesla T4, 6499 MiB, 8414 MiB, 15360 MiB, 41 %, 36 %, 1575 MHz, 5000 MHz, 65.81 W, 77, P0
2026/09/30 07:51:36.172, Tesla T4, 6499 MiB, 8414 MiB, 15360 MiB, 37 %, 33 %, 1590 MHz, 5000 MHz, 61.28 W, 77, P0
2026/09/30 07:51:36.681, Tesla T4, 6499 MiB, 8414 MiB, 15360 MiB, 19 %, 18 %, 1590 MHz, 5000 MHz, 45.86 W, 76, P0
2026/09/30 07:51:37.189, Tesla T4, 6499 MiB, 8414 MiB, 15360 MiB, 0 %, 0 %, 1590 MHz, 5000 MHz, 44.61 W, 75, P0
2026/09/30 07:51:37.697, Tesla T4, 6499 MiB, 8414 MiB, 15360 MiB, 0 %, 0 %, 1590 MHz, 5000 MHz, 44.51 W, 75, P0
