timestamp, name, memory.used [MiB], memory.free [MiB], memory.total [MiB], utilization.gpu [%], utilization.memory [%], clocks.current.sm [MHz], clocks.current.memory [MHz], power.draw [W], temperature.gpu, pstate
2026/09/30 07:53:23.934, Tesla T4, 0 MiB, 14913 MiB, 15360 MiB, 0 %, 0 %, 300 MHz, 405 MHz, 11.05 W, 59, P8
2026/09/30 07:53:24.469, Tesla T4, 0 MiB, 14913 MiB, 15360 MiB, 0 %, 0 %, 765 MHz, 5000 MHz, 30.28 W, 60, P0
2026/09/30 07:53:24.978, Tesla T4, 0 MiB, 14913 MiB, 15360 MiB, 0 %, 0 %, 765 MHz, 5000 MHz, 30.28 W, 60, P0
2026/09/30 07:53:25.487, Tesla T4, 0 MiB, 14913 MiB, 15360 MiB, 0 %, 0 %, 765 MHz, 5000 MHz, 30.28 W, 60, P0
2026/09/30 07:53:25.997, Tesla T4, 0 MiB, 14913 MiB, 15360 MiB, 0 %, 0 %, 300 MHz, 405 MHz, 30.38 W, 60, P8
2026/09/30 07:53:26.513, Tesla T4, 3 MiB, 14910 MiB, 15360 MiB, 0 %, 0 %, 300 MHz, 405 MHz, 15.21 W, 59, P8
2026/09/30 07:53:27.028, Tesla T4, 3 MiB, 14910 MiB, 15360 MiB, 0 %, 0 %, 300 MHz, 405 MHz, 15.21 W, 59, P8
2026/09/30 07:53:27.543, Tesla T4, 3 MiB, 14910 MiB, 15360 MiB, 0 %, 0 %, 300 MHz, 405 MHz, 15.21 W, 59, P8
2026/09/30 07:53:28.058, Tesla T4, 3 MiB, 14910 MiB, 15360 MiB, 0 %, 0 %, 300 MHz, 405 MHz, 15.21 W, 59, P8
2026/09/30 07:53:28.574, Tesla T4, 3 MiB, 14910 MiB, 15360 MiB, 0 %, 0 %, 300 MHz, 405 MHz, 15.21 W, 59, P8
2026/09/30 07:53:29.097, Tesla T4, 3 MiB, 14910 MiB, 15360 MiB, 0 %, 0 %, 300 MHz, 405 MHz, 15.21 W, 59, P8
2026/09/30 07:53:29.624, Tesla T4, 3 MiB, 14910 MiB, 15360 MiB, 0 %, 0 %, 300 MHz, 405 MHz, 15.21 W, 59, P8
2026/09/30 07:53:30.165, Tesla T4, 3 MiB, 14910 MiB, 15360 MiB, 0 %, 0 %, 300 MHz, 405 MHz, 15.11 W, 59, P8
2026/09/30 07:53:30.710, Tesla T4, 3 MiB, 14910 MiB, 15360 MiB, 0 %, 0 %, 300 MHz, 405 MHz, 15.21 W, 59, P8
2026/09/30 07:53:31.239, Tesla T4, 3 MiB, 14910 MiB, 15360 MiB, 0 %, 0 %, 300 MHz, 405 MHz, 15.21 W, 59, P8
2026/09/30 07:53:31.773, Tesla T4, 3 MiB, 14910 MiB, 15360 MiB, 0 %, 0 %, 300 MHz, 405 MHz, 15.21 W, 59, P8
2026/09/30 07:53:32.288, Tesla T4, 3 MiB, 14910 MiB, 15360 MiB, 0 %, 0 %, 300 MHz, 405 MHz, 15.11 W, 59, P8
2026/09/30 07:53:32.803, Tesla T4, 3 MiB, 14910 MiB, 15360 MiB, 0 %, 0 %, 300 MHz, 405 MHz, 15.11 W, 59, P8
2026/09/30 07:53:33.318, Tesla T4, 3 MiB, 14910 MiB, 15360 MiB, 0 %, 0 %, 300 MHz, 405 MHz, 15.21 W, 59, P8
2026/09/30 07:53:33.833, Tesla T4, 3 MiB, 14910 MiB, 15360 MiB, 0 %, 0 %, 300 MHz, 405 MHz, 15.11 W, 59, P8
2026/09/30 07:53:34.348, Tesla T4, 3 MiB, 14910 MiB, 15360 MiB, 0 %, 0 %, 300 MHz, 405 MHz, 15.21 W, 59, P8
2026/09/30 07:53:34.863, Tesla T4, 249 MiB, 14664 MiB, 15360 MiB, 16 %, 3 %, 585 MHz, 5000 MHz, 30.09 W, 61, P0
2026/09/30 07:53:35.382, Tesla T4, 153 MiB, 14760 MiB, 15360 MiB, 31 %, 14 %, 1155 MHz, 5000 MHz, 31.77 W, 61, P0
2026/09/30 07:53:35.894, Tesla T4, 599 MiB, 14314 MiB, 15360 MiB, 2 %, 0 %, 1155 MHz, 5000 MHz, 31.77 W, 61, P0
2026/09/30 07:53:36.403, Tesla T4, 599 MiB, 14314 MiB, 15360 MiB, 2 %, 0 %, 1155 MHz, 5000 MHz, 31.75 W, 61, P0
2026/09/30 07:53:36.910, Tesla T4, 599 MiB, 14314 MiB, 15360 MiB, 2 %, 0 %, 585 MHz, 5000 MHz, 30.48 W, 61, P0
2026/09/30 07:53:37.421, Tesla T4, 601 MiB, 14312 MiB, 15360 MiB, 1 %, 0 %, 585 MHz, 5000 MHz, 30.19 W, 61, P0
2026/09/30 07:53:37.930, Tesla T4, 609 MiB, 14304 MiB, 15360 MiB, 0 %, 0 %, 585 MHz, 5000 MHz, 30.38 W, 61, P0
2026/09/30 07:53:38.441, Tesla T4, 609 MiB, 14304 MiB, 15360 MiB, 0 %, 0 %, 585 MHz, 5000 MHz, 30.19 W, 61, P0
2026/09/30 07:53:38.951, Tesla T4, 609 MiB, 14304 MiB, 15360 MiB, 0 %, 0 %, 585 MHz, 5000 MHz, 30.28 W, 61, P0
2026/09/30 07:53:39.460, Tesla T4, 609 MiB, 14304 MiB, 15360 MiB, 0 %, 0 %, 585 MHz, 5000 MHz, 30.19 W, 61, P0
2026/09/30 07:53:39.969, Tesla T4, 611 MiB, 14302 MiB, 15360 MiB, 0 %, 0 %, 585 MHz, 5000 MHz, 30.28 W, 61, P0
2026/09/30 07:53:40.480, Tesla T4, 611 MiB, 14302 MiB, 15360 MiB, 0 %, 0 %, 585 MHz, 5000 MHz, 30.28 W, 61, P0
2026/09/30 07:53:40.991, Tesla T4, 611 MiB, 14302 MiB, 15360 MiB, 0 %, 0 %, 585 MHz, 5000 MHz, 30.28 W, 61, P0
2026/09/30 07:53:41.500, Tesla T4, 611 MiB, 14302 MiB, 15360 MiB, 0 %, 0 %, 585 MHz, 5000 MHz, 30.28 W, 61, P0
2026/09/30 07:53:42.011, Tesla T4, 611 MiB, 14302 MiB, 15360 MiB, 0 %, 0 %, 585 MHz, 5000 MHz, 30.28 W, 61, P0
2026/09/30 07:53:42.522, Tesla T4, 611 MiB, 14302 MiB, 15360 MiB, 0 %, 0 %, 585 MHz, 5000 MHz, 30.38 W, 61, P0
2026/09/30 07:53:43.059, Tesla T4, 611 MiB, 14302 MiB, 15360 MiB, 0 %, 0 %, 585 MHz, 5000 MHz, 30.38 W, 61, P0
2026/09/30 07:53:43.590, Tesla T4, 611 MiB, 14302 MiB, 15360 MiB, 0 %, 0 %, 585 MHz, 5000 MHz, 30.28 W, 61, P0
2026/09/30 07:53:44.112, Tesla T4, 613 MiB, 14300 MiB, 15360 MiB, 0 %, 0 %, 585 MHz, 5000 MHz, 30.38 W, 61, P0
2026/09/30 07:53:44.636, Tesla T4, 613 MiB, 14300 MiB, 15360 MiB, 0 %, 0 %, 585 MHz, 5000 MHz, 30.38 W, 61, P0
2026/09/30 07:53:45.146, Tesla T4, 613 MiB, 14300 MiB, 15360 MiB, 0 %, 0 %, 585 MHz, 5000 MHz, 30.38 W, 61, P0
2026/09/30 07:53:45.655, Tesla T4, 613 MiB, 14300 MiB, 15360 MiB, 0 %, 0 %, 585 MHz, 5000 MHz, 30.38 W, 62, P0
2026/09/30 07:53:46.165, Tesla T4, 613 MiB, 14300 MiB, 15360 MiB, 0 %, 0 %, 585 MHz, 5000 MHz, 30.38 W, 61, P0
2026/09/30 07:53:46.676, Tesla T4, 613 MiB, 14300 MiB, 15360 MiB, 0 %, 0 %, 585 MHz, 5000 MHz, 30.38 W, 62, P0
2026/09/30 07:53:47.187, Tesla T4, 613 MiB, 14300 MiB, 15360 MiB, 0 %, 0 %, 585 MHz, 5000 MHz, 30.38 W, 62, P0
2026/09/30 07:53:47.705, Tesla T4, 615 MiB, 14298 MiB, 15360 MiB, 0 %, 0 %, 585 MHz, 5000 MHz, 30.38 W, 62, P0
2026/09/30 07:53:48.216, Tesla T4, 615 MiB, 14298 MiB, 15360 MiB, 0 %, 0 %, 585 MHz, 5000 MHz, 30.48 W, 62, P0
2026/09/30 07:53:48.733, Tesla T4, 825 MiB, 14088 MiB, 15360 MiB, 0 %, 0 %, 585 MHz, 5000 MHz, 30.48 W, 62, P0
2026/09/30 07:53:49.245, Tesla T4, 825 MiB, 14088 MiB, 15360 MiB, 0 %, 0 %, 585 MHz, 5000 MHz, 30.48 W, 62, P0
2026/09/30 07:53:49.774, Tesla T4, 825 MiB, 14088 MiB, 15360 MiB, 0 %, 0 %, 585 MHz, 5000 MHz, 30.48 W, 62, P0
2026/09/30 07:53:50.294, Tesla T4, 825 MiB, 14088 MiB, 15360 MiB, 0 %, 0 %, 585 MHz, 5000 MHz, 30.48 W, 62, P0
2026/09/30 07:53:50.804, Tesla T4, 825 MiB, 14088 MiB, 15360 MiB, 0 %, 0 %, 585 MHz, 5000 MHz, 30.48 W, 62, P0
2026/09/30 07:53:51.313, Tesla T4, 825 MiB, 14088 MiB, 15360 MiB, 0 %, 0 %, 585 MHz, 5000 MHz, 30.58 W, 62, P0
2026/09/30 07:53:51.823, Tesla T4, 825 MiB, 14088 MiB, 15360 MiB, 0 %, 0 %, 585 MHz, 5000 MHz, 30.48 W, 62, P0
2026/09/30 07:53:52.332, Tesla T4, 825 MiB, 14088 MiB, 15360 MiB, 0 %, 0 %, 585 MHz, 5000 MHz, 30.48 W, 62, P0
2026/09/30 07:53:52.841, Tesla T4, 825 MiB, 14088 MiB, 15360 MiB, 0 %, 0 %, 585 MHz, 5000 MHz, 30.58 W, 62, P0
2026/09/30 07:53:53.354, Tesla T4, 833 MiB, 14080 MiB, 15360 MiB, 0 %, 0 %, 585 MHz, 5000 MHz, 30.48 W, 62, P0
2026/09/30 07:53:53.863, Tesla T4, 835 MiB, 14078 MiB, 15360 MiB, 1 %, 0 %, 585 MHz, 5000 MHz, 30.58 W, 62, P0
2026/09/30 07:53:54.381, Tesla T4, 835 MiB, 14078 MiB, 15360 MiB, 0 %, 0 %, 585 MHz, 5000 MHz, 30.58 W, 62, P0
2026/09/30 07:53:54.899, Tesla T4, 835 MiB, 14078 MiB, 15360 MiB, 0 %, 0 %, 585 MHz, 5000 MHz, 30.58 W, 62, P0
2026/09/30 07:53:55.420, Tesla T4, 835 MiB, 14078 MiB, 15360 MiB, 0 %, 0 %, 585 MHz, 5000 MHz, 30.58 W, 62, P0
2026/09/30 07:53:55.947, Tesla T4, 835 MiB, 14078 MiB, 15360 MiB, 0 %, 0 %, 585 MHz, 5000 MHz, 30.58 W, 62, P0
2026/09/30 07:53:56.463, Tesla T4, 835 MiB, 14078 MiB, 15360 MiB, 0 %, 0 %, 585 MHz, 5000 MHz, 30.68 W, 62, P0
2026/09/30 07:53:56.981, Tesla T4, 3383 MiB, 11530 MiB, 15360 MiB, 81 %, 40 %, 735 MHz, 5000 MHz, 70.15 W, 65, P0
2026/09/30 07:53:57.502, Tesla T4, 5227 MiB, 9686 MiB, 15360 MiB, 100 %, 58 %, 735 MHz, 5000 MHz, 69.76 W, 65, P0
2026/09/30 07:53:58.015, Tesla T4, 5237 MiB, 9676 MiB, 15360 MiB, 81 %, 67 %, 810 MHz, 5000 MHz, 62.34 W, 65, P0
2026/09/30 07:53:58.529, Tesla T4, 7757 MiB, 7156 MiB, 15360 MiB, 94 %, 55 %, 720 MHz, 5000 MHz, 69.17 W, 66, P0
2026/09/30 07:53:59.041, Tesla T4, 10275 MiB, 4638 MiB, 15360 MiB, 100 %, 66 %, 720 MHz, 5000 MHz, 66.92 W, 66, P0
2026/09/30 07:53:59.558, Tesla T4, 10275 MiB, 4638 MiB, 15360 MiB, 98 %, 100 %, 795 MHz, 5000 MHz, 67.16 W, 67, P0
2026/09/30 07:54:00.072, Tesla T4, 10275 MiB, 4638 MiB, 15360 MiB, 100 %, 63 %, 825 MHz, 5000 MHz, 68.25 W, 67, P0
2026/09/30 07:54:00.590, Tesla T4, 10279 MiB, 4634 MiB, 15360 MiB, 100 %, 52 %, 825 MHz, 5000 MHz, 61.65 W, 67, P0
2026/09/30 07:54:01.105, Tesla T4, 10281 MiB, 4632 MiB, 15360 MiB, 100 %, 65 %, 810 MHz, 5000 MHz, 72.60 W, 67, P0
2026/09/30 07:54:01.619, Tesla T4, 10281 MiB, 4632 MiB, 15360 MiB, 95 %, 57 %, 735 MHz, 5000 MHz, 76.96 W, 67, P0
2026/09/30 07:54:02.135, Tesla T4, 10281 MiB, 4632 MiB, 15360 MiB, 100 %, 63 %, 900 MHz, 5000 MHz, 68.49 W, 67, P0
2026/09/30 07:54:02.656, Tesla T4, 10281 MiB, 4632 MiB, 15360 MiB, 100 %, 64 %, 840 MHz, 5000 MHz, 67.06 W, 68, P0
2026/09/30 07:54:03.169, Tesla T4, 10297 MiB, 4616 MiB, 15360 MiB, 60 %, 43 %, 720 MHz, 5000 MHz, 67.45 W, 68, P0
2026/09/30 07:54:03.682, Tesla T4, 10297 MiB, 4616 MiB, 15360 MiB, 100 %, 63 %, 690 MHz, 5000 MHz, 65.49 W, 68, P0
2026/09/30 07:54:04.197, Tesla T4, 10297 MiB, 4616 MiB, 15360 MiB, 100 %, 73 %, 825 MHz, 5000 MHz, 63.73 W, 68, P0
2026/09/30 07:54:04.710, Tesla T4, 10297 MiB, 4616 MiB, 15360 MiB, 100 %, 63 %, 690 MHz, 5000 MHz, 84.08 W, 68, P0
2026/09/30 07:54:05.223, Tesla T4, 10301 MiB, 4612 MiB, 15360 MiB, 100 %, 63 %, 720 MHz, 5000 MHz, 65.53 W, 69, P0
2026/09/30 07:54:05.736, Tesla T4, 10301 MiB, 4612 MiB, 15360 MiB, 98 %, 93 %, 960 MHz, 5000 MHz, 67.08 W, 69, P0
2026/09/30 07:54:06.252, Tesla T4, 10301 MiB, 4612 MiB, 15360 MiB, 98 %, 64 %, 1470 MHz, 5000 MHz, 50.86 W, 69, P0
2026/09/30 07:54:06.766, Tesla T4, 10301 MiB, 4612 MiB, 15360 MiB, 100 %, 42 %, 1065 MHz, 5000 MHz, 70.93 W, 69, P0
2026/09/30 07:54:07.277, Tesla T4, 10301 MiB, 4612 MiB, 15360 MiB, 100 %, 52 %, 630 MHz, 5000 MHz, 66.43 W, 69, P0
2026/09/30 07:54:07.806, Tesla T4, 10301 MiB, 4612 MiB, 15360 MiB, 100 %, 63 %, 1065 MHz, 5000 MHz, 60.28 W, 69, P0
2026/09/30 07:54:08.344, Tesla T4, 10301 MiB, 4612 MiB, 15360 MiB, 100 %, 60 %, 945 MHz, 5000 MHz, 68.00 W, 70, P0
2026/09/30 07:54:08.878, Tesla T4, 10301 MiB, 4612 MiB, 15360 MiB, 91 %, 53 %, 690 MHz, 5000 MHz, 66.73 W, 70, P0
2026/09/30 07:54:09.411, Tesla T4, 10301 MiB, 4612 MiB, 15360 MiB, 100 %, 50 %, 555 MHz, 5000 MHz, 66.96 W, 70, P0
2026/09/30 07:54:09.959, Tesla T4, 10301 MiB, 4612 MiB, 15360 MiB, 100 %, 61 %, 900 MHz, 5000 MHz, 68.89 W, 70, P0
2026/09/30 07:54:10.486, Tesla T4, 10301 MiB, 4612 MiB, 15360 MiB, 96 %, 47 %, 1110 MHz, 5000 MHz, 65.69 W, 70, P0
2026/09/30 07:54:11.003, Tesla T4, 10301 MiB, 4612 MiB, 15360 MiB, 98 %, 72 %, 885 MHz, 5000 MHz, 66.96 W, 70, P0
2026/09/30 07:54:11.515, Tesla T4, 10301 MiB, 4612 MiB, 15360 MiB, 100 %, 54 %, 690 MHz, 5000 MHz, 65.16 W, 71, P0
2026/09/30 07:54:12.034, Tesla T4, 10301 MiB, 4612 MiB, 15360 MiB, 100 %, 53 %, 1020 MHz, 5000 MHz, 60.87 W, 70, P0
2026/09/30 07:54:12.556, Tesla T4, 10301 MiB, 4612 MiB, 15360 MiB, 100 %, 64 %, 930 MHz, 5000 MHz, 64.61 W, 71, P0
2026/09/30 07:54:13.072, Tesla T4, 10301 MiB, 4612 MiB, 15360 MiB, 100 %, 51 %, 690 MHz, 5000 MHz, 65.00 W, 71, P0
2026/09/30 07:54:13.589, Tesla T4, 10301 MiB, 4612 MiB, 15360 MiB, 100 %, 53 %, 705 MHz, 5000 MHz, 68.00 W, 71, P0
2026/09/30 07:54:14.102, Tesla T4, 10301 MiB, 4612 MiB, 15360 MiB, 100 %, 74 %, 900 MHz, 5000 MHz, 68.24 W, 71, P0
2026/09/30 07:54:14.614, Tesla T4, 10301 MiB, 4612 MiB, 15360 MiB, 100 %, 63 %, 870 MHz, 5000 MHz, 66.22 W, 71, P0
2026/09/30 07:54:15.131, Tesla T4, 10301 MiB, 4612 MiB, 15360 MiB, 100 %, 46 %, 825 MHz, 5000 MHz, 60.38 W, 71, P0
2026/09/30 07:54:15.645, Tesla T4, 10301 MiB, 4612 MiB, 15360 MiB, 100 %, 50 %, 1095 MHz, 5000 MHz, 60.08 W, 71, P0
2026/09/30 07:54:16.163, Tesla T4, 10301 MiB, 4612 MiB, 15360 MiB, 100 %, 60 %, 870 MHz, 5000 MHz, 68.00 W, 72, P0
2026/09/30 07:54:16.679, Tesla T4, 10301 MiB, 4612 MiB, 15360 MiB, 95 %, 55 %, 750 MHz, 5000 MHz, 67.94 W, 72, P0
2026/09/30 07:54:17.191, Tesla T4, 12675 MiB, 2238 MiB, 15360 MiB, 100 %, 46 %, 675 MHz, 5000 MHz, 66.24 W, 72, P0
2026/09/30 07:54:17.707, Tesla T4, 6915 MiB, 7998 MiB, 15360 MiB, 100 %, 28 %, 735 MHz, 5000 MHz, 77.25 W, 72, P0
2026/09/30 07:54:18.221, Tesla T4, 12849 MiB, 2064 MiB, 15360 MiB, 100 %, 45 %, 690 MHz, 5000 MHz, 66.86 W, 72, P0
2026/09/30 07:54:18.738, Tesla T4, 12849 MiB, 2064 MiB, 15360 MiB, 98 %, 100 %, 1200 MHz, 5000 MHz, 74.46 W, 72, P0
2026/09/30 07:54:19.256, Tesla T4, 12849 MiB, 2064 MiB, 15360 MiB, 100 %, 54 %, 780 MHz, 5000 MHz, 69.27 W, 73, P0
2026/09/30 07:54:19.775, Tesla T4, 12849 MiB, 2064 MiB, 15360 MiB, 100 %, 55 %, 735 MHz, 5000 MHz, 70.30 W, 73, P0
2026/09/30 07:54:20.295, Tesla T4, 12849 MiB, 2064 MiB, 15360 MiB, 100 %, 57 %, 735 MHz, 5000 MHz, 68.68 W, 73, P0
2026/09/30 07:54:20.824, Tesla T4, 12853 MiB, 2060 MiB, 15360 MiB, 100 %, 50 %, 795 MHz, 5000 MHz, 58.35 W, 73, P0
2026/09/30 07:54:21.383, Tesla T4, 12853 MiB, 2060 MiB, 15360 MiB, 98 %, 74 %, 855 MHz, 5000 MHz, 68.88 W, 73, P0
2026/09/30 07:54:21.914, Tesla T4, 12853 MiB, 2060 MiB, 15360 MiB, 93 %, 52 %, 1215 MHz, 5000 MHz, 60.63 W, 73, P0
2026/09/30 07:54:22.438, Tesla T4, 12853 MiB, 2060 MiB, 15360 MiB, 97 %, 78 %, 780 MHz, 5000 MHz, 65.85 W, 73, P0
2026/09/30 07:54:22.977, Tesla T4, 12853 MiB, 2060 MiB, 15360 MiB, 77 %, 42 %, 960 MHz, 5000 MHz, 59.30 W, 73, P0
2026/09/30 07:54:23.507, Tesla T4, 12853 MiB, 2060 MiB, 15360 MiB, 98 %, 75 %, 810 MHz, 5000 MHz, 67.41 W, 73, P0
2026/09/30 07:54:24.025, Tesla T4, 12853 MiB, 2060 MiB, 15360 MiB, 100 %, 50 %, 585 MHz, 5000 MHz, 67.31 W, 74, P0
2026/09/30 07:54:24.543, Tesla T4, 12855 MiB, 2058 MiB, 15360 MiB, 100 %, 50 %, 930 MHz, 5000 MHz, 60.44 W, 73, P0
2026/09/30 07:54:25.063, Tesla T4, 12855 MiB, 2058 MiB, 15360 MiB, 100 %, 59 %, 840 MHz, 5000 MHz, 68.78 W, 74, P0
2026/09/30 07:54:25.582, Tesla T4, 12855 MiB, 2058 MiB, 15360 MiB, 95 %, 53 %, 645 MHz, 5000 MHz, 66.86 W, 74, P0
2026/09/30 07:54:26.095, Tesla T4, 12855 MiB, 2058 MiB, 15360 MiB, 100 %, 42 %, 660 MHz, 5000 MHz, 62.53 W, 74, P0
2026/09/30 07:54:26.615, Tesla T4, 12855 MiB, 2058 MiB, 15360 MiB, 100 %, 47 %, 645 MHz, 5000 MHz, 66.18 W, 74, P0
2026/09/30 07:54:27.127, Tesla T4, 12855 MiB, 2058 MiB, 15360 MiB, 100 %, 78 %, 1125 MHz, 5000 MHz, 63.53 W, 74, P0
2026/09/30 07:54:27.648, Tesla T4, 12855 MiB, 2058 MiB, 15360 MiB, 100 %, 64 %, 810 MHz, 5000 MHz, 64.65 W, 75, P0
2026/09/30 07:54:28.164, Tesla T4, 12855 MiB, 2058 MiB, 15360 MiB, 100 %, 58 %, 780 MHz, 5000 MHz, 72.15 W, 75, P0
2026/09/30 07:54:28.684, Tesla T4, 12855 MiB, 2058 MiB, 15360 MiB, 96 %, 53 %, 780 MHz, 5000 MHz, 67.70 W, 75, P0
2026/09/30 07:54:29.198, Tesla T4, 12855 MiB, 2058 MiB, 15360 MiB, 100 %, 46 %, 630 MHz, 5000 MHz, 61.46 W, 75, P0
2026/09/30 07:54:29.725, Tesla T4, 12855 MiB, 2058 MiB, 15360 MiB, 100 %, 46 %, 570 MHz, 5000 MHz, 72.36 W, 75, P0
2026/09/30 07:54:30.237, Tesla T4, 12855 MiB, 2058 MiB, 15360 MiB, 98 %, 90 %, 795 MHz, 5000 MHz, 66.14 W, 75, P0
2026/09/30 07:54:30.756, Tesla T4, 12855 MiB, 2058 MiB, 15360 MiB, 100 %, 56 %, 735 MHz, 5000 MHz, 64.40 W, 75, P0
2026/09/30 07:54:31.270, Tesla T4, 12855 MiB, 2058 MiB, 15360 MiB, 86 %, 47 %, 630 MHz, 5000 MHz, 67.35 W, 75, P0
2026/09/30 07:54:31.789, Tesla T4, 12855 MiB, 2058 MiB, 15360 MiB, 99 %, 66 %, 1200 MHz, 5000 MHz, 58.55 W, 76, P0
2026/09/30 07:54:32.308, Tesla T4, 12855 MiB, 2058 MiB, 15360 MiB, 100 %, 59 %, 1080 MHz, 5000 MHz, 63.93 W, 76, P0
2026/09/30 07:54:32.831, Tesla T4, 12855 MiB, 2058 MiB, 15360 MiB, 100 %, 55 %, 570 MHz, 5000 MHz, 66.73 W, 76, P0
2026/09/30 07:54:33.344, Tesla T4, 12855 MiB, 2058 MiB, 15360 MiB, 100 %, 64 %, 795 MHz, 5000 MHz, 64.61 W, 76, P0
2026/09/30 07:54:33.871, Tesla T4, 12855 MiB, 2058 MiB, 15360 MiB, 93 %, 48 %, 630 MHz, 5000 MHz, 64.65 W, 76, P0
2026/09/30 07:54:34.389, Tesla T4, 12855 MiB, 2058 MiB, 15360 MiB, 100 %, 57 %, 630 MHz, 5000 MHz, 66.96 W, 76, P0
2026/09/30 07:54:34.904, Tesla T4, 12855 MiB, 2058 MiB, 15360 MiB, 100 %, 45 %, 915 MHz, 5000 MHz, 61.46 W, 76, P0
2026/09/30 07:54:35.446, Tesla T4, 12855 MiB, 2058 MiB, 15360 MiB, 100 %, 54 %, 720 MHz, 5000 MHz, 67.12 W, 76, P0
2026/09/30 07:54:35.973, Tesla T4, 12855 MiB, 2058 MiB, 15360 MiB, 100 %, 54 %, 705 MHz, 5000 MHz, 67.51 W, 76, P0
2026/09/30 07:54:36.510, Tesla T4, 12855 MiB, 2058 MiB, 15360 MiB, 100 %, 44 %, 600 MHz, 5000 MHz, 68.00 W, 77, P0
2026/09/30 07:54:37.028, Tesla T4, 12855 MiB, 2058 MiB, 15360 MiB, 100 %, 59 %, 585 MHz, 5000 MHz, 65.69 W, 77, P0
2026/09/30 07:54:37.546, Tesla T4, 12855 MiB, 2058 MiB, 15360 MiB, 100 %, 44 %, 495 MHz, 5000 MHz, 67.06 W, 77, P0
2026/09/30 07:54:38.058, Tesla T4, 12855 MiB, 2058 MiB, 15360 MiB, 100 %, 86 %, 765 MHz, 5000 MHz, 67.41 W, 77, P0
2026/09/30 07:54:38.570, Tesla T4, 12855 MiB, 2058 MiB, 15360 MiB, 100 %, 53 %, 750 MHz, 5000 MHz, 68.98 W, 77, P0
2026/09/30 07:54:39.087, Tesla T4, 12855 MiB, 2058 MiB, 15360 MiB, 100 %, 53 %, 765 MHz, 5000 MHz, 64.71 W, 77, P0
2026/09/30 07:54:39.599, Tesla T4, 12855 MiB, 2058 MiB, 15360 MiB, 86 %, 45 %, 615 MHz, 5000 MHz, 65.55 W, 77, P0
2026/09/30 07:54:40.125, Tesla T4, 12855 MiB, 2058 MiB, 15360 MiB, 100 %, 46 %, 585 MHz, 5000 MHz, 65.00 W, 78, P0
2026/09/30 07:54:40.643, Tesla T4, 12855 MiB, 2058 MiB, 15360 MiB, 100 %, 54 %, 705 MHz, 5000 MHz, 64.57 W, 78, P0
2026/09/30 07:54:41.156, Tesla T4, 12855 MiB, 2058 MiB, 15360 MiB, 100 %, 56 %, 1005 MHz, 5000 MHz, 68.38 W, 78, P0
2026/09/30 07:54:41.673, Tesla T4, 12855 MiB, 2058 MiB, 15360 MiB, 100 %, 54 %, 570 MHz, 5000 MHz, 65.40 W, 78, P0
2026/09/30 07:54:42.185, Tesla T4, 12855 MiB, 2058 MiB, 15360 MiB, 100 %, 64 %, 660 MHz, 5000 MHz, 65.00 W, 78, P0
2026/09/30 07:54:42.698, Tesla T4, 12855 MiB, 2058 MiB, 15360 MiB, 100 %, 43 %, 630 MHz, 5000 MHz, 64.16 W, 78, P0
2026/09/30 07:54:43.214, Tesla T4, 12855 MiB, 2058 MiB, 15360 MiB, 100 %, 58 %, 600 MHz, 5000 MHz, 66.67 W, 79, P0
2026/09/30 07:54:43.728, Tesla T4, 12855 MiB, 2058 MiB, 15360 MiB, 98 %, 86 %, 1185 MHz, 5000 MHz, 61.46 W, 79, P0
2026/09/30 07:54:44.248, Tesla T4, 12855 MiB, 2058 MiB, 15360 MiB, 100 %, 52 %, 690 MHz, 5000 MHz, 62.04 W, 79, P0
2026/09/30 07:54:44.761, Tesla T4, 12855 MiB, 2058 MiB, 15360 MiB, 100 %, 52 %, 645 MHz, 5000 MHz, 50.10 W, 79, P0
2026/09/30 07:54:45.280, Tesla T4, 12855 MiB, 2058 MiB, 15360 MiB, 100 %, 48 %, 600 MHz, 5000 MHz, 68.98 W, 79, P0
2026/09/30 07:54:45.800, Tesla T4, 12855 MiB, 2058 MiB, 15360 MiB, 100 %, 42 %, 585 MHz, 5000 MHz, 65.20 W, 79, P0
2026/09/30 07:54:46.317, Tesla T4, 12855 MiB, 2058 MiB, 15360 MiB, 100 %, 56 %, 675 MHz, 5000 MHz, 62.95 W, 80, P0
2026/09/30 07:54:46.854, Tesla T4, 12855 MiB, 2058 MiB, 15360 MiB, 100 %, 50 %, 630 MHz, 5000 MHz, 62.79 W, 80, P0
2026/09/30 07:54:47.394, Tesla T4, 12855 MiB, 2058 MiB, 15360 MiB, 94 %, 46 %, 540 MHz, 5000 MHz, 65.30 W, 80, P0
2026/09/30 07:54:47.930, Tesla T4, 12855 MiB, 2058 MiB, 15360 MiB, 100 %, 45 %, 555 MHz, 5000 MHz, 65.69 W, 80, P0
2026/09/30 07:54:48.444, Tesla T4, 12855 MiB, 2058 MiB, 15360 MiB, 100 %, 66 %, 1125 MHz, 5000 MHz, 78.42 W, 80, P0
2026/09/30 07:54:49.001, Tesla T4, 12855 MiB, 2058 MiB, 15360 MiB, 100 %, 51 %, 615 MHz, 5000 MHz, 63.28 W, 80, P0
2026/09/30 07:54:49.536, Tesla T4, 12855 MiB, 2058 MiB, 15360 MiB, 96 %, 46 %, 540 MHz, 5000 MHz, 72.61 W, 81, P0
2026/09/30 07:54:50.050, Tesla T4, 12855 MiB, 2058 MiB, 15360 MiB, 100 %, 41 %, 510 MHz, 5000 MHz, 64.81 W, 81, P0
2026/09/30 07:54:50.562, Tesla T4, 12855 MiB, 2058 MiB, 15360 MiB, 100 %, 41 %, 495 MHz, 5000 MHz, 63.48 W, 81, P0
2026/09/30 07:54:51.079, Tesla T4, 12855 MiB, 2058 MiB, 15360 MiB, 100 %, 40 %, 585 MHz, 5000 MHz, 63.48 W, 81, P0
2026/09/30 07:54:51.606, Tesla T4, 12855 MiB, 2058 MiB, 15360 MiB, 100 %, 51 %, 630 MHz, 5000 MHz, 62.79 W, 81, P0
2026/09/30 07:54:52.119, Tesla T4, 12855 MiB, 2058 MiB, 15360 MiB, 100 %, 49 %, 615 MHz, 5000 MHz, 62.59 W, 81, P0
2026/09/30 07:54:52.640, Tesla T4, 12855 MiB, 2058 MiB, 15360 MiB, 100 %, 48 %, 660 MHz, 5000 MHz, 67.65 W, 81, P0
2026/09/30 07:54:53.160, Tesla T4, 12855 MiB, 2058 MiB, 15360 MiB, 100 %, 42 %, 525 MHz, 5000 MHz, 65.73 W, 82, P0
2026/09/30 07:54:53.677, Tesla T4, 12855 MiB, 2058 MiB, 15360 MiB, 100 %, 57 %, 510 MHz, 5000 MHz, 70.05 W, 82, P0
2026/09/30 07:54:54.196, Tesla T4, 12855 MiB, 2058 MiB, 15360 MiB, 100 %, 41 %, 495 MHz, 5000 MHz, 67.26 W, 82, P0
2026/09/30 07:54:54.708, Tesla T4, 12855 MiB, 2058 MiB, 15360 MiB, 98 %, 100 %, 600 MHz, 5000 MHz, 85.00 W, 82, P0
2026/09/30 07:54:55.221, Tesla T4, 12855 MiB, 2058 MiB, 15360 MiB, 100 %, 49 %, 660 MHz, 5000 MHz, 66.28 W, 82, P0
2026/09/30 07:54:55.737, Tesla T4, 12855 MiB, 2058 MiB, 15360 MiB, 100 %, 50 %, 600 MHz, 5000 MHz, 62.59 W, 82, P0
2026/09/30 07:54:56.251, Tesla T4, 12855 MiB, 2058 MiB, 15360 MiB, 100 %, 41 %, 525 MHz, 5000 MHz, 65.89 W, 82, P0
2026/09/30 07:54:56.768, Tesla T4, 12855 MiB, 2058 MiB, 15360 MiB, 100 %, 42 %, 525 MHz, 5000 MHz, 62.99 W, 82, P0
2026/09/30 07:54:57.300, Tesla T4, 12855 MiB, 2058 MiB, 15360 MiB, 100 %, 52 %, 630 MHz, 5000 MHz, 62.10 W, 82, P0
2026/09/30 07:54:57.820, Tesla T4, 12855 MiB, 2058 MiB, 15360 MiB, 84 %, 45 %, 525 MHz, 5000 MHz, 65.24 W, 82, P0
2026/09/30 07:54:58.336, Tesla T4, 12855 MiB, 2058 MiB, 15360 MiB, 100 %, 51 %, 510 MHz, 5000 MHz, 65.44 W, 82, P0
2026/09/30 07:54:58.853, Tesla T4, 12855 MiB, 2058 MiB, 15360 MiB, 98 %, 78 %, 615 MHz, 5000 MHz, 68.00 W, 82, P0
2026/09/30 07:54:59.367, Tesla T4, 12855 MiB, 2058 MiB, 15360 MiB, 100 %, 51 %, 705 MHz, 5000 MHz, 67.45 W, 82, P0
2026/09/30 07:54:59.917, Tesla T4, 12855 MiB, 2058 MiB, 15360 MiB, 100 %, 38 %, 555 MHz, 5000 MHz, 66.08 W, 82, P0
2026/09/30 07:55:00.461, Tesla T4, 12855 MiB, 2058 MiB, 15360 MiB, 100 %, 50 %, 585 MHz, 5000 MHz, 56.29 W, 82, P0
2026/09/30 07:55:01.029, Tesla T4, 12855 MiB, 2058 MiB, 15360 MiB, 100 %, 39 %, 540 MHz, 5000 MHz, 65.20 W, 82, P0
2026/09/30 07:55:01.571, Tesla T4, 12855 MiB, 2058 MiB, 15360 MiB, 100 %, 82 %, 855 MHz, 5000 MHz, 65.75 W, 82, P0
2026/09/30 07:55:02.096, Tesla T4, 12855 MiB, 2058 MiB, 15360 MiB, 100 %, 47 %, 585 MHz, 5000 MHz, 62.79 W, 82, P0
2026/09/30 07:55:02.625, Tesla T4, 12855 MiB, 2058 MiB, 15360 MiB, 100 %, 47 %, 570 MHz, 5000 MHz, 67.65 W, 82, P0
2026/09/30 07:55:03.145, Tesla T4, 12855 MiB, 2058 MiB, 15360 MiB, 100 %, 48 %, 555 MHz, 5000 MHz, 62.30 W, 82, P0
2026/09/30 07:55:03.662, Tesla T4, 12855 MiB, 2058 MiB, 15360 MiB, 100 %, 41 %, 540 MHz, 5000 MHz, 64.30 W, 82, P0
2026/09/30 07:55:04.174, Tesla T4, 12855 MiB, 2058 MiB, 15360 MiB, 100 %, 42 %, 540 MHz, 5000 MHz, 65.10 W, 81, P0
2026/09/30 07:55:04.687, Tesla T4, 12855 MiB, 2058 MiB, 15360 MiB, 100 %, 37 %, 930 MHz, 5000 MHz, 63.42 W, 81, P0
2026/09/30 07:55:05.212, Tesla T4, 12855 MiB, 2058 MiB, 15360 MiB, 100 %, 51 %, 645 MHz, 5000 MHz, 66.47 W, 81, P0
2026/09/30 07:55:05.725, Tesla T4, 12855 MiB, 2058 MiB, 15360 MiB, 100 %, 51 %, 705 MHz, 5000 MHz, 66.67 W, 81, P0
2026/09/30 07:55:06.243, Tesla T4, 12855 MiB, 2058 MiB, 15360 MiB, 100 %, 41 %, 540 MHz, 5000 MHz, 64.75 W, 81, P0
2026/09/30 07:55:06.755, Tesla T4, 12855 MiB, 2058 MiB, 15360 MiB, 100 %, 41 %, 585 MHz, 5000 MHz, 64.91 W, 81, P0
2026/09/30 07:55:07.273, Tesla T4, 12855 MiB, 2058 MiB, 15360 MiB, 100 %, 69 %, 1230 MHz, 5000 MHz, 84.71 W, 81, P0
2026/09/30 07:55:07.786, Tesla T4, 12855 MiB, 2058 MiB, 15360 MiB, 100 %, 51 %, 645 MHz, 5000 MHz, 65.40 W, 80, P0
2026/09/30 07:55:08.299, Tesla T4, 12855 MiB, 2058 MiB, 15360 MiB, 100 %, 50 %, 930 MHz, 5000 MHz, 41.13 W, 79, P0
2026/09/30 07:55:08.814, Tesla T4, 12855 MiB, 2058 MiB, 15360 MiB, 100 %, 50 %, 630 MHz, 5000 MHz, 63.97 W, 80, P0
2026/09/30 07:55:09.326, Tesla T4, 12855 MiB, 2058 MiB, 15360 MiB, 100 %, 43 %, 900 MHz, 5000 MHz, 64.46 W, 79, P0
2026/09/30 07:55:09.852, Tesla T4, 12855 MiB, 2058 MiB, 15360 MiB, 100 %, 51 %, 630 MHz, 5000 MHz, 66.96 W, 80, P0
2026/09/30 07:55:10.366, Tesla T4, 12855 MiB, 2058 MiB, 15360 MiB, 93 %, 47 %, 540 MHz, 5000 MHz, 67.16 W, 79, P0
2026/09/30 07:55:10.885, Tesla T4, 12855 MiB, 2058 MiB, 15360 MiB, 100 %, 41 %, 660 MHz, 5000 MHz, 60.48 W, 79, P0
2026/09/30 07:55:11.403, Tesla T4, 12855 MiB, 2058 MiB, 15360 MiB, 100 %, 44 %, 615 MHz, 5000 MHz, 68.04 W, 79, P0
2026/09/30 07:55:11.916, Tesla T4, 12855 MiB, 2058 MiB, 15360 MiB, 98 %, 100 %, 510 MHz, 5000 MHz, 82.61 W, 79, P0
2026/09/30 07:55:12.436, Tesla T4, 12855 MiB, 2058 MiB, 15360 MiB, 100 %, 52 %, 690 MHz, 5000 MHz, 66.86 W, 78, P0
2026/09/30 07:55:12.967, Tesla T4, 12855 MiB, 2058 MiB, 15360 MiB, 100 %, 54 %, 720 MHz, 5000 MHz, 67.12 W, 78, P0
2026/09/30 07:55:13.502, Tesla T4, 12855 MiB, 2058 MiB, 15360 MiB, 100 %, 44 %, 1350 MHz, 5000 MHz, 66.42 W, 79, P0
2026/09/30 07:55:14.025, Tesla T4, 12855 MiB, 2058 MiB, 15360 MiB, 92 %, 48 %, 585 MHz, 5000 MHz, 76.08 W, 78, P0
2026/09/30 07:55:14.554, Tesla T4, 12855 MiB, 2058 MiB, 15360 MiB, 100 %, 56 %, 585 MHz, 5000 MHz, 65.04 W, 78, P0
2026/09/30 07:55:15.097, Tesla T4, 12855 MiB, 2058 MiB, 15360 MiB, 100 %, 63 %, 660 MHz, 5000 MHz, 62.95 W, 78, P0
2026/09/30 07:55:15.625, Tesla T4, 12855 MiB, 2058 MiB, 15360 MiB, 100 %, 60 %, 630 MHz, 5000 MHz, 63.93 W, 78, P0
2026/09/30 07:55:16.147, Tesla T4, 12855 MiB, 2058 MiB, 15360 MiB, 100 %, 40 %, 570 MHz, 5000 MHz, 65.04 W, 77, P0
2026/09/30 07:55:16.659, Tesla T4, 12855 MiB, 2058 MiB, 15360 MiB, 100 %, 73 %, 600 MHz, 5000 MHz, 73.49 W, 77, P0
2026/09/30 07:55:17.176, Tesla T4, 12855 MiB, 2058 MiB, 15360 MiB, 100 %, 42 %, 645 MHz, 5000 MHz, 66.82 W, 77, P0
2026/09/30 07:55:17.690, Tesla T4, 12855 MiB, 2058 MiB, 15360 MiB, 100 %, 99 %, 1110 MHz, 5000 MHz, 61.71 W, 77, P0
2026/09/30 07:55:18.209, Tesla T4, 12855 MiB, 2058 MiB, 15360 MiB, 100 %, 64 %, 630 MHz, 5000 MHz, 64.16 W, 77, P0
2026/09/30 07:55:18.726, Tesla T4, 12855 MiB, 2058 MiB, 15360 MiB, 100 %, 51 %, 735 MHz, 5000 MHz, 62.34 W, 77, P0
2026/09/30 07:55:19.243, Tesla T4, 12855 MiB, 2058 MiB, 15360 MiB, 100 %, 52 %, 630 MHz, 5000 MHz, 69.37 W, 76, P0
2026/09/30 07:55:19.757, Tesla T4, 12855 MiB, 2058 MiB, 15360 MiB, 96 %, 49 %, 600 MHz, 5000 MHz, 76.12 W, 77, P0
2026/09/30 07:55:20.276, Tesla T4, 12855 MiB, 2058 MiB, 15360 MiB, 100 %, 52 %, 570 MHz, 5000 MHz, 66.28 W, 76, P0
2026/09/30 07:55:20.791, Tesla T4, 12855 MiB, 2058 MiB, 15360 MiB, 98 %, 76 %, 720 MHz, 5000 MHz, 69.96 W, 76, P0
2026/09/30 07:55:21.309, Tesla T4, 12855 MiB, 2058 MiB, 15360 MiB, 96 %, 49 %, 585 MHz, 5000 MHz, 68.04 W, 76, P0
2026/09/30 07:55:21.821, Tesla T4, 12855 MiB, 2058 MiB, 15360 MiB, 100 %, 49 %, 540 MHz, 5000 MHz, 65.59 W, 76, P0
2026/09/30 07:55:22.337, Tesla T4, 12855 MiB, 2058 MiB, 15360 MiB, 100 %, 55 %, 660 MHz, 5000 MHz, 63.77 W, 76, P0
2026/09/30 07:55:22.851, Tesla T4, 12855 MiB, 2058 MiB, 15360 MiB, 100 %, 50 %, 600 MHz, 5000 MHz, 65.10 W, 76, P0
2026/09/30 07:55:23.368, Tesla T4, 12855 MiB, 2058 MiB, 15360 MiB, 100 %, 46 %, 600 MHz, 5000 MHz, 64.65 W, 76, P0
2026/09/30 07:55:23.882, Tesla T4, 12855 MiB, 2058 MiB, 15360 MiB, 98 %, 99 %, 705 MHz, 5000 MHz, 62.73 W, 76, P0
2026/09/30 07:55:24.398, Tesla T4, 12855 MiB, 2058 MiB, 15360 MiB, 100 %, 57 %, 750 MHz, 5000 MHz, 69.27 W, 75, P0
2026/09/30 07:55:25.154, Tesla T4, 12855 MiB, 2058 MiB, 15360 MiB, 100 %, 50 %, 645 MHz, 5000 MHz, 71.57 W, 75, P0
2026/09/30 07:55:25.692, Tesla T4, 12855 MiB, 2058 MiB, 15360 MiB, 100 %, 46 %, 585 MHz, 5000 MHz, 61.42 W, 75, P0
2026/09/30 07:55:26.233, Tesla T4, 12855 MiB, 2058 MiB, 15360 MiB, 100 %, 55 %, 810 MHz, 5000 MHz, 68.19 W, 75, P0
2026/09/30 07:55:26.749, Tesla T4, 12855 MiB, 2058 MiB, 15360 MiB, 100 %, 57 %, 810 MHz, 5000 MHz, 67.02 W, 75, P0
2026/09/30 07:55:27.281, Tesla T4, 12855 MiB, 2058 MiB, 15360 MiB, 100 %, 55 %, 600 MHz, 5000 MHz, 66.53 W, 75, P0
2026/09/30 07:55:27.807, Tesla T4, 12855 MiB, 2058 MiB, 15360 MiB, 100 %, 58 %, 750 MHz, 5000 MHz, 66.29 W, 75, P0
2026/09/30 07:55:28.332, Tesla T4, 12855 MiB, 2058 MiB, 15360 MiB, 100 %, 47 %, 615 MHz, 5000 MHz, 67.84 W, 75, P0
2026/09/30 07:55:28.847, Tesla T4, 12855 MiB, 2058 MiB, 15360 MiB, 100 %, 47 %, 630 MHz, 5000 MHz, 66.96 W, 75, P0
2026/09/30 07:55:29.365, Tesla T4, 12855 MiB, 2058 MiB, 15360 MiB, 98 %, 94 %, 735 MHz, 5000 MHz, 66.82 W, 75, P0
2026/09/30 07:55:29.886, Tesla T4, 12855 MiB, 2058 MiB, 15360 MiB, 100 %, 57 %, 720 MHz, 5000 MHz, 64.99 W, 75, P0
2026/09/30 07:55:30.401, Tesla T4, 12855 MiB, 2058 MiB, 15360 MiB, 100 %, 45 %, 660 MHz, 5000 MHz, 66.63 W, 75, P0
2026/09/30 07:55:30.919, Tesla T4, 12855 MiB, 2058 MiB, 15360 MiB, 100 %, 45 %, 660 MHz, 5000 MHz, 64.51 W, 74, P0
2026/09/30 07:55:31.432, Tesla T4, 12855 MiB, 2058 MiB, 15360 MiB, 98 %, 84 %, 690 MHz, 5000 MHz, 61.91 W, 75, P0
2026/09/30 07:55:31.955, Tesla T4, 12855 MiB, 2058 MiB, 15360 MiB, 100 %, 53 %, 705 MHz, 5000 MHz, 68.88 W, 74, P0
2026/09/30 07:55:32.468, Tesla T4, 12855 MiB, 2058 MiB, 15360 MiB, 86 %, 42 %, 630 MHz, 5000 MHz, 70.35 W, 74, P0
2026/09/30 07:55:32.980, Tesla T4, 12855 MiB, 2058 MiB, 15360 MiB, 100 %, 44 %, 660 MHz, 5000 MHz, 65.69 W, 74, P0
2026/09/30 07:55:33.497, Tesla T4, 12855 MiB, 2058 MiB, 15360 MiB, 100 %, 65 %, 675 MHz, 5000 MHz, 65.10 W, 74, P0
2026/09/30 07:55:34.010, Tesla T4, 12855 MiB, 2058 MiB, 15360 MiB, 100 %, 44 %, 645 MHz, 5000 MHz, 64.22 W, 74, P0
2026/09/30 07:55:34.521, Tesla T4, 12855 MiB, 2058 MiB, 15360 MiB, 98 %, 100 %, 1140 MHz, 5000 MHz, 59.04 W, 74, P0
2026/09/30 07:55:35.050, Tesla T4, 12855 MiB, 2058 MiB, 15360 MiB, 100 %, 50 %, 825 MHz, 5000 MHz, 61.65 W, 74, P0
2026/09/30 07:55:35.568, Tesla T4, 12855 MiB, 2058 MiB, 15360 MiB, 100 %, 56 %, 750 MHz, 5000 MHz, 61.67 W, 74, P0
2026/09/30 07:55:36.080, Tesla T4, 12855 MiB, 2058 MiB, 15360 MiB, 100 %, 56 %, 735 MHz, 5000 MHz, 60.48 W, 74, P0
2026/09/30 07:55:36.599, Tesla T4, 12855 MiB, 2058 MiB, 15360 MiB, 100 %, 46 %, 720 MHz, 5000 MHz, 66.28 W, 74, P0
2026/09/30 07:55:37.113, Tesla T4, 12855 MiB, 2058 MiB, 15360 MiB, 100 %, 44 %, 840 MHz, 5000 MHz, 62.10 W, 74, P0
2026/09/30 07:55:37.633, Tesla T4, 12855 MiB, 2058 MiB, 15360 MiB, 100 %, 46 %, 645 MHz, 5000 MHz, 64.95 W, 74, P0
2026/09/30 07:55:38.147, Tesla T4, 12855 MiB, 2058 MiB, 15360 MiB, 98 %, 100 %, 450 MHz, 5000 MHz, 63.77 W, 74, P0
2026/09/30 07:55:38.670, Tesla T4, 12855 MiB, 2058 MiB, 15360 MiB, 100 %, 56 %, 810 MHz, 5000 MHz, 66.67 W, 74, P0
2026/09/30 07:55:39.211, Tesla T4, 12855 MiB, 2058 MiB, 15360 MiB, 100 %, 57 %, 855 MHz, 5000 MHz, 63.48 W, 74, P0
2026/09/30 07:55:39.740, Tesla T4, 12855 MiB, 2058 MiB, 15360 MiB, 92 %, 51 %, 615 MHz, 5000 MHz, 66.86 W, 74, P0
2026/09/30 07:55:40.266, Tesla T4, 12855 MiB, 2058 MiB, 15360 MiB, 100 %, 49 %, 630 MHz, 5000 MHz, 69.27 W, 74, P0
2026/09/30 07:55:40.809, Tesla T4, 12855 MiB, 2058 MiB, 15360 MiB, 100 %, 60 %, 795 MHz, 5000 MHz, 68.14 W, 74, P0
2026/09/30 07:55:41.357, Tesla T4, 12855 MiB, 2058 MiB, 15360 MiB, 91 %, 52 %, 570 MHz, 5000 MHz, 66.92 W, 74, P0
2026/09/30 07:55:41.875, Tesla T4, 12855 MiB, 2058 MiB, 15360 MiB, 98 %, 79 %, 750 MHz, 5000 MHz, 67.31 W, 74, P0
2026/09/30 07:55:42.388, Tesla T4, 12855 MiB, 2058 MiB, 15360 MiB, 100 %, 60 %, 660 MHz, 5000 MHz, 70.40 W, 74, P0
2026/09/30 07:55:42.903, Tesla T4, 12855 MiB, 2058 MiB, 15360 MiB, 95 %, 63 %, 630 MHz, 5000 MHz, 67.12 W, 74, P0
2026/09/30 07:55:43.417, Tesla T4, 12855 MiB, 2058 MiB, 15360 MiB, 100 %, 58 %, 765 MHz, 5000 MHz, 67.08 W, 74, P0
2026/09/30 07:55:43.929, Tesla T4, 12855 MiB, 2058 MiB, 15360 MiB, 100 %, 55 %, 780 MHz, 5000 MHz, 64.26 W, 74, P0
2026/09/30 07:55:44.446, Tesla T4, 12855 MiB, 2058 MiB, 15360 MiB, 100 %, 60 %, 750 MHz, 5000 MHz, 68.10 W, 74, P0
2026/09/30 07:55:44.959, Tesla T4, 12855 MiB, 2058 MiB, 15360 MiB, 98 %, 48 %, 660 MHz, 5000 MHz, 67.06 W, 74, P0
2026/09/30 07:55:45.478, Tesla T4, 12855 MiB, 2058 MiB, 15360 MiB, 100 %, 47 %, 660 MHz, 5000 MHz, 67.45 W, 74, P0
2026/09/30 07:55:45.992, Tesla T4, 12855 MiB, 2058 MiB, 15360 MiB, 98 %, 100 %, 720 MHz, 5000 MHz, 64.55 W, 74, P0
2026/09/30 07:55:46.511, Tesla T4, 12855 MiB, 2058 MiB, 15360 MiB, 100 %, 56 %, 720 MHz, 5000 MHz, 63.03 W, 74, P0
2026/09/30 07:55:47.026, Tesla T4, 12855 MiB, 2058 MiB, 15360 MiB, 95 %, 51 %, 555 MHz, 5000 MHz, 67.41 W, 74, P0
2026/09/30 07:55:47.542, Tesla T4, 12855 MiB, 2058 MiB, 15360 MiB, 98 %, 79 %, 750 MHz, 5000 MHz, 65.89 W, 74, P0
2026/09/30 07:55:48.058, Tesla T4, 12855 MiB, 2058 MiB, 15360 MiB, 86 %, 47 %, 585 MHz, 5000 MHz, 74.90 W, 74, P0
2026/09/30 07:55:48.578, Tesla T4, 12855 MiB, 2058 MiB, 15360 MiB, 100 %, 58 %, 615 MHz, 5000 MHz, 68.08 W, 75, P0
2026/09/30 07:55:49.090, Tesla T4, 12855 MiB, 2058 MiB, 15360 MiB, 100 %, 56 %, 690 MHz, 5000 MHz, 66.67 W, 75, P0
2026/09/30 07:55:49.609, Tesla T4, 12855 MiB, 2058 MiB, 15360 MiB, 96 %, 48 %, 645 MHz, 5000 MHz, 68.58 W, 75, P0
2026/09/30 07:55:50.122, Tesla T4, 12855 MiB, 2058 MiB, 15360 MiB, 100 %, 43 %, 525 MHz, 5000 MHz, 66.77 W, 75, P0
2026/09/30 07:55:50.638, Tesla T4, 12855 MiB, 2058 MiB, 15360 MiB, 100 %, 46 %, 675 MHz, 5000 MHz, 65.04 W, 75, P0
2026/09/30 07:55:51.155, Tesla T4, 12855 MiB, 2058 MiB, 15360 MiB, 100 %, 70 %, 1125 MHz, 5000 MHz, 64.61 W, 75, P0
2026/09/30 07:55:51.668, Tesla T4, 12855 MiB, 2058 MiB, 15360 MiB, 100 %, 66 %, 825 MHz, 5000 MHz, 68.43 W, 75, P0
2026/09/30 07:55:52.204, Tesla T4, 12855 MiB, 2058 MiB, 15360 MiB, 100 %, 57 %, 810 MHz, 5000 MHz, 62.04 W, 75, P0
2026/09/30 07:55:52.720, Tesla T4, 12855 MiB, 2058 MiB, 15360 MiB, 100 %, 56 %, 675 MHz, 5000 MHz, 68.19 W, 75, P0
2026/09/30 07:55:53.247, Tesla T4, 12855 MiB, 2058 MiB, 15360 MiB, 100 %, 55 %, 600 MHz, 5000 MHz, 65.20 W, 75, P0
2026/09/30 07:55:53.784, Tesla T4, 12855 MiB, 2058 MiB, 15360 MiB, 100 %, 59 %, 690 MHz, 5000 MHz, 68.08 W, 76, P0
2026/09/30 07:55:54.342, Tesla T4, 12855 MiB, 2058 MiB, 15360 MiB, 100 %, 55 %, 630 MHz, 5000 MHz, 67.12 W, 76, P0
2026/09/30 07:55:54.866, Tesla T4, 12855 MiB, 2058 MiB, 15360 MiB, 98 %, 90 %, 750 MHz, 5000 MHz, 64.71 W, 76, P0
2026/09/30 07:55:55.385, Tesla T4, 12855 MiB, 2058 MiB, 15360 MiB, 84 %, 40 %, 1335 MHz, 5000 MHz, 71.28 W, 76, P0
2026/09/30 07:55:55.896, Tesla T4, 12855 MiB, 2058 MiB, 15360 MiB, 99 %, 52 %, 810 MHz, 5000 MHz, 65.59 W, 76, P0
2026/09/30 07:55:56.413, Tesla T4, 12855 MiB, 2058 MiB, 15360 MiB, 100 %, 45 %, 540 MHz, 5000 MHz, 65.85 W, 76, P0
2026/09/30 07:55:56.926, Tesla T4, 12855 MiB, 2058 MiB, 15360 MiB, 100 %, 39 %, 615 MHz, 5000 MHz, 66.98 W, 77, P0
2026/09/30 07:55:57.439, Tesla T4, 12855 MiB, 2058 MiB, 15360 MiB, 100 %, 45 %, 630 MHz, 5000 MHz, 68.19 W, 77, P0
2026/09/30 07:55:57.952, Tesla T4, 12855 MiB, 2058 MiB, 15360 MiB, 98 %, 100 %, 675 MHz, 5000 MHz, 61.10 W, 77, P0
2026/09/30 07:55:58.464, Tesla T4, 12855 MiB, 2058 MiB, 15360 MiB, 100 %, 54 %, 660 MHz, 5000 MHz, 62.24 W, 77, P0
2026/09/30 07:55:58.984, Tesla T4, 12855 MiB, 2058 MiB, 15360 MiB, 100 %, 54 %, 705 MHz, 5000 MHz, 65.59 W, 77, P0
2026/09/30 07:55:59.499, Tesla T4, 12855 MiB, 2058 MiB, 15360 MiB, 100 %, 42 %, 615 MHz, 5000 MHz, 66.38 W, 77, P0
2026/09/30 07:56:00.016, Tesla T4, 12855 MiB, 2058 MiB, 15360 MiB, 100 %, 39 %, 465 MHz, 5000 MHz, 67.61 W, 78, P0
2026/09/30 07:56:00.528, Tesla T4, 12855 MiB, 2058 MiB, 15360 MiB, 100 %, 42 %, 630 MHz, 5000 MHz, 68.10 W, 78, P0
2026/09/30 07:56:01.040, Tesla T4, 12855 MiB, 2058 MiB, 15360 MiB, 100 %, 40 %, 510 MHz, 5000 MHz, 67.41 W, 78, P0
2026/09/30 07:56:01.556, Tesla T4, 12855 MiB, 2058 MiB, 15360 MiB, 98 %, 100 %, 405 MHz, 5000 MHz, 68.54 W, 78, P0
2026/09/30 07:56:02.070, Tesla T4, 12855 MiB, 2058 MiB, 15360 MiB, 100 %, 54 %, 780 MHz, 5000 MHz, 62.10 W, 78, P0
2026/09/30 07:56:02.587, Tesla T4, 12855 MiB, 2058 MiB, 15360 MiB, 100 %, 54 %, 810 MHz, 5000 MHz, 63.38 W, 78, P0
2026/09/30 07:56:03.101, Tesla T4, 12855 MiB, 2058 MiB, 15360 MiB, 100 %, 52 %, 705 MHz, 5000 MHz, 70.25 W, 78, P0
2026/09/30 07:56:03.613, Tesla T4, 12855 MiB, 2058 MiB, 15360 MiB, 100 %, 46 %, 600 MHz, 5000 MHz, 65.69 W, 79, P0
2026/09/30 07:56:04.130, Tesla T4, 12855 MiB, 2058 MiB, 15360 MiB, 100 %, 42 %, 450 MHz, 5000 MHz, 67.65 W, 79, P0
2026/09/30 07:56:04.641, Tesla T4, 12855 MiB, 2058 MiB, 15360 MiB, 100 %, 56 %, 555 MHz, 5000 MHz, 68.35 W, 79, P0
2026/09/30 07:56:05.187, Tesla T4, 12855 MiB, 2058 MiB, 15360 MiB, 100 %, 41 %, 450 MHz, 5000 MHz, 65.49 W, 79, P0
2026/09/30 07:56:05.724, Tesla T4, 12855 MiB, 2058 MiB, 15360 MiB, 100 %, 100 %, 375 MHz, 5000 MHz, 55.94 W, 79, P0
2026/09/30 07:56:06.299, Tesla T4, 12855 MiB, 2058 MiB, 15360 MiB, 100 %, 50 %, 675 MHz, 5000 MHz, 67.26 W, 80, P0
2026/09/30 07:56:06.827, Tesla T4, 12855 MiB, 2058 MiB, 15360 MiB, 100 %, 51 %, 690 MHz, 5000 MHz, 62.34 W, 80, P0
2026/09/30 07:56:07.353, Tesla T4, 12855 MiB, 2058 MiB, 15360 MiB, 100 %, 49 %, 690 MHz, 5000 MHz, 66.08 W, 79, P0
2026/09/30 07:56:07.883, Tesla T4, 12855 MiB, 2058 MiB, 15360 MiB, 100 %, 43 %, 660 MHz, 5000 MHz, 62.01 W, 80, P0
2026/09/30 07:56:08.395, Tesla T4, 12855 MiB, 2058 MiB, 15360 MiB, 100 %, 42 %, 690 MHz, 5000 MHz, 62.79 W, 80, P0
2026/09/30 07:56:08.916, Tesla T4, 12855 MiB, 2058 MiB, 15360 MiB, 100 %, 56 %, 810 MHz, 5000 MHz, 62.16 W, 80, P0
2026/09/30 07:56:09.430, Tesla T4, 12855 MiB, 2058 MiB, 15360 MiB, 96 %, 50 %, 540 MHz, 5000 MHz, 65.93 W, 80, P0
2026/09/30 07:56:09.949, Tesla T4, 12855 MiB, 2058 MiB, 15360 MiB, 100 %, 50 %, 600 MHz, 5000 MHz, 67.80 W, 80, P0
2026/09/30 07:56:10.471, Tesla T4, 12855 MiB, 2058 MiB, 15360 MiB, 100 %, 51 %, 630 MHz, 5000 MHz, 63.14 W, 81, P0
2026/09/30 07:56:10.985, Tesla T4, 12855 MiB, 2058 MiB, 15360 MiB, 100 %, 43 %, 540 MHz, 5000 MHz, 64.47 W, 81, P0
2026/09/30 07:56:11.501, Tesla T4, 12855 MiB, 2058 MiB, 15360 MiB, 100 %, 46 %, 525 MHz, 5000 MHz, 65.65 W, 81, P0
2026/09/30 07:56:12.014, Tesla T4, 12855 MiB, 2058 MiB, 15360 MiB, 100 %, 74 %, 600 MHz, 5000 MHz, 63.14 W, 81, P0
2026/09/30 07:56:12.533, Tesla T4, 12855 MiB, 2058 MiB, 15360 MiB, 100 %, 51 %, 630 MHz, 5000 MHz, 67.21 W, 81, P0
2026/09/30 07:56:13.046, Tesla T4, 12855 MiB, 2058 MiB, 15360 MiB, 100 %, 41 %, 525 MHz, 5000 MHz, 64.77 W, 81, P0
2026/09/30 07:56:13.564, Tesla T4, 12855 MiB, 2058 MiB, 15360 MiB, 100 %, 42 %, 540 MHz, 5000 MHz, 64.22 W, 81, P0
2026/09/30 07:56:14.078, Tesla T4, 12855 MiB, 2058 MiB, 15360 MiB, 99 %, 79 %, 675 MHz, 5000 MHz, 67.02 W, 81, P0
2026/09/30 07:56:14.597, Tesla T4, 12855 MiB, 2058 MiB, 15360 MiB, 100 %, 52 %, 645 MHz, 5000 MHz, 63.97 W, 81, P0
2026/09/30 07:56:15.111, Tesla T4, 12855 MiB, 2058 MiB, 15360 MiB, 100 %, 49 %, 1080 MHz, 5000 MHz, 60.89 W, 80, P0
2026/09/30 07:56:15.621, Tesla T4, 12855 MiB, 2058 MiB, 15360 MiB, 100 %, 54 %, 855 MHz, 5000 MHz, 63.08 W, 80, P0
2026/09/30 07:56:16.140, Tesla T4, 12855 MiB, 2058 MiB, 15360 MiB, 100 %, 50 %, 600 MHz, 5000 MHz, 63.57 W, 80, P0
2026/09/30 07:56:16.664, Tesla T4, 12855 MiB, 2058 MiB, 15360 MiB, 97 %, 52 %, 600 MHz, 5000 MHz, 78.37 W, 80, P0
2026/09/30 07:56:17.177, Tesla T4, 12855 MiB, 2058 MiB, 15360 MiB, 100 %, 41 %, 585 MHz, 5000 MHz, 67.21 W, 80, P0
2026/09/30 07:56:17.695, Tesla T4, 12855 MiB, 2058 MiB, 15360 MiB, 100 %, 64 %, 555 MHz, 5000 MHz, 66.18 W, 80, P0
2026/09/30 07:56:18.209, Tesla T4, 12855 MiB, 2058 MiB, 15360 MiB, 100 %, 41 %, 540 MHz, 5000 MHz, 66.88 W, 80, P0
2026/09/30 07:56:18.736, Tesla T4, 12855 MiB, 2058 MiB, 15360 MiB, 100 %, 86 %, 1005 MHz, 5000 MHz, 61.16 W, 79, P0
2026/09/30 07:56:19.260, Tesla T4, 12855 MiB, 2058 MiB, 15360 MiB, 100 %, 53 %, 705 MHz, 5000 MHz, 67.31 W, 79, P0
2026/09/30 07:56:19.789, Tesla T4, 12855 MiB, 2058 MiB, 15360 MiB, 100 %, 54 %, 750 MHz, 5000 MHz, 62.01 W, 79, P0
2026/09/30 07:56:20.310, Tesla T4, 12855 MiB, 2058 MiB, 15360 MiB, 100 %, 52 %, 735 MHz, 5000 MHz, 63.97 W, 79, P0
2026/09/30 07:56:20.847, Tesla T4, 12855 MiB, 2058 MiB, 15360 MiB, 100 %, 45 %, 525 MHz, 5000 MHz, 65.98 W, 79, P0
2026/09/30 07:56:21.365, Tesla T4, 12855 MiB, 2058 MiB, 15360 MiB, 98 %, 76 %, 675 MHz, 5000 MHz, 64.96 W, 79, P0
2026/09/30 07:56:21.878, Tesla T4, 12855 MiB, 2058 MiB, 15360 MiB, 100 %, 44 %, 585 MHz, 5000 MHz, 66.73 W, 79, P0
2026/09/30 07:56:22.396, Tesla T4, 12855 MiB, 2058 MiB, 15360 MiB, 100 %, 40 %, 585 MHz, 5000 MHz, 63.38 W, 78, P0
2026/09/30 07:56:22.910, Tesla T4, 12855 MiB, 2058 MiB, 15360 MiB, 100 %, 57 %, 645 MHz, 5000 MHz, 66.82 W, 78, P0
2026/09/30 07:56:23.429, Tesla T4, 12855 MiB, 2058 MiB, 15360 MiB, 100 %, 40 %, 600 MHz, 5000 MHz, 66.24 W, 78, P0
2026/09/30 07:56:23.944, Tesla T4, 12855 MiB, 2058 MiB, 15360 MiB, 99 %, 100 %, 1080 MHz, 5000 MHz, 66.86 W, 78, P0
2026/09/30 07:56:24.467, Tesla T4, 12855 MiB, 2058 MiB, 15360 MiB, 100 %, 54 %, 705 MHz, 5000 MHz, 61.06 W, 78, P0
2026/09/30 07:56:24.979, Tesla T4, 12855 MiB, 2058 MiB, 15360 MiB, 100 %, 51 %, 660 MHz, 5000 MHz, 68.19 W, 78, P0
2026/09/30 07:56:25.500, Tesla T4, 12855 MiB, 2058 MiB, 15360 MiB, 100 %, 52 %, 660 MHz, 5000 MHz, 63.38 W, 78, P0
2026/09/30 07:56:26.013, Tesla T4, 12855 MiB, 2058 MiB, 15360 MiB, 96 %, 50 %, 600 MHz, 5000 MHz, 65.53 W, 78, P0
2026/09/30 07:56:26.527, Tesla T4, 12855 MiB, 2058 MiB, 15360 MiB, 100 %, 48 %, 585 MHz, 5000 MHz, 66.86 W, 77, P0
2026/09/30 07:56:27.058, Tesla T4, 12855 MiB, 2058 MiB, 15360 MiB, 100 %, 56 %, 735 MHz, 5000 MHz, 65.98 W, 77, P0
2026/09/30 07:56:27.571, Tesla T4, 12855 MiB, 2058 MiB, 15360 MiB, 100 %, 43 %, 540 MHz, 5000 MHz, 51.19 W, 77, P0
2026/09/30 07:56:28.093, Tesla T4, 12855 MiB, 2058 MiB, 15360 MiB, 100 %, 45 %, 1065 MHz, 5000 MHz, 58.55 W, 77, P0
2026/09/30 07:56:28.616, Tesla T4, 12855 MiB, 2058 MiB, 15360 MiB, 100 %, 60 %, 840 MHz, 5000 MHz, 69.47 W, 77, P0
2026/09/30 07:56:29.129, Tesla T4, 12855 MiB, 2058 MiB, 15360 MiB, 100 %, 43 %, 990 MHz, 5000 MHz, 61.95 W, 77, P0
2026/09/30 07:56:29.646, Tesla T4, 12855 MiB, 2058 MiB, 15360 MiB, 100 %, 56 %, 780 MHz, 5000 MHz, 65.73 W, 77, P0
2026/09/30 07:56:30.158, Tesla T4, 12855 MiB, 2058 MiB, 15360 MiB, 100 %, 43 %, 600 MHz, 5000 MHz, 67.61 W, 77, P0
2026/09/30 07:56:30.680, Tesla T4, 12855 MiB, 2058 MiB, 15360 MiB, 100 %, 44 %, 615 MHz, 5000 MHz, 64.65 W, 77, P0
2026/09/30 07:56:31.205, Tesla T4, 12855 MiB, 2058 MiB, 15360 MiB, 100 %, 81 %, 735 MHz, 5000 MHz, 59.24 W, 77, P0
2026/09/30 07:56:31.722, Tesla T4, 12855 MiB, 2058 MiB, 15360 MiB, 100 %, 53 %, 675 MHz, 5000 MHz, 62.50 W, 77, P0
2026/09/30 07:56:32.249, Tesla T4, 12855 MiB, 2058 MiB, 15360 MiB, 92 %, 43 %, 630 MHz, 5000 MHz, 67.06 W, 77, P0
2026/09/30 07:56:32.781, Tesla T4, 12855 MiB, 2058 MiB, 15360 MiB, 100 %, 40 %, 600 MHz, 5000 MHz, 67.16 W, 76, P0
2026/09/30 07:56:33.308, Tesla T4, 12855 MiB, 2058 MiB, 15360 MiB, 100 %, 41 %, 975 MHz, 5000 MHz, 62.14 W, 76, P0
2026/09/30 07:56:33.828, Tesla T4, 12855 MiB, 2058 MiB, 15360 MiB, 100 %, 53 %, 795 MHz, 5000 MHz, 66.82 W, 76, P0
2026/09/30 07:56:34.348, Tesla T4, 12855 MiB, 2058 MiB, 15360 MiB, 100 %, 53 %, 765 MHz, 5000 MHz, 65.69 W, 76, P0
2026/09/30 07:56:34.873, Tesla T4, 12855 MiB, 2058 MiB, 15360 MiB, 100 %, 49 %, 1155 MHz, 5000 MHz, 68.99 W, 76, P0
2026/09/30 07:56:35.419, Tesla T4, 12855 MiB, 2058 MiB, 15360 MiB, 100 %, 57 %, 660 MHz, 5000 MHz, 70.36 W, 76, P0
2026/09/30 07:56:35.939, Tesla T4, 12855 MiB, 2058 MiB, 15360 MiB, 100 %, 42 %, 645 MHz, 5000 MHz, 67.21 W, 76, P0
2026/09/30 07:56:36.465, Tesla T4, 12855 MiB, 2058 MiB, 15360 MiB, 100 %, 75 %, 645 MHz, 5000 MHz, 72.65 W, 76, P0
2026/09/30 07:56:36.978, Tesla T4, 12855 MiB, 2058 MiB, 15360 MiB, 100 %, 42 %, 630 MHz, 5000 MHz, 66.28 W, 76, P0
2026/09/30 07:56:37.506, Tesla T4, 12855 MiB, 2058 MiB, 15360 MiB, 100 %, 100 %, 1005 MHz, 5000 MHz, 64.22 W, 76, P0
2026/09/30 07:56:38.030, Tesla T4, 12855 MiB, 2058 MiB, 15360 MiB, 100 %, 61 %, 690 MHz, 5000 MHz, 62.89 W, 76, P0
2026/09/30 07:56:38.558, Tesla T4, 12855 MiB, 2058 MiB, 15360 MiB, 100 %, 53 %, 720 MHz, 5000 MHz, 70.99 W, 76, P0
2026/09/30 07:56:39.080, Tesla T4, 12855 MiB, 2058 MiB, 15360 MiB, 100 %, 53 %, 735 MHz, 5000 MHz, 60.38 W, 76, P0
2026/09/30 07:56:39.608, Tesla T4, 12855 MiB, 2058 MiB, 15360 MiB, 85 %, 38 %, 1350 MHz, 5000 MHz, 66.68 W, 76, P0
2026/09/30 07:56:40.120, Tesla T4, 12855 MiB, 2058 MiB, 15360 MiB, 98 %, 66 %, 810 MHz, 5000 MHz, 65.61 W, 76, P0
2026/09/30 07:56:40.636, Tesla T4, 12855 MiB, 2058 MiB, 15360 MiB, 100 %, 43 %, 660 MHz, 5000 MHz, 64.71 W, 76, P0
2026/09/30 07:56:41.156, Tesla T4, 12855 MiB, 2058 MiB, 15360 MiB, 100 %, 39 %, 735 MHz, 5000 MHz, 62.30 W, 75, P0
2026/09/30 07:56:41.684, Tesla T4, 12855 MiB, 2058 MiB, 15360 MiB, 100 %, 43 %, 630 MHz, 5000 MHz, 63.83 W, 76, P0
2026/09/30 07:56:42.196, Tesla T4, 12855 MiB, 2058 MiB, 15360 MiB, 100 %, 45 %, 915 MHz, 5000 MHz, 62.85 W, 75, P0
2026/09/30 07:56:42.722, Tesla T4, 12855 MiB, 2058 MiB, 15360 MiB, 100 %, 100 %, 690 MHz, 5000 MHz, 70.05 W, 76, P0
2026/09/30 07:56:43.246, Tesla T4, 12855 MiB, 2058 MiB, 15360 MiB, 100 %, 55 %, 795 MHz, 5000 MHz, 70.30 W, 76, P0
2026/09/30 07:56:43.758, Tesla T4, 12855 MiB, 2058 MiB, 15360 MiB, 100 %, 56 %, 765 MHz, 5000 MHz, 69.97 W, 76, P0
2026/09/30 07:56:44.297, Tesla T4, 12855 MiB, 2058 MiB, 15360 MiB, 93 %, 48 %, 615 MHz, 5000 MHz, 72.16 W, 76, P0
2026/09/30 07:56:44.816, Tesla T4, 12855 MiB, 2058 MiB, 15360 MiB, 100 %, 57 %, 615 MHz, 5000 MHz, 64.46 W, 76, P0
2026/09/30 07:56:45.334, Tesla T4, 12855 MiB, 2058 MiB, 15360 MiB, 100 %, 45 %, 975 MHz, 5000 MHz, 61.65 W, 75, P0
2026/09/30 07:56:45.877, Tesla T4, 12855 MiB, 2058 MiB, 15360 MiB, 100 %, 53 %, 780 MHz, 5000 MHz, 65.63 W, 76, P0
2026/09/30 07:56:46.419, Tesla T4, 12855 MiB, 2058 MiB, 15360 MiB, 100 %, 54 %, 720 MHz, 5000 MHz, 64.32 W, 75, P0
2026/09/30 07:56:46.938, Tesla T4, 12855 MiB, 2058 MiB, 15360 MiB, 100 %, 43 %, 600 MHz, 5000 MHz, 63.93 W, 76, P0
2026/09/30 07:56:47.449, Tesla T4, 12855 MiB, 2058 MiB, 15360 MiB, 100 %, 56 %, 1125 MHz, 5000 MHz, 77.35 W, 76, P0
2026/09/30 07:56:47.971, Tesla T4, 12855 MiB, 2058 MiB, 15360 MiB, 100 %, 43 %, 630 MHz, 5000 MHz, 66.98 W, 76, P0
2026/09/30 07:56:48.485, Tesla T4, 12855 MiB, 2058 MiB, 15360 MiB, 100 %, 56 %, 1050 MHz, 5000 MHz, 62.10 W, 75, P0
2026/09/30 07:56:49.013, Tesla T4, 12855 MiB, 2058 MiB, 15360 MiB, 100 %, 100 %, 795 MHz, 5000 MHz, 66.04 W, 76, P0
2026/09/30 07:56:49.532, Tesla T4, 12855 MiB, 2058 MiB, 15360 MiB, 100 %, 54 %, 840 MHz, 5000 MHz, 70.40 W, 76, P0
2026/09/30 07:56:50.045, Tesla T4, 12855 MiB, 2058 MiB, 15360 MiB, 100 %, 55 %, 825 MHz, 5000 MHz, 69.61 W, 76, P0
2026/09/30 07:56:50.556, Tesla T4, 12855 MiB, 2058 MiB, 15360 MiB, 90 %, 48 %, 585 MHz, 5000 MHz, 79.88 W, 76, P0
2026/09/30 07:56:51.074, Tesla T4, 12855 MiB, 2058 MiB, 15360 MiB, 100 %, 57 %, 690 MHz, 5000 MHz, 61.36 W, 76, P0
2026/09/30 07:56:51.591, Tesla T4, 12855 MiB, 2058 MiB, 15360 MiB, 100 %, 45 %, 630 MHz, 5000 MHz, 70.50 W, 76, P0
2026/09/30 07:56:52.113, Tesla T4, 12855 MiB, 2058 MiB, 15360 MiB, 100 %, 56 %, 765 MHz, 5000 MHz, 66.14 W, 76, P0
2026/09/30 07:56:52.629, Tesla T4, 12855 MiB, 2058 MiB, 15360 MiB, 100 %, 57 %, 825 MHz, 5000 MHz, 62.40 W, 76, P0
2026/09/30 07:56:53.145, Tesla T4, 12855 MiB, 2058 MiB, 15360 MiB, 100 %, 46 %, 510 MHz, 5000 MHz, 67.90 W, 76, P0
2026/09/30 07:56:53.667, Tesla T4, 12855 MiB, 2058 MiB, 15360 MiB, 100 %, 46 %, 630 MHz, 5000 MHz, 65.79 W, 76, P0
2026/09/30 07:56:54.200, Tesla T4, 12855 MiB, 2058 MiB, 15360 MiB, 100 %, 52 %, 675 MHz, 5000 MHz, 62.07 W, 76, P0
2026/09/30 07:56:54.717, Tesla T4, 12855 MiB, 2058 MiB, 15360 MiB, 96 %, 49 %, 660 MHz, 5000 MHz, 73.68 W, 76, P0
2026/09/30 07:56:55.229, Tesla T4, 12855 MiB, 2058 MiB, 15360 MiB, 100 %, 42 %, 645 MHz, 5000 MHz, 62.63 W, 76, P0
2026/09/30 07:56:55.741, Tesla T4, 12855 MiB, 2058 MiB, 15360 MiB, 100 %, 73 %, 615 MHz, 5000 MHz, 54.46 W, 76, P0
2026/09/30 07:56:56.258, Tesla T4, 12855 MiB, 2058 MiB, 15360 MiB, 100 %, 42 %, 630 MHz, 5000 MHz, 69.03 W, 76, P0
2026/09/30 07:56:56.770, Tesla T4, 12855 MiB, 2058 MiB, 15360 MiB, 100 %, 86 %, 1095 MHz, 5000 MHz, 60.57 W, 76, P0
2026/09/30 07:56:57.304, Tesla T4, 12855 MiB, 2058 MiB, 15360 MiB, 100 %, 78 %, 750 MHz, 5000 MHz, 69.52 W, 76, P0
2026/09/30 07:56:57.844, Tesla T4, 12855 MiB, 2058 MiB, 15360 MiB, 100 %, 52 %, 690 MHz, 5000 MHz, 60.93 W, 76, P0
2026/09/30 07:56:58.370, Tesla T4, 12855 MiB, 2058 MiB, 15360 MiB, 100 %, 54 %, 645 MHz, 5000 MHz, 69.91 W, 76, P0
2026/09/30 07:56:58.901, Tesla T4, 12855 MiB, 2058 MiB, 15360 MiB, 97 %, 50 %, 645 MHz, 5000 MHz, 64.22 W, 76, P0
2026/09/30 07:56:59.425, Tesla T4, 12855 MiB, 2058 MiB, 15360 MiB, 100 %, 56 %, 660 MHz, 5000 MHz, 70.15 W, 76, P0
2026/09/30 07:56:59.943, Tesla T4, 12855 MiB, 2058 MiB, 15360 MiB, 100 %, 44 %, 675 MHz, 5000 MHz, 60.97 W, 76, P0
2026/09/30 07:57:00.474, Tesla T4, 12855 MiB, 2058 MiB, 15360 MiB, 100 %, 53 %, 705 MHz, 5000 MHz, 62.85 W, 76, P0
2026/09/30 07:57:00.987, Tesla T4, 12855 MiB, 2058 MiB, 15360 MiB, 100 %, 53 %, 660 MHz, 5000 MHz, 66.91 W, 76, P0
2026/09/30 07:57:01.504, Tesla T4, 12855 MiB, 2058 MiB, 15360 MiB, 100 %, 41 %, 1380 MHz, 5000 MHz, 60.13 W, 76, P0
2026/09/30 07:57:02.014, Tesla T4, 12855 MiB, 2058 MiB, 15360 MiB, 95 %, 55 %, 570 MHz, 5000 MHz, 62.75 W, 76, P0
2026/09/30 07:57:02.527, Tesla T4, 12855 MiB, 2058 MiB, 15360 MiB, 100 %, 51 %, 585 MHz, 5000 MHz, 73.29 W, 76, P0
2026/09/30 07:57:03.041, Tesla T4, 12855 MiB, 2058 MiB, 15360 MiB, 98 %, 84 %, 1200 MHz, 5000 MHz, 64.26 W, 77, P0
2026/09/30 07:57:03.555, Tesla T4, 12855 MiB, 2058 MiB, 15360 MiB, 100 %, 56 %, 660 MHz, 5000 MHz, 64.32 W, 76, P0
2026/09/30 07:57:04.075, Tesla T4, 12855 MiB, 2058 MiB, 15360 MiB, 100 %, 47 %, 615 MHz, 5000 MHz, 66.67 W, 76, P0
2026/09/30 07:57:04.588, Tesla T4, 12855 MiB, 2058 MiB, 15360 MiB, 100 %, 57 %, 600 MHz, 5000 MHz, 66.28 W, 76, P0
2026/09/30 07:57:05.105, Tesla T4, 12855 MiB, 2058 MiB, 15360 MiB, 100 %, 75 %, 1215 MHz, 5000 MHz, 63.57 W, 76, P0
2026/09/30 07:57:05.639, Tesla T4, 12855 MiB, 2058 MiB, 15360 MiB, 100 %, 54 %, 765 MHz, 5000 MHz, 67.26 W, 76, P0
2026/09/30 07:57:06.160, Tesla T4, 12855 MiB, 2058 MiB, 15360 MiB, 100 %, 54 %, 1020 MHz, 5000 MHz, 54.85 W, 76, P0
2026/09/30 07:57:06.670, Tesla T4, 12855 MiB, 2058 MiB, 15360 MiB, 98 %, 65 %, 1065 MHz, 5000 MHz, 65.69 W, 76, P0
2026/09/30 07:57:07.183, Tesla T4, 12855 MiB, 2058 MiB, 15360 MiB, 100 %, 56 %, 630 MHz, 5000 MHz, 61.81 W, 77, P0
2026/09/30 07:57:07.707, Tesla T4, 12855 MiB, 2058 MiB, 15360 MiB, 100 %, 42 %, 585 MHz, 5000 MHz, 63.42 W, 77, P0
2026/09/30 07:57:08.225, Tesla T4, 12855 MiB, 2058 MiB, 15360 MiB, 100 %, 43 %, 600 MHz, 5000 MHz, 65.40 W, 77, P0
2026/09/30 07:57:08.753, Tesla T4, 12855 MiB, 2058 MiB, 15360 MiB, 100 %, 42 %, 660 MHz, 5000 MHz, 65.30 W, 77, P0
2026/09/30 07:57:09.268, Tesla T4, 12855 MiB, 2058 MiB, 15360 MiB, 100 %, 100 %, 1005 MHz, 5000 MHz, 63.34 W, 77, P0
2026/09/30 07:57:09.800, Tesla T4, 12855 MiB, 2058 MiB, 15360 MiB, 100 %, 60 %, 630 MHz, 5000 MHz, 68.39 W, 77, P0
2026/09/30 07:57:10.332, Tesla T4, 12855 MiB, 2058 MiB, 15360 MiB, 100 %, 50 %, 735 MHz, 5000 MHz, 67.31 W, 77, P0
2026/09/30 07:57:10.844, Tesla T4, 12855 MiB, 2058 MiB, 15360 MiB, 100 %, 49 %, 735 MHz, 5000 MHz, 68.68 W, 77, P0
2026/09/30 07:57:11.368, Tesla T4, 12855 MiB, 2058 MiB, 15360 MiB, 100 %, 48 %, 990 MHz, 5000 MHz, 54.17 W, 77, P0
2026/09/30 07:57:11.902, Tesla T4, 12855 MiB, 2058 MiB, 15360 MiB, 100 %, 57 %, 570 MHz, 5000 MHz, 73.53 W, 77, P0
2026/09/30 07:57:12.426, Tesla T4, 12855 MiB, 2058 MiB, 15360 MiB, 100 %, 56 %, 1140 MHz, 5000 MHz, 58.16 W, 77, P0
2026/09/30 07:57:12.948, Tesla T4, 12855 MiB, 2058 MiB, 15360 MiB, 100 %, 56 %, 720 MHz, 5000 MHz, 68.29 W, 77, P0
2026/09/30 07:57:13.462, Tesla T4, 12855 MiB, 2058 MiB, 15360 MiB, 95 %, 46 %, 615 MHz, 5000 MHz, 61.95 W, 77, P0
2026/09/30 07:57:13.983, Tesla T4, 12855 MiB, 2058 MiB, 15360 MiB, 100 %, 42 %, 645 MHz, 5000 MHz, 67.12 W, 77, P0
2026/09/30 07:57:14.495, Tesla T4, 12855 MiB, 2058 MiB, 15360 MiB, 100 %, 75 %, 615 MHz, 5000 MHz, 64.71 W, 77, P0
2026/09/30 07:57:15.008, Tesla T4, 12855 MiB, 2058 MiB, 15360 MiB, 100 %, 41 %, 600 MHz, 5000 MHz, 62.04 W, 77, P0
2026/09/30 07:57:15.523, Tesla T4, 12855 MiB, 2058 MiB, 15360 MiB, 100 %, 87 %, 1200 MHz, 5000 MHz, 58.94 W, 77, P0
2026/09/30 07:57:16.049, Tesla T4, 12855 MiB, 2058 MiB, 15360 MiB, 100 %, 51 %, 735 MHz, 5000 MHz, 69.52 W, 77, P0
2026/09/30 07:57:16.562, Tesla T4, 12855 MiB, 2058 MiB, 15360 MiB, 100 %, 51 %, 735 MHz, 5000 MHz, 63.24 W, 77, P0
2026/09/30 07:57:17.079, Tesla T4, 12855 MiB, 2058 MiB, 15360 MiB, 100 %, 52 %, 750 MHz, 5000 MHz, 61.16 W, 77, P0
2026/09/30 07:57:17.593, Tesla T4, 12855 MiB, 2058 MiB, 15360 MiB, 95 %, 47 %, 585 MHz, 5000 MHz, 66.49 W, 77, P0
2026/09/30 07:57:18.112, Tesla T4, 12855 MiB, 2058 MiB, 15360 MiB, 100 %, 59 %, 585 MHz, 5000 MHz, 64.42 W, 77, P0
2026/09/30 07:57:18.625, Tesla T4, 12855 MiB, 2058 MiB, 15360 MiB, 100 %, 69 %, 645 MHz, 5000 MHz, 66.73 W, 77, P0
2026/09/30 07:57:19.143, Tesla T4, 12855 MiB, 2058 MiB, 15360 MiB, 100 %, 54 %, 840 MHz, 5000 MHz, 45.05 W, 77, P0
2026/09/30 07:57:19.656, Tesla T4, 12855 MiB, 2058 MiB, 15360 MiB, 100 %, 43 %, 630 MHz, 5000 MHz, 51.45 W, 77, P0
2026/09/30 07:57:20.168, Tesla T4, 12855 MiB, 2058 MiB, 15360 MiB, 100 %, 47 %, 795 MHz, 5000 MHz, 62.04 W, 77, P0
2026/09/30 07:57:20.695, Tesla T4, 12855 MiB, 2058 MiB, 15360 MiB, 100 %, 55 %, 765 MHz, 5000 MHz, 65.59 W, 78, P0
2026/09/30 07:57:21.209, Tesla T4, 12855 MiB, 2058 MiB, 15360 MiB, 100 %, 55 %, 600 MHz, 5000 MHz, 66.63 W, 77, P0
2026/09/30 07:57:21.725, Tesla T4, 12855 MiB, 2058 MiB, 15360 MiB, 100 %, 41 %, 615 MHz, 5000 MHz, 65.30 W, 78, P0
2026/09/30 07:57:22.242, Tesla T4, 12855 MiB, 2058 MiB, 15360 MiB, 100 %, 66 %, 615 MHz, 5000 MHz, 65.40 W, 78, P0
2026/09/30 07:57:22.756, Tesla T4, 12855 MiB, 2058 MiB, 15360 MiB, 100 %, 41 %, 585 MHz, 5000 MHz, 62.53 W, 78, P0
2026/09/30 07:57:23.308, Tesla T4, 12855 MiB, 2058 MiB, 15360 MiB, 100 %, 100 %, 1005 MHz, 5000 MHz, 62.89 W, 77, P0
2026/09/30 07:57:23.855, Tesla T4, 12855 MiB, 2058 MiB, 15360 MiB, 100 %, 50 %, 720 MHz, 5000 MHz, 61.06 W, 78, P0
2026/09/30 07:57:24.380, Tesla T4, 12855 MiB, 2058 MiB, 15360 MiB, 100 %, 50 %, 735 MHz, 5000 MHz, 70.25 W, 78, P0
2026/09/30 07:57:24.900, Tesla T4, 12855 MiB, 2058 MiB, 15360 MiB, 100 %, 51 %, 720 MHz, 5000 MHz, 66.43 W, 78, P0
2026/09/30 07:57:25.427, Tesla T4, 12855 MiB, 2058 MiB, 15360 MiB, 96 %, 48 %, 600 MHz, 5000 MHz, 67.12 W, 78, P0
2026/09/30 07:57:25.946, Tesla T4, 12855 MiB, 2058 MiB, 15360 MiB, 100 %, 44 %, 465 MHz, 5000 MHz, 66.96 W, 78, P0
2026/09/30 07:57:26.463, Tesla T4, 12855 MiB, 2058 MiB, 15360 MiB, 100 %, 46 %, 615 MHz, 5000 MHz, 67.12 W, 78, P0
2026/09/30 07:57:26.979, Tesla T4, 12855 MiB, 2058 MiB, 15360 MiB, 99 %, 89 %, 1230 MHz, 5000 MHz, 63.38 W, 78, P0
2026/09/30 07:57:27.496, Tesla T4, 12855 MiB, 2058 MiB, 15360 MiB, 100 %, 55 %, 735 MHz, 5000 MHz, 67.02 W, 78, P0
2026/09/30 07:57:28.016, Tesla T4, 12855 MiB, 2058 MiB, 15360 MiB, 100 %, 54 %, 750 MHz, 5000 MHz, 64.12 W, 78, P0
2026/09/30 07:57:28.530, Tesla T4, 12855 MiB, 2058 MiB, 15360 MiB, 100 %, 42 %, 600 MHz, 5000 MHz, 64.51 W, 78, P0
2026/09/30 07:57:29.049, Tesla T4, 12855 MiB, 2058 MiB, 15360 MiB, 100 %, 58 %, 615 MHz, 5000 MHz, 65.10 W, 78, P0
2026/09/30 07:57:29.562, Tesla T4, 12855 MiB, 2058 MiB, 15360 MiB, 100 %, 74 %, 1020 MHz, 5000 MHz, 64.32 W, 78, P0
2026/09/30 07:57:30.084, Tesla T4, 12855 MiB, 2058 MiB, 15360 MiB, 100 %, 52 %, 735 MHz, 5000 MHz, 62.75 W, 78, P0
2026/09/30 07:57:30.596, Tesla T4, 12855 MiB, 2058 MiB, 15360 MiB, 100 %, 53 %, 780 MHz, 5000 MHz, 67.21 W, 78, P0
2026/09/30 07:57:31.115, Tesla T4, 12855 MiB, 2058 MiB, 15360 MiB, 100 %, 45 %, 570 MHz, 5000 MHz, 65.16 W, 78, P0
2026/09/30 07:57:31.629, Tesla T4, 12855 MiB, 2058 MiB, 15360 MiB, 100 %, 73 %, 690 MHz, 5000 MHz, 67.45 W, 78, P0
2026/09/30 07:57:32.147, Tesla T4, 12855 MiB, 2058 MiB, 15360 MiB, 100 %, 43 %, 600 MHz, 5000 MHz, 65.40 W, 78, P0
2026/09/30 07:57:32.663, Tesla T4, 12855 MiB, 2058 MiB, 15360 MiB, 100 %, 58 %, 630 MHz, 5000 MHz, 64.42 W, 78, P0
2026/09/30 07:57:33.178, Tesla T4, 12855 MiB, 2058 MiB, 15360 MiB, 98 %, 84 %, 1050 MHz, 5000 MHz, 61.81 W, 78, P0
2026/09/30 07:57:33.695, Tesla T4, 12855 MiB, 2058 MiB, 15360 MiB, 100 %, 55 %, 810 MHz, 5000 MHz, 67.21 W, 78, P0
2026/09/30 07:57:34.214, Tesla T4, 12855 MiB, 2058 MiB, 15360 MiB, 96 %, 52 %, 585 MHz, 5000 MHz, 51.06 W, 78, P0
2026/09/30 07:57:34.729, Tesla T4, 12855 MiB, 2058 MiB, 15360 MiB, 100 %, 52 %, 585 MHz, 5000 MHz, 69.42 W, 78, P0
2026/09/30 07:57:35.249, Tesla T4, 12855 MiB, 2058 MiB, 15360 MiB, 98 %, 97 %, 630 MHz, 5000 MHz, 61.42 W, 78, P0
2026/09/30 07:57:35.763, Tesla T4, 12855 MiB, 2058 MiB, 15360 MiB, 100 %, 56 %, 735 MHz, 5000 MHz, 65.69 W, 78, P0
2026/09/30 07:57:36.290, Tesla T4, 12855 MiB, 2058 MiB, 15360 MiB, 100 %, 40 %, 615 MHz, 5000 MHz, 65.94 W, 78, P0
2026/09/30 07:57:36.821, Tesla T4, 12855 MiB, 2058 MiB, 15360 MiB, 100 %, 35 %, 450 MHz, 5000 MHz, 67.02 W, 78, P0
2026/09/30 07:57:37.367, Tesla T4, 12855 MiB, 2058 MiB, 15360 MiB, 100 %, 41 %, 570 MHz, 5000 MHz, 65.69 W, 78, P0
2026/09/30 07:57:37.895, Tesla T4, 12855 MiB, 2058 MiB, 15360 MiB, 100 %, 38 %, 570 MHz, 5000 MHz, 64.55 W, 78, P0
2026/09/30 07:57:38.425, Tesla T4, 12855 MiB, 2058 MiB, 15360 MiB, 97 %, 100 %, 735 MHz, 5000 MHz, 60.57 W, 77, P0
2026/09/30 07:57:38.946, Tesla T4, 12855 MiB, 2058 MiB, 15360 MiB, 100 %, 52 %, 675 MHz, 5000 MHz, 61.22 W, 78, P0
2026/09/30 07:57:39.466, Tesla T4, 12855 MiB, 2058 MiB, 15360 MiB, 100 %, 54 %, 705 MHz, 5000 MHz, 68.78 W, 78, P0
2026/09/30 07:57:39.979, Tesla T4, 12855 MiB, 2058 MiB, 15360 MiB, 100 %, 54 %, 705 MHz, 5000 MHz, 70.89 W, 77, P0
2026/09/30 07:57:40.491, Tesla T4, 12855 MiB, 2058 MiB, 15360 MiB, 100 %, 26 %, 1575 MHz, 5000 MHz, 64.10 W, 78, P0
2026/09/30 07:57:41.012, Tesla T4, 12855 MiB, 2058 MiB, 15360 MiB, 92 %, 45 %, 585 MHz, 5000 MHz, 64.95 W, 78, P0
2026/09/30 07:57:41.524, Tesla T4, 12855 MiB, 2058 MiB, 15360 MiB, 100 %, 46 %, 570 MHz, 5000 MHz, 66.77 W, 77, P0
2026/09/30 07:57:42.039, Tesla T4, 12855 MiB, 2058 MiB, 15360 MiB, 98 %, 78 %, 675 MHz, 5000 MHz, 65.49 W, 77, P0
2026/09/30 07:57:42.557, Tesla T4, 12855 MiB, 2058 MiB, 15360 MiB, 100 %, 53 %, 675 MHz, 5000 MHz, 64.12 W, 77, P0
2026/09/30 07:57:43.071, Tesla T4, 12855 MiB, 2058 MiB, 15360 MiB, 95 %, 46 %, 615 MHz, 5000 MHz, 64.12 W, 77, P0
2026/09/30 07:57:43.584, Tesla T4, 12855 MiB, 2058 MiB, 15360 MiB, 100 %, 50 %, 600 MHz, 5000 MHz, 65.59 W, 77, P0
2026/09/30 07:57:44.097, Tesla T4, 12855 MiB, 2058 MiB, 15360 MiB, 100 %, 62 %, 420 MHz, 5000 MHz, 93.87 W, 77, P0
2026/09/30 07:57:44.619, Tesla T4, 12855 MiB, 2058 MiB, 15360 MiB, 100 %, 55 %, 705 MHz, 5000 MHz, 67.21 W, 77, P0
2026/09/30 07:57:45.133, Tesla T4, 12855 MiB, 2058 MiB, 15360 MiB, 96 %, 49 %, 570 MHz, 5000 MHz, 66.86 W, 77, P0
2026/09/30 07:57:45.650, Tesla T4, 12855 MiB, 2058 MiB, 15360 MiB, 100 %, 56 %, 600 MHz, 5000 MHz, 64.71 W, 77, P0
2026/09/30 07:57:46.162, Tesla T4, 12855 MiB, 2058 MiB, 15360 MiB, 98 %, 81 %, 720 MHz, 5000 MHz, 61.22 W, 77, P0
2026/09/30 07:57:46.681, Tesla T4, 12855 MiB, 2058 MiB, 15360 MiB, 100 %, 58 %, 690 MHz, 5000 MHz, 66.57 W, 77, P0
2026/09/30 07:57:47.196, Tesla T4, 12855 MiB, 2058 MiB, 15360 MiB, 100 %, 44 %, 525 MHz, 5000 MHz, 65.00 W, 77, P0
2026/09/30 07:57:47.718, Tesla T4, 12855 MiB, 2058 MiB, 15360 MiB, 100 %, 45 %, 600 MHz, 5000 MHz, 61.46 W, 77, P0
2026/09/30 07:57:48.243, Tesla T4, 12855 MiB, 2058 MiB, 15360 MiB, 100 %, 53 %, 795 MHz, 5000 MHz, 66.38 W, 77, P0
2026/09/30 07:57:48.755, Tesla T4, 12855 MiB, 2058 MiB, 15360 MiB, 100 %, 55 %, 600 MHz, 5000 MHz, 76.86 W, 77, P0
2026/09/30 07:57:49.290, Tesla T4, 12855 MiB, 2058 MiB, 15360 MiB, 100 %, 44 %, 600 MHz, 5000 MHz, 61.85 W, 77, P0
2026/09/30 07:57:49.827, Tesla T4, 12855 MiB, 2058 MiB, 15360 MiB, 100 %, 55 %, 930 MHz, 5000 MHz, 57.60 W, 76, P0
2026/09/30 07:57:50.362, Tesla T4, 12855 MiB, 2058 MiB, 15360 MiB, 100 %, 53 %, 720 MHz, 5000 MHz, 63.24 W, 77, P0
2026/09/30 07:57:50.880, Tesla T4, 12855 MiB, 2058 MiB, 15360 MiB, 100 %, 55 %, 1080 MHz, 5000 MHz, 58.33 W, 77, P0
2026/09/30 07:57:51.416, Tesla T4, 12855 MiB, 2058 MiB, 15360 MiB, 97 %, 68 %, 1110 MHz, 5000 MHz, 61.75 W, 77, P0
2026/09/30 07:57:51.961, Tesla T4, 12855 MiB, 2058 MiB, 15360 MiB, 95 %, 55 %, 585 MHz, 5000 MHz, 65.79 W, 77, P0
2026/09/30 07:57:52.473, Tesla T4, 12855 MiB, 2058 MiB, 15360 MiB, 100 %, 57 %, 570 MHz, 5000 MHz, 64.12 W, 77, P0
2026/09/30 07:57:52.988, Tesla T4, 12855 MiB, 2058 MiB, 15360 MiB, 98 %, 81 %, 675 MHz, 5000 MHz, 66.57 W, 77, P0
2026/09/30 07:57:53.502, Tesla T4, 12855 MiB, 2058 MiB, 15360 MiB, 100 %, 55 %, 690 MHz, 5000 MHz, 65.10 W, 77, P0
2026/09/30 07:57:54.015, Tesla T4, 12855 MiB, 2058 MiB, 15360 MiB, 100 %, 50 %, 630 MHz, 5000 MHz, 65.93 W, 77, P0
2026/09/30 07:57:54.550, Tesla T4, 12855 MiB, 2058 MiB, 15360 MiB, 100 %, 61 %, 585 MHz, 5000 MHz, 66.71 W, 77, P0
2026/09/30 07:57:55.065, Tesla T4, 12855 MiB, 2058 MiB, 15360 MiB, 100 %, 45 %, 540 MHz, 5000 MHz, 65.45 W, 77, P0
2026/09/30 07:57:55.582, Tesla T4, 12855 MiB, 2058 MiB, 15360 MiB, 97 %, 100 %, 600 MHz, 5000 MHz, 81.54 W, 76, P0
2026/09/30 07:57:56.099, Tesla T4, 12855 MiB, 2058 MiB, 15360 MiB, 100 %, 55 %, 825 MHz, 5000 MHz, 61.71 W, 77, P0
2026/09/30 07:57:56.611, Tesla T4, 12855 MiB, 2058 MiB, 15360 MiB, 100 %, 55 %, 750 MHz, 5000 MHz, 70.64 W, 77, P0
2026/09/30 07:57:57.128, Tesla T4, 12855 MiB, 2058 MiB, 15360 MiB, 100 %, 47 %, 600 MHz, 5000 MHz, 65.00 W, 77, P0
2026/09/30 07:57:57.640, Tesla T4, 12855 MiB, 2058 MiB, 15360 MiB, 100 %, 48 %, 480 MHz, 5000 MHz, 61.16 W, 76, P0
2026/09/30 07:57:58.165, Tesla T4, 12855 MiB, 2058 MiB, 15360 MiB, 100 %, 54 %, 690 MHz, 5000 MHz, 66.57 W, 76, P0
2026/09/30 07:57:58.678, Tesla T4, 12855 MiB, 2058 MiB, 15360 MiB, 100 %, 55 %, 1020 MHz, 5000 MHz, 65.00 W, 77, P0
2026/09/30 07:57:59.196, Tesla T4, 12855 MiB, 2058 MiB, 15360 MiB, 98 %, 71 %, 765 MHz, 5000 MHz, 66.24 W, 76, P0
2026/09/30 07:57:59.708, Tesla T4, 12855 MiB, 2058 MiB, 15360 MiB, 100 %, 49 %, 585 MHz, 5000 MHz, 67.21 W, 77, P0
2026/09/30 07:58:00.225, Tesla T4, 12855 MiB, 2058 MiB, 15360 MiB, 100 %, 59 %, 630 MHz, 5000 MHz, 65.65 W, 77, P0
2026/09/30 07:58:00.738, Tesla T4, 12855 MiB, 2058 MiB, 15360 MiB, 98 %, 100 %, 1275 MHz, 5000 MHz, 59.30 W, 77, P0
2026/09/30 07:58:01.249, Tesla T4, 12855 MiB, 2058 MiB, 15360 MiB, 100 %, 57 %, 705 MHz, 5000 MHz, 61.81 W, 76, P0
2026/09/30 07:58:01.771, Tesla T4, 12855 MiB, 2058 MiB, 15360 MiB, 70 %, 34 %, 1080 MHz, 5000 MHz, 67.49 W, 76, P0
2026/09/30 07:58:02.302, Tesla T4, 12855 MiB, 2058 MiB, 15360 MiB, 100 %, 57 %, 780 MHz, 5000 MHz, 66.49 W, 76, P0
2026/09/30 07:58:02.853, Tesla T4, 12855 MiB, 2058 MiB, 15360 MiB, 100 %, 49 %, 630 MHz, 5000 MHz, 63.93 W, 76, P0
2026/09/30 07:58:03.378, Tesla T4, 12855 MiB, 2058 MiB, 15360 MiB, 100 %, 55 %, 1035 MHz, 5000 MHz, 60.93 W, 76, P0
2026/09/30 07:58:03.901, Tesla T4, 12855 MiB, 2058 MiB, 15360 MiB, 100 %, 45 %, 645 MHz, 5000 MHz, 64.42 W, 76, P0
2026/09/30 07:58:04.425, Tesla T4, 12855 MiB, 2058 MiB, 15360 MiB, 97 %, 100 %, 480 MHz, 5000 MHz, 62.79 W, 77, P0
2026/09/30 07:58:04.937, Tesla T4, 12855 MiB, 2058 MiB, 15360 MiB, 100 %, 56 %, 750 MHz, 5000 MHz, 63.40 W, 76, P0
2026/09/30 07:58:05.454, Tesla T4, 12855 MiB, 2058 MiB, 15360 MiB, 100 %, 55 %, 675 MHz, 5000 MHz, 67.96 W, 76, P0
2026/09/30 07:58:05.967, Tesla T4, 12855 MiB, 2058 MiB, 15360 MiB, 96 %, 46 %, 585 MHz, 5000 MHz, 68.25 W, 77, P0
2026/09/30 07:58:06.486, Tesla T4, 12855 MiB, 2058 MiB, 15360 MiB, 100 %, 62 %, 600 MHz, 5000 MHz, 64.61 W, 76, P0
2026/09/30 07:58:06.999, Tesla T4, 12855 MiB, 2058 MiB, 15360 MiB, 100 %, 42 %, 495 MHz, 5000 MHz, 68.93 W, 77, P0
2026/09/30 07:58:07.515, Tesla T4, 12855 MiB, 2058 MiB, 15360 MiB, 100 %, 88 %, 660 MHz, 5000 MHz, 67.61 W, 76, P0
2026/09/30 07:58:08.031, Tesla T4, 12855 MiB, 2058 MiB, 15360 MiB, 100 %, 56 %, 750 MHz, 5000 MHz, 62.69 W, 77, P0
2026/09/30 07:58:08.550, Tesla T4, 12855 MiB, 2058 MiB, 15360 MiB, 100 %, 55 %, 1275 MHz, 5000 MHz, 68.68 W, 76, P0
2026/09/30 07:58:09.065, Tesla T4, 12855 MiB, 2058 MiB, 15360 MiB, 98 %, 52 %, 960 MHz, 5000 MHz, 78.57 W, 77, P0
2026/09/30 07:58:09.582, Tesla T4, 12855 MiB, 2058 MiB, 15360 MiB, 86 %, 44 %, 600 MHz, 5000 MHz, 65.00 W, 77, P0
2026/09/30 07:58:10.096, Tesla T4, 12855 MiB, 2058 MiB, 15360 MiB, 100 %, 48 %, 555 MHz, 5000 MHz, 65.75 W, 77, P0
2026/09/30 07:58:10.614, Tesla T4, 12855 MiB, 2058 MiB, 15360 MiB, 98 %, 80 %, 750 MHz, 5000 MHz, 61.38 W, 77, P0
2026/09/30 07:58:11.128, Tesla T4, 12855 MiB, 2058 MiB, 15360 MiB, 100 %, 56 %, 690 MHz, 5000 MHz, 68.64 W, 77, P0
2026/09/30 07:58:11.645, Tesla T4, 12855 MiB, 2058 MiB, 15360 MiB, 96 %, 51 %, 555 MHz, 5000 MHz, 68.05 W, 77, P0
2026/09/30 07:58:12.162, Tesla T4, 12855 MiB, 2058 MiB, 15360 MiB, 100 %, 42 %, 675 MHz, 5000 MHz, 60.83 W, 76, P0
2026/09/30 07:58:12.687, Tesla T4, 12855 MiB, 2058 MiB, 15360 MiB, 100 %, 46 %, 555 MHz, 5000 MHz, 69.42 W, 77, P0
2026/09/30 07:58:13.205, Tesla T4, 12855 MiB, 2058 MiB, 15360 MiB, 100 %, 80 %, 1200 MHz, 5000 MHz, 65.75 W, 76, P0
2026/09/30 07:58:13.724, Tesla T4, 12855 MiB, 2058 MiB, 15360 MiB, 100 %, 54 %, 675 MHz, 5000 MHz, 61.71 W, 76, P0
2026/09/30 07:58:14.241, Tesla T4, 12855 MiB, 2058 MiB, 15360 MiB, 100 %, 53 %, 705 MHz, 5000 MHz, 62.20 W, 77, P0
2026/09/30 07:58:14.755, Tesla T4, 12855 MiB, 2058 MiB, 15360 MiB, 92 %, 48 %, 585 MHz, 5000 MHz, 66.53 W, 77, P0
2026/09/30 07:58:15.303, Tesla T4, 12855 MiB, 2058 MiB, 15360 MiB, 98 %, 67 %, 1005 MHz, 5000 MHz, 61.22 W, 77, P0
2026/09/30 07:58:15.843, Tesla T4, 12855 MiB, 2058 MiB, 15360 MiB, 100 %, 56 %, 1080 MHz, 5000 MHz, 67.02 W, 77, P0
2026/09/30 07:58:16.373, Tesla T4, 12855 MiB, 2058 MiB, 15360 MiB, 100 %, 51 %, 525 MHz, 5000 MHz, 65.98 W, 76, P0
2026/09/30 07:58:16.912, Tesla T4, 12855 MiB, 2058 MiB, 15360 MiB, 100 %, 57 %, 720 MHz, 5000 MHz, 65.55 W, 76, P0
2026/09/30 07:58:17.431, Tesla T4, 12855 MiB, 2058 MiB, 15360 MiB, 100 %, 53 %, 990 MHz, 5000 MHz, 61.52 W, 77, P0
2026/09/30 07:58:17.949, Tesla T4, 12855 MiB, 2058 MiB, 15360 MiB, 100 %, 57 %, 735 MHz, 5000 MHz, 67.00 W, 76, P0
2026/09/30 07:58:18.458, Tesla T4, 12855 MiB, 2058 MiB, 15360 MiB, 100 %, 44 %, 600 MHz, 5000 MHz, 65.55 W, 77, P0
2026/09/30 07:58:18.976, Tesla T4, 12855 MiB, 2058 MiB, 15360 MiB, 100 %, 43 %, 615 MHz, 5000 MHz, 66.43 W, 77, P0
2026/09/30 07:58:19.489, Tesla T4, 12855 MiB, 2058 MiB, 15360 MiB, 98 %, 100 %, 660 MHz, 5000 MHz, 85.77 W, 77, P0
2026/09/30 07:58:20.005, Tesla T4, 12855 MiB, 2058 MiB, 15360 MiB, 100 %, 53 %, 690 MHz, 5000 MHz, 65.75 W, 77, P0
2026/09/30 07:58:20.523, Tesla T4, 12855 MiB, 2058 MiB, 15360 MiB, 100 %, 53 %, 630 MHz, 5000 MHz, 66.14 W, 77, P0
2026/09/30 07:58:21.040, Tesla T4, 12855 MiB, 2058 MiB, 15360 MiB, 100 %, 42 %, 585 MHz, 5000 MHz, 67.12 W, 77, P0
2026/09/30 07:58:21.554, Tesla T4, 12855 MiB, 2058 MiB, 15360 MiB, 100 %, 55 %, 630 MHz, 5000 MHz, 68.05 W, 77, P0
2026/09/30 07:58:22.077, Tesla T4, 12855 MiB, 2058 MiB, 15360 MiB, 100 %, 42 %, 600 MHz, 5000 MHz, 66.24 W, 77, P0
2026/09/30 07:58:22.589, Tesla T4, 12855 MiB, 2058 MiB, 15360 MiB, 98 %, 100 %, 990 MHz, 5000 MHz, 72.94 W, 77, P0
2026/09/30 07:58:23.113, Tesla T4, 12855 MiB, 2058 MiB, 15360 MiB, 100 %, 49 %, 630 MHz, 5000 MHz, 61.91 W, 77, P0
2026/09/30 07:58:23.627, Tesla T4, 12855 MiB, 2058 MiB, 15360 MiB, 100 %, 52 %, 750 MHz, 5000 MHz, 61.62 W, 77, P0
2026/09/30 07:58:24.146, Tesla T4, 12855 MiB, 2058 MiB, 15360 MiB, 100 %, 51 %, 645 MHz, 5000 MHz, 68.44 W, 76, P0
2026/09/30 07:58:24.660, Tesla T4, 12855 MiB, 2058 MiB, 15360 MiB, 93 %, 46 %, 585 MHz, 5000 MHz, 66.14 W, 77, P0
2026/09/30 07:58:25.228, Tesla T4, 12855 MiB, 2058 MiB, 15360 MiB, 100 %, 59 %, 600 MHz, 5000 MHz, 65.26 W, 77, P0
2026/09/30 07:58:25.847, Tesla T4, 12855 MiB, 2058 MiB, 15360 MiB, 98 %, 87 %, 1020 MHz, 5000 MHz, 64.12 W, 76, P0
2026/09/30 07:58:26.372, Tesla T4, 12855 MiB, 2058 MiB, 15360 MiB, 100 %, 53 %, 690 MHz, 5000 MHz, 67.80 W, 77, P0
2026/09/30 07:58:26.885, Tesla T4, 12855 MiB, 2058 MiB, 15360 MiB, 100 %, 54 %, 1035 MHz, 5000 MHz, 64.51 W, 76, P0
2026/09/30 07:58:27.401, Tesla T4, 12855 MiB, 2058 MiB, 15360 MiB, 100 %, 42 %, 615 MHz, 5000 MHz, 66.57 W, 77, P0
2026/09/30 07:58:27.941, Tesla T4, 12855 MiB, 2058 MiB, 15360 MiB, 100 %, 41 %, 1095 MHz, 5000 MHz, 62.89 W, 77, P0
2026/09/30 07:58:28.485, Tesla T4, 12855 MiB, 2058 MiB, 15360 MiB, 100 %, 43 %, 645 MHz, 5000 MHz, 66.47 W, 77, P0
2026/09/30 07:58:29.029, Tesla T4, 12855 MiB, 2058 MiB, 15360 MiB, 100 %, 35 %, 1080 MHz, 5000 MHz, 63.97 W, 77, P0
2026/09/30 07:58:29.561, Tesla T4, 12855 MiB, 2058 MiB, 15360 MiB, 100 %, 64 %, 735 MHz, 5000 MHz, 67.26 W, 77, P0
2026/09/30 07:58:30.081, Tesla T4, 12855 MiB, 2058 MiB, 15360 MiB, 100 %, 51 %, 630 MHz, 5000 MHz, 62.34 W, 77, P0
2026/09/30 07:58:30.592, Tesla T4, 12855 MiB, 2058 MiB, 15360 MiB, 100 %, 52 %, 720 MHz, 5000 MHz, 69.96 W, 77, P0
2026/09/30 07:58:31.106, Tesla T4, 12855 MiB, 2058 MiB, 15360 MiB, 96 %, 48 %, 750 MHz, 5000 MHz, 65.44 W, 77, P0
2026/09/30 07:58:31.623, Tesla T4, 12855 MiB, 2058 MiB, 15360 MiB, 100 %, 43 %, 645 MHz, 5000 MHz, 65.75 W, 77, P0
2026/09/30 07:58:32.141, Tesla T4, 12855 MiB, 2058 MiB, 15360 MiB, 100 %, 63 %, 720 MHz, 5000 MHz, 62.34 W, 77, P0
2026/09/30 07:58:32.656, Tesla T4, 12855 MiB, 2058 MiB, 15360 MiB, 100 %, 42 %, 660 MHz, 5000 MHz, 67.45 W, 77, P0
2026/09/30 07:58:33.174, Tesla T4, 12855 MiB, 2058 MiB, 15360 MiB, 100 %, 54 %, 990 MHz, 5000 MHz, 63.03 W, 76, P0
2026/09/30 07:58:33.704, Tesla T4, 12855 MiB, 2058 MiB, 15360 MiB, 100 %, 100 %, 810 MHz, 5000 MHz, 65.44 W, 77, P0
2026/09/30 07:58:34.220, Tesla T4, 12855 MiB, 2058 MiB, 15360 MiB, 100 %, 55 %, 750 MHz, 5000 MHz, 69.23 W, 77, P0
2026/09/30 07:58:34.736, Tesla T4, 12855 MiB, 2058 MiB, 15360 MiB, 100 %, 55 %, 855 MHz, 5000 MHz, 68.68 W, 77, P0
2026/09/30 07:58:35.252, Tesla T4, 12855 MiB, 2058 MiB, 15360 MiB, 95 %, 51 %, 600 MHz, 5000 MHz, 68.44 W, 77, P0
2026/09/30 07:58:35.767, Tesla T4, 12855 MiB, 2058 MiB, 15360 MiB, 100 %, 58 %, 570 MHz, 5000 MHz, 74.17 W, 77, P0
2026/09/30 07:58:36.283, Tesla T4, 12855 MiB, 2058 MiB, 15360 MiB, 100 %, 43 %, 870 MHz, 5000 MHz, 61.62 W, 76, P0
2026/09/30 07:58:36.804, Tesla T4, 12855 MiB, 2058 MiB, 15360 MiB, 100 %, 54 %, 690 MHz, 5000 MHz, 65.79 W, 77, P0
2026/09/30 07:58:37.318, Tesla T4, 12855 MiB, 2058 MiB, 15360 MiB, 100 %, 53 %, 660 MHz, 5000 MHz, 64.95 W, 77, P0
2026/09/30 07:58:37.836, Tesla T4, 12855 MiB, 2058 MiB, 15360 MiB, 100 %, 56 %, 585 MHz, 5000 MHz, 66.57 W, 77, P0
2026/09/30 07:58:38.349, Tesla T4, 12855 MiB, 2058 MiB, 15360 MiB, 100 %, 53 %, 600 MHz, 5000 MHz, 84.85 W, 77, P0
2026/09/30 07:58:38.870, Tesla T4, 12855 MiB, 2058 MiB, 15360 MiB, 100 %, 55 %, 675 MHz, 5000 MHz, 65.34 W, 77, P0
2026/09/30 07:58:39.383, Tesla T4, 12855 MiB, 2058 MiB, 15360 MiB, 86 %, 42 %, 615 MHz, 5000 MHz, 65.83 W, 77, P0
2026/09/30 07:58:39.897, Tesla T4, 12855 MiB, 2058 MiB, 15360 MiB, 100 %, 42 %, 525 MHz, 5000 MHz, 66.67 W, 77, P0
2026/09/30 07:58:40.413, Tesla T4, 12855 MiB, 2058 MiB, 15360 MiB, 100 %, 42 %, 600 MHz, 5000 MHz, 66.53 W, 77, P0
2026/09/30 07:58:40.947, Tesla T4, 12855 MiB, 2058 MiB, 15360 MiB, 100 %, 41 %, 495 MHz, 5000 MHz, 66.18 W, 77, P0
2026/09/30 07:58:41.481, Tesla T4, 12855 MiB, 2058 MiB, 15360 MiB, 97 %, 100 %, 375 MHz, 5000 MHz, 68.00 W, 77, P0
2026/09/30 07:58:41.994, Tesla T4, 12855 MiB, 2058 MiB, 15360 MiB, 100 %, 51 %, 645 MHz, 5000 MHz, 64.06 W, 77, P0
2026/09/30 07:58:42.521, Tesla T4, 12855 MiB, 2058 MiB, 15360 MiB, 100 %, 51 %, 675 MHz, 5000 MHz, 60.77 W, 77, P0
2026/09/30 07:58:43.045, Tesla T4, 12855 MiB, 2058 MiB, 15360 MiB, 100 %, 53 %, 795 MHz, 5000 MHz, 70.05 W, 77, P0
2026/09/30 07:58:43.557, Tesla T4, 12855 MiB, 2058 MiB, 15360 MiB, 100 %, 50 %, 585 MHz, 5000 MHz, 69.96 W, 77, P0
2026/09/30 07:58:44.076, Tesla T4, 12855 MiB, 2058 MiB, 15360 MiB, 98 %, 88 %, 720 MHz, 5000 MHz, 66.04 W, 77, P0
2026/09/30 07:58:44.589, Tesla T4, 12855 MiB, 2058 MiB, 15360 MiB, 100 %, 58 %, 885 MHz, 5000 MHz, 62.99 W, 77, P0
2026/09/30 07:58:45.103, Tesla T4, 12855 MiB, 2058 MiB, 15360 MiB, 100 %, 52 %, 570 MHz, 5000 MHz, 65.59 W, 77, P0
2026/09/30 07:58:45.618, Tesla T4, 12855 MiB, 2058 MiB, 15360 MiB, 100 %, 68 %, 705 MHz, 5000 MHz, 66.12 W, 77, P0
2026/09/30 07:58:46.138, Tesla T4, 12855 MiB, 2058 MiB, 15360 MiB, 100 %, 46 %, 585 MHz, 5000 MHz, 65.69 W, 77, P0
2026/09/30 07:58:46.654, Tesla T4, 12855 MiB, 2058 MiB, 15360 MiB, 100 %, 62 %, 570 MHz, 5000 MHz, 63.77 W, 77, P0
2026/09/30 07:58:47.174, Tesla T4, 12855 MiB, 2058 MiB, 15360 MiB, 98 %, 100 %, 690 MHz, 5000 MHz, 61.32 W, 77, P0
2026/09/30 07:58:47.688, Tesla T4, 12855 MiB, 2058 MiB, 15360 MiB, 100 %, 54 %, 735 MHz, 5000 MHz, 66.38 W, 77, P0
2026/09/30 07:58:48.210, Tesla T4, 12855 MiB, 2058 MiB, 15360 MiB, 86 %, 45 %, 585 MHz, 5000 MHz, 64.26 W, 77, P0
2026/09/30 07:58:48.724, Tesla T4, 12855 MiB, 2058 MiB, 15360 MiB, 100 %, 43 %, 525 MHz, 5000 MHz, 68.04 W, 77, P0
2026/09/30 07:58:49.249, Tesla T4, 12855 MiB, 2058 MiB, 15360 MiB, 100 %, 54 %, 660 MHz, 5000 MHz, 67.37 W, 77, P0
2026/09/30 07:58:49.768, Tesla T4, 12855 MiB, 2058 MiB, 15360 MiB, 100 %, 45 %, 555 MHz, 5000 MHz, 65.94 W, 77, P0
2026/09/30 07:58:50.283, Tesla T4, 12855 MiB, 2058 MiB, 15360 MiB, 100 %, 61 %, 585 MHz, 5000 MHz, 66.88 W, 77, P0
2026/09/30 07:58:50.799, Tesla T4, 12855 MiB, 2058 MiB, 15360 MiB, 98 %, 88 %, 705 MHz, 5000 MHz, 65.20 W, 77, P0
2026/09/30 07:58:51.320, Tesla T4, 12855 MiB, 2058 MiB, 15360 MiB, 100 %, 54 %, 735 MHz, 5000 MHz, 66.00 W, 77, P0
2026/09/30 07:58:51.835, Tesla T4, 12855 MiB, 2058 MiB, 15360 MiB, 100 %, 48 %, 615 MHz, 5000 MHz, 64.28 W, 77, P0
2026/09/30 07:58:52.351, Tesla T4, 12855 MiB, 2058 MiB, 15360 MiB, 98 %, 75 %, 705 MHz, 5000 MHz, 66.49 W, 77, P0
2026/09/30 07:58:52.870, Tesla T4, 12855 MiB, 2058 MiB, 15360 MiB, 93 %, 51 %, 645 MHz, 5000 MHz, 65.89 W, 77, P0
2026/09/30 07:58:53.384, Tesla T4, 12855 MiB, 2058 MiB, 15360 MiB, 100 %, 40 %, 645 MHz, 5000 MHz, 66.04 W, 77, P0
2026/09/30 07:58:53.915, Tesla T4, 12855 MiB, 2058 MiB, 15360 MiB, 100 %, 66 %, 615 MHz, 5000 MHz, 65.69 W, 77, P0
2026/09/30 07:58:54.447, Tesla T4, 12855 MiB, 2058 MiB, 15360 MiB, 100 %, 43 %, 600 MHz, 5000 MHz, 66.68 W, 77, P0
2026/09/30 07:58:54.993, Tesla T4, 12855 MiB, 2058 MiB, 15360 MiB, 97 %, 100 %, 1125 MHz, 5000 MHz, 65.65 W, 77, P0
2026/09/30 07:58:55.516, Tesla T4, 12855 MiB, 2058 MiB, 15360 MiB, 100 %, 51 %, 720 MHz, 5000 MHz, 60.28 W, 77, P0
2026/09/30 07:58:56.040, Tesla T4, 12855 MiB, 2058 MiB, 15360 MiB, 100 %, 53 %, 705 MHz, 5000 MHz, 70.40 W, 77, P0
2026/09/30 07:58:56.552, Tesla T4, 12855 MiB, 2058 MiB, 15360 MiB, 100 %, 53 %, 720 MHz, 5000 MHz, 69.23 W, 77, P0
2026/09/30 07:58:57.071, Tesla T4, 12855 MiB, 2058 MiB, 15360 MiB, 88 %, 30 %, 750 MHz, 5000 MHz, 66.73 W, 77, P0
2026/09/30 07:58:57.588, Tesla T4, 12855 MiB, 2058 MiB, 15360 MiB, 98 %, 73 %, 720 MHz, 5000 MHz, 65.36 W, 77, P0
2026/09/30 07:58:58.109, Tesla T4, 12855 MiB, 2058 MiB, 15360 MiB, 100 %, 56 %, 705 MHz, 5000 MHz, 67.43 W, 77, P0
2026/09/30 07:58:58.623, Tesla T4, 12855 MiB, 2058 MiB, 15360 MiB, 98 %, 77 %, 765 MHz, 5000 MHz, 65.55 W, 77, P0
2026/09/30 07:58:59.144, Tesla T4, 12855 MiB, 2058 MiB, 15360 MiB, 100 %, 40 %, 1410 MHz, 5000 MHz, 57.50 W, 77, P0
2026/09/30 07:58:59.653, Tesla T4, 12855 MiB, 2058 MiB, 15360 MiB, 96 %, 46 %, 990 MHz, 5000 MHz, 67.33 W, 77, P0
2026/09/30 07:59:00.163, Tesla T4, 12855 MiB, 2058 MiB, 15360 MiB, 100 %, 64 %, 675 MHz, 5000 MHz, 79.98 W, 77, P0
2026/09/30 07:59:00.681, Tesla T4, 12855 MiB, 2058 MiB, 15360 MiB, 85 %, 46 %, 585 MHz, 5000 MHz, 67.70 W, 77, P0
2026/09/30 07:59:01.196, Tesla T4, 12855 MiB, 2058 MiB, 15360 MiB, 100 %, 50 %, 705 MHz, 5000 MHz, 64.42 W, 77, P0
2026/09/30 07:59:01.716, Tesla T4, 12855 MiB, 2058 MiB, 15360 MiB, 100 %, 58 %, 690 MHz, 5000 MHz, 66.28 W, 77, P0
2026/09/30 07:59:02.231, Tesla T4, 12855 MiB, 2058 MiB, 15360 MiB, 100 %, 45 %, 570 MHz, 5000 MHz, 68.35 W, 77, P0
2026/09/30 07:59:02.753, Tesla T4, 12855 MiB, 2058 MiB, 15360 MiB, 100 %, 42 %, 660 MHz, 5000 MHz, 61.91 W, 77, P0
2026/09/30 07:59:03.282, Tesla T4, 12855 MiB, 2058 MiB, 15360 MiB, 100 %, 62 %, 690 MHz, 5000 MHz, 64.87 W, 77, P0
2026/09/30 07:59:03.794, Tesla T4, 12855 MiB, 2058 MiB, 15360 MiB, 96 %, 50 %, 540 MHz, 5000 MHz, 65.59 W, 77, P0
2026/09/30 07:59:04.312, Tesla T4, 12855 MiB, 2058 MiB, 15360 MiB, 100 %, 44 %, 600 MHz, 5000 MHz, 66.82 W, 77, P0
2026/09/30 07:59:04.828, Tesla T4, 12855 MiB, 2058 MiB, 15360 MiB, 100 %, 71 %, 555 MHz, 5000 MHz, 63.24 W, 77, P0
2026/09/30 07:59:05.345, Tesla T4, 12855 MiB, 2058 MiB, 15360 MiB, 100 %, 44 %, 600 MHz, 5000 MHz, 63.10 W, 77, P0
2026/09/30 07:59:05.860, Tesla T4, 12855 MiB, 2058 MiB, 15360 MiB, 100 %, 100 %, 1260 MHz, 5000 MHz, 61.06 W, 77, P0
2026/09/30 07:59:06.383, Tesla T4, 12855 MiB, 2058 MiB, 15360 MiB, 100 %, 54 %, 690 MHz, 5000 MHz, 70.64 W, 77, P0
2026/09/30 07:59:06.902, Tesla T4, 12855 MiB, 2058 MiB, 15360 MiB, 100 %, 55 %, 840 MHz, 5000 MHz, 61.62 W, 77, P0
2026/09/30 07:59:07.421, Tesla T4, 12855 MiB, 2058 MiB, 15360 MiB, 100 %, 56 %, 795 MHz, 5000 MHz, 68.53 W, 77, P0
2026/09/30 07:59:07.951, Tesla T4, 12855 MiB, 2058 MiB, 15360 MiB, 100 %, 42 %, 600 MHz, 5000 MHz, 68.93 W, 77, P0
2026/09/30 07:59:08.476, Tesla T4, 12855 MiB, 2058 MiB, 15360 MiB, 100 %, 37 %, 795 MHz, 5000 MHz, 60.48 W, 77, P0
2026/09/30 07:59:09.020, Tesla T4, 12855 MiB, 2058 MiB, 15360 MiB, 100 %, 41 %, 585 MHz, 5000 MHz, 68.78 W, 77, P0
2026/09/30 07:59:09.534, Tesla T4, 12855 MiB, 2058 MiB, 15360 MiB, 100 %, 39 %, 825 MHz, 5000 MHz, 63.08 W, 77, P0
2026/09/30 07:59:10.072, Tesla T4, 12855 MiB, 2058 MiB, 15360 MiB, 100 %, 83 %, 690 MHz, 5000 MHz, 65.30 W, 77, P0
2026/09/30 07:59:10.588, Tesla T4, 12855 MiB, 2058 MiB, 15360 MiB, 100 %, 53 %, 735 MHz, 5000 MHz, 63.73 W, 77, P0
2026/09/30 07:59:11.121, Tesla T4, 12855 MiB, 2058 MiB, 15360 MiB, 100 %, 52 %, 735 MHz, 5000 MHz, 69.96 W, 77, P0
2026/09/30 07:59:11.636, Tesla T4, 12855 MiB, 2058 MiB, 15360 MiB, 100 %, 52 %, 630 MHz, 5000 MHz, 61.36 W, 77, P0
2026/09/30 07:59:12.159, Tesla T4, 12855 MiB, 2058 MiB, 15360 MiB, 100 %, 52 %, 585 MHz, 5000 MHz, 67.70 W, 77, P0
2026/09/30 07:59:12.671, Tesla T4, 12855 MiB, 2058 MiB, 15360 MiB, 99 %, 71 %, 645 MHz, 5000 MHz, 64.36 W, 77, P0
2026/09/30 07:59:13.189, Tesla T4, 12855 MiB, 2058 MiB, 15360 MiB, 100 %, 52 %, 1035 MHz, 5000 MHz, 64.71 W, 77, P0
2026/09/30 07:59:13.701, Tesla T4, 12855 MiB, 2058 MiB, 15360 MiB, 100 %, 63 %, 675 MHz, 5000 MHz, 70.50 W, 77, P0
2026/09/30 07:59:14.240, Tesla T4, 12855 MiB, 2058 MiB, 15360 MiB, 96 %, 51 %, 570 MHz, 5000 MHz, 68.40 W, 77, P0
2026/09/30 07:59:14.754, Tesla T4, 12855 MiB, 2058 MiB, 15360 MiB, 100 %, 60 %, 720 MHz, 5000 MHz, 66.43 W, 77, P0
2026/09/30 07:59:15.278, Tesla T4, 12855 MiB, 2058 MiB, 15360 MiB, 96 %, 52 %, 585 MHz, 5000 MHz, 71.33 W, 77, P0
2026/09/30 07:59:15.791, Tesla T4, 12855 MiB, 2058 MiB, 15360 MiB, 100 %, 42 %, 600 MHz, 5000 MHz, 61.06 W, 77, P0
2026/09/30 07:59:16.326, Tesla T4, 12855 MiB, 2058 MiB, 15360 MiB, 100 %, 53 %, 975 MHz, 5000 MHz, 61.65 W, 77, P0
2026/09/30 07:59:16.840, Tesla T4, 12855 MiB, 2058 MiB, 15360 MiB, 100 %, 53 %, 735 MHz, 5000 MHz, 63.18 W, 77, P0
2026/09/30 07:59:17.366, Tesla T4, 12855 MiB, 2058 MiB, 15360 MiB, 100 %, 56 %, 705 MHz, 5000 MHz, 81.44 W, 77, P0
2026/09/30 07:59:17.879, Tesla T4, 12855 MiB, 2058 MiB, 15360 MiB, 100 %, 59 %, 615 MHz, 5000 MHz, 65.65 W, 77, P0
2026/09/30 07:59:18.413, Tesla T4, 12855 MiB, 2058 MiB, 15360 MiB, 98 %, 99 %, 645 MHz, 5000 MHz, 67.80 W, 77, P0
2026/09/30 07:59:18.927, Tesla T4, 12855 MiB, 2058 MiB, 15360 MiB, 100 %, 58 %, 1140 MHz, 5000 MHz, 68.99 W, 77, P0
2026/09/30 07:59:19.456, Tesla T4, 12855 MiB, 2058 MiB, 15360 MiB, 100 %, 46 %, 570 MHz, 5000 MHz, 66.53 W, 77, P0
2026/09/30 07:59:20.003, Tesla T4, 12855 MiB, 2058 MiB, 15360 MiB, 98 %, 97 %, 765 MHz, 5000 MHz, 61.22 W, 77, P0
2026/09/30 07:59:20.543, Tesla T4, 12855 MiB, 2058 MiB, 15360 MiB, 92 %, 52 %, 1170 MHz, 5000 MHz, 41.16 W, 77, P0
2026/09/30 07:59:21.074, Tesla T4, 12855 MiB, 2058 MiB, 15360 MiB, 100 %, 49 %, 810 MHz, 5000 MHz, 73.29 W, 77, P0
2026/09/30 07:59:21.616, Tesla T4, 12855 MiB, 2058 MiB, 15360 MiB, 93 %, 42 %, 1575 MHz, 5000 MHz, 69.62 W, 77, P0
2026/09/30 07:59:22.127, Tesla T4, 12855 MiB, 2058 MiB, 15360 MiB, 100 %, 49 %, 1260 MHz, 5000 MHz, 67.35 W, 77, P0
2026/09/30 07:59:22.639, Tesla T4, 12855 MiB, 2058 MiB, 15360 MiB, 100 %, 45 %, 630 MHz, 5000 MHz, 67.70 W, 77, P0
2026/09/30 07:59:23.153, Tesla T4, 12855 MiB, 2058 MiB, 15360 MiB, 100 %, 46 %, 615 MHz, 5000 MHz, 64.42 W, 77, P0
2026/09/30 07:59:23.673, Tesla T4, 12855 MiB, 2058 MiB, 15360 MiB, 100 %, 46 %, 660 MHz, 5000 MHz, 65.98 W, 77, P0
2026/09/30 07:59:24.202, Tesla T4, 12855 MiB, 2058 MiB, 15360 MiB, 100 %, 51 %, 705 MHz, 5000 MHz, 63.97 W, 77, P0
2026/09/30 07:59:24.716, Tesla T4, 12855 MiB, 2058 MiB, 15360 MiB, 100 %, 56 %, 735 MHz, 5000 MHz, 63.28 W, 77, P0
2026/09/30 07:59:25.253, Tesla T4, 12855 MiB, 2058 MiB, 15360 MiB, 95 %, 52 %, 585 MHz, 5000 MHz, 66.57 W, 77, P0
2026/09/30 07:59:25.765, Tesla T4, 12855 MiB, 2058 MiB, 15360 MiB, 100 %, 41 %, 570 MHz, 5000 MHz, 65.20 W, 77, P0
2026/09/30 07:59:26.283, Tesla T4, 12855 MiB, 2058 MiB, 15360 MiB, 100 %, 71 %, 735 MHz, 5000 MHz, 60.28 W, 77, P0
2026/09/30 07:59:26.800, Tesla T4, 12855 MiB, 2058 MiB, 15360 MiB, 100 %, 54 %, 645 MHz, 5000 MHz, 67.26 W, 77, P0
2026/09/30 07:59:27.317, Tesla T4, 12855 MiB, 2058 MiB, 15360 MiB, 95 %, 48 %, 615 MHz, 5000 MHz, 65.04 W, 77, P0
2026/09/30 07:59:27.832, Tesla T4, 12855 MiB, 2058 MiB, 15360 MiB, 100 %, 60 %, 630 MHz, 5000 MHz, 70.40 W, 77, P0
2026/09/30 07:59:28.346, Tesla T4, 12855 MiB, 2058 MiB, 15360 MiB, 100 %, 43 %, 795 MHz, 5000 MHz, 63.48 W, 77, P0
2026/09/30 07:59:28.879, Tesla T4, 12855 MiB, 2058 MiB, 15360 MiB, 100 %, 50 %, 645 MHz, 5000 MHz, 63.51 W, 77, P0
2026/09/30 07:59:29.393, Tesla T4, 12855 MiB, 2058 MiB, 15360 MiB, 100 %, 52 %, 675 MHz, 5000 MHz, 67.90 W, 77, P0
2026/09/30 07:59:29.912, Tesla T4, 12855 MiB, 2058 MiB, 15360 MiB, 100 %, 50 %, 945 MHz, 5000 MHz, 61.59 W, 77, P0
2026/09/30 07:59:30.423, Tesla T4, 12855 MiB, 2058 MiB, 15360 MiB, 98 %, 79 %, 720 MHz, 5000 MHz, 65.73 W, 77, P0
2026/09/30 07:59:30.940, Tesla T4, 12855 MiB, 2058 MiB, 15360 MiB, 100 %, 44 %, 645 MHz, 5000 MHz, 68.35 W, 77, P0
2026/09/30 07:59:31.454, Tesla T4, 12855 MiB, 2058 MiB, 15360 MiB, 100 %, 60 %, 645 MHz, 5000 MHz, 68.19 W, 77, P0
2026/09/30 07:59:31.966, Tesla T4, 12855 MiB, 2058 MiB, 15360 MiB, 100 %, 45 %, 600 MHz, 5000 MHz, 66.86 W, 77, P0
2026/09/30 07:59:32.504, Tesla T4, 12855 MiB, 2058 MiB, 15360 MiB, 100 %, 52 %, 645 MHz, 5000 MHz, 66.91 W, 77, P0
2026/09/30 07:59:33.024, Tesla T4, 12855 MiB, 2058 MiB, 15360 MiB, 100 %, 52 %, 720 MHz, 5000 MHz, 65.89 W, 77, P0
2026/09/30 07:59:33.547, Tesla T4, 12855 MiB, 2058 MiB, 15360 MiB, 92 %, 46 %, 615 MHz, 5000 MHz, 65.30 W, 77, P0
2026/09/30 07:59:34.094, Tesla T4, 12855 MiB, 2058 MiB, 15360 MiB, 100 %, 48 %, 600 MHz, 5000 MHz, 65.73 W, 77, P0
2026/09/30 07:59:34.627, Tesla T4, 12855 MiB, 2058 MiB, 15360 MiB, 98 %, 86 %, 795 MHz, 5000 MHz, 69.52 W, 77, P0
2026/09/30 07:59:35.167, Tesla T4, 12855 MiB, 2058 MiB, 15360 MiB, 94 %, 54 %, 570 MHz, 5000 MHz, 65.00 W, 77, P0
2026/09/30 07:59:35.682, Tesla T4, 12855 MiB, 2058 MiB, 15360 MiB, 100 %, 41 %, 570 MHz, 5000 MHz, 65.40 W, 77, P0
2026/09/30 07:59:36.202, Tesla T4, 12855 MiB, 2058 MiB, 15360 MiB, 100 %, 70 %, 1185 MHz, 5000 MHz, 60.28 W, 78, P0
2026/09/30 07:59:36.720, Tesla T4, 12855 MiB, 2058 MiB, 15360 MiB, 100 %, 53 %, 705 MHz, 5000 MHz, 62.99 W, 77, P0
2026/09/30 07:59:37.232, Tesla T4, 12855 MiB, 2058 MiB, 15360 MiB, 96 %, 49 %, 570 MHz, 5000 MHz, 65.89 W, 77, P0
2026/09/30 07:59:37.749, Tesla T4, 12855 MiB, 2058 MiB, 15360 MiB, 100 %, 46 %, 570 MHz, 5000 MHz, 64.03 W, 77, P0
2026/09/30 07:59:38.262, Tesla T4, 12855 MiB, 2058 MiB, 15360 MiB, 100 %, 71 %, 735 MHz, 5000 MHz, 62.63 W, 77, P0
2026/09/30 07:59:38.781, Tesla T4, 12855 MiB, 2058 MiB, 15360 MiB, 84 %, 43 %, 645 MHz, 5000 MHz, 65.34 W, 77, P0
2026/09/30 07:59:39.295, Tesla T4, 12855 MiB, 2058 MiB, 15360 MiB, 100 %, 46 %, 615 MHz, 5000 MHz, 69.96 W, 77, P0
2026/09/30 07:59:39.810, Tesla T4, 12855 MiB, 2058 MiB, 15360 MiB, 100 %, 57 %, 1020 MHz, 5000 MHz, 61.85 W, 77, P0
2026/09/30 07:59:40.331, Tesla T4, 12855 MiB, 2058 MiB, 15360 MiB, 100 %, 49 %, 675 MHz, 5000 MHz, 66.38 W, 77, P0
2026/09/30 07:59:40.851, Tesla T4, 12855 MiB, 2058 MiB, 15360 MiB, 100 %, 53 %, 885 MHz, 5000 MHz, 66.08 W, 77, P0
2026/09/30 07:59:41.362, Tesla T4, 12855 MiB, 2058 MiB, 15360 MiB, 100 %, 52 %, 585 MHz, 5000 MHz, 66.67 W, 77, P0
2026/09/30 07:59:41.879, Tesla T4, 12855 MiB, 2058 MiB, 15360 MiB, 100 %, 58 %, 750 MHz, 5000 MHz, 67.06 W, 77, P0
2026/09/30 07:59:42.393, Tesla T4, 12855 MiB, 2058 MiB, 15360 MiB, 100 %, 43 %, 570 MHz, 5000 MHz, 64.89 W, 77, P0
2026/09/30 07:59:42.909, Tesla T4, 12855 MiB, 2058 MiB, 15360 MiB, 100 %, 44 %, 645 MHz, 5000 MHz, 64.81 W, 77, P0
2026/09/30 07:59:43.421, Tesla T4, 12855 MiB, 2058 MiB, 15360 MiB, 98 %, 99 %, 600 MHz, 5000 MHz, 95.55 W, 77, P0
2026/09/30 07:59:43.935, Tesla T4, 12855 MiB, 2058 MiB, 15360 MiB, 100 %, 53 %, 675 MHz, 5000 MHz, 63.97 W, 77, P0
2026/09/30 07:59:44.454, Tesla T4, 12855 MiB, 2058 MiB, 15360 MiB, 95 %, 49 %, 570 MHz, 5000 MHz, 71.62 W, 77, P0
2026/09/30 07:59:44.966, Tesla T4, 12855 MiB, 2058 MiB, 15360 MiB, 100 %, 43 %, 540 MHz, 5000 MHz, 66.42 W, 77, P0
2026/09/30 07:59:45.486, Tesla T4, 12855 MiB, 2058 MiB, 15360 MiB, 100 %, 70 %, 1155 MHz, 5000 MHz, 59.73 W, 77, P0
2026/09/30 07:59:46.010, Tesla T4, 12855 MiB, 2058 MiB, 15360 MiB, 100 %, 56 %, 690 MHz, 5000 MHz, 64.99 W, 77, P0
2026/09/30 07:59:46.527, Tesla T4, 12855 MiB, 2058 MiB, 15360 MiB, 72 %, 43 %, 600 MHz, 5000 MHz, 65.89 W, 77, P0
2026/09/30 07:59:47.051, Tesla T4, 12855 MiB, 2058 MiB, 15360 MiB, 100 %, 48 %, 585 MHz, 5000 MHz, 63.97 W, 77, P0
2026/09/30 07:59:47.591, Tesla T4, 12855 MiB, 2058 MiB, 15360 MiB, 97 %, 100 %, 840 MHz, 5000 MHz, 63.18 W, 77, P0
2026/09/30 07:59:48.114, Tesla T4, 12855 MiB, 2058 MiB, 15360 MiB, 100 %, 59 %, 1020 MHz, 5000 MHz, 86.61 W, 77, P0
2026/09/30 07:59:48.654, Tesla T4, 12855 MiB, 2058 MiB, 15360 MiB, 100 %, 48 %, 585 MHz, 5000 MHz, 65.34 W, 77, P0
2026/09/30 07:59:49.169, Tesla T4, 12855 MiB, 2058 MiB, 15360 MiB, 98 %, 75 %, 675 MHz, 5000 MHz, 62.44 W, 77, P0
2026/09/30 07:59:49.683, Tesla T4, 12855 MiB, 2058 MiB, 15360 MiB, 97 %, 44 %, 630 MHz, 5000 MHz, 65.34 W, 77, P0
2026/09/30 07:59:50.198, Tesla T4, 12855 MiB, 2058 MiB, 15360 MiB, 100 %, 56 %, 630 MHz, 5000 MHz, 65.00 W, 77, P0
2026/09/30 07:59:50.711, Tesla T4, 12855 MiB, 2058 MiB, 15360 MiB, 99 %, 78 %, 1005 MHz, 5000 MHz, 60.90 W, 77, P0
2026/09/30 07:59:51.237, Tesla T4, 12855 MiB, 2058 MiB, 15360 MiB, 100 %, 53 %, 675 MHz, 5000 MHz, 63.67 W, 77, P0
2026/09/30 07:59:51.751, Tesla T4, 12855 MiB, 2058 MiB, 15360 MiB, 100 %, 53 %, 750 MHz, 5000 MHz, 63.18 W, 77, P0
2026/09/30 07:59:52.269, Tesla T4, 12855 MiB, 2058 MiB, 15360 MiB, 100 %, 43 %, 645 MHz, 5000 MHz, 66.08 W, 77, P0
2026/09/30 07:59:52.783, Tesla T4, 12855 MiB, 2058 MiB, 15360 MiB, 100 %, 69 %, 585 MHz, 5000 MHz, 66.77 W, 77, P0
2026/09/30 07:59:53.301, Tesla T4, 12855 MiB, 2058 MiB, 15360 MiB, 100 %, 44 %, 585 MHz, 5000 MHz, 65.98 W, 77, P0
2026/09/30 07:59:53.819, Tesla T4, 12855 MiB, 2058 MiB, 15360 MiB, 98 %, 100 %, 1290 MHz, 5000 MHz, 64.26 W, 78, P0
2026/09/30 07:59:54.339, Tesla T4, 12855 MiB, 2058 MiB, 15360 MiB, 100 %, 54 %, 675 MHz, 5000 MHz, 68.39 W, 77, P0
2026/09/30 07:59:54.853, Tesla T4, 12855 MiB, 2058 MiB, 15360 MiB, 100 %, 55 %, 735 MHz, 5000 MHz, 69.27 W, 77, P0
2026/09/30 07:59:55.366, Tesla T4, 12855 MiB, 2058 MiB, 15360 MiB, 100 %, 55 %, 1080 MHz, 5000 MHz, 68.98 W, 76, P0
2026/09/30 07:59:55.881, Tesla T4, 12855 MiB, 2058 MiB, 15360 MiB, 100 %, 46 %, 705 MHz, 5000 MHz, 61.75 W, 77, P0
2026/09/30 07:59:56.396, Tesla T4, 12855 MiB, 2058 MiB, 15360 MiB, 100 %, 59 %, 915 MHz, 5000 MHz, 61.75 W, 77, P0
2026/09/30 07:59:56.917, Tesla T4, 12855 MiB, 2058 MiB, 15360 MiB, 100 %, 52 %, 675 MHz, 5000 MHz, 65.98 W, 77, P0
2026/09/30 07:59:57.430, Tesla T4, 12855 MiB, 2058 MiB, 15360 MiB, 95 %, 49 %, 600 MHz, 5000 MHz, 67.45 W, 77, P0
2026/09/30 07:59:57.944, Tesla T4, 12855 MiB, 2058 MiB, 15360 MiB, 100 %, 56 %, 600 MHz, 5000 MHz, 66.77 W, 77, P0
2026/09/30 07:59:58.459, Tesla T4, 12855 MiB, 2058 MiB, 15360 MiB, 100 %, 68 %, 690 MHz, 5000 MHz, 66.08 W, 77, P0
2026/09/30 07:59:58.994, Tesla T4, 12855 MiB, 2058 MiB, 15360 MiB, 92 %, 47 %, 555 MHz, 5000 MHz, 64.40 W, 77, P0
2026/09/30 07:59:59.539, Tesla T4, 12855 MiB, 2058 MiB, 15360 MiB, 100 %, 57 %, 585 MHz, 5000 MHz, 66.22 W, 77, P0
2026/09/30 08:00:00.088, Tesla T4, 12855 MiB, 2058 MiB, 15360 MiB, 99 %, 78 %, 735 MHz, 5000 MHz, 66.92 W, 77, P0
2026/09/30 08:00:00.616, Tesla T4, 12855 MiB, 2058 MiB, 15360 MiB, 92 %, 52 %, 600 MHz, 5000 MHz, 61.12 W, 77, P0
2026/09/30 08:00:01.158, Tesla T4, 12855 MiB, 2058 MiB, 15360 MiB, 100 %, 43 %, 600 MHz, 5000 MHz, 52.24 W, 77, P0
2026/09/30 08:00:01.686, Tesla T4, 12855 MiB, 2058 MiB, 15360 MiB, 100 %, 58 %, 1020 MHz, 5000 MHz, 64.65 W, 77, P0
2026/09/30 08:00:02.211, Tesla T4, 12855 MiB, 2058 MiB, 15360 MiB, 100 %, 52 %, 630 MHz, 5000 MHz, 66.86 W, 77, P0
2026/09/30 08:00:02.734, Tesla T4, 12855 MiB, 2058 MiB, 15360 MiB, 84 %, 42 %, 585 MHz, 5000 MHz, 66.28 W, 77, P0
2026/09/30 08:00:03.247, Tesla T4, 12855 MiB, 2058 MiB, 15360 MiB, 100 %, 57 %, 660 MHz, 5000 MHz, 69.76 W, 77, P0
2026/09/30 08:00:03.764, Tesla T4, 12855 MiB, 2058 MiB, 15360 MiB, 100 %, 44 %, 795 MHz, 5000 MHz, 61.65 W, 77, P0
2026/09/30 08:00:04.294, Tesla T4, 12855 MiB, 2058 MiB, 15360 MiB, 100 %, 55 %, 780 MHz, 5000 MHz, 65.00 W, 77, P0
2026/09/30 08:00:04.806, Tesla T4, 12855 MiB, 2058 MiB, 15360 MiB, 100 %, 57 %, 825 MHz, 5000 MHz, 63.12 W, 77, P0
2026/09/30 08:00:05.317, Tesla T4, 12855 MiB, 2058 MiB, 15360 MiB, 100 %, 55 %, 585 MHz, 5000 MHz, 66.92 W, 77, P0
2026/09/30 08:00:05.831, Tesla T4, 12855 MiB, 2058 MiB, 15360 MiB, 98 %, 70 %, 690 MHz, 5000 MHz, 65.73 W, 77, P0
2026/09/30 08:00:06.347, Tesla T4, 12855 MiB, 2058 MiB, 15360 MiB, 100 %, 43 %, 630 MHz, 5000 MHz, 63.67 W, 77, P0
2026/09/30 08:00:06.859, Tesla T4, 12855 MiB, 2058 MiB, 15360 MiB, 100 %, 43 %, 510 MHz, 5000 MHz, 67.75 W, 77, P0
2026/09/30 08:00:07.379, Tesla T4, 12855 MiB, 2058 MiB, 15360 MiB, 100 %, 43 %, 570 MHz, 5000 MHz, 67.26 W, 77, P0
2026/09/30 08:00:07.893, Tesla T4, 12855 MiB, 2058 MiB, 15360 MiB, 100 %, 49 %, 645 MHz, 5000 MHz, 61.16 W, 77, P0
2026/09/30 08:00:08.418, Tesla T4, 12855 MiB, 2058 MiB, 15360 MiB, 100 %, 90 %, 675 MHz, 5000 MHz, 62.08 W, 77, P0
2026/09/30 08:00:08.932, Tesla T4, 12855 MiB, 2058 MiB, 15360 MiB, 100 %, 55 %, 630 MHz, 5000 MHz, 69.96 W, 77, P0
2026/09/30 08:00:09.451, Tesla T4, 12855 MiB, 2058 MiB, 15360 MiB, 100 %, 55 %, 675 MHz, 5000 MHz, 68.72 W, 77, P0
2026/09/30 08:00:09.963, Tesla T4, 12855 MiB, 2058 MiB, 15360 MiB, 95 %, 50 %, 570 MHz, 5000 MHz, 67.26 W, 77, P0
2026/09/30 08:00:10.478, Tesla T4, 12855 MiB, 2058 MiB, 15360 MiB, 100 %, 49 %, 720 MHz, 5000 MHz, 69.47 W, 77, P0
2026/09/30 08:00:10.997, Tesla T4, 12855 MiB, 2058 MiB, 15360 MiB, 100 %, 57 %, 735 MHz, 5000 MHz, 63.77 W, 77, P0
2026/09/30 08:00:11.514, Tesla T4, 12855 MiB, 2058 MiB, 15360 MiB, 100 %, 45 %, 630 MHz, 5000 MHz, 66.28 W, 77, P0
2026/09/30 08:00:12.060, Tesla T4, 12855 MiB, 2058 MiB, 15360 MiB, 100 %, 66 %, 585 MHz, 5000 MHz, 65.49 W, 77, P0
2026/09/30 08:00:12.589, Tesla T4, 12855 MiB, 2058 MiB, 15360 MiB, 100 %, 62 %, 930 MHz, 5000 MHz, 62.63 W, 77, P0
2026/09/30 08:00:13.142, Tesla T4, 12855 MiB, 2058 MiB, 15360 MiB, 100 %, 61 %, 690 MHz, 5000 MHz, 63.69 W, 77, P0
2026/09/30 08:00:13.674, Tesla T4, 12855 MiB, 2058 MiB, 15360 MiB, 100 %, 55 %, 660 MHz, 5000 MHz, 68.49 W, 77, P0
2026/09/30 08:00:14.225, Tesla T4, 12855 MiB, 2058 MiB, 15360 MiB, 100 %, 50 %, 585 MHz, 5000 MHz, 65.85 W, 77, P0
2026/09/30 08:00:14.766, Tesla T4, 12855 MiB, 2058 MiB, 15360 MiB, 100 %, 58 %, 555 MHz, 5000 MHz, 64.22 W, 77, P0
2026/09/30 08:00:15.279, Tesla T4, 12855 MiB, 2058 MiB, 15360 MiB, 97 %, 87 %, 855 MHz, 5000 MHz, 86.60 W, 77, P0
2026/09/30 08:00:15.799, Tesla T4, 12855 MiB, 2058 MiB, 15360 MiB, 100 %, 54 %, 675 MHz, 5000 MHz, 63.77 W, 77, P0
2026/09/30 08:00:16.313, Tesla T4, 12855 MiB, 2058 MiB, 15360 MiB, 95 %, 50 %, 555 MHz, 5000 MHz, 64.75 W, 77, P0
2026/09/30 08:00:16.831, Tesla T4, 12855 MiB, 2058 MiB, 15360 MiB, 100 %, 46 %, 570 MHz, 5000 MHz, 67.75 W, 77, P0
2026/09/30 08:00:17.343, Tesla T4, 12855 MiB, 2058 MiB, 15360 MiB, 100 %, 59 %, 690 MHz, 5000 MHz, 66.86 W, 77, P0
2026/09/30 08:00:17.860, Tesla T4, 12855 MiB, 2058 MiB, 15360 MiB, 96 %, 48 %, 600 MHz, 5000 MHz, 64.03 W, 77, P0
2026/09/30 08:00:18.373, Tesla T4, 12855 MiB, 2058 MiB, 15360 MiB, 100 %, 60 %, 585 MHz, 5000 MHz, 65.45 W, 77, P0
2026/09/30 08:00:18.890, Tesla T4, 12855 MiB, 2058 MiB, 15360 MiB, 100 %, 69 %, 765 MHz, 5000 MHz, 64.06 W, 77, P0
2026/09/30 08:00:19.405, Tesla T4, 12855 MiB, 2058 MiB, 15360 MiB, 100 %, 58 %, 1290 MHz, 5000 MHz, 68.88 W, 77, P0
2026/09/30 08:00:19.915, Tesla T4, 12855 MiB, 2058 MiB, 15360 MiB, 100 %, 45 %, 555 MHz, 5000 MHz, 68.10 W, 77, P0
2026/09/30 08:00:20.432, Tesla T4, 12855 MiB, 2058 MiB, 15360 MiB, 100 %, 65 %, 555 MHz, 5000 MHz, 64.46 W, 77, P0
2026/09/30 08:00:20.959, Tesla T4, 12855 MiB, 2058 MiB, 15360 MiB, 100 %, 40 %, 690 MHz, 5000 MHz, 62.10 W, 77, P0
2026/09/30 08:00:21.490, Tesla T4, 12855 MiB, 2058 MiB, 15360 MiB, 100 %, 53 %, 750 MHz, 5000 MHz, 67.84 W, 77, P0
2026/09/30 08:00:22.003, Tesla T4, 12855 MiB, 2058 MiB, 15360 MiB, 100 %, 55 %, 705 MHz, 5000 MHz, 62.59 W, 77, P0
2026/09/30 08:00:22.522, Tesla T4, 12855 MiB, 2058 MiB, 15360 MiB, 95 %, 53 %, 585 MHz, 5000 MHz, 77.00 W, 77, P0
2026/09/30 08:00:23.035, Tesla T4, 12855 MiB, 2058 MiB, 15360 MiB, 100 %, 55 %, 600 MHz, 5000 MHz, 65.24 W, 77, P0
2026/09/30 08:00:23.553, Tesla T4, 12855 MiB, 2058 MiB, 15360 MiB, 98 %, 78 %, 795 MHz, 5000 MHz, 64.16 W, 77, P0
2026/09/30 08:00:24.066, Tesla T4, 12855 MiB, 2058 MiB, 15360 MiB, 100 %, 56 %, 855 MHz, 5000 MHz, 66.47 W, 77, P0
2026/09/30 08:00:24.587, Tesla T4, 12855 MiB, 2058 MiB, 15360 MiB, 100 %, 44 %, 630 MHz, 5000 MHz, 69.17 W, 77, P0
2026/09/30 08:00:25.117, Tesla T4, 12855 MiB, 2058 MiB, 15360 MiB, 100 %, 71 %, 600 MHz, 5000 MHz, 62.73 W, 77, P0
2026/09/30 08:00:25.640, Tesla T4, 12855 MiB, 2058 MiB, 15360 MiB, 100 %, 44 %, 510 MHz, 5000 MHz, 68.78 W, 77, P0
2026/09/30 08:00:26.320, Tesla T4, 12855 MiB, 2058 MiB, 15360 MiB, 97 %, 100 %, 510 MHz, 5000 MHz, 57.60 W, 77, P0
2026/09/30 08:00:26.858, Tesla T4, 12855 MiB, 2058 MiB, 15360 MiB, 100 %, 55 %, 765 MHz, 5000 MHz, 69.27 W, 77, P0
2026/09/30 08:00:27.414, Tesla T4, 12855 MiB, 2058 MiB, 15360 MiB, 100 %, 56 %, 765 MHz, 5000 MHz, 63.97 W, 77, P0
2026/09/30 08:00:27.934, Tesla T4, 12855 MiB, 2058 MiB, 15360 MiB, 100 %, 55 %, 585 MHz, 5000 MHz, 64.51 W, 77, P0
2026/09/30 08:00:28.448, Tesla T4, 12855 MiB, 2058 MiB, 15360 MiB, 100 %, 56 %, 615 MHz, 5000 MHz, 66.77 W, 77, P0
2026/09/30 08:00:28.966, Tesla T4, 12855 MiB, 2058 MiB, 15360 MiB, 100 %, 55 %, 705 MHz, 5000 MHz, 65.79 W, 77, P0
2026/09/30 08:00:29.478, Tesla T4, 12855 MiB, 2058 MiB, 15360 MiB, 84 %, 42 %, 570 MHz, 5000 MHz, 66.86 W, 77, P0
2026/09/30 08:00:29.996, Tesla T4, 12855 MiB, 2058 MiB, 15360 MiB, 100 %, 48 %, 600 MHz, 5000 MHz, 66.73 W, 77, P0
2026/09/30 08:00:30.509, Tesla T4, 12855 MiB, 2058 MiB, 15360 MiB, 98 %, 80 %, 555 MHz, 5000 MHz, 89.08 W, 77, P0
2026/09/30 08:00:31.026, Tesla T4, 12855 MiB, 2058 MiB, 15360 MiB, 100 %, 58 %, 810 MHz, 5000 MHz, 67.51 W, 77, P0
2026/09/30 08:00:31.539, Tesla T4, 12855 MiB, 2058 MiB, 15360 MiB, 95 %, 51 %, 510 MHz, 5000 MHz, 67.16 W, 77, P0
2026/09/30 08:00:32.060, Tesla T4, 12855 MiB, 2058 MiB, 15360 MiB, 98 %, 83 %, 780 MHz, 5000 MHz, 66.67 W, 77, P0
2026/09/30 08:00:32.573, Tesla T4, 12855 MiB, 2058 MiB, 15360 MiB, 96 %, 49 %, 1575 MHz, 5000 MHz, 67.49 W, 77, P0
2026/09/30 08:00:33.086, Tesla T4, 12855 MiB, 2058 MiB, 15360 MiB, 98 %, 57 %, 1185 MHz, 5000 MHz, 63.69 W, 77, P0
2026/09/30 08:00:33.599, Tesla T4, 12855 MiB, 2058 MiB, 15360 MiB, 100 %, 46 %, 480 MHz, 5000 MHz, 61.65 W, 77, P0
2026/09/30 08:00:34.113, Tesla T4, 12855 MiB, 2058 MiB, 15360 MiB, 100 %, 46 %, 540 MHz, 5000 MHz, 69.27 W, 77, P0
2026/09/30 08:00:34.629, Tesla T4, 12855 MiB, 2058 MiB, 15360 MiB, 100 %, 57 %, 720 MHz, 5000 MHz, 66.02 W, 77, P0
2026/09/30 08:00:35.145, Tesla T4, 12855 MiB, 2058 MiB, 15360 MiB, 100 %, 59 %, 735 MHz, 5000 MHz, 64.28 W, 77, P0
2026/09/30 08:00:35.663, Tesla T4, 12855 MiB, 2058 MiB, 15360 MiB, 100 %, 44 %, 585 MHz, 5000 MHz, 65.63 W, 77, P0
2026/09/30 08:00:36.177, Tesla T4, 12855 MiB, 2058 MiB, 15360 MiB, 100 %, 39 %, 600 MHz, 5000 MHz, 66.96 W, 77, P0
2026/09/30 08:00:36.696, Tesla T4, 12855 MiB, 2058 MiB, 15360 MiB, 100 %, 44 %, 600 MHz, 5000 MHz, 67.12 W, 77, P0
2026/09/30 08:00:37.210, Tesla T4, 12855 MiB, 2058 MiB, 15360 MiB, 100 %, 67 %, 1095 MHz, 5000 MHz, 60.54 W, 77, P0
2026/09/30 08:00:37.731, Tesla T4, 12855 MiB, 2058 MiB, 15360 MiB, 100 %, 56 %, 765 MHz, 5000 MHz, 66.86 W, 77, P0
2026/09/30 08:00:38.250, Tesla T4, 12855 MiB, 2058 MiB, 15360 MiB, 100 %, 57 %, 765 MHz, 5000 MHz, 62.14 W, 77, P0
2026/09/30 08:00:38.779, Tesla T4, 12855 MiB, 2058 MiB, 15360 MiB, 100 %, 56 %, 795 MHz, 5000 MHz, 44.55 W, 77, P0
2026/09/30 08:00:39.308, Tesla T4, 12855 MiB, 2058 MiB, 15360 MiB, 100 %, 48 %, 615 MHz, 5000 MHz, 68.58 W, 77, P0
2026/09/30 08:00:39.845, Tesla T4, 12855 MiB, 2058 MiB, 15360 MiB, 100 %, 57 %, 615 MHz, 5000 MHz, 69.86 W, 77, P0
2026/09/30 08:00:40.390, Tesla T4, 12855 MiB, 2058 MiB, 15360 MiB, 100 %, 74 %, 1080 MHz, 5000 MHz, 65.89 W, 77, P0
2026/09/30 08:00:40.920, Tesla T4, 12855 MiB, 2058 MiB, 15360 MiB, 100 %, 55 %, 705 MHz, 5000 MHz, 62.73 W, 77, P0
2026/09/30 08:00:41.442, Tesla T4, 12855 MiB, 2058 MiB, 15360 MiB, 100 %, 55 %, 705 MHz, 5000 MHz, 67.51 W, 77, P0
2026/09/30 08:00:41.968, Tesla T4, 12879 MiB, 2034 MiB, 15360 MiB, 100 %, 21 %, 1575 MHz, 5000 MHz, 72.26 W, 77, P0
2026/09/30 08:00:42.486, Tesla T4, 12883 MiB, 2030 MiB, 15360 MiB, 74 %, 32 %, 1590 MHz, 5000 MHz, 64.20 W, 77, P0
2026/09/30 08:00:43.011, Tesla T4, 12883 MiB, 2030 MiB, 15360 MiB, 100 %, 41 %, 630 MHz, 5000 MHz, 66.92 W, 77, P0
2026/09/30 08:00:43.552, Tesla T4, 12883 MiB, 2030 MiB, 15360 MiB, 100 %, 44 %, 735 MHz, 5000 MHz, 59.79 W, 77, P0
2026/09/30 08:00:44.105, Tesla T4, 12883 MiB, 2030 MiB, 15360 MiB, 100 %, 41 %, 600 MHz, 5000 MHz, 65.89 W, 77, P0
2026/09/30 08:00:44.648, Tesla T4, 12883 MiB, 2030 MiB, 15360 MiB, 100 %, 36 %, 945 MHz, 5000 MHz, 62.99 W, 77, P0
2026/09/30 08:00:45.174, Tesla T4, 12883 MiB, 2030 MiB, 15360 MiB, 100 %, 59 %, 750 MHz, 5000 MHz, 66.71 W, 77, P0
2026/09/30 08:00:45.693, Tesla T4, 12883 MiB, 2030 MiB, 15360 MiB, 100 %, 51 %, 645 MHz, 5000 MHz, 60.97 W, 77, P0
2026/09/30 08:00:46.205, Tesla T4, 12883 MiB, 2030 MiB, 15360 MiB, 100 %, 51 %, 750 MHz, 5000 MHz, 68.25 W, 77, P0
2026/09/30 08:00:46.722, Tesla T4, 12883 MiB, 2030 MiB, 15360 MiB, 100 %, 52 %, 630 MHz, 5000 MHz, 63.67 W, 77, P0
2026/09/30 08:00:47.235, Tesla T4, 12883 MiB, 2030 MiB, 15360 MiB, 100 %, 54 %, 600 MHz, 5000 MHz, 62.01 W, 77, P0
2026/09/30 08:00:47.753, Tesla T4, 12883 MiB, 2030 MiB, 15360 MiB, 100 %, 47 %, 600 MHz, 5000 MHz, 61.52 W, 77, P0
2026/09/30 08:00:48.272, Tesla T4, 12883 MiB, 2030 MiB, 15360 MiB, 100 %, 55 %, 765 MHz, 5000 MHz, 69.07 W, 77, P0
2026/09/30 08:00:48.786, Tesla T4, 12883 MiB, 2030 MiB, 15360 MiB, 100 %, 39 %, 1245 MHz, 5000 MHz, 64.16 W, 77, P0
2026/09/30 08:00:49.297, Tesla T4, 12883 MiB, 2030 MiB, 15360 MiB, 100 %, 57 %, 570 MHz, 5000 MHz, 67.90 W, 77, P0
2026/09/30 08:00:49.810, Tesla T4, 12883 MiB, 2030 MiB, 15360 MiB, 100 %, 57 %, 585 MHz, 5000 MHz, 65.00 W, 77, P0
2026/09/30 08:00:50.326, Tesla T4, 12883 MiB, 2030 MiB, 15360 MiB, 98 %, 78 %, 675 MHz, 5000 MHz, 66.86 W, 77, P0
2026/09/30 08:00:50.839, Tesla T4, 12883 MiB, 2030 MiB, 15360 MiB, 100 %, 57 %, 690 MHz, 5000 MHz, 64.28 W, 77, P0
2026/09/30 08:00:51.364, Tesla T4, 12883 MiB, 2030 MiB, 15360 MiB, 100 %, 28 %, 1590 MHz, 5000 MHz, 63.38 W, 78, P0
2026/09/30 08:00:51.890, Tesla T4, 12883 MiB, 2030 MiB, 15360 MiB, 25 %, 11 %, 1590 MHz, 5000 MHz, 44.55 W, 76, P0
2026/09/30 08:00:52.407, Tesla T4, 12883 MiB, 2030 MiB, 15360 MiB, 17 %, 10 %, 570 MHz, 5000 MHz, 66.77 W, 77, P0
2026/09/30 08:00:52.926, Tesla T4, 12883 MiB, 2030 MiB, 15360 MiB, 100 %, 45 %, 855 MHz, 5000 MHz, 61.75 W, 77, P0
2026/09/30 08:00:53.452, Tesla T4, 12883 MiB, 2030 MiB, 15360 MiB, 100 %, 54 %, 735 MHz, 5000 MHz, 66.38 W, 77, P0
2026/09/30 08:00:53.979, Tesla T4, 12883 MiB, 2030 MiB, 15360 MiB, 100 %, 43 %, 585 MHz, 5000 MHz, 67.51 W, 77, P0
2026/09/30 08:00:54.498, Tesla T4, 12883 MiB, 2030 MiB, 15360 MiB, 100 %, 53 %, 840 MHz, 5000 MHz, 62.30 W, 77, P0
2026/09/30 08:00:55.017, Tesla T4, 12883 MiB, 2030 MiB, 15360 MiB, 100 %, 44 %, 570 MHz, 5000 MHz, 66.86 W, 77, P0
2026/09/30 08:00:55.529, Tesla T4, 12883 MiB, 2030 MiB, 15360 MiB, 100 %, 85 %, 1020 MHz, 5000 MHz, 62.89 W, 77, P0
2026/09/30 08:00:56.050, Tesla T4, 12883 MiB, 2030 MiB, 15360 MiB, 100 %, 61 %, 690 MHz, 5000 MHz, 67.80 W, 77, P0
2026/09/30 08:00:56.566, Tesla T4, 12883 MiB, 2030 MiB, 15360 MiB, 100 %, 55 %, 690 MHz, 5000 MHz, 66.92 W, 77, P0
2026/09/30 08:00:57.085, Tesla T4, 12883 MiB, 2030 MiB, 15360 MiB, 100 %, 55 %, 765 MHz, 5000 MHz, 67.90 W, 77, P0
2026/09/30 08:00:57.601, Tesla T4, 12883 MiB, 2030 MiB, 15360 MiB, 100 %, 52 %, 585 MHz, 5000 MHz, 66.02 W, 77, P0
2026/09/30 08:00:58.115, Tesla T4, 12883 MiB, 2030 MiB, 15360 MiB, 100 %, 57 %, 735 MHz, 5000 MHz, 66.47 W, 77, P0
2026/09/30 08:00:58.631, Tesla T4, 12883 MiB, 2030 MiB, 15360 MiB, 95 %, 48 %, 555 MHz, 5000 MHz, 67.55 W, 77, P0
2026/09/30 08:00:59.146, Tesla T4, 12883 MiB, 2030 MiB, 15360 MiB, 100 %, 45 %, 645 MHz, 5000 MHz, 63.08 W, 77, P0
2026/09/30 08:00:59.680, Tesla T4, 12883 MiB, 2030 MiB, 15360 MiB, 100 %, 55 %, 720 MHz, 5000 MHz, 68.68 W, 77, P0
2026/09/30 08:01:00.193, Tesla T4, 12883 MiB, 2030 MiB, 15360 MiB, 99 %, 46 %, 570 MHz, 5000 MHz, 65.59 W, 77, P0
2026/09/30 08:01:00.711, Tesla T4, 12883 MiB, 2030 MiB, 15360 MiB, 100 %, 42 %, 510 MHz, 5000 MHz, 65.30 W, 77, P0
2026/09/30 08:01:01.224, Tesla T4, 12883 MiB, 2030 MiB, 15360 MiB, 100 %, 43 %, 615 MHz, 5000 MHz, 65.59 W, 77, P0
2026/09/30 08:01:01.737, Tesla T4, 12883 MiB, 2030 MiB, 15360 MiB, 100 %, 42 %, 555 MHz, 5000 MHz, 61.32 W, 77, P0
2026/09/30 08:01:02.265, Tesla T4, 12883 MiB, 2030 MiB, 15360 MiB, 100 %, 87 %, 675 MHz, 5000 MHz, 68.19 W, 77, P0
2026/09/30 08:01:02.780, Tesla T4, 12883 MiB, 2030 MiB, 15360 MiB, 100 %, 55 %, 690 MHz, 5000 MHz, 69.03 W, 77, P0
2026/09/30 08:01:03.298, Tesla T4, 12883 MiB, 2030 MiB, 15360 MiB, 100 %, 54 %, 690 MHz, 5000 MHz, 68.68 W, 77, P0
2026/09/30 08:01:03.817, Tesla T4, 12883 MiB, 2030 MiB, 15360 MiB, 100 %, 46 %, 570 MHz, 5000 MHz, 67.75 W, 77, P0
2026/09/30 08:01:04.354, Tesla T4, 12883 MiB, 2030 MiB, 15360 MiB, 100 %, 43 %, 480 MHz, 5000 MHz, 64.46 W, 77, P0
2026/09/30 08:01:04.885, Tesla T4, 12883 MiB, 2030 MiB, 15360 MiB, 100 %, 43 %, 600 MHz, 5000 MHz, 64.16 W, 77, P0
2026/09/30 08:01:05.425, Tesla T4, 12883 MiB, 2030 MiB, 15360 MiB, 100 %, 57 %, 825 MHz, 5000 MHz, 62.59 W, 77, P0
2026/09/30 08:01:05.982, Tesla T4, 12883 MiB, 2030 MiB, 15360 MiB, 100 %, 80 %, 735 MHz, 5000 MHz, 61.65 W, 77, P0
2026/09/30 08:01:06.503, Tesla T4, 12883 MiB, 2030 MiB, 15360 MiB, 100 %, 53 %, 735 MHz, 5000 MHz, 66.71 W, 77, P0
2026/09/30 08:01:07.016, Tesla T4, 12883 MiB, 2030 MiB, 15360 MiB, 100 %, 54 %, 720 MHz, 5000 MHz, 68.58 W, 77, P0
2026/09/30 08:01:07.540, Tesla T4, 12883 MiB, 2030 MiB, 15360 MiB, 100 %, 49 %, 585 MHz, 5000 MHz, 65.93 W, 77, P0
2026/09/30 08:01:08.059, Tesla T4, 12883 MiB, 2030 MiB, 15360 MiB, 100 %, 44 %, 495 MHz, 5000 MHz, 70.79 W, 77, P0
2026/09/30 08:01:08.573, Tesla T4, 12883 MiB, 2030 MiB, 15360 MiB, 100 %, 56 %, 780 MHz, 5000 MHz, 66.71 W, 77, P0
2026/09/30 08:01:09.090, Tesla T4, 12883 MiB, 2030 MiB, 15360 MiB, 94 %, 49 %, 555 MHz, 5000 MHz, 65.40 W, 77, P0
2026/09/30 08:01:09.602, Tesla T4, 12883 MiB, 2030 MiB, 15360 MiB, 100 %, 45 %, 510 MHz, 5000 MHz, 65.44 W, 77, P0
2026/09/30 08:01:10.114, Tesla T4, 12883 MiB, 2030 MiB, 15360 MiB, 100 %, 45 %, 570 MHz, 5000 MHz, 64.16 W, 77, P0
2026/09/30 08:01:10.635, Tesla T4, 12883 MiB, 2030 MiB, 15360 MiB, 100 %, 38 %, 1020 MHz, 5000 MHz, 62.34 W, 77, P0
2026/09/30 08:01:11.150, Tesla T4, 12883 MiB, 2030 MiB, 15360 MiB, 100 %, 53 %, 765 MHz, 5000 MHz, 61.16 W, 77, P0
2026/09/30 08:01:11.670, Tesla T4, 12883 MiB, 2030 MiB, 15360 MiB, 100 %, 55 %, 780 MHz, 5000 MHz, 65.59 W, 77, P0
2026/09/30 08:01:12.184, Tesla T4, 12883 MiB, 2030 MiB, 15360 MiB, 100 %, 53 %, 1290 MHz, 5000 MHz, 69.37 W, 77, P0
2026/09/30 08:01:12.694, Tesla T4, 12883 MiB, 2030 MiB, 15360 MiB, 100 %, 54 %, 705 MHz, 5000 MHz, 56.23 W, 77, P0
2026/09/30 08:01:13.220, Tesla T4, 12883 MiB, 2030 MiB, 15360 MiB, 100 %, 57 %, 705 MHz, 5000 MHz, 68.19 W, 77, P0
2026/09/30 08:01:13.739, Tesla T4, 12883 MiB, 2030 MiB, 15360 MiB, 100 %, 42 %, 645 MHz, 5000 MHz, 66.57 W, 77, P0
2026/09/30 08:01:14.253, Tesla T4, 12883 MiB, 2030 MiB, 15360 MiB, 100 %, 47 %, 720 MHz, 5000 MHz, 77.69 W, 77, P0
2026/09/30 08:01:14.765, Tesla T4, 12883 MiB, 2030 MiB, 15360 MiB, 100 %, 42 %, 600 MHz, 5000 MHz, 63.97 W, 77, P0
2026/09/30 08:01:15.282, Tesla T4, 12883 MiB, 2030 MiB, 15360 MiB, 100 %, 43 %, 1065 MHz, 5000 MHz, 62.30 W, 77, P0
2026/09/30 08:01:15.812, Tesla T4, 12883 MiB, 2030 MiB, 15360 MiB, 100 %, 50 %, 720 MHz, 5000 MHz, 62.04 W, 77, P0
2026/09/30 08:01:16.327, Tesla T4, 12883 MiB, 2030 MiB, 15360 MiB, 100 %, 53 %, 720 MHz, 5000 MHz, 69.37 W, 77, P0
2026/09/30 08:01:16.848, Tesla T4, 12883 MiB, 2030 MiB, 15360 MiB, 100 %, 55 %, 705 MHz, 5000 MHz, 60.97 W, 77, P0
2026/09/30 08:01:17.404, Tesla T4, 12883 MiB, 2030 MiB, 15360 MiB, 93 %, 46 %, 630 MHz, 5000 MHz, 66.71 W, 77, P0
2026/09/30 08:01:17.941, Tesla T4, 12883 MiB, 2030 MiB, 15360 MiB, 100 %, 57 %, 555 MHz, 5000 MHz, 65.00 W, 77, P0
2026/09/30 08:01:18.476, Tesla T4, 12883 MiB, 2030 MiB, 15360 MiB, 100 %, 75 %, 750 MHz, 5000 MHz, 65.04 W, 77, P0
2026/09/30 08:01:19.002, Tesla T4, 12883 MiB, 2030 MiB, 15360 MiB, 93 %, 52 %, 705 MHz, 5000 MHz, 83.38 W, 77, P0
2026/09/30 08:01:19.541, Tesla T4, 12883 MiB, 2030 MiB, 15360 MiB, 100 %, 55 %, 600 MHz, 5000 MHz, 64.51 W, 77, P0
2026/09/30 08:01:20.063, Tesla T4, 12883 MiB, 2030 MiB, 15360 MiB, 98 %, 100 %, 585 MHz, 5000 MHz, 85.72 W, 77, P0
2026/09/30 08:01:20.581, Tesla T4, 12883 MiB, 2030 MiB, 15360 MiB, 100 %, 55 %, 780 MHz, 5000 MHz, 65.79 W, 77, P0
2026/09/30 08:01:21.093, Tesla T4, 12883 MiB, 2030 MiB, 15360 MiB, 100 %, 44 %, 585 MHz, 5000 MHz, 62.79 W, 77, P0
2026/09/30 08:01:21.612, Tesla T4, 12883 MiB, 2030 MiB, 15360 MiB, 100 %, 58 %, 600 MHz, 5000 MHz, 66.67 W, 77, P0
2026/09/30 08:01:22.124, Tesla T4, 12883 MiB, 2030 MiB, 15360 MiB, 98 %, 93 %, 705 MHz, 5000 MHz, 60.57 W, 77, P0
2026/09/30 08:01:22.636, Tesla T4, 12883 MiB, 2030 MiB, 15360 MiB, 100 %, 56 %, 735 MHz, 5000 MHz, 64.50 W, 77, P0
2026/09/30 08:01:23.155, Tesla T4, 12883 MiB, 2030 MiB, 15360 MiB, 100 %, 48 %, 585 MHz, 5000 MHz, 63.42 W, 77, P0
2026/09/30 08:01:23.668, Tesla T4, 12883 MiB, 2030 MiB, 15360 MiB, 100 %, 46 %, 555 MHz, 5000 MHz, 65.98 W, 77, P0
2026/09/30 08:01:24.185, Tesla T4, 12883 MiB, 2030 MiB, 15360 MiB, 98 %, 94 %, 645 MHz, 5000 MHz, 62.99 W, 77, P0
2026/09/30 08:01:24.698, Tesla T4, 12883 MiB, 2030 MiB, 15360 MiB, 100 %, 56 %, 660 MHz, 5000 MHz, 63.97 W, 77, P0
2026/09/30 08:01:25.230, Tesla T4, 12883 MiB, 2030 MiB, 15360 MiB, 95 %, 49 %, 600 MHz, 5000 MHz, 65.00 W, 77, P0
2026/09/30 08:01:25.748, Tesla T4, 12883 MiB, 2030 MiB, 15360 MiB, 100 %, 62 %, 645 MHz, 5000 MHz, 67.31 W, 77, P0
2026/09/30 08:01:26.261, Tesla T4, 12883 MiB, 2030 MiB, 15360 MiB, 100 %, 40 %, 1065 MHz, 5000 MHz, 61.46 W, 77, P0
2026/09/30 08:01:26.779, Tesla T4, 12883 MiB, 2030 MiB, 15360 MiB, 100 %, 54 %, 765 MHz, 5000 MHz, 68.19 W, 77, P0
2026/09/30 08:01:27.291, Tesla T4, 12883 MiB, 2030 MiB, 15360 MiB, 100 %, 55 %, 735 MHz, 5000 MHz, 44.55 W, 77, P0
2026/09/30 08:01:27.814, Tesla T4, 12883 MiB, 2030 MiB, 15360 MiB, 100 %, 29 %, 945 MHz, 5000 MHz, 71.04 W, 77, P0
2026/09/30 08:01:28.325, Tesla T4, 12883 MiB, 2030 MiB, 15360 MiB, 100 %, 44 %, 615 MHz, 5000 MHz, 67.70 W, 77, P0
2026/09/30 08:01:28.841, Tesla T4, 12883 MiB, 2030 MiB, 15360 MiB, 100 %, 41 %, 615 MHz, 5000 MHz, 70.89 W, 77, P0
2026/09/30 08:01:29.355, Tesla T4, 12883 MiB, 2030 MiB, 15360 MiB, 100 %, 46 %, 630 MHz, 5000 MHz, 69.07 W, 77, P0
2026/09/30 08:01:29.870, Tesla T4, 12883 MiB, 2030 MiB, 15360 MiB, 97 %, 100 %, 645 MHz, 5000 MHz, 59.69 W, 77, P0
2026/09/30 08:01:30.408, Tesla T4, 12883 MiB, 2030 MiB, 15360 MiB, 100 %, 53 %, 690 MHz, 5000 MHz, 61.62 W, 77, P0
2026/09/30 08:01:30.967, Tesla T4, 12883 MiB, 2030 MiB, 15360 MiB, 100 %, 53 %, 645 MHz, 5000 MHz, 62.89 W, 77, P0
2026/09/30 08:01:31.506, Tesla T4, 12883 MiB, 2030 MiB, 15360 MiB, 100 %, 42 %, 585 MHz, 5000 MHz, 68.93 W, 77, P0
2026/09/30 08:01:32.035, Tesla T4, 12883 MiB, 2030 MiB, 15360 MiB, 97 %, 94 %, 615 MHz, 5000 MHz, 61.32 W, 77, P0
2026/09/30 08:01:32.577, Tesla T4, 12883 MiB, 2030 MiB, 15360 MiB, 92 %, 49 %, 1035 MHz, 5000 MHz, 68.93 W, 77, P0
2026/09/30 08:01:33.113, Tesla T4, 12883 MiB, 2030 MiB, 15360 MiB, 100 %, 57 %, 705 MHz, 5000 MHz, 65.40 W, 77, P0
2026/09/30 08:01:33.628, Tesla T4, 12883 MiB, 2030 MiB, 15360 MiB, 100 %, 55 %, 660 MHz, 5000 MHz, 66.86 W, 77, P0
2026/09/30 08:01:34.150, Tesla T4, 12883 MiB, 2030 MiB, 15360 MiB, 100 %, 44 %, 540 MHz, 5000 MHz, 66.12 W, 77, P0
2026/09/30 08:01:34.661, Tesla T4, 12883 MiB, 2030 MiB, 15360 MiB, 100 %, 44 %, 615 MHz, 5000 MHz, 66.14 W, 77, P0
2026/09/30 08:01:35.178, Tesla T4, 12883 MiB, 2030 MiB, 15360 MiB, 97 %, 87 %, 645 MHz, 5000 MHz, 64.51 W, 77, P0
2026/09/30 08:01:35.697, Tesla T4, 12883 MiB, 2030 MiB, 15360 MiB, 100 %, 52 %, 660 MHz, 5000 MHz, 63.18 W, 77, P0
2026/09/30 08:01:36.216, Tesla T4, 12883 MiB, 2030 MiB, 15360 MiB, 84 %, 43 %, 855 MHz, 5000 MHz, 71.29 W, 77, P0
2026/09/30 08:01:36.728, Tesla T4, 12883 MiB, 2030 MiB, 15360 MiB, 100 %, 56 %, 555 MHz, 5000 MHz, 65.59 W, 77, P0
2026/09/30 08:01:37.244, Tesla T4, 12883 MiB, 2030 MiB, 15360 MiB, 100 %, 57 %, 735 MHz, 5000 MHz, 66.43 W, 77, P0
2026/09/30 08:01:37.759, Tesla T4, 12883 MiB, 2030 MiB, 15360 MiB, 100 %, 44 %, 540 MHz, 5000 MHz, 67.84 W, 77, P0
2026/09/30 08:01:38.280, Tesla T4, 12883 MiB, 2030 MiB, 15360 MiB, 100 %, 40 %, 750 MHz, 5000 MHz, 60.57 W, 77, P0
2026/09/30 08:01:38.805, Tesla T4, 12883 MiB, 2030 MiB, 15360 MiB, 100 %, 44 %, 540 MHz, 5000 MHz, 64.95 W, 77, P0
2026/09/30 08:01:39.318, Tesla T4, 12883 MiB, 2030 MiB, 15360 MiB, 100 %, 54 %, 975 MHz, 5000 MHz, 63.81 W, 77, P0
2026/09/30 08:01:39.846, Tesla T4, 12883 MiB, 2030 MiB, 15360 MiB, 100 %, 57 %, 780 MHz, 5000 MHz, 69.61 W, 77, P0
2026/09/30 08:01:40.364, Tesla T4, 12883 MiB, 2030 MiB, 15360 MiB, 100 %, 57 %, 750 MHz, 5000 MHz, 62.30 W, 77, P0
2026/09/30 08:01:40.877, Tesla T4, 12883 MiB, 2030 MiB, 15360 MiB, 100 %, 55 %, 780 MHz, 5000 MHz, 65.30 W, 77, P0
2026/09/30 08:01:41.388, Tesla T4, 12883 MiB, 2030 MiB, 15360 MiB, 95 %, 46 %, 600 MHz, 5000 MHz, 65.48 W, 77, P0
2026/09/30 08:01:41.906, Tesla T4, 12883 MiB, 2030 MiB, 15360 MiB, 100 %, 46 %, 615 MHz, 5000 MHz, 67.12 W, 77, P0
2026/09/30 08:01:42.419, Tesla T4, 12883 MiB, 2030 MiB, 15360 MiB, 98 %, 88 %, 645 MHz, 5000 MHz, 67.70 W, 77, P0
2026/09/30 08:01:42.937, Tesla T4, 12883 MiB, 2030 MiB, 15360 MiB, 100 %, 54 %, 690 MHz, 5000 MHz, 63.03 W, 77, P0
2026/09/30 08:01:43.476, Tesla T4, 12883 MiB, 2030 MiB, 15360 MiB, 92 %, 48 %, 600 MHz, 5000 MHz, 65.98 W, 77, P0
2026/09/30 08:01:44.017, Tesla T4, 12883 MiB, 2030 MiB, 15360 MiB, 100 %, 59 %, 570 MHz, 5000 MHz, 64.51 W, 77, P0
2026/09/30 08:01:44.555, Tesla T4, 12883 MiB, 2030 MiB, 15360 MiB, 100 %, 42 %, 540 MHz, 5000 MHz, 67.61 W, 77, P0
2026/09/30 08:01:45.117, Tesla T4, 12883 MiB, 2030 MiB, 15360 MiB, 100 %, 52 %, 585 MHz, 5000 MHz, 67.49 W, 77, P0
2026/09/30 08:01:45.637, Tesla T4, 12883 MiB, 2030 MiB, 15360 MiB, 100 %, 53 %, 690 MHz, 5000 MHz, 63.46 W, 77, P0
2026/09/30 08:01:46.156, Tesla T4, 12883 MiB, 2030 MiB, 15360 MiB, 84 %, 43 %, 585 MHz, 5000 MHz, 65.28 W, 77, P0
2026/09/30 08:01:46.668, Tesla T4, 12883 MiB, 2030 MiB, 15360 MiB, 100 %, 52 %, 600 MHz, 5000 MHz, 66.08 W, 77, P0
2026/09/30 08:01:47.190, Tesla T4, 12883 MiB, 2030 MiB, 15360 MiB, 100 %, 72 %, 1035 MHz, 5000 MHz, 62.28 W, 77, P0
2026/09/30 08:01:47.710, Tesla T4, 12883 MiB, 2030 MiB, 15360 MiB, 100 %, 53 %, 660 MHz, 5000 MHz, 66.47 W, 77, P0
2026/09/30 08:01:48.229, Tesla T4, 12883 MiB, 2030 MiB, 15360 MiB, 94 %, 51 %, 540 MHz, 5000 MHz, 77.05 W, 77, P0
2026/09/30 08:01:48.748, Tesla T4, 12883 MiB, 2030 MiB, 15360 MiB, 100 %, 42 %, 555 MHz, 5000 MHz, 64.95 W, 77, P0
2026/09/30 08:01:49.263, Tesla T4, 12883 MiB, 2030 MiB, 15360 MiB, 99 %, 72 %, 885 MHz, 5000 MHz, 88.94 W, 78, P0
2026/09/30 08:01:49.784, Tesla T4, 12883 MiB, 2030 MiB, 15360 MiB, 100 %, 53 %, 735 MHz, 5000 MHz, 67.41 W, 77, P0
2026/09/30 08:01:50.296, Tesla T4, 12883 MiB, 2030 MiB, 15360 MiB, 96 %, 37 %, 1035 MHz, 5000 MHz, 57.86 W, 77, P0
2026/09/30 08:01:50.806, Tesla T4, 12883 MiB, 2030 MiB, 15360 MiB, 100 %, 57 %, 765 MHz, 5000 MHz, 67.06 W, 77, P0
2026/09/30 08:01:51.323, Tesla T4, 12883 MiB, 2030 MiB, 15360 MiB, 100 %, 47 %, 705 MHz, 5000 MHz, 62.14 W, 77, P0
2026/09/30 08:01:51.836, Tesla T4, 12883 MiB, 2030 MiB, 15360 MiB, 100 %, 60 %, 855 MHz, 5000 MHz, 61.46 W, 77, P0
2026/09/30 08:01:52.355, Tesla T4, 12883 MiB, 2030 MiB, 15360 MiB, 100 %, 53 %, 660 MHz, 5000 MHz, 67.80 W, 77, P0
2026/09/30 08:01:52.870, Tesla T4, 12883 MiB, 2030 MiB, 15360 MiB, 84 %, 43 %, 585 MHz, 5000 MHz, 64.51 W, 77, P0
2026/09/30 08:01:53.388, Tesla T4, 12883 MiB, 2030 MiB, 15360 MiB, 100 %, 40 %, 615 MHz, 5000 MHz, 65.53 W, 77, P0
2026/09/30 08:01:53.901, Tesla T4, 12883 MiB, 2030 MiB, 15360 MiB, 100 %, 40 %, 705 MHz, 5000 MHz, 61.81 W, 77, P0
2026/09/30 08:01:54.430, Tesla T4, 12883 MiB, 2030 MiB, 15360 MiB, 100 %, 52 %, 720 MHz, 5000 MHz, 64.85 W, 77, P0
2026/09/30 08:01:54.948, Tesla T4, 12883 MiB, 2030 MiB, 15360 MiB, 100 %, 51 %, 660 MHz, 5000 MHz, 64.12 W, 77, P0
2026/09/30 08:01:55.464, Tesla T4, 12883 MiB, 2030 MiB, 15360 MiB, 100 %, 44 %, 495 MHz, 5000 MHz, 68.98 W, 77, P0
2026/09/30 08:01:55.984, Tesla T4, 12883 MiB, 2030 MiB, 15360 MiB, 100 %, 47 %, 825 MHz, 5000 MHz, 61.81 W, 77, P0
2026/09/30 08:01:56.517, Tesla T4, 12883 MiB, 2030 MiB, 15360 MiB, 100 %, 57 %, 705 MHz, 5000 MHz, 67.51 W, 77, P0
2026/09/30 08:01:57.047, Tesla T4, 12883 MiB, 2030 MiB, 15360 MiB, 92 %, 50 %, 585 MHz, 5000 MHz, 63.83 W, 77, P0
2026/09/30 08:01:57.585, Tesla T4, 12883 MiB, 2030 MiB, 15360 MiB, 59 %, 27 %, 630 MHz, 5000 MHz, 67.84 W, 77, P0
2026/09/30 08:01:58.111, Tesla T4, 12883 MiB, 2030 MiB, 15360 MiB, 100 %, 46 %, 525 MHz, 5000 MHz, 64.26 W, 77, P0
2026/09/30 08:01:58.641, Tesla T4, 12883 MiB, 2030 MiB, 15360 MiB, 97 %, 98 %, 750 MHz, 5000 MHz, 62.46 W, 77, P0
2026/09/30 08:01:59.163, Tesla T4, 12883 MiB, 2030 MiB, 15360 MiB, 100 %, 57 %, 735 MHz, 5000 MHz, 65.10 W, 77, P0
2026/09/30 08:01:59.675, Tesla T4, 12883 MiB, 2030 MiB, 15360 MiB, 100 %, 56 %, 555 MHz, 5000 MHz, 68.93 W, 77, P0
2026/09/30 08:02:00.194, Tesla T4, 12883 MiB, 2030 MiB, 15360 MiB, 100 %, 59 %, 585 MHz, 5000 MHz, 65.59 W, 77, P0
2026/09/30 08:02:00.706, Tesla T4, 12883 MiB, 2030 MiB, 15360 MiB, 100 %, 69 %, 780 MHz, 5000 MHz, 67.31 W, 77, P0
2026/09/30 08:02:01.220, Tesla T4, 12883 MiB, 2030 MiB, 15360 MiB, 100 %, 56 %, 795 MHz, 5000 MHz, 66.92 W, 77, P0
2026/09/30 08:02:01.735, Tesla T4, 12883 MiB, 2030 MiB, 15360 MiB, 100 %, 54 %, 615 MHz, 5000 MHz, 65.79 W, 77, P0
2026/09/30 08:02:02.249, Tesla T4, 12883 MiB, 2030 MiB, 15360 MiB, 98 %, 90 %, 750 MHz, 5000 MHz, 62.79 W, 77, P0
2026/09/30 08:02:02.765, Tesla T4, 12883 MiB, 2030 MiB, 15360 MiB, 95 %, 48 %, 570 MHz, 5000 MHz, 62.34 W, 77, P0
2026/09/30 08:02:03.277, Tesla T4, 12883 MiB, 2030 MiB, 15360 MiB, 100 %, 47 %, 630 MHz, 5000 MHz, 67.80 W, 77, P0
2026/09/30 08:02:03.802, Tesla T4, 12883 MiB, 2030 MiB, 15360 MiB, 100 %, 46 %, 585 MHz, 5000 MHz, 66.98 W, 77, P0
2026/09/30 08:02:04.315, Tesla T4, 12883 MiB, 2030 MiB, 15360 MiB, 98 %, 100 %, 660 MHz, 5000 MHz, 77.59 W, 77, P0
2026/09/30 08:02:04.829, Tesla T4, 12883 MiB, 2030 MiB, 15360 MiB, 100 %, 54 %, 735 MHz, 5000 MHz, 62.50 W, 77, P0
2026/09/30 08:02:05.341, Tesla T4, 12883 MiB, 2030 MiB, 15360 MiB, 100 %, 54 %, 1035 MHz, 5000 MHz, 66.96 W, 77, P0
2026/09/30 08:02:05.859, Tesla T4, 12883 MiB, 2030 MiB, 15360 MiB, 100 %, 44 %, 1005 MHz, 5000 MHz, 60.28 W, 77, P0
2026/09/30 08:02:06.384, Tesla T4, 12883 MiB, 2030 MiB, 15360 MiB, 95 %, 50 %, 585 MHz, 5000 MHz, 68.10 W, 77, P0
2026/09/30 08:02:06.897, Tesla T4, 12883 MiB, 2030 MiB, 15360 MiB, 100 %, 61 %, 675 MHz, 5000 MHz, 68.88 W, 77, P0
2026/09/30 08:02:07.412, Tesla T4, 12883 MiB, 2030 MiB, 15360 MiB, 85 %, 47 %, 900 MHz, 5000 MHz, 68.05 W, 77, P0
2026/09/30 08:02:07.929, Tesla T4, 12883 MiB, 2030 MiB, 15360 MiB, 100 %, 54 %, 1035 MHz, 5000 MHz, 58.29 W, 77, P0
2026/09/30 08:02:08.443, Tesla T4, 12883 MiB, 2030 MiB, 15360 MiB, 95 %, 52 %, 630 MHz, 5000 MHz, 69.23 W, 78, P0
2026/09/30 08:02:08.959, Tesla T4, 12883 MiB, 2030 MiB, 15360 MiB, 100 %, 44 %, 825 MHz, 5000 MHz, 61.52 W, 77, P0
2026/09/30 08:02:09.496, Tesla T4, 12883 MiB, 2030 MiB, 15360 MiB, 100 %, 41 %, 765 MHz, 5000 MHz, 62.34 W, 77, P0
2026/09/30 08:02:10.052, Tesla T4, 12883 MiB, 2030 MiB, 15360 MiB, 100 %, 55 %, 780 MHz, 5000 MHz, 64.16 W, 77, P0
2026/09/30 08:02:10.594, Tesla T4, 12883 MiB, 2030 MiB, 15360 MiB, 100 %, 55 %, 705 MHz, 5000 MHz, 73.39 W, 78, P0
2026/09/30 08:02:11.138, Tesla T4, 12883 MiB, 2030 MiB, 15360 MiB, 100 %, 42 %, 645 MHz, 5000 MHz, 63.87 W, 77, P0
2026/09/30 08:02:11.687, Tesla T4, 12883 MiB, 2030 MiB, 15360 MiB, 100 %, 69 %, 585 MHz, 5000 MHz, 82.90 W, 78, P0
2026/09/30 08:02:12.215, Tesla T4, 12883 MiB, 2030 MiB, 15360 MiB, 100 %, 41 %, 570 MHz, 5000 MHz, 65.75 W, 78, P0
2026/09/30 08:02:12.733, Tesla T4, 12883 MiB, 2030 MiB, 15360 MiB, 100 %, 62 %, 1035 MHz, 5000 MHz, 64.85 W, 77, P0
2026/09/30 08:02:13.271, Tesla T4, 12883 MiB, 2030 MiB, 15360 MiB, 100 %, 49 %, 735 MHz, 5000 MHz, 68.54 W, 78, P0
2026/09/30 08:02:13.790, Tesla T4, 12883 MiB, 2030 MiB, 15360 MiB, 100 %, 51 %, 735 MHz, 5000 MHz, 66.67 W, 78, P0
2026/09/30 08:02:14.318, Tesla T4, 12883 MiB, 2030 MiB, 15360 MiB, 100 %, 52 %, 630 MHz, 5000 MHz, 61.75 W, 77, P0
2026/09/30 08:02:14.831, Tesla T4, 12883 MiB, 2030 MiB, 15360 MiB, 100 %, 51 %, 660 MHz, 5000 MHz, 60.24 W, 78, P0
2026/09/30 08:02:15.356, Tesla T4, 12883 MiB, 2030 MiB, 15360 MiB, 100 %, 56 %, 585 MHz, 5000 MHz, 64.85 W, 78, P0
2026/09/30 08:02:15.872, Tesla T4, 12883 MiB, 2030 MiB, 15360 MiB, 98 %, 83 %, 705 MHz, 5000 MHz, 64.50 W, 78, P0
2026/09/30 08:02:16.389, Tesla T4, 12883 MiB, 2030 MiB, 15360 MiB, 85 %, 36 %, 660 MHz, 5000 MHz, 66.77 W, 78, P0
2026/09/30 08:02:16.908, Tesla T4, 12883 MiB, 2030 MiB, 15360 MiB, 100 %, 66 %, 735 MHz, 5000 MHz, 67.35 W, 78, P0
2026/09/30 08:02:17.435, Tesla T4, 12883 MiB, 2030 MiB, 15360 MiB, 100 %, 53 %, 660 MHz, 5000 MHz, 62.20 W, 78, P0
2026/09/30 08:02:17.951, Tesla T4, 12883 MiB, 2030 MiB, 15360 MiB, 98 %, 73 %, 750 MHz, 5000 MHz, 67.45 W, 78, P0
2026/09/30 08:02:18.470, Tesla T4, 12883 MiB, 2030 MiB, 15360 MiB, 96 %, 51 %, 570 MHz, 5000 MHz, 66.22 W, 78, P0
2026/09/30 08:02:18.982, Tesla T4, 12883 MiB, 2030 MiB, 15360 MiB, 100 %, 56 %, 705 MHz, 5000 MHz, 58.49 W, 78, P0
2026/09/30 08:02:19.510, Tesla T4, 12883 MiB, 2030 MiB, 15360 MiB, 100 %, 46 %, 585 MHz, 5000 MHz, 67.41 W, 78, P0
2026/09/30 08:02:20.027, Tesla T4, 12883 MiB, 2030 MiB, 15360 MiB, 100 %, 85 %, 660 MHz, 5000 MHz, 66.82 W, 78, P0
2026/09/30 08:02:20.566, Tesla T4, 12883 MiB, 2030 MiB, 15360 MiB, 100 %, 54 %, 690 MHz, 5000 MHz, 67.90 W, 78, P0
2026/09/30 08:02:21.086, Tesla T4, 12883 MiB, 2030 MiB, 15360 MiB, 96 %, 52 %, 645 MHz, 5000 MHz, 67.84 W, 78, P0
2026/09/30 08:02:21.601, Tesla T4, 12883 MiB, 2030 MiB, 15360 MiB, 100 %, 41 %, 630 MHz, 5000 MHz, 65.49 W, 78, P0
2026/09/30 08:02:22.120, Tesla T4, 12883 MiB, 2030 MiB, 15360 MiB, 100 %, 51 %, 585 MHz, 5000 MHz, 66.57 W, 78, P0
2026/09/30 08:02:22.647, Tesla T4, 12883 MiB, 2030 MiB, 15360 MiB, 100 %, 42 %, 645 MHz, 5000 MHz, 62.99 W, 78, P0
2026/09/30 08:02:23.182, Tesla T4, 12883 MiB, 2030 MiB, 15360 MiB, 99 %, 100 %, 1080 MHz, 5000 MHz, 58.02 W, 77, P0
2026/09/30 08:02:23.721, Tesla T4, 12883 MiB, 2030 MiB, 15360 MiB, 100 %, 55 %, 690 MHz, 5000 MHz, 61.75 W, 77, P0
2026/09/30 08:02:24.253, Tesla T4, 12883 MiB, 2030 MiB, 15360 MiB, 100 %, 53 %, 735 MHz, 5000 MHz, 68.54 W, 77, P0
2026/09/30 08:02:24.788, Tesla T4, 12883 MiB, 2030 MiB, 15360 MiB, 100 %, 51 %, 735 MHz, 5000 MHz, 69.12 W, 77, P0
2026/09/30 08:02:25.335, Tesla T4, 12883 MiB, 2030 MiB, 15360 MiB, 85 %, 43 %, 645 MHz, 5000 MHz, 67.16 W, 77, P0
2026/09/30 08:02:25.853, Tesla T4, 12883 MiB, 2030 MiB, 15360 MiB, 98 %, 67 %, 1080 MHz, 5000 MHz, 58.65 W, 77, P0
2026/09/30 08:02:26.365, Tesla T4, 12883 MiB, 2030 MiB, 15360 MiB, 100 %, 57 %, 630 MHz, 5000 MHz, 80.27 W, 77, P0
2026/09/30 08:02:26.882, Tesla T4, 12883 MiB, 2030 MiB, 15360 MiB, 100 %, 51 %, 795 MHz, 5000 MHz, 61.81 W, 77, P0
2026/09/30 08:02:27.396, Tesla T4, 12883 MiB, 2030 MiB, 15360 MiB, 100 %, 45 %, 585 MHz, 5000 MHz, 68.49 W, 77, P0
2026/09/30 08:02:27.918, Tesla T4, 12883 MiB, 2030 MiB, 15360 MiB, 100 %, 55 %, 705 MHz, 5000 MHz, 68.63 W, 77, P0
2026/09/30 08:02:28.432, Tesla T4, 12883 MiB, 2030 MiB, 15360 MiB, 100 %, 56 %, 765 MHz, 5000 MHz, 63.44 W, 77, P0
2026/09/30 08:02:28.954, Tesla T4, 12883 MiB, 2030 MiB, 15360 MiB, 100 %, 43 %, 720 MHz, 5000 MHz, 67.90 W, 77, P0
2026/09/30 08:02:29.466, Tesla T4, 12883 MiB, 2030 MiB, 15360 MiB, 100 %, 69 %, 870 MHz, 5000 MHz, 62.79 W, 77, P0
2026/09/30 08:02:29.983, Tesla T4, 12883 MiB, 2030 MiB, 15360 MiB, 100 %, 53 %, 720 MHz, 5000 MHz, 64.16 W, 77, P0
2026/09/30 08:02:30.496, Tesla T4, 12883 MiB, 2030 MiB, 15360 MiB, 95 %, 47 %, 630 MHz, 5000 MHz, 64.65 W, 77, P0
2026/09/30 08:02:31.011, Tesla T4, 12883 MiB, 2030 MiB, 15360 MiB, 100 %, 43 %, 615 MHz, 5000 MHz, 66.67 W, 77, P0
2026/09/30 08:02:31.527, Tesla T4, 12883 MiB, 2030 MiB, 15360 MiB, 100 %, 57 %, 855 MHz, 5000 MHz, 61.46 W, 77, P0
2026/09/30 08:02:32.051, Tesla T4, 12883 MiB, 2030 MiB, 15360 MiB, 100 %, 52 %, 735 MHz, 5000 MHz, 63.67 W, 77, P0
2026/09/30 08:02:32.564, Tesla T4, 12883 MiB, 2030 MiB, 15360 MiB, 100 %, 56 %, 855 MHz, 5000 MHz, 68.14 W, 76, P0
2026/09/30 08:02:33.073, Tesla T4, 12883 MiB, 2030 MiB, 15360 MiB, 100 %, 32 %, 990 MHz, 5000 MHz, 66.82 W, 77, P0
2026/09/30 08:02:33.592, Tesla T4, 12883 MiB, 2030 MiB, 15360 MiB, 100 %, 52 %, 570 MHz, 5000 MHz, 65.34 W, 77, P0
2026/09/30 08:02:34.105, Tesla T4, 12883 MiB, 2030 MiB, 15360 MiB, 100 %, 51 %, 510 MHz, 5000 MHz, 65.98 W, 77, P0
2026/09/30 08:02:34.619, Tesla T4, 12883 MiB, 2030 MiB, 15360 MiB, 100 %, 58 %, 675 MHz, 5000 MHz, 68.68 W, 77, P0
2026/09/30 08:02:35.136, Tesla T4, 12883 MiB, 2030 MiB, 15360 MiB, 1 %, 0 %, 1560 MHz, 5000 MHz, 44.78 W, 76, P0
2026/09/30 08:02:35.653, Tesla T4, 12883 MiB, 2030 MiB, 15360 MiB, 1 %, 0 %, 1560 MHz, 5000 MHz, 43.60 W, 75, P0
2026/09/30 08:02:36.164, Tesla T4, 12883 MiB, 2030 MiB, 15360 MiB, 0 %, 0 %, 1560 MHz, 5000 MHz, 43.50 W, 75, P0
2026/09/30 08:02:36.686, Tesla T4, 12883 MiB, 2030 MiB, 15360 MiB, 0 %, 0 %, 1560 MHz, 5000 MHz, 43.42 W, 75, P0
2026/09/30 08:02:37.201, Tesla T4, 12883 MiB, 2030 MiB, 15360 MiB, 0 %, 0 %, 585 MHz, 5000 MHz, 33.33 W, 74, P0
2026/09/30 08:02:37.721, Tesla T4, 12883 MiB, 2030 MiB, 15360 MiB, 0 %, 0 %, 585 MHz, 5000 MHz, 33.33 W, 73, P0
2026/09/30 08:02:38.230, Tesla T4, 12883 MiB, 2030 MiB, 15360 MiB, 0 %, 0 %, 585 MHz, 5000 MHz, 33.23 W, 73, P0
2026/09/30 08:02:38.740, Tesla T4, 12883 MiB, 2030 MiB, 15360 MiB, 0 %, 0 %, 585 MHz, 5000 MHz, 33.13 W, 73, P0
2026/09/30 08:02:39.251, Tesla T4, 12883 MiB, 2030 MiB, 15360 MiB, 0 %, 0 %, 585 MHz, 5000 MHz, 33.13 W, 72, P0
2026/09/30 08:02:39.761, Tesla T4, 12883 MiB, 2030 MiB, 15360 MiB, 0 %, 0 %, 585 MHz, 5000 MHz, 33.03 W, 72, P0
2026/09/30 08:02:40.271, Tesla T4, 12883 MiB, 2030 MiB, 15360 MiB, 0 %, 0 %, 585 MHz, 5000 MHz, 32.93 W, 72, P0
2026/09/30 08:02:40.781, Tesla T4, 0 MiB, 14913 MiB, 15360 MiB, 87 %, 9 %, 1275 MHz, 5000 MHz, 37.14 W, 72, P0
