timestamp, name, memory.used [MiB], memory.free [MiB], memory.total [MiB], utilization.gpu [%], utilization.memory [%], clocks.current.sm [MHz], clocks.current.memory [MHz], power.draw [W], temperature.gpu, pstate
2026/09/30 08:04:13.959, Tesla T4, 0 MiB, 14913 MiB, 15360 MiB, 0 %, 0 %, 300 MHz, 405 MHz, 10.95 W, 59, P8
2026/09/30 08:04:14.485, Tesla T4, 0 MiB, 14913 MiB, 15360 MiB, 0 %, 0 %, 705 MHz, 5000 MHz, 30.09 W, 60, P0
2026/09/30 08:04:14.994, Tesla T4, 0 MiB, 14913 MiB, 15360 MiB, 0 %, 0 %, 705 MHz, 5000 MHz, 30.19 W, 60, P0
2026/09/30 08:04:15.505, Tesla T4, 0 MiB, 14913 MiB, 15360 MiB, 0 %, 0 %, 705 MHz, 5000 MHz, 30.19 W, 60, P0
2026/09/30 08:04:16.016, Tesla T4, 0 MiB, 14913 MiB, 15360 MiB, 0 %, 0 %, 300 MHz, 405 MHz, 21.44 W, 60, P8
2026/09/30 08:04:16.531, Tesla T4, 0 MiB, 14913 MiB, 15360 MiB, 0 %, 0 %, 300 MHz, 405 MHz, 15.21 W, 59, P8
2026/09/30 08:04:17.046, Tesla T4, 0 MiB, 14913 MiB, 15360 MiB, 0 %, 0 %, 300 MHz, 405 MHz, 15.21 W, 59, P8
2026/09/30 08:04:17.561, Tesla T4, 0 MiB, 14913 MiB, 15360 MiB, 0 %, 0 %, 300 MHz, 405 MHz, 15.21 W, 59, P8
2026/09/30 08:04:18.076, Tesla T4, 0 MiB, 14913 MiB, 15360 MiB, 0 %, 0 %, 300 MHz, 405 MHz, 15.21 W, 59, P8
2026/09/30 08:04:18.591, Tesla T4, 0 MiB, 14913 MiB, 15360 MiB, 0 %, 0 %, 300 MHz, 405 MHz, 15.21 W, 59, P8
2026/09/30 08:04:19.106, Tesla T4, 0 MiB, 14913 MiB, 15360 MiB, 0 %, 0 %, 300 MHz, 405 MHz, 15.11 W, 59, P8
2026/09/30 08:04:19.621, Tesla T4, 0 MiB, 14913 MiB, 15360 MiB, 0 %, 0 %, 300 MHz, 405 MHz, 15.21 W, 59, P8
2026/09/30 08:04:20.137, Tesla T4, 0 MiB, 14913 MiB, 15360 MiB, 0 %, 0 %, 300 MHz, 405 MHz, 15.21 W, 59, P8
2026/09/30 08:04:20.651, Tesla T4, 0 MiB, 14913 MiB, 15360 MiB, 0 %, 0 %, 300 MHz, 405 MHz, 15.21 W, 59, P8
2026/09/30 08:04:21.167, Tesla T4, 0 MiB, 14913 MiB, 15360 MiB, 0 %, 0 %, 300 MHz, 405 MHz, 15.11 W, 59, P8
2026/09/30 08:04:21.682, Tesla T4, 3 MiB, 14910 MiB, 15360 MiB, 0 %, 0 %, 300 MHz, 405 MHz, 15.11 W, 59, P8
2026/09/30 08:04:22.206, Tesla T4, 3 MiB, 14910 MiB, 15360 MiB, 0 %, 0 %, 300 MHz, 405 MHz, 15.11 W, 59, P8
2026/09/30 08:04:22.734, Tesla T4, 3 MiB, 14910 MiB, 15360 MiB, 0 %, 0 %, 300 MHz, 405 MHz, 15.11 W, 59, P8
2026/09/30 08:04:23.267, Tesla T4, 3 MiB, 14910 MiB, 15360 MiB, 0 %, 0 %, 300 MHz, 405 MHz, 15.11 W, 59, P8
2026/09/30 08:04:23.795, Tesla T4, 3 MiB, 14910 MiB, 15360 MiB, 0 %, 0 %, 300 MHz, 405 MHz, 15.11 W, 59, P8
2026/09/30 08:04:24.325, Tesla T4, 3 MiB, 14910 MiB, 15360 MiB, 0 %, 0 %, 300 MHz, 405 MHz, 15.11 W, 59, P8
2026/09/30 08:04:24.842, Tesla T4, 3 MiB, 14910 MiB, 15360 MiB, 0 %, 0 %, 300 MHz, 405 MHz, 15.21 W, 59, P8
2026/09/30 08:04:25.373, Tesla T4, 3 MiB, 14910 MiB, 15360 MiB, 0 %, 0 %, 300 MHz, 405 MHz, 15.11 W, 59, P8
2026/09/30 08:04:25.902, Tesla T4, 3 MiB, 14910 MiB, 15360 MiB, 0 %, 0 %, 300 MHz, 405 MHz, 15.11 W, 59, P8
2026/09/30 08:04:26.437, Tesla T4, 3 MiB, 14910 MiB, 15360 MiB, 0 %, 0 %, 300 MHz, 405 MHz, 15.11 W, 59, P8
2026/09/30 08:04:26.987, Tesla T4, 3 MiB, 14910 MiB, 15360 MiB, 0 %, 0 %, 300 MHz, 405 MHz, 15.11 W, 59, P8
2026/09/30 08:04:27.536, Tesla T4, 3 MiB, 14910 MiB, 15360 MiB, 0 %, 0 %, 300 MHz, 405 MHz, 15.11 W, 58, P8
2026/09/30 08:04:28.119, Tesla T4, 13 MiB, 14900 MiB, 15360 MiB, 0 %, 0 %, 585 MHz, 5000 MHz, 30.28 W, 59, P0
2026/09/30 08:04:28.641, Tesla T4, 1673 MiB, 13240 MiB, 15360 MiB, 27 %, 1 %, 585 MHz, 5000 MHz, 30.48 W, 59, P0
2026/09/30 08:04:29.153, Tesla T4, 3493 MiB, 11420 MiB, 15360 MiB, 32 %, 2 %, 585 MHz, 5000 MHz, 30.48 W, 60, P0
2026/09/30 08:04:29.663, Tesla T4, 5205 MiB, 9708 MiB, 15360 MiB, 30 %, 2 %, 585 MHz, 5000 MHz, 30.48 W, 60, P0
2026/09/30 08:04:30.174, Tesla T4, 6101 MiB, 8812 MiB, 15360 MiB, 1 %, 0 %, 585 MHz, 5000 MHz, 30.09 W, 60, P0
2026/09/30 08:04:30.683, Tesla T4, 6177 MiB, 8736 MiB, 15360 MiB, 3 %, 0 %, 585 MHz, 5000 MHz, 30.19 W, 60, P0
2026/09/30 08:04:31.192, Tesla T4, 6177 MiB, 8736 MiB, 15360 MiB, 0 %, 0 %, 585 MHz, 5000 MHz, 30.09 W, 60, P0
2026/09/30 08:04:31.702, Tesla T4, 6177 MiB, 8736 MiB, 15360 MiB, 0 %, 0 %, 585 MHz, 5000 MHz, 30.09 W, 60, P0
2026/09/30 08:04:32.212, Tesla T4, 6177 MiB, 8736 MiB, 15360 MiB, 0 %, 0 %, 585 MHz, 5000 MHz, 30.10 W, 60, P0
2026/09/30 08:04:32.722, Tesla T4, 6363 MiB, 8550 MiB, 15360 MiB, 1 %, 0 %, 585 MHz, 5000 MHz, 62.04 W, 61, P0
2026/09/30 08:04:33.233, Tesla T4, 6831 MiB, 8082 MiB, 15360 MiB, 100 %, 43 %, 690 MHz, 5000 MHz, 68.14 W, 63, P0
2026/09/30 08:04:33.743, Tesla T4, 6831 MiB, 8082 MiB, 15360 MiB, 100 %, 41 %, 840 MHz, 5000 MHz, 68.86 W, 63, P0
2026/09/30 08:04:34.261, Tesla T4, 6831 MiB, 8082 MiB, 15360 MiB, 91 %, 50 %, 735 MHz, 5000 MHz, 68.24 W, 63, P0
2026/09/30 08:04:34.777, Tesla T4, 6831 MiB, 8082 MiB, 15360 MiB, 98 %, 36 %, 900 MHz, 5000 MHz, 68.43 W, 63, P0
2026/09/30 08:04:35.296, Tesla T4, 6831 MiB, 8082 MiB, 15360 MiB, 98 %, 36 %, 720 MHz, 5000 MHz, 67.26 W, 64, P0
2026/09/30 08:04:35.829, Tesla T4, 6831 MiB, 8082 MiB, 15360 MiB, 98 %, 38 %, 735 MHz, 5000 MHz, 67.94 W, 64, P0
2026/09/30 08:04:36.359, Tesla T4, 7471 MiB, 7442 MiB, 15360 MiB, 100 %, 34 %, 735 MHz, 5000 MHz, 68.92 W, 64, P0
2026/09/30 08:04:36.883, Tesla T4, 7471 MiB, 7442 MiB, 15360 MiB, 89 %, 37 %, 750 MHz, 5000 MHz, 66.77 W, 65, P0
2026/09/30 08:04:37.407, Tesla T4, 7471 MiB, 7442 MiB, 15360 MiB, 98 %, 42 %, 780 MHz, 5000 MHz, 67.12 W, 65, P0
2026/09/30 08:04:37.920, Tesla T4, 7471 MiB, 7442 MiB, 15360 MiB, 100 %, 30 %, 945 MHz, 5000 MHz, 68.14 W, 65, P0
2026/09/30 08:04:38.434, Tesla T4, 7471 MiB, 7442 MiB, 15360 MiB, 93 %, 32 %, 945 MHz, 5000 MHz, 68.63 W, 65, P0
2026/09/30 08:04:38.944, Tesla T4, 7471 MiB, 7442 MiB, 15360 MiB, 100 %, 27 %, 705 MHz, 5000 MHz, 66.51 W, 66, P0
2026/09/30 08:04:39.464, Tesla T4, 7471 MiB, 7442 MiB, 15360 MiB, 97 %, 40 %, 735 MHz, 5000 MHz, 64.55 W, 66, P0
2026/09/30 08:04:39.975, Tesla T4, 7471 MiB, 7442 MiB, 15360 MiB, 99 %, 49 %, 840 MHz, 5000 MHz, 68.04 W, 66, P0
2026/09/30 08:04:40.487, Tesla T4, 7471 MiB, 7442 MiB, 15360 MiB, 97 %, 33 %, 765 MHz, 5000 MHz, 66.43 W, 66, P0
2026/09/30 08:04:41.000, Tesla T4, 7471 MiB, 7442 MiB, 15360 MiB, 92 %, 31 %, 825 MHz, 5000 MHz, 66.77 W, 66, P0
2026/09/30 08:04:41.511, Tesla T4, 7471 MiB, 7442 MiB, 15360 MiB, 100 %, 35 %, 720 MHz, 5000 MHz, 68.47 W, 67, P0
2026/09/30 08:04:42.027, Tesla T4, 7471 MiB, 7442 MiB, 15360 MiB, 97 %, 37 %, 1005 MHz, 5000 MHz, 70.30 W, 66, P0
2026/09/30 08:04:42.538, Tesla T4, 7471 MiB, 7442 MiB, 15360 MiB, 95 %, 51 %, 705 MHz, 5000 MHz, 67.35 W, 67, P0
2026/09/30 08:04:43.054, Tesla T4, 7471 MiB, 7442 MiB, 15360 MiB, 98 %, 38 %, 675 MHz, 5000 MHz, 66.86 W, 67, P0
2026/09/30 08:04:43.569, Tesla T4, 7471 MiB, 7442 MiB, 15360 MiB, 98 %, 39 %, 735 MHz, 5000 MHz, 67.26 W, 67, P0
2026/09/30 08:04:44.083, Tesla T4, 7471 MiB, 7442 MiB, 15360 MiB, 98 %, 51 %, 765 MHz, 5000 MHz, 66.86 W, 67, P0
2026/09/30 08:04:44.598, Tesla T4, 7471 MiB, 7442 MiB, 15360 MiB, 94 %, 44 %, 675 MHz, 5000 MHz, 67.35 W, 68, P0
2026/09/30 08:04:45.113, Tesla T4, 7471 MiB, 7442 MiB, 15360 MiB, 96 %, 41 %, 675 MHz, 5000 MHz, 71.96 W, 68, P0
2026/09/30 08:04:45.627, Tesla T4, 7471 MiB, 7442 MiB, 15360 MiB, 91 %, 41 %, 735 MHz, 5000 MHz, 67.70 W, 68, P0
2026/09/30 08:04:46.144, Tesla T4, 7471 MiB, 7442 MiB, 15360 MiB, 100 %, 34 %, 765 MHz, 5000 MHz, 60.28 W, 68, P0
2026/09/30 08:04:46.657, Tesla T4, 8259 MiB, 6654 MiB, 15360 MiB, 100 %, 30 %, 705 MHz, 5000 MHz, 68.78 W, 68, P0
2026/09/30 08:04:47.174, Tesla T4, 8259 MiB, 6654 MiB, 15360 MiB, 100 %, 36 %, 675 MHz, 5000 MHz, 67.02 W, 68, P0
2026/09/30 08:04:47.687, Tesla T4, 8259 MiB, 6654 MiB, 15360 MiB, 100 %, 30 %, 720 MHz, 5000 MHz, 67.21 W, 69, P0
2026/09/30 08:04:48.209, Tesla T4, 8259 MiB, 6654 MiB, 15360 MiB, 95 %, 37 %, 630 MHz, 5000 MHz, 67.90 W, 69, P0
2026/09/30 08:04:48.741, Tesla T4, 8259 MiB, 6654 MiB, 15360 MiB, 97 %, 33 %, 1005 MHz, 5000 MHz, 54.17 W, 69, P0
2026/09/30 08:04:49.270, Tesla T4, 8259 MiB, 6654 MiB, 15360 MiB, 97 %, 35 %, 675 MHz, 5000 MHz, 66.18 W, 69, P0
2026/09/30 08:04:49.797, Tesla T4, 9211 MiB, 5702 MiB, 15360 MiB, 100 %, 32 %, 660 MHz, 5000 MHz, 65.63 W, 69, P0
2026/09/30 08:04:50.323, Tesla T4, 9211 MiB, 5702 MiB, 15360 MiB, 100 %, 32 %, 675 MHz, 5000 MHz, 66.67 W, 70, P0
2026/09/30 08:04:50.840, Tesla T4, 9211 MiB, 5702 MiB, 15360 MiB, 100 %, 30 %, 750 MHz, 5000 MHz, 66.73 W, 70, P0
2026/09/30 08:04:51.355, Tesla T4, 9211 MiB, 5702 MiB, 15360 MiB, 100 %, 32 %, 675 MHz, 5000 MHz, 66.57 W, 70, P0
2026/09/30 08:04:51.869, Tesla T4, 9211 MiB, 5702 MiB, 15360 MiB, 100 %, 32 %, 630 MHz, 5000 MHz, 66.86 W, 70, P0
2026/09/30 08:04:52.380, Tesla T4, 9211 MiB, 5702 MiB, 15360 MiB, 100 %, 31 %, 735 MHz, 5000 MHz, 67.02 W, 70, P0
2026/09/30 08:04:52.897, Tesla T4, 9211 MiB, 5702 MiB, 15360 MiB, 100 %, 30 %, 750 MHz, 5000 MHz, 66.33 W, 71, P0
2026/09/30 08:04:53.415, Tesla T4, 9211 MiB, 5702 MiB, 15360 MiB, 100 %, 39 %, 645 MHz, 5000 MHz, 67.61 W, 71, P0
2026/09/30 08:04:53.926, Tesla T4, 9211 MiB, 5702 MiB, 15360 MiB, 100 %, 30 %, 750 MHz, 5000 MHz, 67.70 W, 71, P0
2026/09/30 08:04:54.448, Tesla T4, 9211 MiB, 5702 MiB, 15360 MiB, 100 %, 39 %, 630 MHz, 5000 MHz, 66.14 W, 71, P0
2026/09/30 08:04:54.959, Tesla T4, 10399 MiB, 4514 MiB, 15360 MiB, 100 %, 25 %, 780 MHz, 5000 MHz, 67.41 W, 71, P0
2026/09/30 08:04:55.494, Tesla T4, 10399 MiB, 4514 MiB, 15360 MiB, 100 %, 23 %, 750 MHz, 5000 MHz, 66.86 W, 72, P0
2026/09/30 08:04:56.008, Tesla T4, 10399 MiB, 4514 MiB, 15360 MiB, 100 %, 24 %, 795 MHz, 5000 MHz, 67.70 W, 72, P0
2026/09/30 08:04:56.526, Tesla T4, 10399 MiB, 4514 MiB, 15360 MiB, 100 %, 24 %, 750 MHz, 5000 MHz, 67.55 W, 72, P0
2026/09/30 08:04:57.037, Tesla T4, 10399 MiB, 4514 MiB, 15360 MiB, 97 %, 33 %, 675 MHz, 5000 MHz, 67.90 W, 72, P0
2026/09/30 08:04:57.561, Tesla T4, 10399 MiB, 4514 MiB, 15360 MiB, 98 %, 32 %, 675 MHz, 5000 MHz, 65.98 W, 72, P0
2026/09/30 08:04:58.079, Tesla T4, 10399 MiB, 4514 MiB, 15360 MiB, 100 %, 34 %, 660 MHz, 5000 MHz, 67.26 W, 72, P0
2026/09/30 08:04:58.599, Tesla T4, 10399 MiB, 4514 MiB, 15360 MiB, 98 %, 32 %, 690 MHz, 5000 MHz, 65.45 W, 72, P0
2026/09/30 08:04:59.117, Tesla T4, 10399 MiB, 4514 MiB, 15360 MiB, 100 %, 24 %, 765 MHz, 5000 MHz, 67.31 W, 73, P0
2026/09/30 08:04:59.649, Tesla T4, 10399 MiB, 4514 MiB, 15360 MiB, 100 %, 22 %, 735 MHz, 5000 MHz, 66.86 W, 73, P0
2026/09/30 08:05:00.160, Tesla T4, 10399 MiB, 4514 MiB, 15360 MiB, 100 %, 24 %, 765 MHz, 5000 MHz, 66.12 W, 73, P0
2026/09/30 08:05:00.694, Tesla T4, 10399 MiB, 4514 MiB, 15360 MiB, 100 %, 23 %, 720 MHz, 5000 MHz, 67.61 W, 73, P0
2026/09/30 08:05:01.224, Tesla T4, 10399 MiB, 4514 MiB, 15360 MiB, 100 %, 32 %, 660 MHz, 5000 MHz, 67.45 W, 73, P0
2026/09/30 08:05:01.758, Tesla T4, 10399 MiB, 4514 MiB, 15360 MiB, 100 %, 34 %, 645 MHz, 5000 MHz, 65.79 W, 74, P0
2026/09/30 08:05:02.284, Tesla T4, 10399 MiB, 4514 MiB, 15360 MiB, 100 %, 31 %, 600 MHz, 5000 MHz, 68.19 W, 74, P0
2026/09/30 08:05:02.811, Tesla T4, 10399 MiB, 4514 MiB, 15360 MiB, 100 %, 33 %, 780 MHz, 5000 MHz, 65.79 W, 74, P0
2026/09/30 08:05:03.344, Tesla T4, 10399 MiB, 4514 MiB, 15360 MiB, 97 %, 34 %, 585 MHz, 5000 MHz, 66.18 W, 74, P0
2026/09/30 08:05:03.866, Tesla T4, 10399 MiB, 4514 MiB, 15360 MiB, 100 %, 35 %, 585 MHz, 5000 MHz, 66.77 W, 74, P0
2026/09/30 08:05:04.379, Tesla T4, 10399 MiB, 4514 MiB, 15360 MiB, 97 %, 34 %, 585 MHz, 5000 MHz, 64.61 W, 74, P0
2026/09/30 08:05:04.893, Tesla T4, 10399 MiB, 4514 MiB, 15360 MiB, 93 %, 39 %, 585 MHz, 5000 MHz, 66.22 W, 74, P0
2026/09/30 08:05:05.406, Tesla T4, 10399 MiB, 4514 MiB, 15360 MiB, 99 %, 37 %, 750 MHz, 5000 MHz, 66.92 W, 75, P0
2026/09/30 08:05:05.916, Tesla T4, 10399 MiB, 4514 MiB, 15360 MiB, 99 %, 42 %, 780 MHz, 5000 MHz, 53.81 W, 75, P0
2026/09/30 08:05:06.428, Tesla T4, 10399 MiB, 4514 MiB, 15360 MiB, 98 %, 47 %, 675 MHz, 5000 MHz, 71.28 W, 75, P0
2026/09/30 08:05:06.944, Tesla T4, 10399 MiB, 4514 MiB, 15360 MiB, 97 %, 48 %, 690 MHz, 5000 MHz, 70.06 W, 75, P0
2026/09/30 08:05:07.456, Tesla T4, 10399 MiB, 4514 MiB, 15360 MiB, 98 %, 50 %, 630 MHz, 5000 MHz, 66.18 W, 75, P0
2026/09/30 08:05:07.973, Tesla T4, 10399 MiB, 4514 MiB, 15360 MiB, 92 %, 41 %, 600 MHz, 5000 MHz, 67.35 W, 75, P0
2026/09/30 08:05:08.485, Tesla T4, 10399 MiB, 4514 MiB, 15360 MiB, 99 %, 38 %, 660 MHz, 5000 MHz, 66.18 W, 75, P0
2026/09/30 08:05:08.996, Tesla T4, 10399 MiB, 4514 MiB, 15360 MiB, 93 %, 40 %, 660 MHz, 5000 MHz, 68.19 W, 75, P0
2026/09/30 08:05:09.510, Tesla T4, 10399 MiB, 4514 MiB, 15360 MiB, 98 %, 35 %, 660 MHz, 5000 MHz, 65.55 W, 76, P0
2026/09/30 08:05:10.026, Tesla T4, 10399 MiB, 4514 MiB, 15360 MiB, 100 %, 30 %, 660 MHz, 5000 MHz, 66.42 W, 76, P0
2026/09/30 08:05:10.538, Tesla T4, 10399 MiB, 4514 MiB, 15360 MiB, 92 %, 53 %, 750 MHz, 5000 MHz, 62.24 W, 76, P0
2026/09/30 08:05:11.054, Tesla T4, 10399 MiB, 4514 MiB, 15360 MiB, 100 %, 37 %, 600 MHz, 5000 MHz, 66.47 W, 76, P0
2026/09/30 08:05:11.572, Tesla T4, 10399 MiB, 4514 MiB, 15360 MiB, 95 %, 39 %, 735 MHz, 5000 MHz, 64.32 W, 76, P0
2026/09/30 08:05:12.084, Tesla T4, 10399 MiB, 4514 MiB, 15360 MiB, 99 %, 39 %, 720 MHz, 5000 MHz, 66.67 W, 76, P0
2026/09/30 08:05:12.594, Tesla T4, 10399 MiB, 4514 MiB, 15360 MiB, 100 %, 23 %, 735 MHz, 5000 MHz, 66.18 W, 77, P0
2026/09/30 08:05:13.112, Tesla T4, 10399 MiB, 4514 MiB, 15360 MiB, 100 %, 19 %, 615 MHz, 5000 MHz, 65.69 W, 77, P0
2026/09/30 08:05:13.625, Tesla T4, 10399 MiB, 4514 MiB, 15360 MiB, 100 %, 30 %, 600 MHz, 5000 MHz, 65.89 W, 77, P0
2026/09/30 08:05:14.150, Tesla T4, 10399 MiB, 4514 MiB, 15360 MiB, 100 %, 22 %, 705 MHz, 5000 MHz, 66.12 W, 77, P0
2026/09/30 08:05:14.691, Tesla T4, 10399 MiB, 4514 MiB, 15360 MiB, 100 %, 22 %, 735 MHz, 5000 MHz, 58.55 W, 77, P0
2026/09/30 08:05:15.219, Tesla T4, 10399 MiB, 4514 MiB, 15360 MiB, 100 %, 29 %, 630 MHz, 5000 MHz, 67.26 W, 77, P0
2026/09/30 08:05:15.743, Tesla T4, 10399 MiB, 4514 MiB, 15360 MiB, 77 %, 53 %, 705 MHz, 5000 MHz, 45.86 W, 78, P0
2026/09/30 08:05:16.271, Tesla T4, 10399 MiB, 4514 MiB, 15360 MiB, 100 %, 23 %, 705 MHz, 5000 MHz, 65.34 W, 78, P0
2026/09/30 08:05:16.783, Tesla T4, 10399 MiB, 4514 MiB, 15360 MiB, 97 %, 22 %, 720 MHz, 5000 MHz, 65.98 W, 78, P0
2026/09/30 08:05:17.294, Tesla T4, 10399 MiB, 4514 MiB, 15360 MiB, 100 %, 23 %, 690 MHz, 5000 MHz, 65.00 W, 78, P0
2026/09/30 08:05:17.811, Tesla T4, 10399 MiB, 4514 MiB, 15360 MiB, 92 %, 21 %, 780 MHz, 5000 MHz, 74.95 W, 78, P0
2026/09/30 08:05:18.324, Tesla T4, 10399 MiB, 4514 MiB, 15360 MiB, 100 %, 22 %, 705 MHz, 5000 MHz, 65.04 W, 78, P0
2026/09/30 08:05:18.835, Tesla T4, 10399 MiB, 4514 MiB, 15360 MiB, 100 %, 18 %, 780 MHz, 5000 MHz, 60.38 W, 78, P0
2026/09/30 08:05:19.351, Tesla T4, 10399 MiB, 4514 MiB, 15360 MiB, 100 %, 22 %, 705 MHz, 5000 MHz, 65.34 W, 79, P0
2026/09/30 08:05:19.869, Tesla T4, 10399 MiB, 4514 MiB, 15360 MiB, 100 %, 19 %, 915 MHz, 5000 MHz, 65.69 W, 79, P0
2026/09/30 08:05:20.381, Tesla T4, 10399 MiB, 4514 MiB, 15360 MiB, 96 %, 33 %, 600 MHz, 5000 MHz, 67.45 W, 79, P0
2026/09/30 08:05:20.896, Tesla T4, 10399 MiB, 4514 MiB, 15360 MiB, 97 %, 36 %, 585 MHz, 5000 MHz, 65.93 W, 79, P0
2026/09/30 08:05:21.409, Tesla T4, 10399 MiB, 4514 MiB, 15360 MiB, 100 %, 24 %, 675 MHz, 5000 MHz, 66.08 W, 79, P0
2026/09/30 08:05:22.001, Tesla T4, 10399 MiB, 4514 MiB, 15360 MiB, 100 %, 28 %, 690 MHz, 5000 MHz, 65.14 W, 79, P0
2026/09/30 08:05:22.515, Tesla T4, 10399 MiB, 4514 MiB, 15360 MiB, 97 %, 27 %, 540 MHz, 5000 MHz, 64.26 W, 79, P0
2026/09/30 08:05:23.026, Tesla T4, 10399 MiB, 4514 MiB, 15360 MiB, 100 %, 24 %, 660 MHz, 5000 MHz, 65.59 W, 79, P0
2026/09/30 08:05:23.541, Tesla T4, 10399 MiB, 4514 MiB, 15360 MiB, 93 %, 28 %, 540 MHz, 5000 MHz, 64.55 W, 80, P0
2026/09/30 08:05:24.053, Tesla T4, 10399 MiB, 4514 MiB, 15360 MiB, 100 %, 24 %, 660 MHz, 5000 MHz, 65.63 W, 80, P0
2026/09/30 08:05:24.567, Tesla T4, 10399 MiB, 4514 MiB, 15360 MiB, 95 %, 38 %, 570 MHz, 5000 MHz, 65.20 W, 80, P0
2026/09/30 08:05:25.079, Tesla T4, 10399 MiB, 4514 MiB, 15360 MiB, 99 %, 29 %, 555 MHz, 5000 MHz, 65.59 W, 80, P0
2026/09/30 08:05:25.591, Tesla T4, 10399 MiB, 4514 MiB, 15360 MiB, 100 %, 34 %, 570 MHz, 5000 MHz, 65.04 W, 80, P0
2026/09/30 08:05:26.109, Tesla T4, 10399 MiB, 4514 MiB, 15360 MiB, 99 %, 36 %, 600 MHz, 5000 MHz, 68.29 W, 80, P0
2026/09/30 08:05:26.652, Tesla T4, 10399 MiB, 4514 MiB, 15360 MiB, 100 %, 27 %, 585 MHz, 5000 MHz, 65.10 W, 80, P0
2026/09/30 08:05:27.177, Tesla T4, 10399 MiB, 4514 MiB, 15360 MiB, 100 %, 29 %, 960 MHz, 5000 MHz, 65.40 W, 80, P0
2026/09/30 08:05:27.706, Tesla T4, 10399 MiB, 4514 MiB, 15360 MiB, 100 %, 26 %, 585 MHz, 5000 MHz, 65.89 W, 81, P0
2026/09/30 08:05:28.231, Tesla T4, 10399 MiB, 4514 MiB, 15360 MiB, 98 %, 31 %, 780 MHz, 5000 MHz, 64.36 W, 80, P0
2026/09/30 08:05:28.758, Tesla T4, 10399 MiB, 4514 MiB, 15360 MiB, 93 %, 47 %, 585 MHz, 5000 MHz, 66.47 W, 81, P0
2026/09/30 08:05:29.283, Tesla T4, 10399 MiB, 4514 MiB, 15360 MiB, 99 %, 34 %, 600 MHz, 5000 MHz, 65.69 W, 81, P0
2026/09/30 08:05:29.796, Tesla T4, 10399 MiB, 4514 MiB, 15360 MiB, 90 %, 33 %, 585 MHz, 5000 MHz, 69.51 W, 81, P0
2026/09/30 08:05:30.312, Tesla T4, 10399 MiB, 4514 MiB, 15360 MiB, 100 %, 23 %, 645 MHz, 5000 MHz, 66.18 W, 81, P0
2026/09/30 08:05:30.823, Tesla T4, 10399 MiB, 4514 MiB, 15360 MiB, 100 %, 31 %, 555 MHz, 5000 MHz, 65.30 W, 81, P0
2026/09/30 08:05:31.345, Tesla T4, 10399 MiB, 4514 MiB, 15360 MiB, 100 %, 23 %, 645 MHz, 5000 MHz, 65.79 W, 82, P0
2026/09/30 08:05:31.861, Tesla T4, 10399 MiB, 4514 MiB, 15360 MiB, 98 %, 28 %, 570 MHz, 5000 MHz, 62.79 W, 81, P0
2026/09/30 08:05:32.373, Tesla T4, 10399 MiB, 4514 MiB, 15360 MiB, 100 %, 25 %, 585 MHz, 5000 MHz, 64.95 W, 82, P0
2026/09/30 08:05:32.890, Tesla T4, 10399 MiB, 4514 MiB, 15360 MiB, 100 %, 25 %, 555 MHz, 5000 MHz, 66.86 W, 82, P0
2026/09/30 08:05:33.404, Tesla T4, 10399 MiB, 4514 MiB, 15360 MiB, 100 %, 29 %, 600 MHz, 5000 MHz, 66.67 W, 82, P0
2026/09/30 08:05:33.922, Tesla T4, 10399 MiB, 4514 MiB, 15360 MiB, 100 %, 25 %, 600 MHz, 5000 MHz, 65.79 W, 82, P0
2026/09/30 08:05:34.434, Tesla T4, 10399 MiB, 4514 MiB, 15360 MiB, 100 %, 29 %, 540 MHz, 5000 MHz, 65.59 W, 82, P0
2026/09/30 08:05:34.945, Tesla T4, 10399 MiB, 4514 MiB, 15360 MiB, 100 %, 29 %, 570 MHz, 5000 MHz, 64.06 W, 82, P0
2026/09/30 08:05:35.461, Tesla T4, 10399 MiB, 4514 MiB, 15360 MiB, 93 %, 34 %, 570 MHz, 5000 MHz, 63.38 W, 82, P0
2026/09/30 08:05:35.974, Tesla T4, 10399 MiB, 4514 MiB, 15360 MiB, 97 %, 31 %, 645 MHz, 5000 MHz, 65.30 W, 82, P0
2026/09/30 08:05:36.485, Tesla T4, 10399 MiB, 4514 MiB, 15360 MiB, 100 %, 20 %, 540 MHz, 5000 MHz, 64.57 W, 82, P0
2026/09/30 08:05:37.005, Tesla T4, 10399 MiB, 4514 MiB, 15360 MiB, 100 %, 22 %, 645 MHz, 5000 MHz, 64.71 W, 82, P0
2026/09/30 08:05:37.516, Tesla T4, 10399 MiB, 4514 MiB, 15360 MiB, 97 %, 34 %, 615 MHz, 5000 MHz, 65.00 W, 82, P0
2026/09/30 08:05:38.033, Tesla T4, 10399 MiB, 4514 MiB, 15360 MiB, 94 %, 34 %, 540 MHz, 5000 MHz, 68.00 W, 82, P0
2026/09/30 08:05:38.544, Tesla T4, 10399 MiB, 4514 MiB, 15360 MiB, 100 %, 29 %, 555 MHz, 5000 MHz, 67.16 W, 82, P0
2026/09/30 08:05:39.061, Tesla T4, 10399 MiB, 4514 MiB, 15360 MiB, 100 %, 28 %, 510 MHz, 5000 MHz, 65.14 W, 82, P0
2026/09/30 08:05:39.576, Tesla T4, 10399 MiB, 4514 MiB, 15360 MiB, 95 %, 35 %, 585 MHz, 5000 MHz, 63.57 W, 82, P0
2026/09/30 08:05:40.131, Tesla T4, 10399 MiB, 4514 MiB, 15360 MiB, 97 %, 35 %, 570 MHz, 5000 MHz, 65.69 W, 82, P0
2026/09/30 08:05:40.665, Tesla T4, 10399 MiB, 4514 MiB, 15360 MiB, 100 %, 26 %, 540 MHz, 5000 MHz, 64.46 W, 82, P0
2026/09/30 08:05:41.201, Tesla T4, 10399 MiB, 4514 MiB, 15360 MiB, 100 %, 23 %, 525 MHz, 5000 MHz, 62.10 W, 82, P0
2026/09/30 08:05:41.744, Tesla T4, 10399 MiB, 4514 MiB, 15360 MiB, 100 %, 25 %, 555 MHz, 5000 MHz, 65.14 W, 81, P0
2026/09/30 08:05:42.270, Tesla T4, 10399 MiB, 4514 MiB, 15360 MiB, 100 %, 23 %, 630 MHz, 5000 MHz, 65.63 W, 81, P0
2026/09/30 08:05:42.781, Tesla T4, 10399 MiB, 4514 MiB, 15360 MiB, 98 %, 26 %, 570 MHz, 5000 MHz, 64.61 W, 81, P0
2026/09/30 08:05:43.293, Tesla T4, 10399 MiB, 4514 MiB, 15360 MiB, 100 %, 24 %, 630 MHz, 5000 MHz, 65.00 W, 81, P0
2026/09/30 08:05:43.809, Tesla T4, 10399 MiB, 4514 MiB, 15360 MiB, 98 %, 25 %, 555 MHz, 5000 MHz, 65.10 W, 81, P0
2026/09/30 08:05:44.321, Tesla T4, 10399 MiB, 4514 MiB, 15360 MiB, 96 %, 37 %, 585 MHz, 5000 MHz, 64.91 W, 80, P0
2026/09/30 08:05:44.832, Tesla T4, 10399 MiB, 4514 MiB, 15360 MiB, 93 %, 35 %, 585 MHz, 5000 MHz, 64.51 W, 80, P0
2026/09/30 08:05:45.349, Tesla T4, 10399 MiB, 4514 MiB, 15360 MiB, 100 %, 32 %, 510 MHz, 5000 MHz, 64.51 W, 80, P0
2026/09/30 08:05:45.860, Tesla T4, 10399 MiB, 4514 MiB, 15360 MiB, 100 %, 32 %, 525 MHz, 5000 MHz, 63.93 W, 80, P0
2026/09/30 08:05:46.374, Tesla T4, 10399 MiB, 4514 MiB, 15360 MiB, 97 %, 36 %, 570 MHz, 5000 MHz, 65.20 W, 80, P0
2026/09/30 08:05:46.889, Tesla T4, 10399 MiB, 4514 MiB, 15360 MiB, 100 %, 34 %, 615 MHz, 5000 MHz, 66.82 W, 79, P0
2026/09/30 08:05:47.411, Tesla T4, 10399 MiB, 4514 MiB, 15360 MiB, 96 %, 27 %, 690 MHz, 5000 MHz, 66.18 W, 79, P0
2026/09/30 08:05:47.923, Tesla T4, 10399 MiB, 4514 MiB, 15360 MiB, 100 %, 22 %, 705 MHz, 5000 MHz, 65.40 W, 79, P0
2026/09/30 08:05:48.435, Tesla T4, 10399 MiB, 4514 MiB, 15360 MiB, 98 %, 26 %, 585 MHz, 5000 MHz, 66.12 W, 79, P0
2026/09/30 08:05:48.948, Tesla T4, 10399 MiB, 4514 MiB, 15360 MiB, 92 %, 21 %, 705 MHz, 5000 MHz, 64.42 W, 79, P0
2026/09/30 08:05:49.459, Tesla T4, 10399 MiB, 4514 MiB, 15360 MiB, 100 %, 21 %, 705 MHz, 5000 MHz, 65.00 W, 79, P0
2026/09/30 08:05:49.976, Tesla T4, 10399 MiB, 4514 MiB, 15360 MiB, 98 %, 33 %, 600 MHz, 5000 MHz, 66.82 W, 79, P0
2026/09/30 08:05:50.487, Tesla T4, 10399 MiB, 4514 MiB, 15360 MiB, 94 %, 41 %, 600 MHz, 5000 MHz, 67.94 W, 78, P0
2026/09/30 08:05:51.008, Tesla T4, 10399 MiB, 4514 MiB, 15360 MiB, 98 %, 39 %, 555 MHz, 5000 MHz, 65.98 W, 78, P0
2026/09/30 08:05:51.519, Tesla T4, 10399 MiB, 4514 MiB, 15360 MiB, 98 %, 38 %, 555 MHz, 5000 MHz, 65.40 W, 78, P0
2026/09/30 08:05:52.032, Tesla T4, 10399 MiB, 4514 MiB, 15360 MiB, 95 %, 44 %, 630 MHz, 5000 MHz, 65.36 W, 78, P0
2026/09/30 08:05:52.546, Tesla T4, 10399 MiB, 4514 MiB, 15360 MiB, 100 %, 28 %, 615 MHz, 5000 MHz, 65.49 W, 78, P0
2026/09/30 08:05:53.069, Tesla T4, 10399 MiB, 4514 MiB, 15360 MiB, 98 %, 31 %, 630 MHz, 5000 MHz, 68.93 W, 77, P0
2026/09/30 08:05:53.596, Tesla T4, 10399 MiB, 4514 MiB, 15360 MiB, 100 %, 29 %, 585 MHz, 5000 MHz, 66.57 W, 77, P0
2026/09/30 08:05:54.118, Tesla T4, 10399 MiB, 4514 MiB, 15360 MiB, 95 %, 42 %, 570 MHz, 5000 MHz, 64.51 W, 77, P0
2026/09/30 08:05:54.656, Tesla T4, 10399 MiB, 4514 MiB, 15360 MiB, 100 %, 30 %, 630 MHz, 5000 MHz, 65.89 W, 77, P0
2026/09/30 08:05:55.174, Tesla T4, 10399 MiB, 4514 MiB, 15360 MiB, 100 %, 32 %, 570 MHz, 5000 MHz, 63.87 W, 77, P0
2026/09/30 08:05:55.690, Tesla T4, 10399 MiB, 4514 MiB, 15360 MiB, 100 %, 30 %, 570 MHz, 5000 MHz, 66.67 W, 77, P0
2026/09/30 08:05:56.203, Tesla T4, 10399 MiB, 4514 MiB, 15360 MiB, 100 %, 29 %, 705 MHz, 5000 MHz, 66.68 W, 77, P0
2026/09/30 08:05:56.720, Tesla T4, 10399 MiB, 4514 MiB, 15360 MiB, 93 %, 32 %, 630 MHz, 5000 MHz, 66.57 W, 76, P0
2026/09/30 08:05:57.231, Tesla T4, 10399 MiB, 4514 MiB, 15360 MiB, 97 %, 35 %, 585 MHz, 5000 MHz, 66.57 W, 76, P0
2026/09/30 08:05:57.744, Tesla T4, 10399 MiB, 4514 MiB, 15360 MiB, 98 %, 35 %, 540 MHz, 5000 MHz, 70.99 W, 76, P0
2026/09/30 08:05:58.256, Tesla T4, 10399 MiB, 4514 MiB, 15360 MiB, 99 %, 36 %, 630 MHz, 5000 MHz, 53.91 W, 76, P0
2026/09/30 08:05:58.775, Tesla T4, 10399 MiB, 4514 MiB, 15360 MiB, 100 %, 26 %, 630 MHz, 5000 MHz, 65.53 W, 76, P0
2026/09/30 08:05:59.288, Tesla T4, 10399 MiB, 4514 MiB, 15360 MiB, 96 %, 26 %, 735 MHz, 5000 MHz, 66.77 W, 76, P0
2026/09/30 08:05:59.799, Tesla T4, 10399 MiB, 4514 MiB, 15360 MiB, 100 %, 23 %, 750 MHz, 5000 MHz, 65.30 W, 76, P0
2026/09/30 08:06:00.312, Tesla T4, 10399 MiB, 4514 MiB, 15360 MiB, 92 %, 29 %, 630 MHz, 5000 MHz, 64.81 W, 76, P0
2026/09/30 08:06:00.823, Tesla T4, 10399 MiB, 4514 MiB, 15360 MiB, 100 %, 24 %, 615 MHz, 5000 MHz, 67.35 W, 76, P0
2026/09/30 08:06:01.343, Tesla T4, 10399 MiB, 4514 MiB, 15360 MiB, 100 %, 23 %, 720 MHz, 5000 MHz, 66.77 W, 76, P0
2026/09/30 08:06:01.854, Tesla T4, 10399 MiB, 4514 MiB, 15360 MiB, 100 %, 20 %, 720 MHz, 5000 MHz, 66.02 W, 75, P0
2026/09/30 08:06:02.375, Tesla T4, 10399 MiB, 4514 MiB, 15360 MiB, 100 %, 50 %, 660 MHz, 5000 MHz, 66.53 W, 75, P0
2026/09/30 08:06:02.886, Tesla T4, 10399 MiB, 4514 MiB, 15360 MiB, 95 %, 38 %, 600 MHz, 5000 MHz, 67.55 W, 75, P0
2026/09/30 08:06:03.416, Tesla T4, 10399 MiB, 4514 MiB, 15360 MiB, 98 %, 34 %, 600 MHz, 5000 MHz, 66.43 W, 75, P0
2026/09/30 08:06:03.932, Tesla T4, 10399 MiB, 4514 MiB, 15360 MiB, 100 %, 30 %, 660 MHz, 5000 MHz, 65.89 W, 75, P0
2026/09/30 08:06:04.468, Tesla T4, 10399 MiB, 4514 MiB, 15360 MiB, 100 %, 38 %, 810 MHz, 5000 MHz, 59.95 W, 75, P0
2026/09/30 08:06:04.980, Tesla T4, 10399 MiB, 4514 MiB, 15360 MiB, 100 %, 29 %, 630 MHz, 5000 MHz, 66.57 W, 75, P0
2026/09/30 08:06:05.507, Tesla T4, 10399 MiB, 4514 MiB, 15360 MiB, 95 %, 36 %, 690 MHz, 5000 MHz, 67.84 W, 75, P0
2026/09/30 08:06:06.031, Tesla T4, 10399 MiB, 4514 MiB, 15360 MiB, 88 %, 33 %, 600 MHz, 5000 MHz, 66.73 W, 74, P0
2026/09/30 08:06:06.555, Tesla T4, 10399 MiB, 4514 MiB, 15360 MiB, 87 %, 53 %, 735 MHz, 5000 MHz, 72.56 W, 74, P0
2026/09/30 08:06:07.080, Tesla T4, 10399 MiB, 4514 MiB, 15360 MiB, 100 %, 31 %, 585 MHz, 5000 MHz, 66.47 W, 75, P0
2026/09/30 08:06:07.605, Tesla T4, 10399 MiB, 4514 MiB, 15360 MiB, 100 %, 26 %, 705 MHz, 5000 MHz, 66.04 W, 74, P0
2026/09/30 08:06:08.132, Tesla T4, 10399 MiB, 4514 MiB, 15360 MiB, 100 %, 31 %, 585 MHz, 5000 MHz, 68.00 W, 75, P0
2026/09/30 08:06:08.645, Tesla T4, 10399 MiB, 4514 MiB, 15360 MiB, 100 %, 26 %, 720 MHz, 5000 MHz, 66.63 W, 74, P0
2026/09/30 08:06:09.156, Tesla T4, 10399 MiB, 4514 MiB, 15360 MiB, 100 %, 32 %, 585 MHz, 5000 MHz, 65.94 W, 75, P0
2026/09/30 08:06:09.668, Tesla T4, 10399 MiB, 4514 MiB, 15360 MiB, 93 %, 29 %, 1005 MHz, 5000 MHz, 66.47 W, 75, P0
2026/09/30 08:06:10.185, Tesla T4, 10399 MiB, 4514 MiB, 15360 MiB, 100 %, 31 %, 570 MHz, 5000 MHz, 67.51 W, 74, P0
2026/09/30 08:06:10.697, Tesla T4, 10399 MiB, 4514 MiB, 15360 MiB, 97 %, 32 %, 585 MHz, 5000 MHz, 65.49 W, 75, P0
2026/09/30 08:06:11.209, Tesla T4, 10399 MiB, 4514 MiB, 15360 MiB, 97 %, 32 %, 750 MHz, 5000 MHz, 67.06 W, 74, P0
2026/09/30 08:06:11.720, Tesla T4, 10399 MiB, 4514 MiB, 15360 MiB, 100 %, 24 %, 765 MHz, 5000 MHz, 66.73 W, 75, P0
2026/09/30 08:06:12.231, Tesla T4, 10399 MiB, 4514 MiB, 15360 MiB, 93 %, 28 %, 585 MHz, 5000 MHz, 67.21 W, 74, P0
2026/09/30 08:06:12.745, Tesla T4, 10399 MiB, 4514 MiB, 15360 MiB, 100 %, 23 %, 780 MHz, 5000 MHz, 66.38 W, 75, P0
2026/09/30 08:06:13.255, Tesla T4, 10399 MiB, 4514 MiB, 15360 MiB, 100 %, 23 %, 765 MHz, 5000 MHz, 67.70 W, 75, P0
2026/09/30 08:06:13.772, Tesla T4, 10399 MiB, 4514 MiB, 15360 MiB, 100 %, 37 %, 585 MHz, 5000 MHz, 66.82 W, 75, P0
2026/09/30 08:06:14.283, Tesla T4, 10399 MiB, 4514 MiB, 15360 MiB, 100 %, 29 %, 705 MHz, 5000 MHz, 68.00 W, 75, P0
2026/09/30 08:06:14.801, Tesla T4, 10399 MiB, 4514 MiB, 15360 MiB, 100 %, 37 %, 585 MHz, 5000 MHz, 65.65 W, 75, P0
2026/09/30 08:06:15.312, Tesla T4, 10399 MiB, 4514 MiB, 15360 MiB, 100 %, 29 %, 705 MHz, 5000 MHz, 66.32 W, 75, P0
2026/09/30 08:06:15.824, Tesla T4, 10399 MiB, 4514 MiB, 15360 MiB, 95 %, 47 %, 750 MHz, 5000 MHz, 45.93 W, 74, P0
2026/09/30 08:06:16.340, Tesla T4, 10399 MiB, 4514 MiB, 15360 MiB, 100 %, 29 %, 660 MHz, 5000 MHz, 66.18 W, 75, P0
2026/09/30 08:06:16.858, Tesla T4, 10399 MiB, 4514 MiB, 15360 MiB, 98 %, 32 %, 690 MHz, 5000 MHz, 68.29 W, 75, P0
2026/09/30 08:06:17.369, Tesla T4, 10399 MiB, 4514 MiB, 15360 MiB, 100 %, 29 %, 690 MHz, 5000 MHz, 68.10 W, 75, P0
2026/09/30 08:06:17.885, Tesla T4, 10399 MiB, 4514 MiB, 15360 MiB, 97 %, 38 %, 615 MHz, 5000 MHz, 66.73 W, 75, P0
2026/09/30 08:06:18.399, Tesla T4, 10399 MiB, 4514 MiB, 15360 MiB, 100 %, 31 %, 660 MHz, 5000 MHz, 66.14 W, 75, P0
2026/09/30 08:06:18.928, Tesla T4, 10399 MiB, 4514 MiB, 15360 MiB, 92 %, 37 %, 480 MHz, 5000 MHz, 66.38 W, 74, P0
2026/09/30 08:06:19.464, Tesla T4, 10399 MiB, 4514 MiB, 15360 MiB, 100 %, 31 %, 585 MHz, 5000 MHz, 59.01 W, 75, P0
2026/09/30 08:06:20.005, Tesla T4, 10399 MiB, 4514 MiB, 15360 MiB, 91 %, 40 %, 645 MHz, 5000 MHz, 66.47 W, 75, P0
2026/09/30 08:06:20.521, Tesla T4, 10399 MiB, 4514 MiB, 15360 MiB, 100 %, 26 %, 645 MHz, 5000 MHz, 66.82 W, 75, P0
2026/09/30 08:06:21.045, Tesla T4, 10399 MiB, 4514 MiB, 15360 MiB, 85 %, 32 %, 645 MHz, 5000 MHz, 66.47 W, 75, P0
2026/09/30 08:06:21.570, Tesla T4, 10399 MiB, 4514 MiB, 15360 MiB, 100 %, 24 %, 660 MHz, 5000 MHz, 66.67 W, 75, P0
2026/09/30 08:06:22.088, Tesla T4, 10399 MiB, 4514 MiB, 15360 MiB, 100 %, 36 %, 585 MHz, 5000 MHz, 66.96 W, 75, P0
2026/09/30 08:06:22.599, Tesla T4, 10399 MiB, 4514 MiB, 15360 MiB, 100 %, 38 %, 600 MHz, 5000 MHz, 66.73 W, 75, P0
2026/09/30 08:06:23.111, Tesla T4, 10399 MiB, 4514 MiB, 15360 MiB, 96 %, 36 %, 720 MHz, 5000 MHz, 67.96 W, 75, P0
2026/09/30 08:06:23.623, Tesla T4, 10399 MiB, 4514 MiB, 15360 MiB, 98 %, 32 %, 600 MHz, 5000 MHz, 57.76 W, 75, P0
2026/09/30 08:06:24.134, Tesla T4, 10399 MiB, 4514 MiB, 15360 MiB, 100 %, 25 %, 705 MHz, 5000 MHz, 65.89 W, 75, P0
2026/09/30 08:06:24.652, Tesla T4, 10399 MiB, 4514 MiB, 15360 MiB, 100 %, 33 %, 630 MHz, 5000 MHz, 66.08 W, 75, P0
2026/09/30 08:06:25.163, Tesla T4, 10399 MiB, 4514 MiB, 15360 MiB, 100 %, 33 %, 675 MHz, 5000 MHz, 65.49 W, 75, P0
2026/09/30 08:06:25.683, Tesla T4, 10399 MiB, 4514 MiB, 15360 MiB, 98 %, 32 %, 630 MHz, 5000 MHz, 63.93 W, 75, P0
2026/09/30 08:06:26.195, Tesla T4, 10399 MiB, 4514 MiB, 15360 MiB, 100 %, 31 %, 585 MHz, 5000 MHz, 64.91 W, 75, P0
2026/09/30 08:06:26.716, Tesla T4, 10399 MiB, 4514 MiB, 15360 MiB, 91 %, 48 %, 585 MHz, 5000 MHz, 65.59 W, 75, P0
2026/09/30 08:06:27.228, Tesla T4, 10399 MiB, 4514 MiB, 15360 MiB, 97 %, 33 %, 615 MHz, 5000 MHz, 66.43 W, 76, P0
2026/09/30 08:06:27.741, Tesla T4, 10399 MiB, 4514 MiB, 15360 MiB, 98 %, 30 %, 645 MHz, 5000 MHz, 67.02 W, 76, P0
2026/09/30 08:06:28.253, Tesla T4, 10399 MiB, 4514 MiB, 15360 MiB, 92 %, 31 %, 600 MHz, 5000 MHz, 65.98 W, 76, P0
2026/09/30 08:06:28.771, Tesla T4, 10399 MiB, 4514 MiB, 15360 MiB, 98 %, 30 %, 660 MHz, 5000 MHz, 64.03 W, 76, P0
2026/09/30 08:06:29.283, Tesla T4, 10399 MiB, 4514 MiB, 15360 MiB, 95 %, 32 %, 600 MHz, 5000 MHz, 66.67 W, 76, P0
2026/09/30 08:06:29.798, Tesla T4, 10399 MiB, 4514 MiB, 15360 MiB, 93 %, 34 %, 645 MHz, 5000 MHz, 64.81 W, 76, P0
2026/09/30 08:06:30.311, Tesla T4, 10399 MiB, 4514 MiB, 15360 MiB, 99 %, 40 %, 660 MHz, 5000 MHz, 65.81 W, 76, P0
2026/09/30 08:06:30.823, Tesla T4, 10399 MiB, 4514 MiB, 15360 MiB, 97 %, 37 %, 645 MHz, 5000 MHz, 66.67 W, 76, P0
2026/09/30 08:06:31.342, Tesla T4, 10399 MiB, 4514 MiB, 15360 MiB, 100 %, 36 %, 585 MHz, 5000 MHz, 66.04 W, 76, P0
2026/09/30 08:06:31.868, Tesla T4, 10399 MiB, 4514 MiB, 15360 MiB, 100 %, 31 %, 570 MHz, 5000 MHz, 64.96 W, 76, P0
2026/09/30 08:06:32.417, Tesla T4, 10399 MiB, 4514 MiB, 15360 MiB, 100 %, 33 %, 645 MHz, 5000 MHz, 63.44 W, 76, P0
2026/09/30 08:06:32.942, Tesla T4, 10399 MiB, 4514 MiB, 15360 MiB, 96 %, 38 %, 555 MHz, 5000 MHz, 68.35 W, 76, P0
2026/09/30 08:06:33.472, Tesla T4, 10399 MiB, 4514 MiB, 15360 MiB, 100 %, 25 %, 1080 MHz, 5000 MHz, 66.08 W, 76, P0
2026/09/30 08:06:34.036, Tesla T4, 10399 MiB, 4514 MiB, 15360 MiB, 97 %, 25 %, 720 MHz, 5000 MHz, 65.98 W, 77, P0
2026/09/30 08:06:34.559, Tesla T4, 10399 MiB, 4514 MiB, 15360 MiB, 100 %, 25 %, 690 MHz, 5000 MHz, 65.63 W, 77, P0
2026/09/30 08:06:35.072, Tesla T4, 10399 MiB, 4514 MiB, 15360 MiB, 91 %, 40 %, 690 MHz, 5000 MHz, 65.98 W, 77, P0
2026/09/30 08:06:35.584, Tesla T4, 10399 MiB, 4514 MiB, 15360 MiB, 96 %, 41 %, 585 MHz, 5000 MHz, 64.51 W, 77, P0
2026/09/30 08:06:36.097, Tesla T4, 10399 MiB, 4514 MiB, 15360 MiB, 98 %, 35 %, 555 MHz, 5000 MHz, 66.08 W, 77, P0
2026/09/30 08:06:36.617, Tesla T4, 10399 MiB, 4514 MiB, 15360 MiB, 100 %, 32 %, 600 MHz, 5000 MHz, 63.28 W, 77, P0
2026/09/30 08:06:37.136, Tesla T4, 10399 MiB, 4514 MiB, 15360 MiB, 99 %, 45 %, 840 MHz, 5000 MHz, 64.85 W, 77, P0
2026/09/30 08:06:37.647, Tesla T4, 10399 MiB, 4514 MiB, 15360 MiB, 96 %, 43 %, 630 MHz, 5000 MHz, 67.20 W, 77, P0
2026/09/30 08:06:38.163, Tesla T4, 10399 MiB, 4514 MiB, 15360 MiB, 100 %, 29 %, 615 MHz, 5000 MHz, 66.77 W, 77, P0
2026/09/30 08:06:38.677, Tesla T4, 10399 MiB, 4514 MiB, 15360 MiB, 100 %, 36 %, 615 MHz, 5000 MHz, 66.82 W, 77, P0
2026/09/30 08:06:39.195, Tesla T4, 10399 MiB, 4514 MiB, 15360 MiB, 96 %, 28 %, 615 MHz, 5000 MHz, 66.18 W, 77, P0
2026/09/30 08:06:39.707, Tesla T4, 10399 MiB, 4514 MiB, 15360 MiB, 100 %, 28 %, 660 MHz, 5000 MHz, 66.57 W, 78, P0
2026/09/30 08:06:40.225, Tesla T4, 10399 MiB, 4514 MiB, 15360 MiB, 100 %, 25 %, 690 MHz, 5000 MHz, 65.89 W, 78, P0
2026/09/30 08:06:40.736, Tesla T4, 10399 MiB, 4514 MiB, 15360 MiB, 93 %, 27 %, 660 MHz, 5000 MHz, 65.75 W, 78, P0
2026/09/30 08:06:41.247, Tesla T4, 10399 MiB, 4514 MiB, 15360 MiB, 98 %, 26 %, 675 MHz, 5000 MHz, 65.79 W, 78, P0
2026/09/30 08:06:41.764, Tesla T4, 10399 MiB, 4514 MiB, 15360 MiB, 97 %, 33 %, 630 MHz, 5000 MHz, 62.85 W, 78, P0
2026/09/30 08:06:42.276, Tesla T4, 10399 MiB, 4514 MiB, 15360 MiB, 100 %, 29 %, 600 MHz, 5000 MHz, 75.54 W, 78, P0
2026/09/30 08:06:42.792, Tesla T4, 10399 MiB, 4514 MiB, 15360 MiB, 97 %, 28 %, 690 MHz, 5000 MHz, 64.06 W, 78, P0
2026/09/30 08:06:43.303, Tesla T4, 10399 MiB, 4514 MiB, 15360 MiB, 100 %, 24 %, 660 MHz, 5000 MHz, 65.49 W, 78, P0
2026/09/30 08:06:43.821, Tesla T4, 10399 MiB, 4514 MiB, 15360 MiB, 100 %, 24 %, 690 MHz, 5000 MHz, 66.18 W, 78, P0
2026/09/30 08:06:44.332, Tesla T4, 10399 MiB, 4514 MiB, 15360 MiB, 100 %, 28 %, 570 MHz, 5000 MHz, 65.69 W, 78, P0
2026/09/30 08:06:44.864, Tesla T4, 10399 MiB, 4514 MiB, 15360 MiB, 98 %, 33 %, 990 MHz, 5000 MHz, 56.72 W, 78, P0
2026/09/30 08:06:45.405, Tesla T4, 10399 MiB, 4514 MiB, 15360 MiB, 100 %, 28 %, 585 MHz, 5000 MHz, 64.51 W, 78, P0
2026/09/30 08:06:45.930, Tesla T4, 10399 MiB, 4514 MiB, 15360 MiB, 95 %, 37 %, 660 MHz, 5000 MHz, 65.85 W, 78, P0
2026/09/30 08:06:46.457, Tesla T4, 10399 MiB, 4514 MiB, 15360 MiB, 96 %, 38 %, 660 MHz, 5000 MHz, 68.78 W, 78, P0
2026/09/30 08:06:46.988, Tesla T4, 10399 MiB, 4514 MiB, 15360 MiB, 85 %, 35 %, 690 MHz, 5000 MHz, 65.93 W, 78, P0
2026/09/30 08:06:47.538, Tesla T4, 10399 MiB, 4514 MiB, 15360 MiB, 95 %, 46 %, 585 MHz, 5000 MHz, 65.00 W, 78, P0
2026/09/30 08:06:48.053, Tesla T4, 10399 MiB, 4514 MiB, 15360 MiB, 98 %, 34 %, 705 MHz, 5000 MHz, 65.30 W, 78, P0
2026/09/30 08:06:48.564, Tesla T4, 10399 MiB, 4514 MiB, 15360 MiB, 100 %, 30 %, 660 MHz, 5000 MHz, 66.08 W, 78, P0
2026/09/30 08:06:49.078, Tesla T4, 10399 MiB, 4514 MiB, 15360 MiB, 100 %, 22 %, 735 MHz, 5000 MHz, 64.61 W, 79, P0
2026/09/30 08:06:49.592, Tesla T4, 10399 MiB, 4514 MiB, 15360 MiB, 100 %, 22 %, 705 MHz, 5000 MHz, 66.47 W, 79, P0
2026/09/30 08:06:50.108, Tesla T4, 10399 MiB, 4514 MiB, 15360 MiB, 100 %, 25 %, 615 MHz, 5000 MHz, 65.89 W, 79, P0
2026/09/30 08:06:50.621, Tesla T4, 10399 MiB, 4514 MiB, 15360 MiB, 100 %, 25 %, 600 MHz, 5000 MHz, 64.91 W, 79, P0
2026/09/30 08:06:51.134, Tesla T4, 10399 MiB, 4514 MiB, 15360 MiB, 88 %, 25 %, 720 MHz, 5000 MHz, 64.42 W, 79, P0
2026/09/30 08:06:51.650, Tesla T4, 10399 MiB, 4514 MiB, 15360 MiB, 100 %, 22 %, 690 MHz, 5000 MHz, 67.02 W, 79, P0
2026/09/30 08:06:52.161, Tesla T4, 10399 MiB, 4514 MiB, 15360 MiB, 98 %, 24 %, 600 MHz, 5000 MHz, 65.69 W, 79, P0
2026/09/30 08:06:52.677, Tesla T4, 10399 MiB, 4514 MiB, 15360 MiB, 100 %, 25 %, 630 MHz, 5000 MHz, 65.69 W, 79, P0
2026/09/30 08:06:53.188, Tesla T4, 10399 MiB, 4514 MiB, 15360 MiB, 100 %, 22 %, 705 MHz, 5000 MHz, 66.63 W, 79, P0
2026/09/30 08:06:53.707, Tesla T4, 10399 MiB, 4514 MiB, 15360 MiB, 98 %, 34 %, 675 MHz, 5000 MHz, 64.06 W, 79, P0
2026/09/30 08:06:54.220, Tesla T4, 10399 MiB, 4514 MiB, 15360 MiB, 100 %, 33 %, 645 MHz, 5000 MHz, 65.49 W, 78, P0
2026/09/30 08:06:54.739, Tesla T4, 10399 MiB, 4514 MiB, 15360 MiB, 98 %, 29 %, 570 MHz, 5000 MHz, 66.96 W, 79, P0
2026/09/30 08:06:55.251, Tesla T4, 10399 MiB, 4514 MiB, 15360 MiB, 93 %, 29 %, 555 MHz, 5000 MHz, 65.00 W, 79, P0
2026/09/30 08:06:55.766, Tesla T4, 10399 MiB, 4514 MiB, 15360 MiB, 95 %, 27 %, 585 MHz, 5000 MHz, 63.67 W, 79, P0
2026/09/30 08:06:56.277, Tesla T4, 10399 MiB, 4514 MiB, 15360 MiB, 100 %, 25 %, 600 MHz, 5000 MHz, 67.21 W, 79, P0
2026/09/30 08:06:56.788, Tesla T4, 10399 MiB, 4514 MiB, 15360 MiB, 100 %, 23 %, 555 MHz, 5000 MHz, 67.21 W, 79, P0
2026/09/30 08:06:57.306, Tesla T4, 10399 MiB, 4514 MiB, 15360 MiB, 100 %, 30 %, 585 MHz, 5000 MHz, 66.73 W, 78, P0
2026/09/30 08:06:57.839, Tesla T4, 10399 MiB, 4514 MiB, 15360 MiB, 100 %, 25 %, 585 MHz, 5000 MHz, 64.42 W, 78, P0
2026/09/30 08:06:58.367, Tesla T4, 10399 MiB, 4514 MiB, 15360 MiB, 100 %, 22 %, 600 MHz, 5000 MHz, 61.22 W, 78, P0
2026/09/30 08:06:58.897, Tesla T4, 10399 MiB, 4514 MiB, 15360 MiB, 94 %, 28 %, 585 MHz, 5000 MHz, 67.06 W, 78, P0
2026/09/30 08:06:59.434, Tesla T4, 10399 MiB, 4514 MiB, 15360 MiB, 100 %, 25 %, 690 MHz, 5000 MHz, 68.78 W, 78, P0
2026/09/30 08:06:59.967, Tesla T4, 10399 MiB, 4514 MiB, 15360 MiB, 100 %, 27 %, 615 MHz, 5000 MHz, 65.20 W, 78, P0
2026/09/30 08:07:00.479, Tesla T4, 10399 MiB, 4514 MiB, 15360 MiB, 99 %, 31 %, 645 MHz, 5000 MHz, 66.86 W, 78, P0
2026/09/30 08:07:00.997, Tesla T4, 10399 MiB, 4514 MiB, 15360 MiB, 93 %, 36 %, 555 MHz, 5000 MHz, 67.51 W, 78, P0
2026/09/30 08:07:01.510, Tesla T4, 10399 MiB, 4514 MiB, 15360 MiB, 100 %, 24 %, 675 MHz, 5000 MHz, 65.53 W, 78, P0
2026/09/30 08:07:02.024, Tesla T4, 10399 MiB, 4514 MiB, 15360 MiB, 100 %, 25 %, 690 MHz, 5000 MHz, 65.26 W, 78, P0
2026/09/30 08:07:02.536, Tesla T4, 10399 MiB, 4514 MiB, 15360 MiB, 98 %, 38 %, 645 MHz, 5000 MHz, 69.81 W, 78, P0
2026/09/30 08:07:03.047, Tesla T4, 10399 MiB, 4514 MiB, 15360 MiB, 99 %, 38 %, 645 MHz, 5000 MHz, 65.69 W, 78, P0
2026/09/30 08:07:03.563, Tesla T4, 10399 MiB, 4514 MiB, 15360 MiB, 98 %, 34 %, 570 MHz, 5000 MHz, 65.69 W, 78, P0
2026/09/30 08:07:04.076, Tesla T4, 10399 MiB, 4514 MiB, 15360 MiB, 98 %, 35 %, 570 MHz, 5000 MHz, 65.89 W, 78, P0
2026/09/30 08:07:04.588, Tesla T4, 10399 MiB, 4514 MiB, 15360 MiB, 98 %, 30 %, 645 MHz, 5000 MHz, 67.21 W, 78, P0
2026/09/30 08:07:05.102, Tesla T4, 10399 MiB, 4514 MiB, 15360 MiB, 100 %, 27 %, 600 MHz, 5000 MHz, 65.40 W, 77, P0
2026/09/30 08:07:05.623, Tesla T4, 10399 MiB, 4514 MiB, 15360 MiB, 100 %, 27 %, 660 MHz, 5000 MHz, 66.47 W, 78, P0
2026/09/30 08:07:06.136, Tesla T4, 10399 MiB, 4514 MiB, 15360 MiB, 96 %, 28 %, 600 MHz, 5000 MHz, 65.65 W, 78, P0
2026/09/30 08:07:06.648, Tesla T4, 10399 MiB, 4514 MiB, 15360 MiB, 92 %, 33 %, 585 MHz, 5000 MHz, 65.98 W, 77, P0
2026/09/30 08:07:07.162, Tesla T4, 10399 MiB, 4514 MiB, 15360 MiB, 100 %, 48 %, 630 MHz, 5000 MHz, 66.08 W, 77, P0
2026/09/30 08:07:07.676, Tesla T4, 10399 MiB, 4514 MiB, 15360 MiB, 92 %, 35 %, 645 MHz, 5000 MHz, 66.29 W, 77, P0
2026/09/30 08:07:08.205, Tesla T4, 10399 MiB, 4514 MiB, 15360 MiB, 97 %, 34 %, 570 MHz, 5000 MHz, 65.24 W, 77, P0
2026/09/30 08:07:08.719, Tesla T4, 10399 MiB, 4514 MiB, 15360 MiB, 98 %, 30 %, 615 MHz, 5000 MHz, 66.18 W, 77, P0
2026/09/30 08:07:09.250, Tesla T4, 10399 MiB, 4514 MiB, 15360 MiB, 93 %, 35 %, 555 MHz, 5000 MHz, 66.18 W, 77, P0
2026/09/30 08:07:09.762, Tesla T4, 10399 MiB, 4514 MiB, 15360 MiB, 98 %, 32 %, 630 MHz, 5000 MHz, 66.08 W, 77, P0
2026/09/30 08:07:10.292, Tesla T4, 10399 MiB, 4514 MiB, 15360 MiB, 100 %, 32 %, 645 MHz, 5000 MHz, 65.89 W, 77, P0
2026/09/30 08:07:10.825, Tesla T4, 10399 MiB, 4514 MiB, 15360 MiB, 100 %, 32 %, 630 MHz, 5000 MHz, 66.57 W, 77, P0
2026/09/30 08:07:11.358, Tesla T4, 10399 MiB, 4514 MiB, 15360 MiB, 100 %, 32 %, 660 MHz, 5000 MHz, 65.59 W, 77, P0
2026/09/30 08:07:11.897, Tesla T4, 10399 MiB, 4514 MiB, 15360 MiB, 95 %, 30 %, 675 MHz, 5000 MHz, 67.65 W, 77, P0
2026/09/30 08:07:12.417, Tesla T4, 10399 MiB, 4514 MiB, 15360 MiB, 100 %, 31 %, 585 MHz, 5000 MHz, 66.38 W, 76, P0
2026/09/30 08:07:12.947, Tesla T4, 10399 MiB, 4514 MiB, 15360 MiB, 100 %, 31 %, 705 MHz, 5000 MHz, 59.14 W, 77, P0
2026/09/30 08:07:13.469, Tesla T4, 10399 MiB, 4514 MiB, 15360 MiB, 91 %, 34 %, 930 MHz, 5000 MHz, 65.98 W, 77, P0
2026/09/30 08:07:13.988, Tesla T4, 10399 MiB, 4514 MiB, 15360 MiB, 95 %, 35 %, 615 MHz, 5000 MHz, 67.41 W, 77, P0
2026/09/30 08:07:14.500, Tesla T4, 10399 MiB, 4514 MiB, 15360 MiB, 98 %, 31 %, 600 MHz, 5000 MHz, 66.61 W, 77, P0
2026/09/30 08:07:15.016, Tesla T4, 10399 MiB, 4514 MiB, 15360 MiB, 100 %, 29 %, 615 MHz, 5000 MHz, 66.61 W, 77, P0
2026/09/30 08:07:15.528, Tesla T4, 10399 MiB, 4514 MiB, 15360 MiB, 98 %, 30 %, 600 MHz, 5000 MHz, 66.32 W, 77, P0
2026/09/30 08:07:16.045, Tesla T4, 10399 MiB, 4514 MiB, 15360 MiB, 100 %, 28 %, 630 MHz, 5000 MHz, 67.06 W, 77, P0
2026/09/30 08:07:16.556, Tesla T4, 10399 MiB, 4514 MiB, 15360 MiB, 100 %, 29 %, 600 MHz, 5000 MHz, 65.98 W, 77, P0
2026/09/30 08:07:17.069, Tesla T4, 10399 MiB, 4514 MiB, 15360 MiB, 93 %, 40 %, 630 MHz, 5000 MHz, 67.65 W, 77, P0
2026/09/30 08:07:17.580, Tesla T4, 10399 MiB, 4514 MiB, 15360 MiB, 100 %, 25 %, 585 MHz, 5000 MHz, 63.51 W, 76, P0
2026/09/30 08:07:18.095, Tesla T4, 10399 MiB, 4514 MiB, 15360 MiB, 97 %, 38 %, 585 MHz, 5000 MHz, 66.67 W, 76, P0
2026/09/30 08:07:18.613, Tesla T4, 10399 MiB, 4514 MiB, 15360 MiB, 100 %, 32 %, 645 MHz, 5000 MHz, 65.49 W, 76, P0
2026/09/30 08:07:19.129, Tesla T4, 10399 MiB, 4514 MiB, 15360 MiB, 98 %, 34 %, 615 MHz, 5000 MHz, 64.26 W, 76, P0
2026/09/30 08:07:19.640, Tesla T4, 10399 MiB, 4514 MiB, 15360 MiB, 97 %, 30 %, 615 MHz, 5000 MHz, 66.77 W, 76, P0
2026/09/30 08:07:20.153, Tesla T4, 10399 MiB, 4514 MiB, 15360 MiB, 98 %, 32 %, 660 MHz, 5000 MHz, 63.77 W, 76, P0
2026/09/30 08:07:20.665, Tesla T4, 10399 MiB, 4514 MiB, 15360 MiB, 100 %, 31 %, 615 MHz, 5000 MHz, 66.47 W, 76, P0
2026/09/30 08:07:21.177, Tesla T4, 10399 MiB, 4514 MiB, 15360 MiB, 97 %, 35 %, 645 MHz, 5000 MHz, 67.10 W, 76, P0
2026/09/30 08:07:21.693, Tesla T4, 10399 MiB, 4514 MiB, 15360 MiB, 98 %, 27 %, 645 MHz, 5000 MHz, 65.10 W, 76, P0
2026/09/30 08:07:22.204, Tesla T4, 10399 MiB, 4514 MiB, 15360 MiB, 100 %, 24 %, 585 MHz, 5000 MHz, 67.12 W, 76, P0
2026/09/30 08:07:22.714, Tesla T4, 10399 MiB, 4514 MiB, 15360 MiB, 98 %, 28 %, 615 MHz, 5000 MHz, 66.38 W, 76, P0
2026/09/30 08:07:23.228, Tesla T4, 10399 MiB, 4514 MiB, 15360 MiB, 100 %, 26 %, 615 MHz, 5000 MHz, 66.38 W, 76, P0
2026/09/30 08:07:23.748, Tesla T4, 10399 MiB, 4514 MiB, 15360 MiB, 98 %, 35 %, 630 MHz, 5000 MHz, 66.18 W, 76, P0
2026/09/30 08:07:24.289, Tesla T4, 10399 MiB, 4514 MiB, 15360 MiB, 88 %, 34 %, 570 MHz, 5000 MHz, 66.18 W, 76, P0
2026/09/30 08:07:24.816, Tesla T4, 10399 MiB, 4514 MiB, 15360 MiB, 95 %, 47 %, 750 MHz, 5000 MHz, 64.38 W, 76, P0
2026/09/30 08:07:25.338, Tesla T4, 10399 MiB, 4514 MiB, 15360 MiB, 93 %, 45 %, 630 MHz, 5000 MHz, 77.30 W, 76, P0
2026/09/30 08:07:25.861, Tesla T4, 10399 MiB, 4514 MiB, 15360 MiB, 100 %, 32 %, 795 MHz, 5000 MHz, 65.00 W, 76, P0
2026/09/30 08:07:26.386, Tesla T4, 10399 MiB, 4514 MiB, 15360 MiB, 98 %, 33 %, 705 MHz, 5000 MHz, 61.91 W, 76, P0
2026/09/30 08:07:26.898, Tesla T4, 10399 MiB, 4514 MiB, 15360 MiB, 100 %, 30 %, 645 MHz, 5000 MHz, 65.98 W, 76, P0
2026/09/30 08:07:27.410, Tesla T4, 10399 MiB, 4514 MiB, 15360 MiB, 100 %, 30 %, 630 MHz, 5000 MHz, 65.53 W, 76, P0
2026/09/30 08:07:27.922, Tesla T4, 10399 MiB, 4514 MiB, 15360 MiB, 94 %, 41 %, 600 MHz, 5000 MHz, 68.14 W, 76, P0
2026/09/30 08:07:28.438, Tesla T4, 10399 MiB, 4514 MiB, 15360 MiB, 100 %, 27 %, 630 MHz, 5000 MHz, 66.18 W, 76, P0
2026/09/30 08:07:28.949, Tesla T4, 10399 MiB, 4514 MiB, 15360 MiB, 98 %, 27 %, 645 MHz, 5000 MHz, 66.47 W, 76, P0
2026/09/30 08:07:29.460, Tesla T4, 10399 MiB, 4514 MiB, 15360 MiB, 100 %, 24 %, 945 MHz, 5000 MHz, 57.08 W, 77, P0
2026/09/30 08:07:29.977, Tesla T4, 10399 MiB, 4514 MiB, 15360 MiB, 100 %, 26 %, 660 MHz, 5000 MHz, 65.98 W, 77, P0
2026/09/30 08:07:30.489, Tesla T4, 10399 MiB, 4514 MiB, 15360 MiB, 98 %, 28 %, 645 MHz, 5000 MHz, 65.85 W, 77, P0
2026/09/30 08:07:31.004, Tesla T4, 10399 MiB, 4514 MiB, 15360 MiB, 100 %, 26 %, 615 MHz, 5000 MHz, 66.18 W, 77, P0
2026/09/30 08:07:31.519, Tesla T4, 10399 MiB, 4514 MiB, 15360 MiB, 94 %, 46 %, 585 MHz, 5000 MHz, 62.59 W, 76, P0
2026/09/30 08:07:32.036, Tesla T4, 10399 MiB, 4514 MiB, 15360 MiB, 98 %, 35 %, 600 MHz, 5000 MHz, 66.73 W, 76, P0
2026/09/30 08:07:32.551, Tesla T4, 10399 MiB, 4514 MiB, 15360 MiB, 100 %, 35 %, 645 MHz, 5000 MHz, 66.18 W, 77, P0
2026/09/30 08:07:33.068, Tesla T4, 10399 MiB, 4514 MiB, 15360 MiB, 98 %, 29 %, 615 MHz, 5000 MHz, 65.69 W, 77, P0
2026/09/30 08:07:33.579, Tesla T4, 10399 MiB, 4514 MiB, 15360 MiB, 100 %, 29 %, 810 MHz, 5000 MHz, 66.08 W, 77, P0
2026/09/30 08:07:34.095, Tesla T4, 10399 MiB, 4514 MiB, 15360 MiB, 100 %, 28 %, 615 MHz, 5000 MHz, 67.45 W, 77, P0
2026/09/30 08:07:34.607, Tesla T4, 10399 MiB, 4514 MiB, 15360 MiB, 100 %, 25 %, 615 MHz, 5000 MHz, 66.38 W, 77, P0
2026/09/30 08:07:35.120, Tesla T4, 10399 MiB, 4514 MiB, 15360 MiB, 92 %, 33 %, 585 MHz, 5000 MHz, 67.80 W, 77, P0
2026/09/30 08:07:35.634, Tesla T4, 10399 MiB, 4514 MiB, 15360 MiB, 98 %, 34 %, 570 MHz, 5000 MHz, 68.58 W, 77, P0
2026/09/30 08:07:36.152, Tesla T4, 10399 MiB, 4514 MiB, 15360 MiB, 98 %, 32 %, 615 MHz, 5000 MHz, 66.28 W, 77, P0
2026/09/30 08:07:36.666, Tesla T4, 10399 MiB, 4514 MiB, 15360 MiB, 95 %, 30 %, 555 MHz, 5000 MHz, 66.63 W, 77, P0
2026/09/30 08:07:37.197, Tesla T4, 10399 MiB, 4514 MiB, 15360 MiB, 97 %, 32 %, 630 MHz, 5000 MHz, 67.06 W, 77, P0
2026/09/30 08:07:37.723, Tesla T4, 10399 MiB, 4514 MiB, 15360 MiB, 100 %, 27 %, 630 MHz, 5000 MHz, 65.69 W, 77, P0
2026/09/30 08:07:38.248, Tesla T4, 10399 MiB, 4514 MiB, 15360 MiB, 100 %, 27 %, 645 MHz, 5000 MHz, 66.18 W, 77, P0
2026/09/30 08:07:38.772, Tesla T4, 10399 MiB, 4514 MiB, 15360 MiB, 100 %, 25 %, 615 MHz, 5000 MHz, 65.06 W, 77, P0
2026/09/30 08:07:39.295, Tesla T4, 10399 MiB, 4514 MiB, 15360 MiB, 100 %, 22 %, 675 MHz, 5000 MHz, 64.32 W, 77, P0
2026/09/30 08:07:39.813, Tesla T4, 10399 MiB, 4514 MiB, 15360 MiB, 100 %, 26 %, 600 MHz, 5000 MHz, 67.51 W, 77, P0
2026/09/30 08:07:40.324, Tesla T4, 10399 MiB, 4514 MiB, 15360 MiB, 100 %, 24 %, 675 MHz, 5000 MHz, 64.85 W, 77, P0
2026/09/30 08:07:40.838, Tesla T4, 10399 MiB, 4514 MiB, 15360 MiB, 100 %, 24 %, 630 MHz, 5000 MHz, 65.49 W, 77, P0
2026/09/30 08:07:41.351, Tesla T4, 10399 MiB, 4514 MiB, 15360 MiB, 97 %, 26 %, 690 MHz, 5000 MHz, 68.00 W, 77, P0
2026/09/30 08:07:41.862, Tesla T4, 10399 MiB, 4514 MiB, 15360 MiB, 100 %, 35 %, 465 MHz, 5000 MHz, 66.28 W, 77, P0
2026/09/30 08:07:42.382, Tesla T4, 10399 MiB, 4514 MiB, 15360 MiB, 100 %, 34 %, 540 MHz, 5000 MHz, 65.69 W, 77, P0
2026/09/30 08:07:42.894, Tesla T4, 10399 MiB, 4514 MiB, 15360 MiB, 100 %, 30 %, 570 MHz, 5000 MHz, 66.42 W, 77, P0
2026/09/30 08:07:43.411, Tesla T4, 10399 MiB, 4514 MiB, 15360 MiB, 100 %, 32 %, 600 MHz, 5000 MHz, 66.28 W, 77, P0
2026/09/30 08:07:43.922, Tesla T4, 10399 MiB, 4514 MiB, 15360 MiB, 100 %, 30 %, 585 MHz, 5000 MHz, 65.00 W, 77, P0
2026/09/30 08:07:44.440, Tesla T4, 10399 MiB, 4514 MiB, 15360 MiB, 100 %, 32 %, 570 MHz, 5000 MHz, 66.04 W, 77, P0
2026/09/30 08:07:44.952, Tesla T4, 10399 MiB, 4514 MiB, 15360 MiB, 93 %, 44 %, 525 MHz, 5000 MHz, 67.31 W, 77, P0
2026/09/30 08:07:45.471, Tesla T4, 10399 MiB, 4514 MiB, 15360 MiB, 92 %, 40 %, 615 MHz, 5000 MHz, 71.38 W, 77, P0
2026/09/30 08:07:45.982, Tesla T4, 10399 MiB, 4514 MiB, 15360 MiB, 100 %, 25 %, 660 MHz, 5000 MHz, 66.02 W, 77, P0
2026/09/30 08:07:46.501, Tesla T4, 10399 MiB, 4514 MiB, 15360 MiB, 100 %, 28 %, 615 MHz, 5000 MHz, 66.53 W, 77, P0
2026/09/30 08:07:47.013, Tesla T4, 10399 MiB, 4514 MiB, 15360 MiB, 93 %, 28 %, 675 MHz, 5000 MHz, 65.69 W, 77, P0
2026/09/30 08:07:47.530, Tesla T4, 10399 MiB, 4514 MiB, 15360 MiB, 98 %, 24 %, 600 MHz, 5000 MHz, 66.18 W, 77, P0
2026/09/30 08:07:48.041, Tesla T4, 10399 MiB, 4514 MiB, 15360 MiB, 100 %, 26 %, 510 MHz, 5000 MHz, 57.80 W, 77, P0
2026/09/30 08:07:48.560, Tesla T4, 10399 MiB, 4514 MiB, 15360 MiB, 100 %, 34 %, 585 MHz, 5000 MHz, 65.63 W, 77, P0
2026/09/30 08:07:49.072, Tesla T4, 10399 MiB, 4514 MiB, 15360 MiB, 92 %, 30 %, 540 MHz, 5000 MHz, 65.79 W, 77, P0
2026/09/30 08:07:49.584, Tesla T4, 10399 MiB, 4514 MiB, 15360 MiB, 97 %, 33 %, 570 MHz, 5000 MHz, 65.65 W, 77, P0
2026/09/30 08:07:50.125, Tesla T4, 10399 MiB, 4514 MiB, 15360 MiB, 95 %, 32 %, 645 MHz, 5000 MHz, 66.12 W, 77, P0
2026/09/30 08:07:50.651, Tesla T4, 10399 MiB, 4514 MiB, 15360 MiB, 100 %, 33 %, 630 MHz, 5000 MHz, 66.28 W, 77, P0
2026/09/30 08:07:51.182, Tesla T4, 10399 MiB, 4514 MiB, 15360 MiB, 94 %, 43 %, 645 MHz, 5000 MHz, 67.70 W, 77, P0
2026/09/30 08:07:51.709, Tesla T4, 10399 MiB, 4514 MiB, 15360 MiB, 99 %, 36 %, 570 MHz, 5000 MHz, 67.02 W, 77, P0
2026/09/30 08:07:52.242, Tesla T4, 10399 MiB, 4514 MiB, 15360 MiB, 100 %, 30 %, 600 MHz, 5000 MHz, 64.55 W, 77, P0
2026/09/30 08:07:52.758, Tesla T4, 10399 MiB, 4514 MiB, 15360 MiB, 93 %, 34 %, 600 MHz, 5000 MHz, 68.10 W, 77, P0
2026/09/30 08:07:53.276, Tesla T4, 10399 MiB, 4514 MiB, 15360 MiB, 98 %, 30 %, 645 MHz, 5000 MHz, 60.57 W, 77, P0
2026/09/30 08:07:53.788, Tesla T4, 10399 MiB, 4514 MiB, 15360 MiB, 100 %, 28 %, 675 MHz, 5000 MHz, 66.38 W, 77, P0
2026/09/30 08:07:54.299, Tesla T4, 10399 MiB, 4514 MiB, 15360 MiB, 98 %, 29 %, 615 MHz, 5000 MHz, 66.22 W, 77, P0
2026/09/30 08:07:54.814, Tesla T4, 10399 MiB, 4514 MiB, 15360 MiB, 100 %, 28 %, 600 MHz, 5000 MHz, 68.78 W, 77, P0
2026/09/30 08:07:55.337, Tesla T4, 10399 MiB, 4514 MiB, 15360 MiB, 100 %, 27 %, 660 MHz, 5000 MHz, 65.79 W, 77, P0
2026/09/30 08:07:55.848, Tesla T4, 10399 MiB, 4514 MiB, 15360 MiB, 98 %, 30 %, 600 MHz, 5000 MHz, 66.28 W, 77, P0
2026/09/30 08:07:56.363, Tesla T4, 10399 MiB, 4514 MiB, 15360 MiB, 96 %, 28 %, 585 MHz, 5000 MHz, 66.67 W, 77, P0
2026/09/30 08:07:56.874, Tesla T4, 10399 MiB, 4514 MiB, 15360 MiB, 98 %, 30 %, 585 MHz, 5000 MHz, 68.72 W, 77, P0
2026/09/30 08:07:57.386, Tesla T4, 10399 MiB, 4514 MiB, 15360 MiB, 93 %, 28 %, 615 MHz, 5000 MHz, 64.46 W, 77, P0
2026/09/30 08:07:57.899, Tesla T4, 10399 MiB, 4514 MiB, 15360 MiB, 100 %, 31 %, 570 MHz, 5000 MHz, 65.30 W, 77, P0
2026/09/30 08:07:58.411, Tesla T4, 10399 MiB, 4514 MiB, 15360 MiB, 100 %, 31 %, 570 MHz, 5000 MHz, 65.10 W, 77, P0
2026/09/30 08:07:58.922, Tesla T4, 10399 MiB, 4514 MiB, 15360 MiB, 100 %, 29 %, 645 MHz, 5000 MHz, 65.79 W, 77, P0
2026/09/30 08:07:59.439, Tesla T4, 10399 MiB, 4514 MiB, 15360 MiB, 100 %, 32 %, 615 MHz, 5000 MHz, 66.96 W, 77, P0
2026/09/30 08:07:59.950, Tesla T4, 10399 MiB, 4514 MiB, 15360 MiB, 97 %, 31 %, 645 MHz, 5000 MHz, 63.61 W, 77, P0
2026/09/30 08:08:00.462, Tesla T4, 10399 MiB, 4514 MiB, 15360 MiB, 92 %, 38 %, 660 MHz, 5000 MHz, 65.59 W, 77, P0
2026/09/30 08:08:00.980, Tesla T4, 10399 MiB, 4514 MiB, 15360 MiB, 100 %, 26 %, 600 MHz, 5000 MHz, 67.75 W, 77, P0
2026/09/30 08:08:01.492, Tesla T4, 10399 MiB, 4514 MiB, 15360 MiB, 100 %, 26 %, 675 MHz, 5000 MHz, 66.47 W, 77, P0
2026/09/30 08:08:02.007, Tesla T4, 10399 MiB, 4514 MiB, 15360 MiB, 100 %, 25 %, 675 MHz, 5000 MHz, 66.28 W, 78, P0
2026/09/30 08:08:02.521, Tesla T4, 10399 MiB, 4514 MiB, 15360 MiB, 100 %, 25 %, 615 MHz, 5000 MHz, 64.32 W, 77, P0
2026/09/30 08:08:03.056, Tesla T4, 10399 MiB, 4514 MiB, 15360 MiB, 100 %, 26 %, 660 MHz, 5000 MHz, 63.57 W, 78, P0
2026/09/30 08:08:03.575, Tesla T4, 10399 MiB, 4514 MiB, 15360 MiB, 100 %, 24 %, 675 MHz, 5000 MHz, 65.98 W, 78, P0
2026/09/30 08:08:04.104, Tesla T4, 10399 MiB, 4514 MiB, 15360 MiB, 97 %, 39 %, 570 MHz, 5000 MHz, 65.79 W, 77, P0
2026/09/30 08:08:04.629, Tesla T4, 10399 MiB, 4514 MiB, 15360 MiB, 100 %, 36 %, 570 MHz, 5000 MHz, 66.28 W, 77, P0
2026/09/30 08:08:05.148, Tesla T4, 10399 MiB, 4514 MiB, 15360 MiB, 100 %, 31 %, 570 MHz, 5000 MHz, 75.97 W, 77, P0
2026/09/30 08:08:05.669, Tesla T4, 10399 MiB, 4514 MiB, 15360 MiB, 98 %, 32 %, 570 MHz, 5000 MHz, 66.57 W, 77, P0
2026/09/30 08:08:06.180, Tesla T4, 10399 MiB, 4514 MiB, 15360 MiB, 92 %, 53 %, 600 MHz, 5000 MHz, 63.14 W, 77, P0
2026/09/30 08:08:06.694, Tesla T4, 10399 MiB, 4514 MiB, 15360 MiB, 100 %, 25 %, 675 MHz, 5000 MHz, 65.59 W, 77, P0
2026/09/30 08:08:07.205, Tesla T4, 10399 MiB, 4514 MiB, 15360 MiB, 100 %, 28 %, 615 MHz, 5000 MHz, 65.69 W, 77, P0
2026/09/30 08:08:07.719, Tesla T4, 10399 MiB, 4514 MiB, 15360 MiB, 92 %, 27 %, 690 MHz, 5000 MHz, 65.69 W, 77, P0
2026/09/30 08:08:08.231, Tesla T4, 10399 MiB, 4514 MiB, 15360 MiB, 100 %, 28 %, 630 MHz, 5000 MHz, 65.89 W, 77, P0
2026/09/30 08:08:08.743, Tesla T4, 10399 MiB, 4514 MiB, 15360 MiB, 100 %, 25 %, 615 MHz, 5000 MHz, 65.20 W, 77, P0
2026/09/30 08:08:09.256, Tesla T4, 10399 MiB, 4514 MiB, 15360 MiB, 100 %, 28 %, 645 MHz, 5000 MHz, 64.51 W, 77, P0
2026/09/30 08:08:09.767, Tesla T4, 10399 MiB, 4514 MiB, 15360 MiB, 100 %, 30 %, 600 MHz, 5000 MHz, 66.86 W, 77, P0
2026/09/30 08:08:10.284, Tesla T4, 10399 MiB, 4514 MiB, 15360 MiB, 100 %, 30 %, 600 MHz, 5000 MHz, 65.12 W, 77, P0
2026/09/30 08:08:10.795, Tesla T4, 10399 MiB, 4514 MiB, 15360 MiB, 98 %, 30 %, 555 MHz, 5000 MHz, 65.98 W, 77, P0
2026/09/30 08:08:11.307, Tesla T4, 10399 MiB, 4514 MiB, 15360 MiB, 100 %, 30 %, 600 MHz, 5000 MHz, 66.28 W, 77, P0
2026/09/30 08:08:11.821, Tesla T4, 10399 MiB, 4514 MiB, 15360 MiB, 100 %, 34 %, 540 MHz, 5000 MHz, 66.63 W, 77, P0
2026/09/30 08:08:12.335, Tesla T4, 10399 MiB, 4514 MiB, 15360 MiB, 100 %, 34 %, 585 MHz, 5000 MHz, 65.59 W, 77, P0
2026/09/30 08:08:12.850, Tesla T4, 10399 MiB, 4514 MiB, 15360 MiB, 100 %, 34 %, 555 MHz, 5000 MHz, 66.57 W, 77, P0
2026/09/30 08:08:13.362, Tesla T4, 10399 MiB, 4514 MiB, 15360 MiB, 97 %, 37 %, 555 MHz, 5000 MHz, 64.08 W, 77, P0
2026/09/30 08:08:13.879, Tesla T4, 10399 MiB, 4514 MiB, 15360 MiB, 93 %, 34 %, 630 MHz, 5000 MHz, 65.10 W, 77, P0
2026/09/30 08:08:14.392, Tesla T4, 10399 MiB, 4514 MiB, 15360 MiB, 97 %, 28 %, 615 MHz, 5000 MHz, 65.49 W, 77, P0
2026/09/30 08:08:14.906, Tesla T4, 10399 MiB, 4514 MiB, 15360 MiB, 93 %, 33 %, 615 MHz, 5000 MHz, 65.79 W, 77, P0
2026/09/30 08:08:15.419, Tesla T4, 10399 MiB, 4514 MiB, 15360 MiB, 98 %, 35 %, 570 MHz, 5000 MHz, 65.79 W, 77, P0
2026/09/30 08:08:15.950, Tesla T4, 10399 MiB, 4514 MiB, 15360 MiB, 88 %, 37 %, 570 MHz, 5000 MHz, 65.69 W, 77, P0
2026/09/30 08:08:16.485, Tesla T4, 10399 MiB, 4514 MiB, 15360 MiB, 94 %, 37 %, 600 MHz, 5000 MHz, 65.10 W, 77, P0
2026/09/30 08:08:17.020, Tesla T4, 10399 MiB, 4514 MiB, 15360 MiB, 93 %, 37 %, 525 MHz, 5000 MHz, 52.73 W, 77, P0
2026/09/30 08:08:17.555, Tesla T4, 10399 MiB, 4514 MiB, 15360 MiB, 88 %, 34 %, 630 MHz, 5000 MHz, 65.89 W, 77, P0
2026/09/30 08:08:18.093, Tesla T4, 10399 MiB, 4514 MiB, 15360 MiB, 100 %, 29 %, 630 MHz, 5000 MHz, 65.89 W, 77, P0
2026/09/30 08:08:18.616, Tesla T4, 10399 MiB, 4514 MiB, 15360 MiB, 100 %, 25 %, 645 MHz, 5000 MHz, 64.87 W, 77, P0
2026/09/30 08:08:19.132, Tesla T4, 10399 MiB, 4514 MiB, 15360 MiB, 100 %, 29 %, 600 MHz, 5000 MHz, 67.02 W, 78, P0
2026/09/30 08:08:19.645, Tesla T4, 10399 MiB, 4514 MiB, 15360 MiB, 99 %, 25 %, 675 MHz, 5000 MHz, 66.28 W, 77, P0
2026/09/30 08:08:20.161, Tesla T4, 10399 MiB, 4514 MiB, 15360 MiB, 92 %, 29 %, 690 MHz, 5000 MHz, 65.49 W, 77, P0
2026/09/30 08:08:20.672, Tesla T4, 10399 MiB, 4514 MiB, 15360 MiB, 98 %, 23 %, 735 MHz, 5000 MHz, 58.45 W, 77, P0
2026/09/30 08:08:21.190, Tesla T4, 10399 MiB, 4514 MiB, 15360 MiB, 95 %, 45 %, 570 MHz, 5000 MHz, 66.28 W, 77, P0
2026/09/30 08:08:21.702, Tesla T4, 10399 MiB, 4514 MiB, 15360 MiB, 98 %, 32 %, 600 MHz, 5000 MHz, 66.28 W, 77, P0
2026/09/30 08:08:22.221, Tesla T4, 10399 MiB, 4514 MiB, 15360 MiB, 100 %, 31 %, 585 MHz, 5000 MHz, 67.51 W, 77, P0
2026/09/30 08:08:22.732, Tesla T4, 10399 MiB, 4514 MiB, 15360 MiB, 100 %, 30 %, 600 MHz, 5000 MHz, 65.44 W, 77, P0
2026/09/30 08:08:23.251, Tesla T4, 10399 MiB, 4514 MiB, 15360 MiB, 100 %, 25 %, 690 MHz, 5000 MHz, 66.18 W, 78, P0
2026/09/30 08:08:23.762, Tesla T4, 10399 MiB, 4514 MiB, 15360 MiB, 98 %, 25 %, 690 MHz, 5000 MHz, 66.57 W, 77, P0
2026/09/30 08:08:24.279, Tesla T4, 10399 MiB, 4514 MiB, 15360 MiB, 97 %, 26 %, 570 MHz, 5000 MHz, 65.63 W, 77, P0
2026/09/30 08:08:24.791, Tesla T4, 10399 MiB, 4514 MiB, 15360 MiB, 93 %, 38 %, 555 MHz, 5000 MHz, 65.49 W, 77, P0
2026/09/30 08:08:25.303, Tesla T4, 10399 MiB, 4514 MiB, 15360 MiB, 98 %, 36 %, 600 MHz, 5000 MHz, 67.51 W, 77, P0
2026/09/30 08:08:25.815, Tesla T4, 10399 MiB, 4514 MiB, 15360 MiB, 98 %, 33 %, 555 MHz, 5000 MHz, 65.79 W, 77, P0
2026/09/30 08:08:26.327, Tesla T4, 10399 MiB, 4514 MiB, 15360 MiB, 93 %, 32 %, 645 MHz, 5000 MHz, 64.36 W, 77, P0
2026/09/30 08:08:26.848, Tesla T4, 10399 MiB, 4514 MiB, 15360 MiB, 97 %, 32 %, 705 MHz, 5000 MHz, 65.79 W, 77, P0
2026/09/30 08:08:27.360, Tesla T4, 10399 MiB, 4514 MiB, 15360 MiB, 98 %, 28 %, 600 MHz, 5000 MHz, 68.49 W, 77, P0
2026/09/30 08:08:27.875, Tesla T4, 10399 MiB, 4514 MiB, 15360 MiB, 93 %, 26 %, 705 MHz, 5000 MHz, 66.33 W, 77, P0
2026/09/30 08:08:28.388, Tesla T4, 10399 MiB, 4514 MiB, 15360 MiB, 97 %, 29 %, 600 MHz, 5000 MHz, 66.63 W, 77, P0
2026/09/30 08:08:28.911, Tesla T4, 10399 MiB, 4514 MiB, 15360 MiB, 95 %, 31 %, 570 MHz, 5000 MHz, 67.90 W, 77, P0
2026/09/30 08:08:29.437, Tesla T4, 10399 MiB, 4514 MiB, 15360 MiB, 96 %, 34 %, 690 MHz, 5000 MHz, 66.86 W, 77, P0
2026/09/30 08:08:29.958, Tesla T4, 10399 MiB, 4514 MiB, 15360 MiB, 100 %, 23 %, 705 MHz, 5000 MHz, 66.38 W, 77, P0
2026/09/30 08:08:30.481, Tesla T4, 10399 MiB, 4514 MiB, 15360 MiB, 100 %, 23 %, 690 MHz, 5000 MHz, 66.28 W, 78, P0
2026/09/30 08:08:31.004, Tesla T4, 10399 MiB, 4514 MiB, 15360 MiB, 100 %, 23 %, 720 MHz, 5000 MHz, 66.77 W, 78, P0
2026/09/30 08:08:31.524, Tesla T4, 10399 MiB, 4514 MiB, 15360 MiB, 100 %, 23 %, 690 MHz, 5000 MHz, 66.67 W, 78, P0
2026/09/30 08:08:32.035, Tesla T4, 10399 MiB, 4514 MiB, 15360 MiB, 100 %, 22 %, 705 MHz, 5000 MHz, 65.79 W, 78, P0
2026/09/30 08:08:32.551, Tesla T4, 10399 MiB, 4514 MiB, 15360 MiB, 100 %, 22 %, 690 MHz, 5000 MHz, 66.28 W, 78, P0
2026/09/30 08:08:33.062, Tesla T4, 10399 MiB, 4514 MiB, 15360 MiB, 100 %, 22 %, 705 MHz, 5000 MHz, 64.32 W, 78, P0
2026/09/30 08:08:33.579, Tesla T4, 10399 MiB, 4514 MiB, 15360 MiB, 100 %, 22 %, 690 MHz, 5000 MHz, 66.18 W, 78, P0
2026/09/30 08:08:34.090, Tesla T4, 10399 MiB, 4514 MiB, 15360 MiB, 98 %, 36 %, 615 MHz, 5000 MHz, 65.20 W, 77, P0
2026/09/30 08:08:34.607, Tesla T4, 10399 MiB, 4514 MiB, 15360 MiB, 98 %, 34 %, 615 MHz, 5000 MHz, 67.55 W, 78, P0
2026/09/30 08:08:35.122, Tesla T4, 10399 MiB, 4514 MiB, 15360 MiB, 100 %, 31 %, 540 MHz, 5000 MHz, 68.43 W, 77, P0
2026/09/30 08:08:35.642, Tesla T4, 10399 MiB, 4514 MiB, 15360 MiB, 100 %, 32 %, 600 MHz, 5000 MHz, 65.73 W, 77, P0
2026/09/30 08:08:36.154, Tesla T4, 10399 MiB, 4514 MiB, 15360 MiB, 98 %, 38 %, 600 MHz, 5000 MHz, 63.22 W, 77, P0
2026/09/30 08:08:36.671, Tesla T4, 10399 MiB, 4514 MiB, 15360 MiB, 98 %, 29 %, 615 MHz, 5000 MHz, 68.04 W, 77, P0
2026/09/30 08:08:37.182, Tesla T4, 10399 MiB, 4514 MiB, 15360 MiB, 94 %, 31 %, 615 MHz, 5000 MHz, 65.79 W, 77, P0
2026/09/30 08:08:37.701, Tesla T4, 10399 MiB, 4514 MiB, 15360 MiB, 97 %, 28 %, 675 MHz, 5000 MHz, 66.28 W, 77, P0
2026/09/30 08:08:38.213, Tesla T4, 10399 MiB, 4514 MiB, 15360 MiB, 100 %, 25 %, 600 MHz, 5000 MHz, 65.59 W, 77, P0
2026/09/30 08:08:38.729, Tesla T4, 10399 MiB, 4514 MiB, 15360 MiB, 100 %, 24 %, 675 MHz, 5000 MHz, 65.10 W, 77, P0
2026/09/30 08:08:39.240, Tesla T4, 10399 MiB, 4514 MiB, 15360 MiB, 97 %, 36 %, 615 MHz, 5000 MHz, 65.79 W, 77, P0
2026/09/30 08:08:39.752, Tesla T4, 10399 MiB, 4514 MiB, 15360 MiB, 97 %, 36 %, 870 MHz, 5000 MHz, 47.51 W, 77, P0
2026/09/30 08:08:40.269, Tesla T4, 10399 MiB, 4514 MiB, 15360 MiB, 100 %, 28 %, 555 MHz, 5000 MHz, 66.77 W, 77, P0
2026/09/30 08:08:40.783, Tesla T4, 10399 MiB, 4514 MiB, 15360 MiB, 100 %, 38 %, 660 MHz, 5000 MHz, 67.10 W, 77, P0
2026/09/30 08:08:41.296, Tesla T4, 10399 MiB, 4514 MiB, 15360 MiB, 98 %, 35 %, 615 MHz, 5000 MHz, 66.42 W, 77, P0
2026/09/30 08:08:41.825, Tesla T4, 10399 MiB, 4514 MiB, 15360 MiB, 97 %, 35 %, 600 MHz, 5000 MHz, 66.28 W, 77, P0
2026/09/30 08:08:42.353, Tesla T4, 10399 MiB, 4514 MiB, 15360 MiB, 98 %, 33 %, 630 MHz, 5000 MHz, 66.32 W, 77, P0
2026/09/30 08:08:42.886, Tesla T4, 10399 MiB, 4514 MiB, 15360 MiB, 95 %, 30 %, 600 MHz, 5000 MHz, 67.10 W, 77, P0
2026/09/30 08:08:43.417, Tesla T4, 10399 MiB, 4514 MiB, 15360 MiB, 97 %, 26 %, 720 MHz, 5000 MHz, 65.73 W, 77, P0
2026/09/30 08:08:43.949, Tesla T4, 10399 MiB, 4514 MiB, 15360 MiB, 100 %, 29 %, 615 MHz, 5000 MHz, 64.71 W, 77, P0
2026/09/30 08:08:44.478, Tesla T4, 10399 MiB, 4514 MiB, 15360 MiB, 97 %, 26 %, 720 MHz, 5000 MHz, 66.08 W, 77, P0
2026/09/30 08:08:44.990, Tesla T4, 10399 MiB, 4514 MiB, 15360 MiB, 100 %, 32 %, 615 MHz, 5000 MHz, 67.55 W, 77, P0
2026/09/30 08:08:45.501, Tesla T4, 10399 MiB, 4514 MiB, 15360 MiB, 98 %, 31 %, 570 MHz, 5000 MHz, 66.28 W, 77, P0
2026/09/30 08:08:46.024, Tesla T4, 10399 MiB, 4514 MiB, 15360 MiB, 100 %, 30 %, 600 MHz, 5000 MHz, 65.28 W, 77, P0
2026/09/30 08:08:46.535, Tesla T4, 10399 MiB, 4514 MiB, 15360 MiB, 100 %, 34 %, 585 MHz, 5000 MHz, 66.28 W, 77, P0
2026/09/30 08:08:47.052, Tesla T4, 10399 MiB, 4514 MiB, 15360 MiB, 100 %, 23 %, 720 MHz, 5000 MHz, 66.47 W, 77, P0
2026/09/30 08:08:47.563, Tesla T4, 10399 MiB, 4514 MiB, 15360 MiB, 100 %, 23 %, 690 MHz, 5000 MHz, 67.26 W, 77, P0
2026/09/30 08:08:48.074, Tesla T4, 10399 MiB, 4514 MiB, 15360 MiB, 100 %, 27 %, 600 MHz, 5000 MHz, 66.28 W, 77, P0
2026/09/30 08:08:48.587, Tesla T4, 10399 MiB, 4514 MiB, 15360 MiB, 100 %, 27 %, 630 MHz, 5000 MHz, 67.75 W, 77, P0
2026/09/30 08:08:49.098, Tesla T4, 10399 MiB, 4514 MiB, 15360 MiB, 93 %, 22 %, 720 MHz, 5000 MHz, 65.73 W, 77, P0
2026/09/30 08:08:49.610, Tesla T4, 10399 MiB, 4514 MiB, 15360 MiB, 100 %, 22 %, 720 MHz, 5000 MHz, 66.38 W, 77, P0
2026/09/30 08:08:50.121, Tesla T4, 10399 MiB, 4514 MiB, 15360 MiB, 97 %, 30 %, 630 MHz, 5000 MHz, 66.28 W, 77, P0
2026/09/30 08:08:50.633, Tesla T4, 10399 MiB, 4514 MiB, 15360 MiB, 100 %, 26 %, 600 MHz, 5000 MHz, 66.18 W, 77, P0
2026/09/30 08:08:51.150, Tesla T4, 10399 MiB, 4514 MiB, 15360 MiB, 97 %, 34 %, 585 MHz, 5000 MHz, 64.71 W, 77, P0
2026/09/30 08:08:51.662, Tesla T4, 10399 MiB, 4514 MiB, 15360 MiB, 92 %, 35 %, 585 MHz, 5000 MHz, 66.18 W, 77, P0
2026/09/30 08:08:52.178, Tesla T4, 10399 MiB, 4514 MiB, 15360 MiB, 100 %, 28 %, 660 MHz, 5000 MHz, 66.77 W, 77, P0
2026/09/30 08:08:52.689, Tesla T4, 10399 MiB, 4514 MiB, 15360 MiB, 100 %, 28 %, 675 MHz, 5000 MHz, 65.44 W, 77, P0
2026/09/30 08:08:53.201, Tesla T4, 10399 MiB, 4514 MiB, 15360 MiB, 100 %, 28 %, 630 MHz, 5000 MHz, 66.28 W, 77, P0
2026/09/30 08:08:53.713, Tesla T4, 10399 MiB, 4514 MiB, 15360 MiB, 95 %, 41 %, 555 MHz, 5000 MHz, 66.96 W, 77, P0
2026/09/30 08:08:54.224, Tesla T4, 10399 MiB, 4514 MiB, 15360 MiB, 91 %, 37 %, 570 MHz, 5000 MHz, 44.85 W, 77, P0
2026/09/30 08:08:54.753, Tesla T4, 10399 MiB, 4514 MiB, 15360 MiB, 98 %, 33 %, 615 MHz, 5000 MHz, 72.26 W, 77, P0
2026/09/30 08:08:55.289, Tesla T4, 10399 MiB, 4514 MiB, 15360 MiB, 97 %, 33 %, 585 MHz, 5000 MHz, 67.00 W, 77, P0
2026/09/30 08:08:55.815, Tesla T4, 10399 MiB, 4514 MiB, 15360 MiB, 88 %, 32 %, 555 MHz, 5000 MHz, 65.49 W, 77, P0
2026/09/30 08:08:56.347, Tesla T4, 10399 MiB, 4514 MiB, 15360 MiB, 97 %, 31 %, 600 MHz, 5000 MHz, 65.79 W, 77, P0
2026/09/30 08:08:56.876, Tesla T4, 10399 MiB, 4514 MiB, 15360 MiB, 94 %, 29 %, 645 MHz, 5000 MHz, 67.10 W, 77, P0
2026/09/30 08:08:57.399, Tesla T4, 10399 MiB, 4514 MiB, 15360 MiB, 100 %, 30 %, 600 MHz, 5000 MHz, 68.53 W, 77, P0
2026/09/30 08:08:57.912, Tesla T4, 10399 MiB, 4514 MiB, 15360 MiB, 100 %, 28 %, 630 MHz, 5000 MHz, 66.38 W, 77, P0
2026/09/30 08:08:58.423, Tesla T4, 10399 MiB, 4514 MiB, 15360 MiB, 99 %, 32 %, 615 MHz, 5000 MHz, 68.04 W, 77, P0
2026/09/30 08:08:58.945, Tesla T4, 10399 MiB, 4514 MiB, 15360 MiB, 98 %, 29 %, 585 MHz, 5000 MHz, 67.45 W, 77, P0
2026/09/30 08:08:59.456, Tesla T4, 10399 MiB, 4514 MiB, 15360 MiB, 93 %, 29 %, 660 MHz, 5000 MHz, 62.40 W, 77, P0
2026/09/30 08:08:59.975, Tesla T4, 10399 MiB, 4514 MiB, 15360 MiB, 98 %, 29 %, 600 MHz, 5000 MHz, 67.55 W, 77, P0
2026/09/30 08:09:00.487, Tesla T4, 10399 MiB, 4514 MiB, 15360 MiB, 96 %, 29 %, 615 MHz, 5000 MHz, 59.99 W, 77, P0
2026/09/30 08:09:00.999, Tesla T4, 10399 MiB, 4514 MiB, 15360 MiB, 100 %, 28 %, 585 MHz, 5000 MHz, 66.08 W, 77, P0
2026/09/30 08:09:01.516, Tesla T4, 10399 MiB, 4514 MiB, 15360 MiB, 100 %, 26 %, 630 MHz, 5000 MHz, 65.79 W, 77, P0
2026/09/30 08:09:02.027, Tesla T4, 10399 MiB, 4514 MiB, 15360 MiB, 100 %, 25 %, 660 MHz, 5000 MHz, 69.61 W, 77, P0
2026/09/30 08:09:02.547, Tesla T4, 10399 MiB, 4514 MiB, 15360 MiB, 100 %, 28 %, 600 MHz, 5000 MHz, 65.73 W, 77, P0
2026/09/30 08:09:03.061, Tesla T4, 10399 MiB, 4514 MiB, 15360 MiB, 100 %, 26 %, 600 MHz, 5000 MHz, 64.75 W, 77, P0
2026/09/30 08:09:03.574, Tesla T4, 10399 MiB, 4514 MiB, 15360 MiB, 100 %, 23 %, 630 MHz, 5000 MHz, 69.37 W, 77, P0
2026/09/30 08:09:04.096, Tesla T4, 10399 MiB, 4514 MiB, 15360 MiB, 98 %, 32 %, 570 MHz, 5000 MHz, 66.77 W, 77, P0
2026/09/30 08:09:04.608, Tesla T4, 10399 MiB, 4514 MiB, 15360 MiB, 93 %, 31 %, 615 MHz, 5000 MHz, 66.96 W, 77, P0
2026/09/30 08:09:05.119, Tesla T4, 10399 MiB, 4514 MiB, 15360 MiB, 96 %, 28 %, 735 MHz, 5000 MHz, 64.46 W, 77, P0
2026/09/30 08:09:05.636, Tesla T4, 10399 MiB, 4514 MiB, 15360 MiB, 100 %, 25 %, 600 MHz, 5000 MHz, 65.98 W, 77, P0
2026/09/30 08:09:06.148, Tesla T4, 10399 MiB, 4514 MiB, 15360 MiB, 90 %, 41 %, 645 MHz, 5000 MHz, 46.75 W, 77, P0
2026/09/30 08:09:06.660, Tesla T4, 10399 MiB, 4514 MiB, 15360 MiB, 100 %, 24 %, 615 MHz, 5000 MHz, 66.18 W, 77, P0
2026/09/30 08:09:07.172, Tesla T4, 10399 MiB, 4514 MiB, 15360 MiB, 95 %, 44 %, 600 MHz, 5000 MHz, 63.91 W, 77, P0
2026/09/30 08:09:07.683, Tesla T4, 10399 MiB, 4514 MiB, 15360 MiB, 97 %, 29 %, 645 MHz, 5000 MHz, 67.65 W, 77, P0
2026/09/30 08:09:08.221, Tesla T4, 10399 MiB, 4514 MiB, 15360 MiB, 100 %, 32 %, 810 MHz, 5000 MHz, 65.44 W, 77, P0
2026/09/30 08:09:08.760, Tesla T4, 10399 MiB, 4514 MiB, 15360 MiB, 100 %, 28 %, 675 MHz, 5000 MHz, 66.02 W, 77, P0
2026/09/30 08:09:09.293, Tesla T4, 10399 MiB, 4514 MiB, 15360 MiB, 100 %, 24 %, 585 MHz, 5000 MHz, 65.53 W, 77, P0
2026/09/30 08:09:09.821, Tesla T4, 10399 MiB, 4514 MiB, 15360 MiB, 87 %, 25 %, 660 MHz, 5000 MHz, 65.49 W, 77, P0
2026/09/30 08:09:10.345, Tesla T4, 10399 MiB, 4514 MiB, 15360 MiB, 97 %, 27 %, 780 MHz, 5000 MHz, 67.80 W, 77, P0
2026/09/30 08:09:10.879, Tesla T4, 10399 MiB, 4514 MiB, 15360 MiB, 100 %, 29 %, 555 MHz, 5000 MHz, 71.73 W, 77, P0
2026/09/30 08:09:11.397, Tesla T4, 10399 MiB, 4514 MiB, 15360 MiB, 98 %, 42 %, 600 MHz, 5000 MHz, 66.18 W, 77, P0
2026/09/30 08:09:11.909, Tesla T4, 10399 MiB, 4514 MiB, 15360 MiB, 100 %, 30 %, 660 MHz, 5000 MHz, 67.16 W, 77, P0
2026/09/30 08:09:12.423, Tesla T4, 10399 MiB, 4514 MiB, 15360 MiB, 100 %, 28 %, 660 MHz, 5000 MHz, 67.16 W, 77, P0
2026/09/30 08:09:12.935, Tesla T4, 10399 MiB, 4514 MiB, 15360 MiB, 100 %, 30 %, 660 MHz, 5000 MHz, 65.63 W, 77, P0
2026/09/30 08:09:13.450, Tesla T4, 10399 MiB, 4514 MiB, 15360 MiB, 100 %, 27 %, 675 MHz, 5000 MHz, 65.63 W, 77, P0
2026/09/30 08:09:13.961, Tesla T4, 10399 MiB, 4514 MiB, 15360 MiB, 100 %, 29 %, 615 MHz, 5000 MHz, 64.46 W, 77, P0
2026/09/30 08:09:14.473, Tesla T4, 10399 MiB, 4514 MiB, 15360 MiB, 100 %, 29 %, 585 MHz, 5000 MHz, 65.34 W, 77, P0
2026/09/30 08:09:14.986, Tesla T4, 10399 MiB, 4514 MiB, 15360 MiB, 100 %, 32 %, 585 MHz, 5000 MHz, 64.85 W, 77, P0
2026/09/30 08:09:15.508, Tesla T4, 10399 MiB, 4514 MiB, 15360 MiB, 100 %, 28 %, 585 MHz, 5000 MHz, 64.75 W, 77, P0
2026/09/30 08:09:16.025, Tesla T4, 10399 MiB, 4514 MiB, 15360 MiB, 98 %, 33 %, 585 MHz, 5000 MHz, 65.98 W, 77, P0
2026/09/30 08:09:16.539, Tesla T4, 10399 MiB, 4514 MiB, 15360 MiB, 97 %, 38 %, 585 MHz, 5000 MHz, 66.47 W, 77, P0
2026/09/30 08:09:17.051, Tesla T4, 10399 MiB, 4514 MiB, 15360 MiB, 98 %, 32 %, 570 MHz, 5000 MHz, 65.98 W, 77, P0
2026/09/30 08:09:17.563, Tesla T4, 10399 MiB, 4514 MiB, 15360 MiB, 100 %, 32 %, 570 MHz, 5000 MHz, 65.93 W, 77, P0
2026/09/30 08:09:18.080, Tesla T4, 10399 MiB, 4514 MiB, 15360 MiB, 93 %, 32 %, 600 MHz, 5000 MHz, 67.35 W, 77, P0
2026/09/30 08:09:18.591, Tesla T4, 10399 MiB, 4514 MiB, 15360 MiB, 100 %, 31 %, 555 MHz, 5000 MHz, 64.95 W, 77, P0
2026/09/30 08:09:19.103, Tesla T4, 10399 MiB, 4514 MiB, 15360 MiB, 95 %, 41 %, 690 MHz, 5000 MHz, 65.69 W, 77, P0
2026/09/30 08:09:19.616, Tesla T4, 10399 MiB, 4514 MiB, 15360 MiB, 99 %, 39 %, 585 MHz, 5000 MHz, 66.22 W, 77, P0
2026/09/30 08:09:20.128, Tesla T4, 10399 MiB, 4514 MiB, 15360 MiB, 97 %, 31 %, 615 MHz, 5000 MHz, 65.83 W, 77, P0
2026/09/30 08:09:20.639, Tesla T4, 10399 MiB, 4514 MiB, 15360 MiB, 100 %, 35 %, 630 MHz, 5000 MHz, 59.83 W, 77, P0
2026/09/30 08:09:21.180, Tesla T4, 10399 MiB, 4514 MiB, 15360 MiB, 94 %, 34 %, 570 MHz, 5000 MHz, 66.77 W, 77, P0
2026/09/30 08:09:21.713, Tesla T4, 10399 MiB, 4514 MiB, 15360 MiB, 100 %, 36 %, 555 MHz, 5000 MHz, 66.18 W, 77, P0
2026/09/30 08:09:22.245, Tesla T4, 10399 MiB, 4514 MiB, 15360 MiB, 95 %, 43 %, 630 MHz, 5000 MHz, 65.63 W, 77, P0
2026/09/30 08:09:22.777, Tesla T4, 10399 MiB, 4514 MiB, 15360 MiB, 92 %, 41 %, 675 MHz, 5000 MHz, 67.75 W, 77, P0
2026/09/30 08:09:23.312, Tesla T4, 10399 MiB, 4514 MiB, 15360 MiB, 100 %, 26 %, 675 MHz, 5000 MHz, 67.94 W, 77, P0
2026/09/30 08:09:23.831, Tesla T4, 10399 MiB, 4514 MiB, 15360 MiB, 92 %, 28 %, 645 MHz, 5000 MHz, 67.30 W, 77, P0
2026/09/30 08:09:24.342, Tesla T4, 10399 MiB, 4514 MiB, 15360 MiB, 100 %, 24 %, 705 MHz, 5000 MHz, 66.77 W, 77, P0
2026/09/30 08:09:24.853, Tesla T4, 10399 MiB, 4514 MiB, 15360 MiB, 97 %, 32 %, 540 MHz, 5000 MHz, 64.99 W, 77, P0
2026/09/30 08:09:25.370, Tesla T4, 10399 MiB, 4514 MiB, 15360 MiB, 97 %, 35 %, 570 MHz, 5000 MHz, 69.86 W, 77, P0
2026/09/30 08:09:25.882, Tesla T4, 10399 MiB, 4514 MiB, 15360 MiB, 100 %, 33 %, 630 MHz, 5000 MHz, 66.22 W, 77, P0
2026/09/30 08:09:26.399, Tesla T4, 10399 MiB, 4514 MiB, 15360 MiB, 98 %, 31 %, 600 MHz, 5000 MHz, 66.08 W, 77, P0
2026/09/30 08:09:26.910, Tesla T4, 10399 MiB, 4514 MiB, 15360 MiB, 98 %, 29 %, 660 MHz, 5000 MHz, 64.75 W, 77, P0
2026/09/30 08:09:27.427, Tesla T4, 10399 MiB, 4514 MiB, 15360 MiB, 97 %, 26 %, 690 MHz, 5000 MHz, 65.98 W, 77, P0
2026/09/30 08:09:27.938, Tesla T4, 10399 MiB, 4514 MiB, 15360 MiB, 98 %, 31 %, 600 MHz, 5000 MHz, 67.00 W, 77, P0
2026/09/30 08:09:28.454, Tesla T4, 10399 MiB, 4514 MiB, 15360 MiB, 91 %, 26 %, 705 MHz, 5000 MHz, 66.67 W, 77, P0
2026/09/30 08:09:28.965, Tesla T4, 10399 MiB, 4514 MiB, 15360 MiB, 98 %, 27 %, 600 MHz, 5000 MHz, 66.77 W, 77, P0
2026/09/30 08:09:29.486, Tesla T4, 10399 MiB, 4514 MiB, 15360 MiB, 100 %, 29 %, 660 MHz, 5000 MHz, 66.96 W, 77, P0
2026/09/30 08:09:29.998, Tesla T4, 10399 MiB, 4514 MiB, 15360 MiB, 98 %, 40 %, 585 MHz, 5000 MHz, 66.61 W, 77, P0
2026/09/30 08:09:30.520, Tesla T4, 10399 MiB, 4514 MiB, 15360 MiB, 100 %, 35 %, 600 MHz, 5000 MHz, 66.32 W, 77, P0
2026/09/30 08:09:31.033, Tesla T4, 10399 MiB, 4514 MiB, 15360 MiB, 93 %, 31 %, 570 MHz, 5000 MHz, 64.55 W, 77, P0
2026/09/30 08:09:31.561, Tesla T4, 10399 MiB, 4514 MiB, 15360 MiB, 100 %, 32 %, 600 MHz, 5000 MHz, 66.86 W, 77, P0
2026/09/30 08:09:32.074, Tesla T4, 10399 MiB, 4514 MiB, 15360 MiB, 97 %, 46 %, 600 MHz, 5000 MHz, 66.02 W, 77, P0
2026/09/30 08:09:32.613, Tesla T4, 10399 MiB, 4514 MiB, 15360 MiB, 93 %, 41 %, 600 MHz, 5000 MHz, 65.89 W, 77, P0
2026/09/30 08:09:33.126, Tesla T4, 10399 MiB, 4514 MiB, 15360 MiB, 100 %, 34 %, 765 MHz, 5000 MHz, 62.83 W, 77, P0
2026/09/30 08:09:33.664, Tesla T4, 10399 MiB, 4514 MiB, 15360 MiB, 89 %, 33 %, 645 MHz, 5000 MHz, 66.81 W, 77, P0
2026/09/30 08:09:34.198, Tesla T4, 10399 MiB, 4514 MiB, 15360 MiB, 100 %, 33 %, 585 MHz, 5000 MHz, 66.91 W, 77, P0
2026/09/30 08:09:34.724, Tesla T4, 10399 MiB, 4514 MiB, 15360 MiB, 97 %, 26 %, 630 MHz, 5000 MHz, 65.04 W, 77, P0
2026/09/30 08:09:35.251, Tesla T4, 10399 MiB, 4514 MiB, 15360 MiB, 100 %, 25 %, 540 MHz, 5000 MHz, 67.94 W, 76, P0
2026/09/30 08:09:35.794, Tesla T4, 10399 MiB, 4514 MiB, 15360 MiB, 96 %, 27 %, 780 MHz, 5000 MHz, 65.53 W, 77, P0
2026/09/30 08:09:36.326, Tesla T4, 10399 MiB, 4514 MiB, 15360 MiB, 100 %, 26 %, 585 MHz, 5000 MHz, 65.14 W, 77, P0
2026/09/30 08:09:36.863, Tesla T4, 10399 MiB, 4514 MiB, 15360 MiB, 97 %, 39 %, 540 MHz, 5000 MHz, 58.10 W, 77, P0
2026/09/30 08:09:37.383, Tesla T4, 10399 MiB, 4514 MiB, 15360 MiB, 100 %, 30 %, 570 MHz, 5000 MHz, 66.77 W, 77, P0
2026/09/30 08:09:37.895, Tesla T4, 10399 MiB, 4514 MiB, 15360 MiB, 98 %, 32 %, 570 MHz, 5000 MHz, 66.67 W, 77, P0
2026/09/30 08:09:38.413, Tesla T4, 10399 MiB, 4514 MiB, 15360 MiB, 96 %, 37 %, 720 MHz, 5000 MHz, 66.32 W, 77, P0
2026/09/30 08:09:38.929, Tesla T4, 10399 MiB, 4514 MiB, 15360 MiB, 98 %, 41 %, 735 MHz, 5000 MHz, 68.58 W, 77, P0
2026/09/30 08:09:39.445, Tesla T4, 10399 MiB, 4514 MiB, 15360 MiB, 93 %, 40 %, 705 MHz, 5000 MHz, 49.74 W, 77, P0
2026/09/30 08:09:39.957, Tesla T4, 10399 MiB, 4514 MiB, 15360 MiB, 100 %, 47 %, 645 MHz, 5000 MHz, 61.28 W, 77, P0
2026/09/30 08:09:40.475, Tesla T4, 10399 MiB, 4514 MiB, 15360 MiB, 97 %, 40 %, 600 MHz, 5000 MHz, 69.03 W, 77, P0
2026/09/30 08:09:40.988, Tesla T4, 10399 MiB, 4514 MiB, 15360 MiB, 93 %, 37 %, 630 MHz, 5000 MHz, 65.89 W, 77, P0
2026/09/30 08:09:41.510, Tesla T4, 10399 MiB, 4514 MiB, 15360 MiB, 100 %, 31 %, 735 MHz, 5000 MHz, 63.61 W, 77, P0
2026/09/30 08:09:42.022, Tesla T4, 10399 MiB, 4514 MiB, 15360 MiB, 100 %, 25 %, 945 MHz, 5000 MHz, 50.69 W, 77, P0
2026/09/30 08:09:42.538, Tesla T4, 10399 MiB, 4514 MiB, 15360 MiB, 98 %, 24 %, 705 MHz, 5000 MHz, 66.12 W, 77, P0
2026/09/30 08:09:43.049, Tesla T4, 10399 MiB, 4514 MiB, 15360 MiB, 96 %, 27 %, 585 MHz, 5000 MHz, 66.57 W, 77, P0
2026/09/30 08:09:43.568, Tesla T4, 10399 MiB, 4514 MiB, 15360 MiB, 100 %, 25 %, 690 MHz, 5000 MHz, 66.08 W, 77, P0
2026/09/30 08:09:44.079, Tesla T4, 10399 MiB, 4514 MiB, 15360 MiB, 100 %, 34 %, 555 MHz, 5000 MHz, 64.65 W, 77, P0
2026/09/30 08:09:44.591, Tesla T4, 10399 MiB, 4514 MiB, 15360 MiB, 100 %, 24 %, 675 MHz, 5000 MHz, 66.08 W, 77, P0
2026/09/30 08:09:45.103, Tesla T4, 10399 MiB, 4514 MiB, 15360 MiB, 100 %, 30 %, 930 MHz, 5000 MHz, 64.95 W, 77, P0
2026/09/30 08:09:45.624, Tesla T4, 10399 MiB, 4514 MiB, 15360 MiB, 100 %, 30 %, 660 MHz, 5000 MHz, 66.86 W, 77, P0
2026/09/30 08:09:46.139, Tesla T4, 10399 MiB, 4514 MiB, 15360 MiB, 95 %, 46 %, 675 MHz, 5000 MHz, 65.49 W, 77, P0
2026/09/30 08:09:46.655, Tesla T4, 10399 MiB, 4514 MiB, 15360 MiB, 95 %, 37 %, 675 MHz, 5000 MHz, 66.43 W, 77, P0
2026/09/30 08:09:47.189, Tesla T4, 10399 MiB, 4514 MiB, 15360 MiB, 96 %, 40 %, 705 MHz, 5000 MHz, 68.58 W, 77, P0
2026/09/30 08:09:47.719, Tesla T4, 10399 MiB, 4514 MiB, 15360 MiB, 98 %, 38 %, 600 MHz, 5000 MHz, 65.44 W, 77, P0
2026/09/30 08:09:48.243, Tesla T4, 10399 MiB, 4514 MiB, 15360 MiB, 88 %, 50 %, 495 MHz, 5000 MHz, 65.08 W, 76, P0
2026/09/30 08:09:48.795, Tesla T4, 10399 MiB, 4514 MiB, 15360 MiB, 98 %, 32 %, 585 MHz, 5000 MHz, 66.57 W, 77, P0
2026/09/30 08:09:49.312, Tesla T4, 10399 MiB, 4514 MiB, 15360 MiB, 98 %, 43 %, 555 MHz, 5000 MHz, 65.79 W, 77, P0
2026/09/30 08:09:49.828, Tesla T4, 10399 MiB, 4514 MiB, 15360 MiB, 100 %, 35 %, 555 MHz, 5000 MHz, 66.14 W, 77, P0
2026/09/30 08:09:50.340, Tesla T4, 10399 MiB, 4514 MiB, 15360 MiB, 100 %, 30 %, 600 MHz, 5000 MHz, 67.51 W, 77, P0
2026/09/30 08:09:50.857, Tesla T4, 10399 MiB, 4514 MiB, 15360 MiB, 100 %, 34 %, 645 MHz, 5000 MHz, 65.30 W, 77, P0
2026/09/30 08:09:51.372, Tesla T4, 10399 MiB, 4514 MiB, 15360 MiB, 100 %, 29 %, 555 MHz, 5000 MHz, 67.21 W, 77, P0
2026/09/30 08:09:51.886, Tesla T4, 10399 MiB, 4514 MiB, 15360 MiB, 100 %, 26 %, 645 MHz, 5000 MHz, 66.08 W, 77, P0
2026/09/30 08:09:52.398, Tesla T4, 10399 MiB, 4514 MiB, 15360 MiB, 97 %, 24 %, 720 MHz, 5000 MHz, 66.67 W, 77, P0
2026/09/30 08:09:52.911, Tesla T4, 10399 MiB, 4514 MiB, 15360 MiB, 100 %, 23 %, 720 MHz, 5000 MHz, 65.89 W, 77, P0
2026/09/30 08:09:53.427, Tesla T4, 10399 MiB, 4514 MiB, 15360 MiB, 93 %, 25 %, 600 MHz, 5000 MHz, 65.65 W, 77, P0
2026/09/30 08:09:53.941, Tesla T4, 10399 MiB, 4514 MiB, 15360 MiB, 100 %, 26 %, 615 MHz, 5000 MHz, 65.79 W, 77, P0
2026/09/30 08:09:54.453, Tesla T4, 10399 MiB, 4514 MiB, 15360 MiB, 100 %, 22 %, 705 MHz, 5000 MHz, 65.89 W, 77, P0
2026/09/30 08:09:54.964, Tesla T4, 10399 MiB, 4514 MiB, 15360 MiB, 100 %, 22 %, 690 MHz, 5000 MHz, 65.79 W, 77, P0
2026/09/30 08:09:55.480, Tesla T4, 10399 MiB, 4514 MiB, 15360 MiB, 99 %, 43 %, 585 MHz, 5000 MHz, 66.47 W, 77, P0
2026/09/30 08:09:55.992, Tesla T4, 10399 MiB, 4514 MiB, 15360 MiB, 97 %, 41 %, 780 MHz, 5000 MHz, 66.28 W, 77, P0
2026/09/30 08:09:56.508, Tesla T4, 10399 MiB, 4514 MiB, 15360 MiB, 100 %, 31 %, 675 MHz, 5000 MHz, 69.81 W, 77, P0
2026/09/30 08:09:57.020, Tesla T4, 10399 MiB, 4514 MiB, 15360 MiB, 97 %, 33 %, 630 MHz, 5000 MHz, 66.73 W, 77, P0
2026/09/30 08:09:57.531, Tesla T4, 10399 MiB, 4514 MiB, 15360 MiB, 93 %, 34 %, 645 MHz, 5000 MHz, 66.12 W, 77, P0
2026/09/30 08:09:58.048, Tesla T4, 10399 MiB, 4514 MiB, 15360 MiB, 97 %, 31 %, 630 MHz, 5000 MHz, 66.77 W, 77, P0
2026/09/30 08:09:58.559, Tesla T4, 10399 MiB, 4514 MiB, 15360 MiB, 100 %, 29 %, 675 MHz, 5000 MHz, 66.57 W, 77, P0
2026/09/30 08:09:59.075, Tesla T4, 10399 MiB, 4514 MiB, 15360 MiB, 93 %, 26 %, 600 MHz, 5000 MHz, 66.08 W, 77, P0
2026/09/30 08:09:59.587, Tesla T4, 10399 MiB, 4514 MiB, 15360 MiB, 100 %, 29 %, 690 MHz, 5000 MHz, 66.47 W, 77, P0
2026/09/30 08:10:00.123, Tesla T4, 10399 MiB, 4514 MiB, 15360 MiB, 92 %, 23 %, 555 MHz, 5000 MHz, 65.75 W, 77, P0
2026/09/30 08:10:00.654, Tesla T4, 10399 MiB, 4514 MiB, 15360 MiB, 98 %, 22 %, 720 MHz, 5000 MHz, 64.71 W, 77, P0
2026/09/30 08:10:01.166, Tesla T4, 10399 MiB, 4514 MiB, 15360 MiB, 100 %, 23 %, 705 MHz, 5000 MHz, 65.30 W, 77, P0
2026/09/30 08:10:01.688, Tesla T4, 10399 MiB, 4514 MiB, 15360 MiB, 89 %, 36 %, 540 MHz, 5000 MHz, 66.08 W, 77, P0
2026/09/30 08:10:02.206, Tesla T4, 10399 MiB, 4514 MiB, 15360 MiB, 96 %, 24 %, 720 MHz, 5000 MHz, 66.38 W, 77, P0
2026/09/30 08:10:02.716, Tesla T4, 10399 MiB, 4514 MiB, 15360 MiB, 100 %, 22 %, 690 MHz, 5000 MHz, 65.30 W, 77, P0
2026/09/30 08:10:03.228, Tesla T4, 10399 MiB, 4514 MiB, 15360 MiB, 97 %, 33 %, 555 MHz, 5000 MHz, 66.28 W, 77, P0
2026/09/30 08:10:03.741, Tesla T4, 10399 MiB, 4514 MiB, 15360 MiB, 100 %, 28 %, 630 MHz, 5000 MHz, 66.57 W, 77, P0
2026/09/30 08:10:04.253, Tesla T4, 10399 MiB, 4514 MiB, 15360 MiB, 100 %, 37 %, 570 MHz, 5000 MHz, 66.12 W, 77, P0
2026/09/30 08:10:04.767, Tesla T4, 10399 MiB, 4514 MiB, 15360 MiB, 100 %, 27 %, 660 MHz, 5000 MHz, 65.98 W, 77, P0
2026/09/30 08:10:05.278, Tesla T4, 10399 MiB, 4514 MiB, 15360 MiB, 97 %, 33 %, 555 MHz, 5000 MHz, 66.28 W, 77, P0
2026/09/30 08:10:05.789, Tesla T4, 10399 MiB, 4514 MiB, 15360 MiB, 98 %, 30 %, 615 MHz, 5000 MHz, 65.89 W, 77, P0
2026/09/30 08:10:06.302, Tesla T4, 10399 MiB, 4514 MiB, 15360 MiB, 93 %, 34 %, 570 MHz, 5000 MHz, 64.12 W, 77, P0
2026/09/30 08:10:06.815, Tesla T4, 10399 MiB, 4514 MiB, 15360 MiB, 98 %, 30 %, 615 MHz, 5000 MHz, 66.67 W, 77, P0
2026/09/30 08:10:07.326, Tesla T4, 10399 MiB, 4514 MiB, 15360 MiB, 97 %, 33 %, 630 MHz, 5000 MHz, 65.59 W, 77, P0
2026/09/30 08:10:07.842, Tesla T4, 10399 MiB, 4514 MiB, 15360 MiB, 97 %, 32 %, 615 MHz, 5000 MHz, 65.89 W, 77, P0
2026/09/30 08:10:08.354, Tesla T4, 10399 MiB, 4514 MiB, 15360 MiB, 100 %, 32 %, 615 MHz, 5000 MHz, 66.67 W, 77, P0
2026/09/30 08:10:08.865, Tesla T4, 10399 MiB, 4514 MiB, 15360 MiB, 100 %, 32 %, 615 MHz, 5000 MHz, 64.26 W, 77, P0
2026/09/30 08:10:09.385, Tesla T4, 10399 MiB, 4514 MiB, 15360 MiB, 98 %, 28 %, 690 MHz, 5000 MHz, 66.12 W, 77, P0
2026/09/30 08:10:09.896, Tesla T4, 10399 MiB, 4514 MiB, 15360 MiB, 93 %, 23 %, 585 MHz, 5000 MHz, 64.55 W, 77, P0
2026/09/30 08:10:10.412, Tesla T4, 10399 MiB, 4514 MiB, 15360 MiB, 100 %, 24 %, 690 MHz, 5000 MHz, 66.38 W, 77, P0
2026/09/30 08:10:10.922, Tesla T4, 10399 MiB, 4514 MiB, 15360 MiB, 99 %, 29 %, 600 MHz, 5000 MHz, 65.55 W, 77, P0
2026/09/30 08:10:11.439, Tesla T4, 10399 MiB, 4514 MiB, 15360 MiB, 93 %, 29 %, 600 MHz, 5000 MHz, 64.81 W, 77, P0
2026/09/30 08:10:11.952, Tesla T4, 10399 MiB, 4514 MiB, 15360 MiB, 100 %, 30 %, 615 MHz, 5000 MHz, 65.45 W, 77, P0
2026/09/30 08:10:12.469, Tesla T4, 10399 MiB, 4514 MiB, 15360 MiB, 100 %, 37 %, 615 MHz, 5000 MHz, 66.33 W, 77, P0
2026/09/30 08:10:12.994, Tesla T4, 10399 MiB, 4514 MiB, 15360 MiB, 98 %, 34 %, 615 MHz, 5000 MHz, 62.01 W, 77, P0
2026/09/30 08:10:13.520, Tesla T4, 10399 MiB, 4514 MiB, 15360 MiB, 96 %, 35 %, 1140 MHz, 5000 MHz, 56.00 W, 77, P0
2026/09/30 08:10:14.074, Tesla T4, 10399 MiB, 4514 MiB, 15360 MiB, 95 %, 36 %, 570 MHz, 5000 MHz, 66.47 W, 77, P0
2026/09/30 08:10:14.597, Tesla T4, 10399 MiB, 4514 MiB, 15360 MiB, 100 %, 37 %, 555 MHz, 5000 MHz, 66.28 W, 77, P0
2026/09/30 08:10:15.121, Tesla T4, 10399 MiB, 4514 MiB, 15360 MiB, 94 %, 41 %, 585 MHz, 5000 MHz, 66.38 W, 77, P0
2026/09/30 08:10:15.632, Tesla T4, 10399 MiB, 4514 MiB, 15360 MiB, 100 %, 31 %, 735 MHz, 5000 MHz, 66.14 W, 77, P0
2026/09/30 08:10:16.148, Tesla T4, 10399 MiB, 4514 MiB, 15360 MiB, 100 %, 32 %, 585 MHz, 5000 MHz, 66.67 W, 77, P0
2026/09/30 08:10:16.659, Tesla T4, 10399 MiB, 4514 MiB, 15360 MiB, 93 %, 31 %, 570 MHz, 5000 MHz, 65.30 W, 77, P0
2026/09/30 08:10:17.172, Tesla T4, 10399 MiB, 4514 MiB, 15360 MiB, 100 %, 31 %, 615 MHz, 5000 MHz, 66.08 W, 77, P0
2026/09/30 08:10:17.691, Tesla T4, 10399 MiB, 4514 MiB, 15360 MiB, 100 %, 29 %, 600 MHz, 5000 MHz, 65.98 W, 77, P0
2026/09/30 08:10:18.203, Tesla T4, 10399 MiB, 4514 MiB, 15360 MiB, 100 %, 29 %, 615 MHz, 5000 MHz, 66.32 W, 77, P0
2026/09/30 08:10:18.717, Tesla T4, 10399 MiB, 4514 MiB, 15360 MiB, 100 %, 27 %, 615 MHz, 5000 MHz, 62.53 W, 77, P0
2026/09/30 08:10:19.231, Tesla T4, 10399 MiB, 4514 MiB, 15360 MiB, 100 %, 25 %, 675 MHz, 5000 MHz, 65.59 W, 77, P0
2026/09/30 08:10:19.743, Tesla T4, 10399 MiB, 4514 MiB, 15360 MiB, 98 %, 25 %, 720 MHz, 5000 MHz, 66.51 W, 77, P0
2026/09/30 08:10:20.254, Tesla T4, 10399 MiB, 4514 MiB, 15360 MiB, 100 %, 25 %, 690 MHz, 5000 MHz, 65.79 W, 77, P0
2026/09/30 08:10:20.766, Tesla T4, 10399 MiB, 4514 MiB, 15360 MiB, 98 %, 23 %, 705 MHz, 5000 MHz, 66.67 W, 77, P0
2026/09/30 08:10:21.277, Tesla T4, 10399 MiB, 4514 MiB, 15360 MiB, 98 %, 40 %, 660 MHz, 5000 MHz, 66.77 W, 77, P0
2026/09/30 08:10:21.795, Tesla T4, 10399 MiB, 4514 MiB, 15360 MiB, 99 %, 41 %, 570 MHz, 5000 MHz, 67.75 W, 77, P0
2026/09/30 08:10:22.307, Tesla T4, 10399 MiB, 4514 MiB, 15360 MiB, 100 %, 25 %, 690 MHz, 5000 MHz, 66.02 W, 77, P0
2026/09/30 08:10:22.824, Tesla T4, 10399 MiB, 4514 MiB, 15360 MiB, 100 %, 29 %, 570 MHz, 5000 MHz, 66.36 W, 77, P0
2026/09/30 08:10:23.339, Tesla T4, 10399 MiB, 4514 MiB, 15360 MiB, 100 %, 24 %, 690 MHz, 5000 MHz, 65.73 W, 77, P0
2026/09/30 08:10:23.852, Tesla T4, 10399 MiB, 4514 MiB, 15360 MiB, 100 %, 30 %, 615 MHz, 5000 MHz, 65.53 W, 77, P0
2026/09/30 08:10:24.363, Tesla T4, 10399 MiB, 4514 MiB, 15360 MiB, 100 %, 31 %, 720 MHz, 5000 MHz, 61.95 W, 77, P0
2026/09/30 08:10:24.874, Tesla T4, 10399 MiB, 4514 MiB, 15360 MiB, 99 %, 33 %, 720 MHz, 5000 MHz, 65.79 W, 77, P0
2026/09/30 08:10:25.392, Tesla T4, 10399 MiB, 4514 MiB, 15360 MiB, 100 %, 34 %, 630 MHz, 5000 MHz, 66.81 W, 77, P0
2026/09/30 08:10:25.906, Tesla T4, 10399 MiB, 4514 MiB, 15360 MiB, 88 %, 32 %, 555 MHz, 5000 MHz, 72.55 W, 77, P0
2026/09/30 08:10:26.430, Tesla T4, 10399 MiB, 4514 MiB, 15360 MiB, 98 %, 32 %, 615 MHz, 5000 MHz, 64.32 W, 77, P0
2026/09/30 08:10:26.955, Tesla T4, 10399 MiB, 4514 MiB, 15360 MiB, 100 %, 37 %, 570 MHz, 5000 MHz, 66.91 W, 77, P0
2026/09/30 08:10:27.479, Tesla T4, 10399 MiB, 4514 MiB, 15360 MiB, 89 %, 37 %, 645 MHz, 5000 MHz, 65.20 W, 77, P0
2026/09/30 08:10:28.006, Tesla T4, 10399 MiB, 4514 MiB, 15360 MiB, 100 %, 34 %, 645 MHz, 5000 MHz, 68.39 W, 77, P0
2026/09/30 08:10:28.524, Tesla T4, 10399 MiB, 4514 MiB, 15360 MiB, 94 %, 32 %, 600 MHz, 5000 MHz, 63.14 W, 77, P0
2026/09/30 08:10:29.042, Tesla T4, 10399 MiB, 4514 MiB, 15360 MiB, 100 %, 29 %, 630 MHz, 5000 MHz, 67.84 W, 77, P0
2026/09/30 08:10:29.559, Tesla T4, 10399 MiB, 4514 MiB, 15360 MiB, 98 %, 28 %, 630 MHz, 5000 MHz, 66.91 W, 77, P0
2026/09/30 08:10:30.081, Tesla T4, 10399 MiB, 4514 MiB, 15360 MiB, 100 %, 26 %, 615 MHz, 5000 MHz, 67.75 W, 77, P0
2026/09/30 08:10:30.591, Tesla T4, 10399 MiB, 4514 MiB, 15360 MiB, 93 %, 31 %, 615 MHz, 5000 MHz, 65.40 W, 77, P0
2026/09/30 08:10:31.115, Tesla T4, 10399 MiB, 4514 MiB, 15360 MiB, 100 %, 26 %, 615 MHz, 5000 MHz, 64.91 W, 77, P0
2026/09/30 08:10:31.631, Tesla T4, 10399 MiB, 4514 MiB, 15360 MiB, 100 %, 26 %, 585 MHz, 5000 MHz, 66.86 W, 77, P0
2026/09/30 08:10:32.157, Tesla T4, 10399 MiB, 4514 MiB, 15360 MiB, 98 %, 27 %, 720 MHz, 5000 MHz, 65.40 W, 77, P0
2026/09/30 08:10:32.669, Tesla T4, 10399 MiB, 4514 MiB, 15360 MiB, 99 %, 24 %, 645 MHz, 5000 MHz, 67.02 W, 77, P0
2026/09/30 08:10:33.193, Tesla T4, 10399 MiB, 4514 MiB, 15360 MiB, 100 %, 24 %, 720 MHz, 5000 MHz, 66.57 W, 77, P0
2026/09/30 08:10:33.710, Tesla T4, 10399 MiB, 4514 MiB, 15360 MiB, 100 %, 30 %, 585 MHz, 5000 MHz, 64.51 W, 77, P0
2026/09/30 08:10:34.248, Tesla T4, 10399 MiB, 4514 MiB, 15360 MiB, 100 %, 29 %, 585 MHz, 5000 MHz, 66.47 W, 77, P0
2026/09/30 08:10:34.762, Tesla T4, 10399 MiB, 4514 MiB, 15360 MiB, 100 %, 28 %, 675 MHz, 5000 MHz, 67.21 W, 77, P0
2026/09/30 08:10:35.293, Tesla T4, 10399 MiB, 4514 MiB, 15360 MiB, 93 %, 28 %, 585 MHz, 5000 MHz, 64.91 W, 77, P0
2026/09/30 08:10:35.811, Tesla T4, 10399 MiB, 4514 MiB, 15360 MiB, 100 %, 28 %, 630 MHz, 5000 MHz, 66.82 W, 77, P0
2026/09/30 08:10:36.337, Tesla T4, 10399 MiB, 4514 MiB, 15360 MiB, 98 %, 27 %, 675 MHz, 5000 MHz, 65.98 W, 77, P0
2026/09/30 08:10:36.848, Tesla T4, 10399 MiB, 4514 MiB, 15360 MiB, 100 %, 24 %, 660 MHz, 5000 MHz, 69.52 W, 77, P0
2026/09/30 08:10:37.370, Tesla T4, 10399 MiB, 4514 MiB, 15360 MiB, 100 %, 27 %, 660 MHz, 5000 MHz, 65.00 W, 77, P0
2026/09/30 08:10:37.881, Tesla T4, 10399 MiB, 4514 MiB, 15360 MiB, 100 %, 34 %, 780 MHz, 5000 MHz, 65.98 W, 77, P0
2026/09/30 08:10:38.418, Tesla T4, 10399 MiB, 4514 MiB, 15360 MiB, 100 %, 27 %, 660 MHz, 5000 MHz, 65.14 W, 77, P0
2026/09/30 08:10:38.941, Tesla T4, 10399 MiB, 4514 MiB, 15360 MiB, 98 %, 36 %, 555 MHz, 5000 MHz, 65.98 W, 77, P0
2026/09/30 08:10:39.464, Tesla T4, 10399 MiB, 4514 MiB, 15360 MiB, 100 %, 23 %, 720 MHz, 5000 MHz, 66.18 W, 77, P0
2026/09/30 08:10:39.993, Tesla T4, 10399 MiB, 4514 MiB, 15360 MiB, 100 %, 20 %, 690 MHz, 5000 MHz, 66.08 W, 77, P0
2026/09/30 08:10:40.512, Tesla T4, 10399 MiB, 4514 MiB, 15360 MiB, 86 %, 28 %, 705 MHz, 5000 MHz, 65.40 W, 77, P0
2026/09/30 08:10:41.046, Tesla T4, 10399 MiB, 4514 MiB, 15360 MiB, 100 %, 22 %, 705 MHz, 5000 MHz, 65.69 W, 77, P0
2026/09/30 08:10:41.562, Tesla T4, 10399 MiB, 4514 MiB, 15360 MiB, 99 %, 29 %, 540 MHz, 5000 MHz, 53.81 W, 77, P0
2026/09/30 08:10:42.073, Tesla T4, 10399 MiB, 4514 MiB, 15360 MiB, 100 %, 30 %, 585 MHz, 5000 MHz, 67.51 W, 77, P0
2026/09/30 08:10:42.591, Tesla T4, 10399 MiB, 4514 MiB, 15360 MiB, 100 %, 32 %, 645 MHz, 5000 MHz, 64.55 W, 77, P0
2026/09/30 08:10:43.106, Tesla T4, 10399 MiB, 4514 MiB, 15360 MiB, 100 %, 30 %, 585 MHz, 5000 MHz, 65.85 W, 77, P0
2026/09/30 08:10:43.625, Tesla T4, 10399 MiB, 4514 MiB, 15360 MiB, 100 %, 29 %, 630 MHz, 5000 MHz, 64.75 W, 77, P0
2026/09/30 08:10:44.136, Tesla T4, 10399 MiB, 4514 MiB, 15360 MiB, 100 %, 23 %, 720 MHz, 5000 MHz, 63.24 W, 77, P0
2026/09/30 08:10:44.649, Tesla T4, 10399 MiB, 4514 MiB, 15360 MiB, 100 %, 20 %, 690 MHz, 5000 MHz, 66.08 W, 77, P0
2026/09/30 08:10:45.160, Tesla T4, 10399 MiB, 4514 MiB, 15360 MiB, 100 %, 22 %, 705 MHz, 5000 MHz, 64.95 W, 77, P0
2026/09/30 08:10:45.671, Tesla T4, 10399 MiB, 4514 MiB, 15360 MiB, 100 %, 22 %, 705 MHz, 5000 MHz, 65.10 W, 77, P0
2026/09/30 08:10:46.187, Tesla T4, 10399 MiB, 4514 MiB, 15360 MiB, 96 %, 40 %, 600 MHz, 5000 MHz, 65.85 W, 77, P0
2026/09/30 08:10:46.698, Tesla T4, 10399 MiB, 4514 MiB, 15360 MiB, 98 %, 32 %, 630 MHz, 5000 MHz, 66.28 W, 77, P0
2026/09/30 08:10:47.209, Tesla T4, 10399 MiB, 4514 MiB, 15360 MiB, 93 %, 29 %, 615 MHz, 5000 MHz, 66.28 W, 77, P0
2026/09/30 08:10:47.722, Tesla T4, 10399 MiB, 4514 MiB, 15360 MiB, 98 %, 31 %, 600 MHz, 5000 MHz, 65.98 W, 77, P0
2026/09/30 08:10:48.236, Tesla T4, 10399 MiB, 4514 MiB, 15360 MiB, 97 %, 30 %, 615 MHz, 5000 MHz, 63.63 W, 77, P0
2026/09/30 08:10:48.751, Tesla T4, 10399 MiB, 4514 MiB, 15360 MiB, 100 %, 35 %, 585 MHz, 5000 MHz, 65.00 W, 77, P0
2026/09/30 08:10:49.266, Tesla T4, 10399 MiB, 4514 MiB, 15360 MiB, 100 %, 30 %, 570 MHz, 5000 MHz, 68.39 W, 77, P0
2026/09/30 08:10:49.785, Tesla T4, 10399 MiB, 4514 MiB, 15360 MiB, 100 %, 32 %, 540 MHz, 5000 MHz, 68.78 W, 77, P0
2026/09/30 08:10:50.296, Tesla T4, 10399 MiB, 4514 MiB, 15360 MiB, 98 %, 36 %, 540 MHz, 5000 MHz, 66.04 W, 77, P0
2026/09/30 08:10:50.806, Tesla T4, 10399 MiB, 4514 MiB, 15360 MiB, 100 %, 33 %, 645 MHz, 5000 MHz, 65.59 W, 77, P0
2026/09/30 08:10:51.334, Tesla T4, 10399 MiB, 4514 MiB, 15360 MiB, 89 %, 33 %, 660 MHz, 5000 MHz, 66.12 W, 77, P0
2026/09/30 08:10:51.872, Tesla T4, 10399 MiB, 4514 MiB, 15360 MiB, 96 %, 34 %, 645 MHz, 5000 MHz, 65.89 W, 77, P0
2026/09/30 08:10:52.399, Tesla T4, 10399 MiB, 4514 MiB, 15360 MiB, 88 %, 35 %, 555 MHz, 5000 MHz, 67.61 W, 77, P0
2026/09/30 08:10:52.938, Tesla T4, 10399 MiB, 4514 MiB, 15360 MiB, 92 %, 39 %, 1005 MHz, 5000 MHz, 69.62 W, 77, P0
2026/09/30 08:10:53.470, Tesla T4, 10399 MiB, 4514 MiB, 15360 MiB, 95 %, 36 %, 555 MHz, 5000 MHz, 65.89 W, 77, P0
2026/09/30 08:10:54.002, Tesla T4, 10399 MiB, 4514 MiB, 15360 MiB, 87 %, 34 %, 570 MHz, 5000 MHz, 65.83 W, 77, P0
2026/09/30 08:10:54.519, Tesla T4, 10399 MiB, 4514 MiB, 15360 MiB, 97 %, 36 %, 645 MHz, 5000 MHz, 65.93 W, 77, P0
2026/09/30 08:10:55.031, Tesla T4, 10399 MiB, 4514 MiB, 15360 MiB, 93 %, 37 %, 690 MHz, 5000 MHz, 60.87 W, 77, P0
2026/09/30 08:10:55.546, Tesla T4, 10399 MiB, 4514 MiB, 15360 MiB, 100 %, 34 %, 675 MHz, 5000 MHz, 65.89 W, 77, P0
2026/09/30 08:10:56.058, Tesla T4, 10399 MiB, 4514 MiB, 15360 MiB, 92 %, 34 %, 555 MHz, 5000 MHz, 65.98 W, 77, P0
2026/09/30 08:10:56.574, Tesla T4, 10399 MiB, 4514 MiB, 15360 MiB, 97 %, 44 %, 660 MHz, 5000 MHz, 68.63 W, 77, P0
2026/09/30 08:10:57.087, Tesla T4, 10399 MiB, 4514 MiB, 15360 MiB, 97 %, 44 %, 570 MHz, 5000 MHz, 66.42 W, 77, P0
2026/09/30 08:10:57.605, Tesla T4, 10399 MiB, 4514 MiB, 15360 MiB, 100 %, 38 %, 645 MHz, 5000 MHz, 66.67 W, 77, P0
2026/09/30 08:10:58.117, Tesla T4, 10399 MiB, 4514 MiB, 15360 MiB, 97 %, 36 %, 675 MHz, 5000 MHz, 68.14 W, 77, P0
2026/09/30 08:10:58.628, Tesla T4, 10399 MiB, 4514 MiB, 15360 MiB, 98 %, 36 %, 780 MHz, 5000 MHz, 66.77 W, 77, P0
2026/09/30 08:10:59.141, Tesla T4, 10399 MiB, 4514 MiB, 15360 MiB, 100 %, 23 %, 720 MHz, 5000 MHz, 66.28 W, 77, P0
2026/09/30 08:10:59.652, Tesla T4, 10399 MiB, 4514 MiB, 15360 MiB, 100 %, 20 %, 750 MHz, 5000 MHz, 59.53 W, 77, P0
2026/09/30 08:11:00.169, Tesla T4, 10399 MiB, 4514 MiB, 15360 MiB, 100 %, 28 %, 615 MHz, 5000 MHz, 66.38 W, 77, P0
2026/09/30 08:11:00.683, Tesla T4, 10399 MiB, 4514 MiB, 15360 MiB, 100 %, 23 %, 720 MHz, 5000 MHz, 65.63 W, 77, P0
2026/09/30 08:11:01.212, Tesla T4, 10399 MiB, 4514 MiB, 15360 MiB, 100 %, 22 %, 690 MHz, 5000 MHz, 66.38 W, 77, P0
2026/09/30 08:11:01.732, Tesla T4, 10399 MiB, 4514 MiB, 15360 MiB, 100 %, 28 %, 615 MHz, 5000 MHz, 66.38 W, 77, P0
2026/09/30 08:11:02.248, Tesla T4, 10399 MiB, 4514 MiB, 15360 MiB, 96 %, 43 %, 645 MHz, 5000 MHz, 71.91 W, 77, P0
2026/09/30 08:11:02.760, Tesla T4, 10399 MiB, 4514 MiB, 15360 MiB, 95 %, 35 %, 735 MHz, 5000 MHz, 65.34 W, 77, P0
2026/09/30 08:11:03.277, Tesla T4, 10399 MiB, 4514 MiB, 15360 MiB, 100 %, 23 %, 705 MHz, 5000 MHz, 64.42 W, 77, P0
2026/09/30 08:11:03.789, Tesla T4, 10399 MiB, 4514 MiB, 15360 MiB, 96 %, 23 %, 720 MHz, 5000 MHz, 65.24 W, 77, P0
2026/09/30 08:11:04.304, Tesla T4, 10399 MiB, 4514 MiB, 15360 MiB, 100 %, 23 %, 720 MHz, 5000 MHz, 64.81 W, 77, P0
2026/09/30 08:11:04.825, Tesla T4, 10399 MiB, 4514 MiB, 15360 MiB, 100 %, 22 %, 735 MHz, 5000 MHz, 65.14 W, 77, P0
2026/09/30 08:11:05.349, Tesla T4, 10399 MiB, 4514 MiB, 15360 MiB, 100 %, 22 %, 720 MHz, 5000 MHz, 65.14 W, 77, P0
2026/09/30 08:11:05.871, Tesla T4, 10399 MiB, 4514 MiB, 15360 MiB, 100 %, 23 %, 705 MHz, 5000 MHz, 65.49 W, 77, P0
2026/09/30 08:11:06.397, Tesla T4, 10399 MiB, 4514 MiB, 15360 MiB, 100 %, 22 %, 705 MHz, 5000 MHz, 66.08 W, 77, P0
2026/09/30 08:11:06.920, Tesla T4, 10399 MiB, 4514 MiB, 15360 MiB, 95 %, 32 %, 600 MHz, 5000 MHz, 65.24 W, 77, P0
2026/09/30 08:11:07.438, Tesla T4, 10399 MiB, 4514 MiB, 15360 MiB, 98 %, 31 %, 720 MHz, 5000 MHz, 65.53 W, 77, P0
2026/09/30 08:11:07.949, Tesla T4, 10399 MiB, 4514 MiB, 15360 MiB, 98 %, 29 %, 690 MHz, 5000 MHz, 66.12 W, 77, P0
2026/09/30 08:11:08.464, Tesla T4, 10399 MiB, 4514 MiB, 15360 MiB, 92 %, 26 %, 585 MHz, 5000 MHz, 70.44 W, 77, P0
2026/09/30 08:11:08.976, Tesla T4, 10399 MiB, 4514 MiB, 15360 MiB, 98 %, 24 %, 690 MHz, 5000 MHz, 65.93 W, 77, P0
2026/09/30 08:11:09.489, Tesla T4, 10399 MiB, 4514 MiB, 15360 MiB, 100 %, 35 %, 570 MHz, 5000 MHz, 66.18 W, 77, P0
2026/09/30 08:11:10.001, Tesla T4, 10399 MiB, 4514 MiB, 15360 MiB, 100 %, 25 %, 660 MHz, 5000 MHz, 66.12 W, 77, P0
2026/09/30 08:11:10.513, Tesla T4, 10399 MiB, 4514 MiB, 15360 MiB, 100 %, 34 %, 555 MHz, 5000 MHz, 65.79 W, 77, P0
2026/09/30 08:11:11.025, Tesla T4, 10399 MiB, 4514 MiB, 15360 MiB, 100 %, 25 %, 675 MHz, 5000 MHz, 65.83 W, 77, P0
2026/09/30 08:11:11.536, Tesla T4, 10399 MiB, 4514 MiB, 15360 MiB, 100 %, 31 %, 585 MHz, 5000 MHz, 65.40 W, 77, P0
2026/09/30 08:11:12.047, Tesla T4, 10399 MiB, 4514 MiB, 15360 MiB, 98 %, 33 %, 705 MHz, 5000 MHz, 67.80 W, 77, P0
2026/09/30 08:11:12.567, Tesla T4, 10399 MiB, 4514 MiB, 15360 MiB, 97 %, 35 %, 780 MHz, 5000 MHz, 44.65 W, 77, P0
2026/09/30 08:11:13.079, Tesla T4, 10399 MiB, 4514 MiB, 15360 MiB, 98 %, 30 %, 585 MHz, 5000 MHz, 68.78 W, 77, P0
2026/09/30 08:11:13.600, Tesla T4, 10399 MiB, 4514 MiB, 15360 MiB, 100 %, 29 %, 600 MHz, 5000 MHz, 65.24 W, 77, P0
2026/09/30 08:11:14.113, Tesla T4, 10399 MiB, 4514 MiB, 15360 MiB, 100 %, 30 %, 615 MHz, 5000 MHz, 64.46 W, 77, P0
2026/09/30 08:11:14.629, Tesla T4, 10399 MiB, 4514 MiB, 15360 MiB, 100 %, 29 %, 600 MHz, 5000 MHz, 64.75 W, 77, P0
2026/09/30 08:11:15.144, Tesla T4, 10399 MiB, 4514 MiB, 15360 MiB, 100 %, 30 %, 675 MHz, 5000 MHz, 65.04 W, 77, P0
2026/09/30 08:11:15.673, Tesla T4, 10399 MiB, 4514 MiB, 15360 MiB, 91 %, 46 %, 630 MHz, 5000 MHz, 60.41 W, 77, P0
2026/09/30 08:11:16.186, Tesla T4, 10399 MiB, 4514 MiB, 15360 MiB, 92 %, 38 %, 615 MHz, 5000 MHz, 63.93 W, 77, P0
2026/09/30 08:11:16.706, Tesla T4, 10399 MiB, 4514 MiB, 15360 MiB, 95 %, 39 %, 810 MHz, 5000 MHz, 68.98 W, 77, P0
2026/09/30 08:11:17.225, Tesla T4, 10399 MiB, 4514 MiB, 15360 MiB, 94 %, 27 %, 690 MHz, 5000 MHz, 65.30 W, 77, P0
2026/09/30 08:11:17.761, Tesla T4, 10399 MiB, 4514 MiB, 15360 MiB, 100 %, 33 %, 615 MHz, 5000 MHz, 66.67 W, 77, P0
2026/09/30 08:11:18.302, Tesla T4, 10399 MiB, 4514 MiB, 15360 MiB, 87 %, 24 %, 705 MHz, 5000 MHz, 65.83 W, 77, P0
2026/09/30 08:11:18.829, Tesla T4, 10399 MiB, 4514 MiB, 15360 MiB, 100 %, 31 %, 600 MHz, 5000 MHz, 66.32 W, 77, P0
2026/09/30 08:11:19.359, Tesla T4, 10399 MiB, 4514 MiB, 15360 MiB, 100 %, 28 %, 675 MHz, 5000 MHz, 65.89 W, 77, P0
2026/09/30 08:11:19.888, Tesla T4, 10399 MiB, 4514 MiB, 15360 MiB, 96 %, 30 %, 615 MHz, 5000 MHz, 65.93 W, 77, P0
2026/09/30 08:11:20.415, Tesla T4, 10399 MiB, 4514 MiB, 15360 MiB, 100 %, 27 %, 660 MHz, 5000 MHz, 66.22 W, 77, P0
2026/09/30 08:11:20.929, Tesla T4, 10399 MiB, 4514 MiB, 15360 MiB, 100 %, 24 %, 645 MHz, 5000 MHz, 67.94 W, 77, P0
2026/09/30 08:11:21.444, Tesla T4, 10399 MiB, 4514 MiB, 15360 MiB, 97 %, 29 %, 600 MHz, 5000 MHz, 65.44 W, 77, P0
2026/09/30 08:11:21.964, Tesla T4, 10399 MiB, 4514 MiB, 15360 MiB, 98 %, 31 %, 600 MHz, 5000 MHz, 64.42 W, 77, P0
2026/09/30 08:11:22.476, Tesla T4, 10399 MiB, 4514 MiB, 15360 MiB, 98 %, 32 %, 825 MHz, 5000 MHz, 59.14 W, 77, P0
2026/09/30 08:11:22.994, Tesla T4, 10399 MiB, 4514 MiB, 15360 MiB, 98 %, 24 %, 735 MHz, 5000 MHz, 63.12 W, 77, P0
2026/09/30 08:11:23.505, Tesla T4, 10399 MiB, 4514 MiB, 15360 MiB, 92 %, 25 %, 690 MHz, 5000 MHz, 65.93 W, 77, P0
2026/09/30 08:11:24.019, Tesla T4, 10399 MiB, 4514 MiB, 15360 MiB, 96 %, 36 %, 690 MHz, 5000 MHz, 68.78 W, 77, P0
2026/09/30 08:11:24.532, Tesla T4, 10399 MiB, 4514 MiB, 15360 MiB, 93 %, 38 %, 585 MHz, 5000 MHz, 66.47 W, 77, P0
2026/09/30 08:11:25.044, Tesla T4, 10399 MiB, 4514 MiB, 15360 MiB, 100 %, 30 %, 525 MHz, 5000 MHz, 68.33 W, 77, P0
2026/09/30 08:11:25.561, Tesla T4, 10399 MiB, 4514 MiB, 15360 MiB, 100 %, 34 %, 615 MHz, 5000 MHz, 66.71 W, 77, P0
2026/09/30 08:11:26.072, Tesla T4, 10399 MiB, 4514 MiB, 15360 MiB, 100 %, 38 %, 645 MHz, 5000 MHz, 69.17 W, 77, P0
2026/09/30 08:11:26.585, Tesla T4, 10399 MiB, 4514 MiB, 15360 MiB, 93 %, 36 %, 630 MHz, 5000 MHz, 68.78 W, 77, P0
2026/09/30 08:11:27.099, Tesla T4, 10399 MiB, 4514 MiB, 15360 MiB, 100 %, 30 %, 660 MHz, 5000 MHz, 66.32 W, 77, P0
2026/09/30 08:11:27.610, Tesla T4, 10399 MiB, 4514 MiB, 15360 MiB, 100 %, 25 %, 645 MHz, 5000 MHz, 67.94 W, 77, P0
2026/09/30 08:11:28.129, Tesla T4, 10399 MiB, 4514 MiB, 15360 MiB, 100 %, 29 %, 600 MHz, 5000 MHz, 67.45 W, 77, P0
2026/09/30 08:11:28.640, Tesla T4, 10399 MiB, 4514 MiB, 15360 MiB, 100 %, 25 %, 675 MHz, 5000 MHz, 66.28 W, 77, P0
2026/09/30 08:11:29.153, Tesla T4, 10399 MiB, 4514 MiB, 15360 MiB, 98 %, 32 %, 600 MHz, 5000 MHz, 66.28 W, 77, P0
2026/09/30 08:11:29.665, Tesla T4, 10399 MiB, 4514 MiB, 15360 MiB, 100 %, 25 %, 690 MHz, 5000 MHz, 65.89 W, 77, P0
2026/09/30 08:11:30.182, Tesla T4, 10399 MiB, 4514 MiB, 15360 MiB, 98 %, 27 %, 630 MHz, 5000 MHz, 65.89 W, 77, P0
2026/09/30 08:11:30.707, Tesla T4, 10399 MiB, 4514 MiB, 15360 MiB, 93 %, 39 %, 570 MHz, 5000 MHz, 59.17 W, 77, P0
2026/09/30 08:11:31.239, Tesla T4, 10399 MiB, 4514 MiB, 15360 MiB, 82 %, 36 %, 615 MHz, 5000 MHz, 66.08 W, 77, P0
2026/09/30 08:11:31.769, Tesla T4, 10399 MiB, 4514 MiB, 15360 MiB, 100 %, 32 %, 570 MHz, 5000 MHz, 67.35 W, 77, P0
2026/09/30 08:11:32.297, Tesla T4, 10399 MiB, 4514 MiB, 15360 MiB, 100 %, 32 %, 615 MHz, 5000 MHz, 66.51 W, 77, P0
2026/09/30 08:11:32.820, Tesla T4, 10399 MiB, 4514 MiB, 15360 MiB, 95 %, 38 %, 525 MHz, 5000 MHz, 67.26 W, 77, P0
2026/09/30 08:11:33.349, Tesla T4, 10399 MiB, 4514 MiB, 15360 MiB, 100 %, 39 %, 630 MHz, 5000 MHz, 66.57 W, 77, P0
2026/09/30 08:11:33.866, Tesla T4, 10399 MiB, 4514 MiB, 15360 MiB, 96 %, 27 %, 735 MHz, 5000 MHz, 66.28 W, 77, P0
2026/09/30 08:11:34.377, Tesla T4, 10399 MiB, 4514 MiB, 15360 MiB, 100 %, 23 %, 720 MHz, 5000 MHz, 65.98 W, 77, P0
2026/09/30 08:11:34.894, Tesla T4, 10399 MiB, 4514 MiB, 15360 MiB, 100 %, 32 %, 660 MHz, 5000 MHz, 64.32 W, 77, P0
2026/09/30 08:11:35.407, Tesla T4, 10399 MiB, 4514 MiB, 15360 MiB, 100 %, 22 %, 720 MHz, 5000 MHz, 66.32 W, 77, P0
2026/09/30 08:11:35.919, Tesla T4, 10399 MiB, 4514 MiB, 15360 MiB, 100 %, 22 %, 720 MHz, 5000 MHz, 66.18 W, 77, P0
2026/09/30 08:11:36.431, Tesla T4, 10399 MiB, 4514 MiB, 15360 MiB, 100 %, 32 %, 615 MHz, 5000 MHz, 65.40 W, 77, P0
2026/09/30 08:11:36.950, Tesla T4, 10399 MiB, 4514 MiB, 15360 MiB, 92 %, 46 %, 720 MHz, 5000 MHz, 61.49 W, 77, P0
2026/09/30 08:11:37.461, Tesla T4, 10399 MiB, 4514 MiB, 15360 MiB, 98 %, 36 %, 585 MHz, 5000 MHz, 65.98 W, 77, P0
2026/09/30 08:11:37.979, Tesla T4, 10399 MiB, 4514 MiB, 15360 MiB, 98 %, 36 %, 555 MHz, 5000 MHz, 60.67 W, 77, P0
2026/09/30 08:11:38.492, Tesla T4, 10399 MiB, 4514 MiB, 15360 MiB, 97 %, 33 %, 660 MHz, 5000 MHz, 65.98 W, 77, P0
2026/09/30 08:11:39.005, Tesla T4, 10399 MiB, 4514 MiB, 15360 MiB, 96 %, 36 %, 645 MHz, 5000 MHz, 67.65 W, 77, P0
2026/09/30 08:11:39.521, Tesla T4, 10399 MiB, 4514 MiB, 15360 MiB, 100 %, 28 %, 735 MHz, 5000 MHz, 68.78 W, 77, P0
2026/09/30 08:11:40.038, Tesla T4, 10399 MiB, 4514 MiB, 15360 MiB, 100 %, 27 %, 675 MHz, 5000 MHz, 66.18 W, 77, P0
2026/09/30 08:11:40.549, Tesla T4, 10399 MiB, 4514 MiB, 15360 MiB, 97 %, 35 %, 585 MHz, 5000 MHz, 66.47 W, 77, P0
2026/09/30 08:11:41.067, Tesla T4, 10399 MiB, 4514 MiB, 15360 MiB, 98 %, 32 %, 600 MHz, 5000 MHz, 66.51 W, 77, P0
2026/09/30 08:11:41.579, Tesla T4, 10399 MiB, 4514 MiB, 15360 MiB, 92 %, 35 %, 540 MHz, 5000 MHz, 66.38 W, 77, P0
2026/09/30 08:11:42.094, Tesla T4, 10399 MiB, 4514 MiB, 15360 MiB, 98 %, 32 %, 600 MHz, 5000 MHz, 66.32 W, 77, P0
2026/09/30 08:11:42.606, Tesla T4, 10399 MiB, 4514 MiB, 15360 MiB, 100 %, 33 %, 630 MHz, 5000 MHz, 64.26 W, 77, P0
2026/09/30 08:11:43.117, Tesla T4, 10399 MiB, 4514 MiB, 15360 MiB, 98 %, 36 %, 735 MHz, 5000 MHz, 61.26 W, 77, P0
2026/09/30 08:11:43.647, Tesla T4, 10399 MiB, 4514 MiB, 15360 MiB, 98 %, 31 %, 630 MHz, 5000 MHz, 65.69 W, 77, P0
2026/09/30 08:11:44.175, Tesla T4, 10399 MiB, 4514 MiB, 15360 MiB, 100 %, 32 %, 555 MHz, 5000 MHz, 65.53 W, 77, P0
2026/09/30 08:11:44.738, Tesla T4, 10399 MiB, 4514 MiB, 15360 MiB, 100 %, 36 %, 555 MHz, 5000 MHz, 66.86 W, 77, P0
2026/09/30 08:11:45.266, Tesla T4, 10399 MiB, 4514 MiB, 15360 MiB, 100 %, 26 %, 630 MHz, 5000 MHz, 65.30 W, 77, P0
2026/09/30 08:11:45.801, Tesla T4, 10399 MiB, 4514 MiB, 15360 MiB, 95 %, 25 %, 840 MHz, 5000 MHz, 52.83 W, 77, P0
2026/09/30 08:11:46.330, Tesla T4, 10399 MiB, 4514 MiB, 15360 MiB, 100 %, 23 %, 720 MHz, 5000 MHz, 67.26 W, 77, P0
2026/09/30 08:11:46.843, Tesla T4, 10399 MiB, 4514 MiB, 15360 MiB, 100 %, 18 %, 1020 MHz, 5000 MHz, 66.12 W, 77, P0
2026/09/30 08:11:47.357, Tesla T4, 10399 MiB, 4514 MiB, 15360 MiB, 100 %, 26 %, 615 MHz, 5000 MHz, 65.53 W, 77, P0
2026/09/30 08:11:47.874, Tesla T4, 10399 MiB, 4514 MiB, 15360 MiB, 97 %, 25 %, 720 MHz, 5000 MHz, 64.75 W, 77, P0
2026/09/30 08:11:48.384, Tesla T4, 10399 MiB, 4514 MiB, 15360 MiB, 100 %, 22 %, 705 MHz, 5000 MHz, 64.85 W, 77, P0
2026/09/30 08:11:48.895, Tesla T4, 10399 MiB, 4514 MiB, 15360 MiB, 97 %, 37 %, 600 MHz, 5000 MHz, 66.91 W, 77, P0
2026/09/30 08:11:49.412, Tesla T4, 10399 MiB, 4514 MiB, 15360 MiB, 93 %, 38 %, 615 MHz, 5000 MHz, 65.40 W, 77, P0
2026/09/30 08:11:49.924, Tesla T4, 10399 MiB, 4514 MiB, 15360 MiB, 98 %, 34 %, 585 MHz, 5000 MHz, 66.38 W, 77, P0
2026/09/30 08:11:50.436, Tesla T4, 10399 MiB, 4514 MiB, 15360 MiB, 100 %, 30 %, 570 MHz, 5000 MHz, 65.83 W, 77, P0
2026/09/30 08:11:50.951, Tesla T4, 10399 MiB, 4514 MiB, 15360 MiB, 100 %, 29 %, 630 MHz, 5000 MHz, 67.45 W, 77, P0
2026/09/30 08:11:51.463, Tesla T4, 10399 MiB, 4514 MiB, 15360 MiB, 100 %, 30 %, 660 MHz, 5000 MHz, 65.14 W, 77, P0
2026/09/30 08:11:51.975, Tesla T4, 10399 MiB, 4514 MiB, 15360 MiB, 100 %, 29 %, 600 MHz, 5000 MHz, 66.86 W, 77, P0
2026/09/30 08:11:52.493, Tesla T4, 10399 MiB, 4514 MiB, 15360 MiB, 100 %, 29 %, 675 MHz, 5000 MHz, 64.55 W, 77, P0
2026/09/30 08:11:53.006, Tesla T4, 10399 MiB, 4514 MiB, 15360 MiB, 98 %, 36 %, 735 MHz, 5000 MHz, 68.04 W, 77, P0
2026/09/30 08:11:53.517, Tesla T4, 10399 MiB, 4514 MiB, 15360 MiB, 97 %, 35 %, 630 MHz, 5000 MHz, 60.02 W, 77, P0
2026/09/30 08:11:54.029, Tesla T4, 10399 MiB, 4514 MiB, 15360 MiB, 95 %, 53 %, 585 MHz, 5000 MHz, 66.86 W, 77, P0
2026/09/30 08:11:54.542, Tesla T4, 10399 MiB, 4514 MiB, 15360 MiB, 98 %, 27 %, 675 MHz, 5000 MHz, 64.46 W, 77, P0
2026/09/30 08:11:55.058, Tesla T4, 10399 MiB, 4514 MiB, 15360 MiB, 100 %, 25 %, 585 MHz, 5000 MHz, 66.12 W, 77, P0
2026/09/30 08:11:55.572, Tesla T4, 10399 MiB, 4514 MiB, 15360 MiB, 100 %, 28 %, 690 MHz, 5000 MHz, 66.67 W, 77, P0
2026/09/30 08:11:56.084, Tesla T4, 10399 MiB, 4514 MiB, 15360 MiB, 94 %, 23 %, 750 MHz, 5000 MHz, 66.67 W, 77, P0
2026/09/30 08:11:56.617, Tesla T4, 10399 MiB, 4514 MiB, 15360 MiB, 100 %, 24 %, 600 MHz, 5000 MHz, 67.02 W, 77, P0
2026/09/30 08:11:57.130, Tesla T4, 10399 MiB, 4514 MiB, 15360 MiB, 100 %, 28 %, 765 MHz, 5000 MHz, 65.83 W, 77, P0
2026/09/30 08:11:57.658, Tesla T4, 10399 MiB, 4514 MiB, 15360 MiB, 100 %, 24 %, 660 MHz, 5000 MHz, 65.53 W, 77, P0
2026/09/30 08:11:58.187, Tesla T4, 10399 MiB, 4514 MiB, 15360 MiB, 100 %, 30 %, 840 MHz, 5000 MHz, 61.32 W, 77, P0
2026/09/30 08:11:58.732, Tesla T4, 10399 MiB, 4514 MiB, 15360 MiB, 95 %, 28 %, 720 MHz, 5000 MHz, 67.06 W, 77, P0
2026/09/30 08:11:59.246, Tesla T4, 10399 MiB, 4514 MiB, 15360 MiB, 100 %, 23 %, 720 MHz, 5000 MHz, 66.38 W, 77, P0
2026/09/30 08:11:59.760, Tesla T4, 10399 MiB, 4514 MiB, 15360 MiB, 93 %, 28 %, 540 MHz, 5000 MHz, 72.85 W, 77, P0
2026/09/30 08:12:00.273, Tesla T4, 10399 MiB, 4514 MiB, 15360 MiB, 97 %, 30 %, 720 MHz, 5000 MHz, 65.34 W, 77, P0
2026/09/30 08:12:00.784, Tesla T4, 10399 MiB, 4514 MiB, 15360 MiB, 100 %, 22 %, 705 MHz, 5000 MHz, 65.34 W, 77, P0
2026/09/30 08:12:01.301, Tesla T4, 10399 MiB, 4514 MiB, 15360 MiB, 97 %, 24 %, 540 MHz, 5000 MHz, 64.65 W, 77, P0
2026/09/30 08:12:01.813, Tesla T4, 10399 MiB, 4514 MiB, 15360 MiB, 100 %, 27 %, 675 MHz, 5000 MHz, 67.45 W, 77, P0
2026/09/30 08:12:02.325, Tesla T4, 10399 MiB, 4514 MiB, 15360 MiB, 100 %, 27 %, 540 MHz, 5000 MHz, 66.81 W, 77, P0
2026/09/30 08:12:02.838, Tesla T4, 10399 MiB, 4514 MiB, 15360 MiB, 98 %, 30 %, 660 MHz, 5000 MHz, 64.81 W, 77, P0
2026/09/30 08:12:03.353, Tesla T4, 10399 MiB, 4514 MiB, 15360 MiB, 100 %, 24 %, 555 MHz, 5000 MHz, 67.84 W, 77, P0
2026/09/30 08:12:03.867, Tesla T4, 10399 MiB, 4514 MiB, 15360 MiB, 91 %, 43 %, 795 MHz, 5000 MHz, 71.38 W, 77, P0
2026/09/30 08:12:04.387, Tesla T4, 10399 MiB, 4514 MiB, 15360 MiB, 100 %, 26 %, 630 MHz, 5000 MHz, 64.95 W, 77, P0
2026/09/30 08:12:04.899, Tesla T4, 10399 MiB, 4514 MiB, 15360 MiB, 98 %, 29 %, 690 MHz, 5000 MHz, 45.27 W, 77, P0
2026/09/30 08:12:05.416, Tesla T4, 10399 MiB, 4514 MiB, 15360 MiB, 100 %, 25 %, 615 MHz, 5000 MHz, 65.40 W, 77, P0
2026/09/30 08:12:05.927, Tesla T4, 10399 MiB, 4514 MiB, 15360 MiB, 99 %, 31 %, 540 MHz, 5000 MHz, 71.86 W, 77, P0
2026/09/30 08:12:06.439, Tesla T4, 10399 MiB, 4514 MiB, 15360 MiB, 98 %, 31 %, 615 MHz, 5000 MHz, 65.59 W, 77, P0
2026/09/30 08:12:06.956, Tesla T4, 10399 MiB, 4514 MiB, 15360 MiB, 100 %, 28 %, 525 MHz, 5000 MHz, 73.97 W, 77, P0
2026/09/30 08:12:07.467, Tesla T4, 10399 MiB, 4514 MiB, 15360 MiB, 98 %, 31 %, 630 MHz, 5000 MHz, 66.47 W, 77, P0
2026/09/30 08:12:07.979, Tesla T4, 10399 MiB, 4514 MiB, 15360 MiB, 100 %, 28 %, 660 MHz, 5000 MHz, 66.96 W, 77, P0
2026/09/30 08:12:08.492, Tesla T4, 10399 MiB, 4514 MiB, 15360 MiB, 97 %, 28 %, 615 MHz, 5000 MHz, 66.12 W, 77, P0
2026/09/30 08:12:09.006, Tesla T4, 10399 MiB, 4514 MiB, 15360 MiB, 100 %, 24 %, 630 MHz, 5000 MHz, 65.73 W, 77, P0
2026/09/30 08:12:09.542, Tesla T4, 10399 MiB, 4514 MiB, 15360 MiB, 88 %, 24 %, 630 MHz, 5000 MHz, 65.63 W, 77, P0
2026/09/30 08:12:10.067, Tesla T4, 10399 MiB, 4514 MiB, 15360 MiB, 100 %, 24 %, 660 MHz, 5000 MHz, 65.04 W, 77, P0
2026/09/30 08:12:10.589, Tesla T4, 10399 MiB, 4514 MiB, 15360 MiB, 100 %, 35 %, 540 MHz, 5000 MHz, 66.08 W, 77, P0
2026/09/30 08:12:11.125, Tesla T4, 10399 MiB, 4514 MiB, 15360 MiB, 80 %, 31 %, 570 MHz, 5000 MHz, 66.12 W, 77, P0
2026/09/30 08:12:11.647, Tesla T4, 10399 MiB, 4514 MiB, 15360 MiB, 94 %, 31 %, 675 MHz, 5000 MHz, 66.96 W, 77, P0
2026/09/30 08:12:12.175, Tesla T4, 10399 MiB, 4514 MiB, 15360 MiB, 100 %, 24 %, 660 MHz, 5000 MHz, 68.58 W, 77, P0
2026/09/30 08:12:12.687, Tesla T4, 10399 MiB, 4514 MiB, 15360 MiB, 100 %, 25 %, 660 MHz, 5000 MHz, 65.93 W, 77, P0
2026/09/30 08:12:13.199, Tesla T4, 10399 MiB, 4514 MiB, 15360 MiB, 97 %, 34 %, 615 MHz, 5000 MHz, 65.14 W, 77, P0
2026/09/30 08:12:13.714, Tesla T4, 10399 MiB, 4514 MiB, 15360 MiB, 100 %, 32 %, 600 MHz, 5000 MHz, 65.14 W, 77, P0
2026/09/30 08:12:14.229, Tesla T4, 10399 MiB, 4514 MiB, 15360 MiB, 93 %, 33 %, 630 MHz, 5000 MHz, 66.08 W, 77, P0
2026/09/30 08:12:14.740, Tesla T4, 10399 MiB, 4514 MiB, 15360 MiB, 100 %, 32 %, 630 MHz, 5000 MHz, 65.14 W, 77, P0
2026/09/30 08:12:15.259, Tesla T4, 10399 MiB, 4514 MiB, 15360 MiB, 100 %, 34 %, 720 MHz, 5000 MHz, 66.12 W, 77, P0
2026/09/30 08:12:15.798, Tesla T4, 10399 MiB, 4514 MiB, 15360 MiB, 98 %, 35 %, 705 MHz, 5000 MHz, 66.91 W, 77, P0
2026/09/30 08:12:16.393, Tesla T4, 10399 MiB, 4514 MiB, 15360 MiB, 100 %, 25 %, 705 MHz, 5000 MHz, 66.18 W, 77, P0
2026/09/30 08:12:16.907, Tesla T4, 10399 MiB, 4514 MiB, 15360 MiB, 92 %, 29 %, 750 MHz, 5000 MHz, 46.35 W, 77, P0
2026/09/30 08:12:17.424, Tesla T4, 10399 MiB, 4514 MiB, 15360 MiB, 100 %, 24 %, 660 MHz, 5000 MHz, 65.34 W, 77, P0
2026/09/30 08:12:17.941, Tesla T4, 10399 MiB, 4514 MiB, 15360 MiB, 97 %, 31 %, 585 MHz, 5000 MHz, 67.90 W, 77, P0
2026/09/30 08:12:18.452, Tesla T4, 10399 MiB, 4514 MiB, 15360 MiB, 98 %, 37 %, 555 MHz, 5000 MHz, 69.41 W, 77, P0
2026/09/30 08:12:18.963, Tesla T4, 10399 MiB, 4514 MiB, 15360 MiB, 97 %, 39 %, 630 MHz, 5000 MHz, 66.42 W, 77, P0
2026/09/30 08:12:19.480, Tesla T4, 10399 MiB, 4514 MiB, 15360 MiB, 92 %, 38 %, 675 MHz, 5000 MHz, 67.45 W, 77, P0
2026/09/30 08:12:19.991, Tesla T4, 10399 MiB, 4514 MiB, 15360 MiB, 100 %, 32 %, 630 MHz, 5000 MHz, 65.79 W, 77, P0
2026/09/30 08:12:20.502, Tesla T4, 10399 MiB, 4514 MiB, 15360 MiB, 100 %, 34 %, 840 MHz, 5000 MHz, 72.11 W, 77, P0
2026/09/30 08:12:21.025, Tesla T4, 10399 MiB, 4514 MiB, 15360 MiB, 100 %, 29 %, 540 MHz, 5000 MHz, 66.08 W, 77, P0
2026/09/30 08:12:21.538, Tesla T4, 10399 MiB, 4514 MiB, 15360 MiB, 95 %, 53 %, 600 MHz, 5000 MHz, 67.30 W, 77, P0
2026/09/30 08:12:22.055, Tesla T4, 10399 MiB, 4514 MiB, 15360 MiB, 97 %, 34 %, 645 MHz, 5000 MHz, 65.73 W, 77, P0
2026/09/30 08:12:22.585, Tesla T4, 10399 MiB, 4514 MiB, 15360 MiB, 100 %, 24 %, 690 MHz, 5000 MHz, 66.12 W, 77, P0
2026/09/30 08:12:23.129, Tesla T4, 10399 MiB, 4514 MiB, 15360 MiB, 97 %, 27 %, 705 MHz, 5000 MHz, 66.38 W, 77, P0
2026/09/30 08:12:23.667, Tesla T4, 10399 MiB, 4514 MiB, 15360 MiB, 94 %, 27 %, 645 MHz, 5000 MHz, 66.57 W, 77, P0
2026/09/30 08:12:24.199, Tesla T4, 10399 MiB, 4514 MiB, 15360 MiB, 98 %, 32 %, 705 MHz, 5000 MHz, 66.57 W, 77, P0
2026/09/30 08:12:24.725, Tesla T4, 10399 MiB, 4514 MiB, 15360 MiB, 100 %, 28 %, 630 MHz, 5000 MHz, 66.38 W, 77, P0
2026/09/30 08:12:25.249, Tesla T4, 10399 MiB, 4514 MiB, 15360 MiB, 97 %, 38 %, 570 MHz, 5000 MHz, 65.98 W, 77, P0
2026/09/30 08:12:25.768, Tesla T4, 10399 MiB, 4514 MiB, 15360 MiB, 93 %, 36 %, 585 MHz, 5000 MHz, 72.31 W, 77, P0
2026/09/30 08:12:26.291, Tesla T4, 10399 MiB, 4514 MiB, 15360 MiB, 98 %, 33 %, 585 MHz, 5000 MHz, 64.79 W, 77, P0
2026/09/30 08:12:26.803, Tesla T4, 10399 MiB, 4514 MiB, 15360 MiB, 90 %, 44 %, 630 MHz, 5000 MHz, 68.10 W, 77, P0
2026/09/30 08:12:27.314, Tesla T4, 10399 MiB, 4514 MiB, 15360 MiB, 96 %, 43 %, 615 MHz, 5000 MHz, 66.08 W, 77, P0
2026/09/30 08:12:27.832, Tesla T4, 10399 MiB, 4514 MiB, 15360 MiB, 100 %, 30 %, 600 MHz, 5000 MHz, 66.91 W, 77, P0
2026/09/30 08:12:28.343, Tesla T4, 10399 MiB, 4514 MiB, 15360 MiB, 100 %, 32 %, 585 MHz, 5000 MHz, 72.69 W, 77, P0
2026/09/30 08:12:28.856, Tesla T4, 10399 MiB, 4514 MiB, 15360 MiB, 100 %, 28 %, 705 MHz, 5000 MHz, 66.28 W, 77, P0
2026/09/30 08:12:29.369, Tesla T4, 10399 MiB, 4514 MiB, 15360 MiB, 100 %, 28 %, 615 MHz, 5000 MHz, 65.93 W, 77, P0
2026/09/30 08:12:29.886, Tesla T4, 10399 MiB, 4514 MiB, 15360 MiB, 100 %, 25 %, 690 MHz, 5000 MHz, 65.93 W, 77, P0
2026/09/30 08:12:30.399, Tesla T4, 10399 MiB, 4514 MiB, 15360 MiB, 93 %, 25 %, 660 MHz, 5000 MHz, 66.77 W, 77, P0
2026/09/30 08:12:30.915, Tesla T4, 10399 MiB, 4514 MiB, 15360 MiB, 98 %, 26 %, 690 MHz, 5000 MHz, 66.77 W, 77, P0
2026/09/30 08:12:31.426, Tesla T4, 10399 MiB, 4514 MiB, 15360 MiB, 95 %, 30 %, 600 MHz, 5000 MHz, 66.86 W, 77, P0
2026/09/30 08:12:31.943, Tesla T4, 10399 MiB, 4514 MiB, 15360 MiB, 100 %, 31 %, 630 MHz, 5000 MHz, 75.00 W, 77, P0
2026/09/30 08:12:32.456, Tesla T4, 10399 MiB, 4514 MiB, 15360 MiB, 100 %, 29 %, 855 MHz, 5000 MHz, 64.95 W, 77, P0
2026/09/30 08:12:32.967, Tesla T4, 10399 MiB, 4514 MiB, 15360 MiB, 100 %, 25 %, 675 MHz, 5000 MHz, 65.63 W, 77, P0
2026/09/30 08:12:33.484, Tesla T4, 10399 MiB, 4514 MiB, 15360 MiB, 100 %, 24 %, 690 MHz, 5000 MHz, 65.83 W, 77, P0
2026/09/30 08:12:33.996, Tesla T4, 10399 MiB, 4514 MiB, 15360 MiB, 97 %, 31 %, 675 MHz, 5000 MHz, 66.32 W, 77, P0
2026/09/30 08:12:34.509, Tesla T4, 10399 MiB, 4514 MiB, 15360 MiB, 98 %, 31 %, 585 MHz, 5000 MHz, 67.35 W, 77, P0
2026/09/30 08:12:35.021, Tesla T4, 10399 MiB, 4514 MiB, 15360 MiB, 100 %, 27 %, 660 MHz, 5000 MHz, 65.98 W, 77, P0
2026/09/30 08:12:35.545, Tesla T4, 10399 MiB, 4514 MiB, 15360 MiB, 96 %, 41 %, 645 MHz, 5000 MHz, 69.96 W, 77, P0
2026/09/30 08:12:36.077, Tesla T4, 10399 MiB, 4514 MiB, 15360 MiB, 93 %, 36 %, 690 MHz, 5000 MHz, 56.72 W, 77, P0
2026/09/30 08:12:36.602, Tesla T4, 10399 MiB, 4514 MiB, 15360 MiB, 88 %, 37 %, 630 MHz, 5000 MHz, 68.28 W, 77, P0
2026/09/30 08:12:37.130, Tesla T4, 10399 MiB, 4514 MiB, 15360 MiB, 87 %, 41 %, 600 MHz, 5000 MHz, 65.79 W, 77, P0
2026/09/30 08:12:37.660, Tesla T4, 10399 MiB, 4514 MiB, 15360 MiB, 100 %, 32 %, 525 MHz, 5000 MHz, 67.02 W, 77, P0
2026/09/30 08:12:38.172, Tesla T4, 10399 MiB, 4514 MiB, 15360 MiB, 100 %, 32 %, 630 MHz, 5000 MHz, 66.91 W, 77, P0
2026/09/30 08:12:38.689, Tesla T4, 10399 MiB, 4514 MiB, 15360 MiB, 100 %, 23 %, 750 MHz, 5000 MHz, 62.99 W, 77, P0
2026/09/30 08:12:39.202, Tesla T4, 10399 MiB, 4514 MiB, 15360 MiB, 100 %, 23 %, 750 MHz, 5000 MHz, 63.44 W, 77, P0
2026/09/30 08:12:39.718, Tesla T4, 10399 MiB, 4514 MiB, 15360 MiB, 100 %, 27 %, 615 MHz, 5000 MHz, 66.86 W, 77, P0
2026/09/30 08:12:40.230, Tesla T4, 10399 MiB, 4514 MiB, 15360 MiB, 100 %, 26 %, 615 MHz, 5000 MHz, 66.91 W, 77, P0
2026/09/30 08:12:40.749, Tesla T4, 10399 MiB, 4514 MiB, 15360 MiB, 92 %, 25 %, 690 MHz, 5000 MHz, 69.03 W, 77, P0
2026/09/30 08:12:41.261, Tesla T4, 10399 MiB, 4514 MiB, 15360 MiB, 100 %, 22 %, 690 MHz, 5000 MHz, 66.32 W, 77, P0
2026/09/30 08:12:41.772, Tesla T4, 10399 MiB, 4514 MiB, 15360 MiB, 98 %, 23 %, 630 MHz, 5000 MHz, 71.13 W, 77, P0
2026/09/30 08:12:42.289, Tesla T4, 10399 MiB, 4514 MiB, 15360 MiB, 100 %, 25 %, 600 MHz, 5000 MHz, 64.75 W, 77, P0
2026/09/30 08:12:42.800, Tesla T4, 10399 MiB, 4514 MiB, 15360 MiB, 100 %, 23 %, 555 MHz, 5000 MHz, 66.18 W, 77, P0
2026/09/30 08:12:43.316, Tesla T4, 10399 MiB, 4514 MiB, 15360 MiB, 0 %, 0 %, 1125 MHz, 5000 MHz, 35.78 W, 75, P0
2026/09/30 08:12:43.824, Tesla T4, 10399 MiB, 4514 MiB, 15360 MiB, 0 %, 0 %, 1125 MHz, 5000 MHz, 36.17 W, 75, P0
2026/09/30 08:12:44.336, Tesla T4, 10399 MiB, 4514 MiB, 15360 MiB, 0 %, 0 %, 1125 MHz, 5000 MHz, 35.50 W, 74, P0
