timestamp, name, memory.used [MiB], memory.free [MiB], memory.total [MiB], utilization.gpu [%], utilization.memory [%], clocks.current.sm [MHz], clocks.current.memory [MHz], power.draw [W], temperature.gpu, pstate
2026/09/30 08:28:38.538, Tesla T4, 0 MiB, 14913 MiB, 15360 MiB, 0 %, 0 %, 300 MHz, 405 MHz, 10.75 W, 43, P8
2026/09/30 08:28:39.062, Tesla T4, 0 MiB, 14913 MiB, 15360 MiB, 0 %, 0 %, 675 MHz, 5000 MHz, 27.43 W, 44, P0
2026/09/30 08:28:39.574, Tesla T4, 0 MiB, 14913 MiB, 15360 MiB, 0 %, 0 %, 675 MHz, 5000 MHz, 27.43 W, 45, P0
2026/09/30 08:28:40.083, Tesla T4, 0 MiB, 14913 MiB, 15360 MiB, 0 %, 0 %, 675 MHz, 5000 MHz, 27.53 W, 45, P0
2026/09/30 08:28:40.597, Tesla T4, 0 MiB, 14913 MiB, 15360 MiB, 0 %, 0 %, 675 MHz, 5000 MHz, 27.53 W, 45, P0
2026/09/30 08:28:41.107, Tesla T4, 0 MiB, 14913 MiB, 15360 MiB, 0 %, 0 %, 300 MHz, 405 MHz, 14.12 W, 44, P8
2026/09/30 08:28:41.634, Tesla T4, 0 MiB, 14913 MiB, 15360 MiB, 0 %, 0 %, 300 MHz, 405 MHz, 14.12 W, 44, P8
2026/09/30 08:28:42.161, Tesla T4, 3 MiB, 14910 MiB, 15360 MiB, 0 %, 0 %, 300 MHz, 405 MHz, 14.02 W, 44, P8
2026/09/30 08:28:42.690, Tesla T4, 3 MiB, 14910 MiB, 15360 MiB, 0 %, 0 %, 300 MHz, 405 MHz, 14.02 W, 44, P8
2026/09/30 08:28:43.218, Tesla T4, 3 MiB, 14910 MiB, 15360 MiB, 0 %, 0 %, 300 MHz, 405 MHz, 14.02 W, 44, P8
2026/09/30 08:28:43.745, Tesla T4, 3 MiB, 14910 MiB, 15360 MiB, 0 %, 0 %, 300 MHz, 405 MHz, 14.12 W, 44, P8
2026/09/30 08:28:44.260, Tesla T4, 3 MiB, 14910 MiB, 15360 MiB, 0 %, 0 %, 300 MHz, 405 MHz, 14.02 W, 44, P8
2026/09/30 08:28:44.776, Tesla T4, 3 MiB, 14910 MiB, 15360 MiB, 0 %, 0 %, 300 MHz, 405 MHz, 14.02 W, 44, P8
2026/09/30 08:28:45.291, Tesla T4, 3 MiB, 14910 MiB, 15360 MiB, 0 %, 0 %, 300 MHz, 405 MHz, 14.02 W, 44, P8
2026/09/30 08:28:45.806, Tesla T4, 3 MiB, 14910 MiB, 15360 MiB, 0 %, 0 %, 300 MHz, 405 MHz, 14.02 W, 44, P8
2026/09/30 08:28:46.321, Tesla T4, 3 MiB, 14910 MiB, 15360 MiB, 0 %, 0 %, 300 MHz, 405 MHz, 14.02 W, 44, P8
2026/09/30 08:28:46.836, Tesla T4, 3 MiB, 14910 MiB, 15360 MiB, 0 %, 0 %, 300 MHz, 405 MHz, 14.02 W, 44, P8
2026/09/30 08:28:47.351, Tesla T4, 3 MiB, 14910 MiB, 15360 MiB, 0 %, 0 %, 300 MHz, 405 MHz, 14.12 W, 44, P8
2026/09/30 08:28:47.866, Tesla T4, 3 MiB, 14910 MiB, 15360 MiB, 0 %, 0 %, 300 MHz, 405 MHz, 14.02 W, 44, P8
2026/09/30 08:28:48.382, Tesla T4, 3 MiB, 14910 MiB, 15360 MiB, 0 %, 0 %, 300 MHz, 405 MHz, 14.02 W, 44, P8
2026/09/30 08:28:48.897, Tesla T4, 3 MiB, 14910 MiB, 15360 MiB, 0 %, 0 %, 300 MHz, 405 MHz, 14.02 W, 44, P8
2026/09/30 08:28:49.411, Tesla T4, 3 MiB, 14910 MiB, 15360 MiB, 0 %, 0 %, 300 MHz, 405 MHz, 14.02 W, 44, P8
2026/09/30 08:28:49.926, Tesla T4, 3 MiB, 14910 MiB, 15360 MiB, 0 %, 0 %, 300 MHz, 405 MHz, 14.02 W, 44, P8
2026/09/30 08:28:50.441, Tesla T4, 13 MiB, 14900 MiB, 15360 MiB, 0 %, 0 %, 585 MHz, 5000 MHz, 26.74 W, 44, P0
2026/09/30 08:28:50.963, Tesla T4, 249 MiB, 14664 MiB, 15360 MiB, 20 %, 12 %, 645 MHz, 5000 MHz, 68.19 W, 48, P0
2026/09/30 08:28:51.474, Tesla T4, 599 MiB, 14314 MiB, 15360 MiB, 2 %, 0 %, 1425 MHz, 5000 MHz, 31.57 W, 46, P0
2026/09/30 08:28:51.983, Tesla T4, 599 MiB, 14314 MiB, 15360 MiB, 2 %, 0 %, 1425 MHz, 5000 MHz, 31.57 W, 46, P0
2026/09/30 08:28:52.490, Tesla T4, 599 MiB, 14314 MiB, 15360 MiB, 2 %, 0 %, 1425 MHz, 5000 MHz, 31.75 W, 46, P0
2026/09/30 08:28:52.997, Tesla T4, 601 MiB, 14312 MiB, 15360 MiB, 2 %, 0 %, 585 MHz, 5000 MHz, 27.63 W, 46, P0
2026/09/30 08:28:53.507, Tesla T4, 609 MiB, 14304 MiB, 15360 MiB, 0 %, 0 %, 585 MHz, 5000 MHz, 27.63 W, 46, P0
2026/09/30 08:28:54.018, Tesla T4, 609 MiB, 14304 MiB, 15360 MiB, 0 %, 0 %, 585 MHz, 5000 MHz, 27.63 W, 46, P0
2026/09/30 08:28:54.529, Tesla T4, 609 MiB, 14304 MiB, 15360 MiB, 0 %, 0 %, 585 MHz, 5000 MHz, 27.63 W, 46, P0
2026/09/30 08:28:55.039, Tesla T4, 609 MiB, 14304 MiB, 15360 MiB, 0 %, 0 %, 585 MHz, 5000 MHz, 27.63 W, 46, P0
2026/09/30 08:28:55.549, Tesla T4, 609 MiB, 14304 MiB, 15360 MiB, 0 %, 0 %, 585 MHz, 5000 MHz, 27.73 W, 46, P0
2026/09/30 08:28:56.060, Tesla T4, 609 MiB, 14304 MiB, 15360 MiB, 0 %, 0 %, 585 MHz, 5000 MHz, 27.63 W, 46, P0
2026/09/30 08:28:56.569, Tesla T4, 609 MiB, 14304 MiB, 15360 MiB, 0 %, 0 %, 585 MHz, 5000 MHz, 27.73 W, 46, P0
2026/09/30 08:28:57.080, Tesla T4, 611 MiB, 14302 MiB, 15360 MiB, 0 %, 0 %, 585 MHz, 5000 MHz, 27.73 W, 46, P0
2026/09/30 08:28:57.589, Tesla T4, 611 MiB, 14302 MiB, 15360 MiB, 0 %, 0 %, 585 MHz, 5000 MHz, 27.73 W, 46, P0
2026/09/30 08:28:58.097, Tesla T4, 611 MiB, 14302 MiB, 15360 MiB, 0 %, 0 %, 585 MHz, 5000 MHz, 27.73 W, 46, P0
2026/09/30 08:28:58.607, Tesla T4, 611 MiB, 14302 MiB, 15360 MiB, 0 %, 0 %, 585 MHz, 5000 MHz, 27.73 W, 47, P0
2026/09/30 08:28:59.117, Tesla T4, 611 MiB, 14302 MiB, 15360 MiB, 0 %, 0 %, 585 MHz, 5000 MHz, 27.73 W, 47, P0
2026/09/30 08:28:59.628, Tesla T4, 611 MiB, 14302 MiB, 15360 MiB, 0 %, 0 %, 585 MHz, 5000 MHz, 27.83 W, 47, P0
2026/09/30 08:29:00.137, Tesla T4, 611 MiB, 14302 MiB, 15360 MiB, 0 %, 0 %, 585 MHz, 5000 MHz, 27.73 W, 47, P0
2026/09/30 08:29:00.648, Tesla T4, 613 MiB, 14300 MiB, 15360 MiB, 0 %, 0 %, 585 MHz, 5000 MHz, 27.83 W, 47, P0
2026/09/30 08:29:01.183, Tesla T4, 613 MiB, 14300 MiB, 15360 MiB, 0 %, 0 %, 585 MHz, 5000 MHz, 28.03 W, 47, P0
2026/09/30 08:29:01.703, Tesla T4, 613 MiB, 14300 MiB, 15360 MiB, 0 %, 0 %, 585 MHz, 5000 MHz, 27.83 W, 47, P0
2026/09/30 08:29:02.214, Tesla T4, 613 MiB, 14300 MiB, 15360 MiB, 0 %, 0 %, 585 MHz, 5000 MHz, 27.83 W, 47, P0
2026/09/30 08:29:02.723, Tesla T4, 613 MiB, 14300 MiB, 15360 MiB, 0 %, 0 %, 585 MHz, 5000 MHz, 27.83 W, 47, P0
2026/09/30 08:29:03.232, Tesla T4, 613 MiB, 14300 MiB, 15360 MiB, 0 %, 0 %, 585 MHz, 5000 MHz, 27.83 W, 47, P0
2026/09/30 08:29:03.742, Tesla T4, 613 MiB, 14300 MiB, 15360 MiB, 0 %, 0 %, 585 MHz, 5000 MHz, 27.83 W, 47, P0
2026/09/30 08:29:04.251, Tesla T4, 615 MiB, 14298 MiB, 15360 MiB, 0 %, 0 %, 585 MHz, 5000 MHz, 27.83 W, 47, P0
2026/09/30 08:29:04.769, Tesla T4, 615 MiB, 14298 MiB, 15360 MiB, 0 %, 0 %, 585 MHz, 5000 MHz, 27.93 W, 47, P0
2026/09/30 08:29:05.278, Tesla T4, 825 MiB, 14088 MiB, 15360 MiB, 0 %, 0 %, 585 MHz, 5000 MHz, 27.93 W, 47, P0
2026/09/30 08:29:05.788, Tesla T4, 825 MiB, 14088 MiB, 15360 MiB, 0 %, 0 %, 585 MHz, 5000 MHz, 27.93 W, 48, P0
2026/09/30 08:29:06.312, Tesla T4, 825 MiB, 14088 MiB, 15360 MiB, 0 %, 0 %, 585 MHz, 5000 MHz, 27.93 W, 48, P0
2026/09/30 08:29:06.839, Tesla T4, 825 MiB, 14088 MiB, 15360 MiB, 0 %, 0 %, 585 MHz, 5000 MHz, 27.93 W, 48, P0
2026/09/30 08:29:07.359, Tesla T4, 825 MiB, 14088 MiB, 15360 MiB, 0 %, 0 %, 585 MHz, 5000 MHz, 27.93 W, 48, P0
2026/09/30 08:29:07.877, Tesla T4, 825 MiB, 14088 MiB, 15360 MiB, 0 %, 0 %, 585 MHz, 5000 MHz, 27.93 W, 48, P0
2026/09/30 08:29:08.417, Tesla T4, 825 MiB, 14088 MiB, 15360 MiB, 0 %, 0 %, 585 MHz, 5000 MHz, 27.91 W, 48, P0
2026/09/30 08:29:08.946, Tesla T4, 825 MiB, 14088 MiB, 15360 MiB, 0 %, 0 %, 585 MHz, 5000 MHz, 27.91 W, 48, P0
2026/09/30 08:29:09.467, Tesla T4, 825 MiB, 14088 MiB, 15360 MiB, 0 %, 0 %, 585 MHz, 5000 MHz, 28.01 W, 48, P0
2026/09/30 08:29:09.986, Tesla T4, 825 MiB, 14088 MiB, 15360 MiB, 0 %, 0 %, 585 MHz, 5000 MHz, 27.91 W, 48, P0
2026/09/30 08:29:10.505, Tesla T4, 825 MiB, 14088 MiB, 15360 MiB, 0 %, 0 %, 585 MHz, 5000 MHz, 27.91 W, 48, P0
2026/09/30 08:29:11.014, Tesla T4, 825 MiB, 14088 MiB, 15360 MiB, 0 %, 0 %, 585 MHz, 5000 MHz, 28.31 W, 48, P0
2026/09/30 08:29:11.524, Tesla T4, 825 MiB, 14088 MiB, 15360 MiB, 0 %, 0 %, 585 MHz, 5000 MHz, 28.01 W, 48, P0
2026/09/30 08:29:12.033, Tesla T4, 833 MiB, 14080 MiB, 15360 MiB, 0 %, 0 %, 585 MHz, 5000 MHz, 28.01 W, 48, P0
2026/09/30 08:29:12.543, Tesla T4, 835 MiB, 14078 MiB, 15360 MiB, 1 %, 0 %, 585 MHz, 5000 MHz, 28.01 W, 48, P0
2026/09/30 08:29:13.052, Tesla T4, 835 MiB, 14078 MiB, 15360 MiB, 0 %, 0 %, 585 MHz, 5000 MHz, 28.01 W, 49, P0
2026/09/30 08:29:13.561, Tesla T4, 835 MiB, 14078 MiB, 15360 MiB, 0 %, 0 %, 585 MHz, 5000 MHz, 28.01 W, 48, P0
2026/09/30 08:29:14.071, Tesla T4, 859 MiB, 14054 MiB, 15360 MiB, 0 %, 0 %, 585 MHz, 5000 MHz, 28.41 W, 48, P0
2026/09/30 08:29:14.581, Tesla T4, 3829 MiB, 11084 MiB, 15360 MiB, 100 %, 58 %, 1380 MHz, 5000 MHz, 60.48 W, 51, P0
2026/09/30 08:29:15.088, Tesla T4, 5975 MiB, 8938 MiB, 15360 MiB, 100 %, 62 %, 1335 MHz, 5000 MHz, 57.21 W, 52, P0
2026/09/30 08:29:15.595, Tesla T4, 5987 MiB, 8926 MiB, 15360 MiB, 100 %, 69 %, 1020 MHz, 5000 MHz, 71.53 W, 53, P0
2026/09/30 08:29:16.107, Tesla T4, 8695 MiB, 6218 MiB, 15360 MiB, 100 %, 56 %, 870 MHz, 5000 MHz, 68.49 W, 53, P0
2026/09/30 08:29:16.623, Tesla T4, 11401 MiB, 3512 MiB, 15360 MiB, 100 %, 57 %, 870 MHz, 5000 MHz, 68.49 W, 53, P0
2026/09/30 08:29:17.137, Tesla T4, 11401 MiB, 3512 MiB, 15360 MiB, 100 %, 71 %, 1035 MHz, 5000 MHz, 63.08 W, 54, P0
2026/09/30 08:29:17.649, Tesla T4, 11401 MiB, 3512 MiB, 15360 MiB, 100 %, 66 %, 1320 MHz, 5000 MHz, 61.74 W, 54, P0
2026/09/30 08:29:18.160, Tesla T4, 11405 MiB, 3508 MiB, 15360 MiB, 100 %, 61 %, 825 MHz, 5000 MHz, 67.61 W, 54, P0
2026/09/30 08:29:18.678, Tesla T4, 11405 MiB, 3508 MiB, 15360 MiB, 100 %, 75 %, 1080 MHz, 5000 MHz, 64.22 W, 55, P0
2026/09/30 08:29:19.190, Tesla T4, 11405 MiB, 3508 MiB, 15360 MiB, 100 %, 63 %, 1260 MHz, 5000 MHz, 56.29 W, 55, P0
2026/09/30 08:29:19.699, Tesla T4, 11405 MiB, 3508 MiB, 15360 MiB, 98 %, 86 %, 1020 MHz, 5000 MHz, 68.35 W, 55, P0
2026/09/30 08:29:20.216, Tesla T4, 11421 MiB, 3492 MiB, 15360 MiB, 56 %, 42 %, 765 MHz, 5000 MHz, 68.29 W, 55, P0
2026/09/30 08:29:20.729, Tesla T4, 5407 MiB, 9506 MiB, 15360 MiB, 99 %, 36 %, 1575 MHz, 5000 MHz, 35.76 W, 54, P0
2026/09/30 08:29:21.309, Tesla T4, 10033 MiB, 4880 MiB, 15360 MiB, 100 %, 56 %, 750 MHz, 5000 MHz, 69.56 W, 56, P0
2026/09/30 08:29:21.843, Tesla T4, 10033 MiB, 4880 MiB, 15360 MiB, 97 %, 100 %, 675 MHz, 5000 MHz, 92.56 W, 56, P0
2026/09/30 08:29:22.365, Tesla T4, 10035 MiB, 4878 MiB, 15360 MiB, 100 %, 72 %, 1035 MHz, 5000 MHz, 70.06 W, 56, P0
2026/09/30 08:29:22.878, Tesla T4, 10037 MiB, 4876 MiB, 15360 MiB, 100 %, 72 %, 945 MHz, 5000 MHz, 61.81 W, 56, P0
2026/09/30 08:29:23.406, Tesla T4, 10047 MiB, 4866 MiB, 15360 MiB, 100 %, 65 %, 870 MHz, 5000 MHz, 69.02 W, 57, P0
2026/09/30 08:29:23.923, Tesla T4, 10047 MiB, 4866 MiB, 15360 MiB, 100 %, 81 %, 990 MHz, 5000 MHz, 64.71 W, 57, P0
2026/09/30 08:29:24.449, Tesla T4, 10047 MiB, 4866 MiB, 15360 MiB, 100 %, 58 %, 900 MHz, 5000 MHz, 68.11 W, 57, P0
2026/09/30 08:29:24.963, Tesla T4, 10047 MiB, 4866 MiB, 15360 MiB, 100 %, 65 %, 855 MHz, 5000 MHz, 67.96 W, 57, P0
2026/09/30 08:29:25.488, Tesla T4, 10047 MiB, 4866 MiB, 15360 MiB, 100 %, 74 %, 1020 MHz, 5000 MHz, 71.96 W, 57, P0
2026/09/30 08:29:25.999, Tesla T4, 10047 MiB, 4866 MiB, 15360 MiB, 100 %, 66 %, 1140 MHz, 5000 MHz, 64.36 W, 58, P0
2026/09/30 08:29:26.531, Tesla T4, 13917 MiB, 996 MiB, 15360 MiB, 100 %, 56 %, 840 MHz, 5000 MHz, 67.70 W, 58, P0
2026/09/30 08:29:27.049, Tesla T4, 13917 MiB, 996 MiB, 15360 MiB, 100 %, 57 %, 825 MHz, 5000 MHz, 67.57 W, 58, P0
2026/09/30 08:29:27.577, Tesla T4, 11299 MiB, 3614 MiB, 15360 MiB, 100 %, 29 %, 1425 MHz, 5000 MHz, 41.72 W, 58, P0
2026/09/30 08:29:28.101, Tesla T4, 11299 MiB, 3614 MiB, 15360 MiB, 100 %, 74 %, 1020 MHz, 5000 MHz, 68.54 W, 59, P0
2026/09/30 08:29:28.621, Tesla T4, 11299 MiB, 3614 MiB, 15360 MiB, 100 %, 60 %, 930 MHz, 5000 MHz, 68.15 W, 59, P0
2026/09/30 08:29:29.136, Tesla T4, 11305 MiB, 3608 MiB, 15360 MiB, 85 %, 56 %, 765 MHz, 5000 MHz, 66.43 W, 59, P0
2026/09/30 08:29:29.655, Tesla T4, 11305 MiB, 3608 MiB, 15360 MiB, 100 %, 50 %, 810 MHz, 5000 MHz, 66.82 W, 59, P0
2026/09/30 08:29:30.169, Tesla T4, 11305 MiB, 3608 MiB, 15360 MiB, 100 %, 77 %, 1425 MHz, 5000 MHz, 66.92 W, 59, P0
2026/09/30 08:29:30.692, Tesla T4, 11305 MiB, 3608 MiB, 15360 MiB, 100 %, 58 %, 960 MHz, 5000 MHz, 67.45 W, 60, P0
2026/09/30 08:29:31.205, Tesla T4, 11305 MiB, 3608 MiB, 15360 MiB, 96 %, 58 %, 780 MHz, 5000 MHz, 69.56 W, 60, P0
2026/09/30 08:29:31.724, Tesla T4, 11305 MiB, 3608 MiB, 15360 MiB, 100 %, 63 %, 795 MHz, 5000 MHz, 68.19 W, 60, P0
2026/09/30 08:29:32.237, Tesla T4, 11305 MiB, 3608 MiB, 15360 MiB, 98 %, 100 %, 885 MHz, 5000 MHz, 89.08 W, 60, P0
2026/09/30 08:29:32.749, Tesla T4, 11305 MiB, 3608 MiB, 15360 MiB, 100 %, 67 %, 1020 MHz, 5000 MHz, 70.36 W, 60, P0
2026/09/30 08:29:33.268, Tesla T4, 11305 MiB, 3608 MiB, 15360 MiB, 100 %, 41 %, 1575 MHz, 5000 MHz, 67.29 W, 60, P0
2026/09/30 08:29:33.784, Tesla T4, 11307 MiB, 3606 MiB, 15360 MiB, 91 %, 57 %, 750 MHz, 5000 MHz, 66.86 W, 61, P0
2026/09/30 08:29:34.311, Tesla T4, 11309 MiB, 3604 MiB, 15360 MiB, 100 %, 69 %, 630 MHz, 5000 MHz, 68.10 W, 60, P0
2026/09/30 08:29:34.862, Tesla T4, 11309 MiB, 3604 MiB, 15360 MiB, 100 %, 69 %, 990 MHz, 5000 MHz, 65.41 W, 61, P0
2026/09/30 08:29:35.385, Tesla T4, 11309 MiB, 3604 MiB, 15360 MiB, 100 %, 58 %, 765 MHz, 5000 MHz, 67.41 W, 61, P0
2026/09/30 08:29:35.926, Tesla T4, 11309 MiB, 3604 MiB, 15360 MiB, 100 %, 58 %, 1050 MHz, 5000 MHz, 58.91 W, 61, P0
2026/09/30 08:29:36.476, Tesla T4, 11309 MiB, 3604 MiB, 15360 MiB, 100 %, 64 %, 945 MHz, 5000 MHz, 72.85 W, 62, P0
2026/09/30 08:29:36.992, Tesla T4, 11309 MiB, 3604 MiB, 15360 MiB, 100 %, 54 %, 1245 MHz, 5000 MHz, 66.39 W, 62, P0
2026/09/30 08:29:37.502, Tesla T4, 11309 MiB, 3604 MiB, 15360 MiB, 99 %, 87 %, 960 MHz, 5000 MHz, 69.37 W, 62, P0
2026/09/30 08:29:38.024, Tesla T4, 13347 MiB, 1566 MiB, 15360 MiB, 100 %, 56 %, 795 MHz, 5000 MHz, 71.92 W, 62, P0
2026/09/30 08:29:38.536, Tesla T4, 6299 MiB, 8614 MiB, 15360 MiB, 99 %, 28 %, 1515 MHz, 5000 MHz, 90.09 W, 63, P0
2026/09/30 08:29:39.066, Tesla T4, 11393 MiB, 3520 MiB, 15360 MiB, 100 %, 56 %, 720 MHz, 5000 MHz, 65.20 W, 62, P0
2026/09/30 08:29:39.582, Tesla T4, 11393 MiB, 3520 MiB, 15360 MiB, 98 %, 100 %, 525 MHz, 5000 MHz, 104.12 W, 63, P0
2026/09/30 08:29:40.118, Tesla T4, 11393 MiB, 3520 MiB, 15360 MiB, 100 %, 65 %, 945 MHz, 5000 MHz, 68.74 W, 63, P0
2026/09/30 08:29:40.634, Tesla T4, 11393 MiB, 3520 MiB, 15360 MiB, 100 %, 65 %, 945 MHz, 5000 MHz, 70.16 W, 63, P0
2026/09/30 08:29:41.150, Tesla T4, 11397 MiB, 3516 MiB, 15360 MiB, 100 %, 60 %, 960 MHz, 5000 MHz, 67.61 W, 63, P0
2026/09/30 08:29:41.667, Tesla T4, 11397 MiB, 3516 MiB, 15360 MiB, 99 %, 78 %, 960 MHz, 5000 MHz, 65.22 W, 63, P0
2026/09/30 08:29:42.183, Tesla T4, 11397 MiB, 3516 MiB, 15360 MiB, 86 %, 49 %, 1500 MHz, 5000 MHz, 106.52 W, 64, P0
2026/09/30 08:29:42.703, Tesla T4, 11397 MiB, 3516 MiB, 15360 MiB, 98 %, 78 %, 975 MHz, 5000 MHz, 67.65 W, 64, P0
2026/09/30 08:29:43.220, Tesla T4, 11399 MiB, 3514 MiB, 15360 MiB, 100 %, 55 %, 750 MHz, 5000 MHz, 66.59 W, 64, P0
2026/09/30 08:29:43.738, Tesla T4, 11399 MiB, 3514 MiB, 15360 MiB, 98 %, 88 %, 1005 MHz, 5000 MHz, 68.44 W, 64, P0
2026/09/30 08:29:44.254, Tesla T4, 11399 MiB, 3514 MiB, 15360 MiB, 100 %, 66 %, 720 MHz, 5000 MHz, 67.31 W, 64, P0
2026/09/30 08:29:44.774, Tesla T4, 11399 MiB, 3514 MiB, 15360 MiB, 100 %, 67 %, 765 MHz, 5000 MHz, 67.26 W, 64, P0
2026/09/30 08:29:45.289, Tesla T4, 11399 MiB, 3514 MiB, 15360 MiB, 100 %, 64 %, 1005 MHz, 5000 MHz, 69.56 W, 64, P0
2026/09/30 08:29:45.803, Tesla T4, 11399 MiB, 3514 MiB, 15360 MiB, 98 %, 64 %, 720 MHz, 5000 MHz, 80.32 W, 65, P0
2026/09/30 08:29:46.319, Tesla T4, 11399 MiB, 3514 MiB, 15360 MiB, 100 %, 65 %, 750 MHz, 5000 MHz, 67.12 W, 65, P0
2026/09/30 08:29:46.844, Tesla T4, 11399 MiB, 3514 MiB, 15360 MiB, 97 %, 100 %, 840 MHz, 5000 MHz, 63.99 W, 65, P0
2026/09/30 08:29:47.374, Tesla T4, 11399 MiB, 3514 MiB, 15360 MiB, 100 %, 63 %, 855 MHz, 5000 MHz, 62.95 W, 64, P0
2026/09/30 08:29:47.901, Tesla T4, 11399 MiB, 3514 MiB, 15360 MiB, 100 %, 51 %, 690 MHz, 5000 MHz, 64.81 W, 65, P0
2026/09/30 08:29:48.425, Tesla T4, 11399 MiB, 3514 MiB, 15360 MiB, 100 %, 54 %, 675 MHz, 5000 MHz, 64.91 W, 65, P0
2026/09/30 08:29:48.956, Tesla T4, 11399 MiB, 3514 MiB, 15360 MiB, 97 %, 100 %, 1395 MHz, 5000 MHz, 62.85 W, 65, P0
2026/09/30 08:29:49.489, Tesla T4, 11399 MiB, 3514 MiB, 15360 MiB, 100 %, 62 %, 825 MHz, 5000 MHz, 63.05 W, 66, P0
2026/09/30 08:29:50.003, Tesla T4, 11399 MiB, 3514 MiB, 15360 MiB, 100 %, 61 %, 885 MHz, 5000 MHz, 62.26 W, 66, P0
2026/09/30 08:29:50.514, Tesla T4, 13773 MiB, 1140 MiB, 15360 MiB, 100 %, 51 %, 825 MHz, 5000 MHz, 68.44 W, 66, P0
2026/09/30 08:29:51.032, Tesla T4, 6991 MiB, 7922 MiB, 15360 MiB, 100 %, 40 %, 1575 MHz, 5000 MHz, 42.09 W, 66, P0
2026/09/30 08:29:51.551, Tesla T4, 12929 MiB, 1984 MiB, 15360 MiB, 100 %, 49 %, 840 MHz, 5000 MHz, 65.49 W, 66, P0
2026/09/30 08:29:52.068, Tesla T4, 12929 MiB, 1984 MiB, 15360 MiB, 100 %, 52 %, 1305 MHz, 5000 MHz, 61.81 W, 66, P0
2026/09/30 08:29:52.593, Tesla T4, 12929 MiB, 1984 MiB, 15360 MiB, 100 %, 55 %, 945 MHz, 5000 MHz, 70.01 W, 66, P0
2026/09/30 08:29:53.104, Tesla T4, 12929 MiB, 1984 MiB, 15360 MiB, 100 %, 61 %, 930 MHz, 5000 MHz, 70.75 W, 67, P0
2026/09/30 08:29:53.623, Tesla T4, 12929 MiB, 1984 MiB, 15360 MiB, 100 %, 60 %, 975 MHz, 5000 MHz, 70.06 W, 67, P0
2026/09/30 08:29:54.136, Tesla T4, 12929 MiB, 1984 MiB, 15360 MiB, 96 %, 51 %, 765 MHz, 5000 MHz, 68.84 W, 67, P0
2026/09/30 08:29:54.652, Tesla T4, 12929 MiB, 1984 MiB, 15360 MiB, 100 %, 55 %, 1080 MHz, 5000 MHz, 51.81 W, 67, P0
2026/09/30 08:29:55.168, Tesla T4, 12929 MiB, 1984 MiB, 15360 MiB, 100 %, 51 %, 720 MHz, 5000 MHz, 69.13 W, 67, P0
2026/09/30 08:29:55.680, Tesla T4, 12929 MiB, 1984 MiB, 15360 MiB, 98 %, 100 %, 1485 MHz, 5000 MHz, 67.21 W, 68, P0
2026/09/30 08:29:56.202, Tesla T4, 12929 MiB, 1984 MiB, 15360 MiB, 100 %, 62 %, 915 MHz, 5000 MHz, 63.77 W, 67, P0
2026/09/30 08:29:56.713, Tesla T4, 12929 MiB, 1984 MiB, 15360 MiB, 100 %, 65 %, 840 MHz, 5000 MHz, 68.98 W, 67, P0
2026/09/30 08:29:57.229, Tesla T4, 12935 MiB, 1978 MiB, 15360 MiB, 100 %, 54 %, 705 MHz, 5000 MHz, 65.30 W, 68, P0
2026/09/30 08:29:57.744, Tesla T4, 12935 MiB, 1978 MiB, 15360 MiB, 100 %, 61 %, 750 MHz, 5000 MHz, 66.29 W, 68, P0
2026/09/30 08:29:58.262, Tesla T4, 12935 MiB, 1978 MiB, 15360 MiB, 100 %, 70 %, 945 MHz, 5000 MHz, 68.19 W, 68, P0
2026/09/30 08:29:58.775, Tesla T4, 12935 MiB, 1978 MiB, 15360 MiB, 100 %, 63 %, 1425 MHz, 5000 MHz, 68.35 W, 68, P0
2026/09/30 08:29:59.286, Tesla T4, 12935 MiB, 1978 MiB, 15360 MiB, 100 %, 52 %, 765 MHz, 5000 MHz, 68.93 W, 68, P0
2026/09/30 08:29:59.808, Tesla T4, 12935 MiB, 1978 MiB, 15360 MiB, 100 %, 75 %, 645 MHz, 5000 MHz, 64.85 W, 68, P0
2026/09/30 08:30:00.335, Tesla T4, 12935 MiB, 1978 MiB, 15360 MiB, 100 %, 49 %, 1080 MHz, 5000 MHz, 60.63 W, 68, P0
2026/09/30 08:30:00.888, Tesla T4, 12935 MiB, 1978 MiB, 15360 MiB, 100 %, 60 %, 870 MHz, 5000 MHz, 68.88 W, 69, P0
2026/09/30 08:30:01.405, Tesla T4, 12935 MiB, 1978 MiB, 15360 MiB, 100 %, 62 %, 840 MHz, 5000 MHz, 62.83 W, 69, P0
2026/09/30 08:30:01.943, Tesla T4, 12935 MiB, 1978 MiB, 15360 MiB, 91 %, 52 %, 930 MHz, 5000 MHz, 68.74 W, 69, P0
2026/09/30 08:30:02.484, Tesla T4, 12935 MiB, 1978 MiB, 15360 MiB, 100 %, 60 %, 1125 MHz, 5000 MHz, 58.97 W, 69, P0
2026/09/30 08:30:03.008, Tesla T4, 12935 MiB, 1978 MiB, 15360 MiB, 100 %, 63 %, 735 MHz, 5000 MHz, 60.38 W, 69, P0
2026/09/30 08:30:03.521, Tesla T4, 12935 MiB, 1978 MiB, 15360 MiB, 100 %, 60 %, 735 MHz, 5000 MHz, 67.90 W, 69, P0
2026/09/30 08:30:04.035, Tesla T4, 12935 MiB, 1978 MiB, 15360 MiB, 98 %, 100 %, 930 MHz, 5000 MHz, 66.57 W, 70, P0
2026/09/30 08:30:04.551, Tesla T4, 12935 MiB, 1978 MiB, 15360 MiB, 96 %, 63 %, 780 MHz, 5000 MHz, 69.91 W, 70, P0
2026/09/30 08:30:05.065, Tesla T4, 12935 MiB, 1978 MiB, 15360 MiB, 100 %, 63 %, 765 MHz, 5000 MHz, 65.40 W, 70, P0
2026/09/30 08:30:05.582, Tesla T4, 12935 MiB, 1978 MiB, 15360 MiB, 100 %, 66 %, 840 MHz, 5000 MHz, 66.29 W, 70, P0
2026/09/30 08:30:06.096, Tesla T4, 12935 MiB, 1978 MiB, 15360 MiB, 97 %, 58 %, 675 MHz, 5000 MHz, 64.77 W, 70, P0
2026/09/30 08:30:06.608, Tesla T4, 12935 MiB, 1978 MiB, 15360 MiB, 100 %, 55 %, 720 MHz, 5000 MHz, 67.70 W, 70, P0
2026/09/30 08:30:07.124, Tesla T4, 12935 MiB, 1978 MiB, 15360 MiB, 100 %, 74 %, 795 MHz, 5000 MHz, 66.77 W, 70, P0
2026/09/30 08:30:07.637, Tesla T4, 12935 MiB, 1978 MiB, 15360 MiB, 96 %, 34 %, 1245 MHz, 5000 MHz, 68.47 W, 70, P0
2026/09/30 08:30:08.146, Tesla T4, 12935 MiB, 1978 MiB, 15360 MiB, 98 %, 57 %, 1425 MHz, 5000 MHz, 63.67 W, 71, P0
2026/09/30 08:30:08.666, Tesla T4, 12935 MiB, 1978 MiB, 15360 MiB, 100 %, 58 %, 885 MHz, 5000 MHz, 78.47 W, 70, P0
2026/09/30 08:30:09.183, Tesla T4, 12935 MiB, 1978 MiB, 15360 MiB, 96 %, 58 %, 675 MHz, 5000 MHz, 62.16 W, 71, P0
2026/09/30 08:30:09.700, Tesla T4, 12935 MiB, 1978 MiB, 15360 MiB, 100 %, 53 %, 600 MHz, 5000 MHz, 69.28 W, 71, P0
2026/09/30 08:30:10.213, Tesla T4, 12935 MiB, 1978 MiB, 15360 MiB, 100 %, 52 %, 720 MHz, 5000 MHz, 68.54 W, 71, P0
2026/09/30 08:30:10.732, Tesla T4, 12935 MiB, 1978 MiB, 15360 MiB, 100 %, 75 %, 1290 MHz, 5000 MHz, 72.31 W, 71, P0
2026/09/30 08:30:11.260, Tesla T4, 12935 MiB, 1978 MiB, 15360 MiB, 100 %, 59 %, 840 MHz, 5000 MHz, 63.57 W, 71, P0
2026/09/30 08:30:11.778, Tesla T4, 12935 MiB, 1978 MiB, 15360 MiB, 100 %, 60 %, 855 MHz, 5000 MHz, 69.37 W, 71, P0
2026/09/30 08:30:12.298, Tesla T4, 12953 MiB, 1960 MiB, 15360 MiB, 98 %, 23 %, 1575 MHz, 5000 MHz, 65.59 W, 71, P0
2026/09/30 08:30:12.812, Tesla T4, 12957 MiB, 1956 MiB, 15360 MiB, 98 %, 46 %, 645 MHz, 5000 MHz, 88.88 W, 72, P0
2026/09/30 08:30:13.353, Tesla T4, 12957 MiB, 1956 MiB, 15360 MiB, 100 %, 61 %, 705 MHz, 5000 MHz, 67.31 W, 72, P0
2026/09/30 08:30:13.886, Tesla T4, 12957 MiB, 1956 MiB, 15360 MiB, 100 %, 62 %, 825 MHz, 5000 MHz, 65.24 W, 72, P0
2026/09/30 08:30:14.424, Tesla T4, 12957 MiB, 1956 MiB, 15360 MiB, 92 %, 54 %, 660 MHz, 5000 MHz, 65.94 W, 72, P0
2026/09/30 08:30:14.976, Tesla T4, 12957 MiB, 1956 MiB, 15360 MiB, 100 %, 52 %, 525 MHz, 5000 MHz, 66.29 W, 72, P0
2026/09/30 08:30:15.508, Tesla T4, 12957 MiB, 1956 MiB, 15360 MiB, 100 %, 67 %, 900 MHz, 5000 MHz, 65.79 W, 72, P0
2026/09/30 08:30:16.022, Tesla T4, 12957 MiB, 1956 MiB, 15360 MiB, 96 %, 55 %, 705 MHz, 5000 MHz, 66.53 W, 72, P0
2026/09/30 08:30:16.538, Tesla T4, 12957 MiB, 1956 MiB, 15360 MiB, 100 %, 66 %, 675 MHz, 5000 MHz, 65.20 W, 73, P0
2026/09/30 08:30:17.055, Tesla T4, 12957 MiB, 1956 MiB, 15360 MiB, 100 %, 51 %, 1335 MHz, 5000 MHz, 61.22 W, 73, P0
2026/09/30 08:30:17.571, Tesla T4, 12957 MiB, 1956 MiB, 15360 MiB, 100 %, 59 %, 885 MHz, 5000 MHz, 68.74 W, 73, P0
2026/09/30 08:30:18.092, Tesla T4, 12957 MiB, 1956 MiB, 15360 MiB, 85 %, 49 %, 555 MHz, 5000 MHz, 104.64 W, 73, P0
2026/09/30 08:30:18.605, Tesla T4, 12957 MiB, 1956 MiB, 15360 MiB, 100 %, 49 %, 720 MHz, 5000 MHz, 69.42 W, 73, P0
2026/09/30 08:30:19.123, Tesla T4, 12957 MiB, 1956 MiB, 15360 MiB, 100 %, 51 %, 600 MHz, 5000 MHz, 65.36 W, 73, P0
2026/09/30 08:30:19.636, Tesla T4, 12957 MiB, 1956 MiB, 15360 MiB, 100 %, 63 %, 1140 MHz, 5000 MHz, 63.48 W, 73, P0
2026/09/30 08:30:20.155, Tesla T4, 12957 MiB, 1956 MiB, 15360 MiB, 100 %, 61 %, 825 MHz, 5000 MHz, 64.55 W, 73, P0
2026/09/30 08:30:20.673, Tesla T4, 12957 MiB, 1956 MiB, 15360 MiB, 100 %, 60 %, 855 MHz, 5000 MHz, 64.32 W, 74, P0
2026/09/30 08:30:21.196, Tesla T4, 12957 MiB, 1956 MiB, 15360 MiB, 96 %, 49 %, 645 MHz, 5000 MHz, 66.78 W, 74, P0
2026/09/30 08:30:21.709, Tesla T4, 12957 MiB, 1956 MiB, 15360 MiB, 100 %, 61 %, 660 MHz, 5000 MHz, 67.66 W, 74, P0
2026/09/30 08:30:22.223, Tesla T4, 12957 MiB, 1956 MiB, 15360 MiB, 99 %, 82 %, 720 MHz, 5000 MHz, 66.18 W, 74, P0
2026/09/30 08:30:22.739, Tesla T4, 12957 MiB, 1956 MiB, 15360 MiB, 100 %, 55 %, 750 MHz, 5000 MHz, 67.21 W, 74, P0
2026/09/30 08:30:23.252, Tesla T4, 12957 MiB, 1956 MiB, 15360 MiB, 100 %, 48 %, 570 MHz, 5000 MHz, 65.30 W, 74, P0
2026/09/30 08:30:23.768, Tesla T4, 12957 MiB, 1956 MiB, 15360 MiB, 100 %, 47 %, 570 MHz, 5000 MHz, 65.65 W, 74, P0
2026/09/30 08:30:24.282, Tesla T4, 12957 MiB, 1956 MiB, 15360 MiB, 100 %, 70 %, 720 MHz, 5000 MHz, 61.81 W, 74, P0
2026/09/30 08:30:24.795, Tesla T4, 12957 MiB, 1956 MiB, 15360 MiB, 100 %, 60 %, 825 MHz, 5000 MHz, 67.96 W, 74, P0
2026/09/30 08:30:25.312, Tesla T4, 12957 MiB, 1956 MiB, 15360 MiB, 100 %, 47 %, 615 MHz, 5000 MHz, 61.42 W, 74, P0
2026/09/30 08:30:25.865, Tesla T4, 12957 MiB, 1956 MiB, 15360 MiB, 100 %, 46 %, 675 MHz, 5000 MHz, 60.93 W, 75, P0
2026/09/30 08:30:26.415, Tesla T4, 12957 MiB, 1956 MiB, 15360 MiB, 100 %, 55 %, 765 MHz, 5000 MHz, 64.91 W, 75, P0
2026/09/30 08:30:26.964, Tesla T4, 12957 MiB, 1956 MiB, 15360 MiB, 100 %, 56 %, 765 MHz, 5000 MHz, 65.00 W, 74, P0
2026/09/30 08:30:27.495, Tesla T4, 12957 MiB, 1956 MiB, 15360 MiB, 100 %, 46 %, 585 MHz, 5000 MHz, 68.25 W, 75, P0
2026/09/30 08:30:28.045, Tesla T4, 12957 MiB, 1956 MiB, 15360 MiB, 100 %, 42 %, 585 MHz, 5000 MHz, 70.94 W, 75, P0
2026/09/30 08:30:28.583, Tesla T4, 12957 MiB, 1956 MiB, 15360 MiB, 100 %, 67 %, 765 MHz, 5000 MHz, 67.51 W, 75, P0
2026/09/30 08:30:29.101, Tesla T4, 12957 MiB, 1956 MiB, 15360 MiB, 100 %, 57 %, 765 MHz, 5000 MHz, 68.35 W, 75, P0
2026/09/30 08:30:29.613, Tesla T4, 12957 MiB, 1956 MiB, 15360 MiB, 100 %, 54 %, 600 MHz, 5000 MHz, 65.69 W, 76, P0
2026/09/30 08:30:30.125, Tesla T4, 12957 MiB, 1956 MiB, 15360 MiB, 100 %, 61 %, 780 MHz, 5000 MHz, 64.32 W, 76, P0
2026/09/30 08:30:30.643, Tesla T4, 12957 MiB, 1956 MiB, 15360 MiB, 96 %, 47 %, 645 MHz, 5000 MHz, 66.14 W, 76, P0
2026/09/30 08:30:31.156, Tesla T4, 12957 MiB, 1956 MiB, 15360 MiB, 100 %, 53 %, 645 MHz, 5000 MHz, 65.26 W, 76, P0
2026/09/30 08:30:31.674, Tesla T4, 12957 MiB, 1956 MiB, 15360 MiB, 98 %, 100 %, 480 MHz, 5000 MHz, 64.22 W, 77, P0
2026/09/30 08:30:32.190, Tesla T4, 12957 MiB, 1956 MiB, 15360 MiB, 100 %, 54 %, 795 MHz, 5000 MHz, 68.68 W, 76, P0
2026/09/30 08:30:32.707, Tesla T4, 12957 MiB, 1956 MiB, 15360 MiB, 96 %, 50 %, 600 MHz, 5000 MHz, 66.78 W, 77, P0
2026/09/30 08:30:33.220, Tesla T4, 12957 MiB, 1956 MiB, 15360 MiB, 100 %, 55 %, 615 MHz, 5000 MHz, 65.45 W, 77, P0
2026/09/30 08:30:33.738, Tesla T4, 12957 MiB, 1956 MiB, 15360 MiB, 98 %, 96 %, 645 MHz, 5000 MHz, 86.70 W, 77, P0
2026/09/30 08:30:34.253, Tesla T4, 12957 MiB, 1956 MiB, 15360 MiB, 100 %, 54 %, 690 MHz, 5000 MHz, 63.73 W, 77, P0
2026/09/30 08:30:34.772, Tesla T4, 12957 MiB, 1956 MiB, 15360 MiB, 100 %, 41 %, 660 MHz, 5000 MHz, 63.24 W, 77, P0
2026/09/30 08:30:35.285, Tesla T4, 12957 MiB, 1956 MiB, 15360 MiB, 100 %, 41 %, 510 MHz, 5000 MHz, 68.54 W, 77, P0
2026/09/30 08:30:35.803, Tesla T4, 12957 MiB, 1956 MiB, 15360 MiB, 100 %, 41 %, 660 MHz, 5000 MHz, 63.34 W, 78, P0
2026/09/30 08:30:36.317, Tesla T4, 12957 MiB, 1956 MiB, 15360 MiB, 100 %, 42 %, 480 MHz, 5000 MHz, 69.28 W, 78, P0
2026/09/30 08:30:36.831, Tesla T4, 12957 MiB, 1956 MiB, 15360 MiB, 98 %, 100 %, 420 MHz, 5000 MHz, 98.60 W, 78, P0
2026/09/30 08:30:37.350, Tesla T4, 12957 MiB, 1956 MiB, 15360 MiB, 100 %, 52 %, 735 MHz, 5000 MHz, 62.56 W, 78, P0
2026/09/30 08:30:37.861, Tesla T4, 12957 MiB, 1956 MiB, 15360 MiB, 100 %, 52 %, 720 MHz, 5000 MHz, 69.13 W, 78, P0
2026/09/30 08:30:38.379, Tesla T4, 12957 MiB, 1956 MiB, 15360 MiB, 100 %, 51 %, 720 MHz, 5000 MHz, 62.95 W, 78, P0
2026/09/30 08:30:38.916, Tesla T4, 12957 MiB, 1956 MiB, 15360 MiB, 93 %, 49 %, 600 MHz, 5000 MHz, 68.15 W, 78, P0
2026/09/30 08:30:39.471, Tesla T4, 12957 MiB, 1956 MiB, 15360 MiB, 98 %, 81 %, 705 MHz, 5000 MHz, 64.36 W, 79, P0
2026/09/30 08:30:40.013, Tesla T4, 12957 MiB, 1956 MiB, 15360 MiB, 100 %, 41 %, 660 MHz, 5000 MHz, 68.35 W, 79, P0
2026/09/30 08:30:40.554, Tesla T4, 12957 MiB, 1956 MiB, 15360 MiB, 100 %, 40 %, 555 MHz, 5000 MHz, 61.91 W, 79, P0
2026/09/30 08:30:41.108, Tesla T4, 12957 MiB, 1956 MiB, 15360 MiB, 100 %, 43 %, 585 MHz, 5000 MHz, 67.96 W, 79, P0
2026/09/30 08:30:41.638, Tesla T4, 12957 MiB, 1956 MiB, 15360 MiB, 100 %, 39 %, 555 MHz, 5000 MHz, 69.62 W, 79, P0
2026/09/30 08:30:42.151, Tesla T4, 12957 MiB, 1956 MiB, 15360 MiB, 98 %, 100 %, 1245 MHz, 5000 MHz, 81.78 W, 80, P0
2026/09/30 08:30:42.672, Tesla T4, 12957 MiB, 1956 MiB, 15360 MiB, 100 %, 51 %, 690 MHz, 5000 MHz, 65.26 W, 80, P0
2026/09/30 08:30:43.189, Tesla T4, 12957 MiB, 1956 MiB, 15360 MiB, 100 %, 50 %, 765 MHz, 5000 MHz, 62.16 W, 80, P0
2026/09/30 08:30:43.710, Tesla T4, 12957 MiB, 1956 MiB, 15360 MiB, 100 %, 50 %, 630 MHz, 5000 MHz, 68.05 W, 80, P0
2026/09/30 08:30:44.224, Tesla T4, 12957 MiB, 1956 MiB, 15360 MiB, 100 %, 44 %, 570 MHz, 5000 MHz, 65.20 W, 80, P0
2026/09/30 08:30:44.739, Tesla T4, 12957 MiB, 1956 MiB, 15360 MiB, 100 %, 41 %, 585 MHz, 5000 MHz, 63.08 W, 80, P0
2026/09/30 08:30:45.252, Tesla T4, 12957 MiB, 1956 MiB, 15360 MiB, 100 %, 46 %, 585 MHz, 5000 MHz, 68.78 W, 81, P0
2026/09/30 08:30:45.765, Tesla T4, 12957 MiB, 1956 MiB, 15360 MiB, 98 %, 100 %, 510 MHz, 5000 MHz, 88.97 W, 81, P0
2026/09/30 08:30:46.283, Tesla T4, 12957 MiB, 1956 MiB, 15360 MiB, 100 %, 50 %, 600 MHz, 5000 MHz, 62.16 W, 81, P0
2026/09/30 08:30:46.805, Tesla T4, 12957 MiB, 1956 MiB, 15360 MiB, 100 %, 51 %, 900 MHz, 5000 MHz, 77.05 W, 81, P0
2026/09/30 08:30:47.321, Tesla T4, 12957 MiB, 1956 MiB, 15360 MiB, 100 %, 53 %, 525 MHz, 5000 MHz, 66.43 W, 81, P0
2026/09/30 08:30:47.837, Tesla T4, 12957 MiB, 1956 MiB, 15360 MiB, 98 %, 78 %, 615 MHz, 5000 MHz, 66.63 W, 81, P0
2026/09/30 08:30:48.351, Tesla T4, 12957 MiB, 1956 MiB, 15360 MiB, 96 %, 44 %, 510 MHz, 5000 MHz, 62.30 W, 81, P0
2026/09/30 08:30:48.871, Tesla T4, 12957 MiB, 1956 MiB, 15360 MiB, 100 %, 41 %, 465 MHz, 5000 MHz, 67.41 W, 82, P0
2026/09/30 08:30:49.385, Tesla T4, 12957 MiB, 1956 MiB, 15360 MiB, 100 %, 40 %, 510 MHz, 5000 MHz, 65.45 W, 82, P0
2026/09/30 08:30:49.904, Tesla T4, 12957 MiB, 1956 MiB, 15360 MiB, 100 %, 49 %, 570 MHz, 5000 MHz, 60.54 W, 81, P0
2026/09/30 08:30:50.432, Tesla T4, 12957 MiB, 1956 MiB, 15360 MiB, 100 %, 74 %, 660 MHz, 5000 MHz, 66.82 W, 82, P0
2026/09/30 08:30:50.945, Tesla T4, 12957 MiB, 1956 MiB, 15360 MiB, 100 %, 50 %, 585 MHz, 5000 MHz, 61.32 W, 82, P0
2026/09/30 08:30:51.464, Tesla T4, 12957 MiB, 1956 MiB, 15360 MiB, 100 %, 51 %, 645 MHz, 5000 MHz, 65.10 W, 82, P0
2026/09/30 08:30:52.026, Tesla T4, 12957 MiB, 1956 MiB, 15360 MiB, 100 %, 43 %, 420 MHz, 5000 MHz, 65.94 W, 82, P0
2026/09/30 08:30:52.552, Tesla T4, 12957 MiB, 1956 MiB, 15360 MiB, 100 %, 44 %, 555 MHz, 5000 MHz, 62.56 W, 82, P0
2026/09/30 08:30:53.102, Tesla T4, 12957 MiB, 1956 MiB, 15360 MiB, 100 %, 50 %, 600 MHz, 5000 MHz, 67.61 W, 82, P0
2026/09/30 08:30:53.626, Tesla T4, 12957 MiB, 1956 MiB, 15360 MiB, 92 %, 41 %, 495 MHz, 5000 MHz, 63.63 W, 82, P0
2026/09/30 08:30:54.145, Tesla T4, 12957 MiB, 1956 MiB, 15360 MiB, 100 %, 39 %, 525 MHz, 5000 MHz, 62.73 W, 82, P0
2026/09/30 08:30:54.677, Tesla T4, 12957 MiB, 1956 MiB, 15360 MiB, 100 %, 66 %, 495 MHz, 5000 MHz, 62.40 W, 82, P0
2026/09/30 08:30:55.195, Tesla T4, 12957 MiB, 1956 MiB, 15360 MiB, 100 %, 40 %, 525 MHz, 5000 MHz, 63.08 W, 82, P0
2026/09/30 08:30:55.707, Tesla T4, 12957 MiB, 1956 MiB, 15360 MiB, 100 %, 100 %, 1215 MHz, 5000 MHz, 83.05 W, 82, P0
2026/09/30 08:30:56.230, Tesla T4, 12957 MiB, 1956 MiB, 15360 MiB, 100 %, 49 %, 660 MHz, 5000 MHz, 68.19 W, 82, P0
2026/09/30 08:30:56.743, Tesla T4, 12957 MiB, 1956 MiB, 15360 MiB, 100 %, 50 %, 675 MHz, 5000 MHz, 65.65 W, 82, P0
2026/09/30 08:30:57.261, Tesla T4, 12957 MiB, 1956 MiB, 15360 MiB, 100 %, 51 %, 585 MHz, 5000 MHz, 64.81 W, 82, P0
2026/09/30 08:30:57.774, Tesla T4, 12957 MiB, 1956 MiB, 15360 MiB, 83 %, 40 %, 1485 MHz, 5000 MHz, 39.09 W, 82, P0
2026/09/30 08:30:58.291, Tesla T4, 12957 MiB, 1956 MiB, 15360 MiB, 100 %, 43 %, 525 MHz, 5000 MHz, 64.32 W, 81, P0
2026/09/30 08:30:58.805, Tesla T4, 12957 MiB, 1956 MiB, 15360 MiB, 100 %, 71 %, 705 MHz, 5000 MHz, 63.63 W, 81, P0
2026/09/30 08:30:59.324, Tesla T4, 12957 MiB, 1956 MiB, 15360 MiB, 100 %, 51 %, 630 MHz, 5000 MHz, 66.08 W, 81, P0
2026/09/30 08:30:59.838, Tesla T4, 12957 MiB, 1956 MiB, 15360 MiB, 100 %, 43 %, 525 MHz, 5000 MHz, 66.14 W, 81, P0
2026/09/30 08:31:00.353, Tesla T4, 12957 MiB, 1956 MiB, 15360 MiB, 100 %, 43 %, 540 MHz, 5000 MHz, 64.65 W, 81, P0
2026/09/30 08:31:00.867, Tesla T4, 12957 MiB, 1956 MiB, 15360 MiB, 100 %, 58 %, 690 MHz, 5000 MHz, 65.30 W, 81, P0
2026/09/30 08:31:01.388, Tesla T4, 12957 MiB, 1956 MiB, 15360 MiB, 100 %, 51 %, 645 MHz, 5000 MHz, 63.14 W, 81, P0
2026/09/30 08:31:01.902, Tesla T4, 12957 MiB, 1956 MiB, 15360 MiB, 100 %, 43 %, 450 MHz, 5000 MHz, 62.99 W, 80, P0
2026/09/30 08:31:02.422, Tesla T4, 12957 MiB, 1956 MiB, 15360 MiB, 100 %, 44 %, 495 MHz, 5000 MHz, 67.41 W, 80, P0
2026/09/30 08:31:02.938, Tesla T4, 12957 MiB, 1956 MiB, 15360 MiB, 100 %, 51 %, 675 MHz, 5000 MHz, 65.36 W, 80, P0
2026/09/30 08:31:03.456, Tesla T4, 12957 MiB, 1956 MiB, 15360 MiB, 95 %, 44 %, 1050 MHz, 5000 MHz, 61.58 W, 80, P0
2026/09/30 08:31:03.967, Tesla T4, 12957 MiB, 1956 MiB, 15360 MiB, 100 %, 41 %, 615 MHz, 5000 MHz, 59.99 W, 80, P0
2026/09/30 08:31:04.484, Tesla T4, 12957 MiB, 1956 MiB, 15360 MiB, 89 %, 39 %, 555 MHz, 5000 MHz, 63.48 W, 79, P0
2026/09/30 08:31:05.004, Tesla T4, 12957 MiB, 1956 MiB, 15360 MiB, 100 %, 40 %, 600 MHz, 5000 MHz, 66.53 W, 79, P0
2026/09/30 08:31:05.543, Tesla T4, 12957 MiB, 1956 MiB, 15360 MiB, 100 %, 58 %, 615 MHz, 5000 MHz, 62.99 W, 79, P0
2026/09/30 08:31:06.056, Tesla T4, 12957 MiB, 1956 MiB, 15360 MiB, 100 %, 40 %, 585 MHz, 5000 MHz, 64.22 W, 79, P0
2026/09/30 08:31:06.608, Tesla T4, 12957 MiB, 1956 MiB, 15360 MiB, 97 %, 100 %, 1275 MHz, 5000 MHz, 63.08 W, 79, P0
2026/09/30 08:31:07.164, Tesla T4, 12957 MiB, 1956 MiB, 15360 MiB, 100 %, 52 %, 765 MHz, 5000 MHz, 61.22 W, 78, P0
2026/09/30 08:31:07.689, Tesla T4, 12957 MiB, 1956 MiB, 15360 MiB, 100 %, 53 %, 735 MHz, 5000 MHz, 64.22 W, 78, P0
2026/09/30 08:31:08.202, Tesla T4, 12957 MiB, 1956 MiB, 15360 MiB, 100 %, 54 %, 630 MHz, 5000 MHz, 69.23 W, 78, P0
2026/09/30 08:31:08.722, Tesla T4, 12957 MiB, 1956 MiB, 15360 MiB, 100 %, 41 %, 615 MHz, 5000 MHz, 66.53 W, 78, P0
2026/09/30 08:31:09.238, Tesla T4, 12957 MiB, 1956 MiB, 15360 MiB, 100 %, 40 %, 585 MHz, 5000 MHz, 65.98 W, 78, P0
2026/09/30 08:31:09.755, Tesla T4, 12957 MiB, 1956 MiB, 15360 MiB, 100 %, 41 %, 630 MHz, 5000 MHz, 66.08 W, 78, P0
2026/09/30 08:31:10.270, Tesla T4, 12957 MiB, 1956 MiB, 15360 MiB, 100 %, 41 %, 645 MHz, 5000 MHz, 64.12 W, 78, P0
2026/09/30 08:31:10.789, Tesla T4, 12957 MiB, 1956 MiB, 15360 MiB, 98 %, 100 %, 1275 MHz, 5000 MHz, 58.65 W, 78, P0
2026/09/30 08:31:11.302, Tesla T4, 12957 MiB, 1956 MiB, 15360 MiB, 100 %, 51 %, 630 MHz, 5000 MHz, 69.42 W, 77, P0
2026/09/30 08:31:11.814, Tesla T4, 12957 MiB, 1956 MiB, 15360 MiB, 100 %, 51 %, 735 MHz, 5000 MHz, 65.69 W, 77, P0
2026/09/30 08:31:12.331, Tesla T4, 12957 MiB, 1956 MiB, 15360 MiB, 100 %, 51 %, 630 MHz, 5000 MHz, 64.55 W, 77, P0
2026/09/30 08:31:12.850, Tesla T4, 12957 MiB, 1956 MiB, 15360 MiB, 96 %, 48 %, 570 MHz, 5000 MHz, 66.67 W, 77, P0
2026/09/30 08:31:13.377, Tesla T4, 12957 MiB, 1956 MiB, 15360 MiB, 100 %, 59 %, 510 MHz, 5000 MHz, 67.30 W, 76, P0
2026/09/30 08:31:13.936, Tesla T4, 12957 MiB, 1956 MiB, 15360 MiB, 100 %, 57 %, 750 MHz, 5000 MHz, 68.68 W, 77, P0
2026/09/30 08:31:14.485, Tesla T4, 12957 MiB, 1956 MiB, 15360 MiB, 100 %, 47 %, 600 MHz, 5000 MHz, 64.26 W, 76, P0
2026/09/30 08:31:14.998, Tesla T4, 12957 MiB, 1956 MiB, 15360 MiB, 100 %, 56 %, 615 MHz, 5000 MHz, 63.57 W, 76, P0
2026/09/30 08:31:15.521, Tesla T4, 12957 MiB, 1956 MiB, 15360 MiB, 100 %, 60 %, 1065 MHz, 5000 MHz, 65.14 W, 76, P0
2026/09/30 08:31:16.045, Tesla T4, 12957 MiB, 1956 MiB, 15360 MiB, 100 %, 55 %, 780 MHz, 5000 MHz, 61.81 W, 76, P0
2026/09/30 08:31:16.557, Tesla T4, 12957 MiB, 1956 MiB, 15360 MiB, 100 %, 55 %, 1185 MHz, 5000 MHz, 66.77 W, 75, P0
2026/09/30 08:31:17.066, Tesla T4, 12957 MiB, 1956 MiB, 15360 MiB, 100 %, 55 %, 585 MHz, 5000 MHz, 64.06 W, 76, P0
2026/09/30 08:31:17.584, Tesla T4, 12957 MiB, 1956 MiB, 15360 MiB, 100 %, 69 %, 720 MHz, 5000 MHz, 67.75 W, 76, P0
2026/09/30 08:31:18.122, Tesla T4, 12957 MiB, 1956 MiB, 15360 MiB, 100 %, 61 %, 960 MHz, 5000 MHz, 44.38 W, 76, P0
2026/09/30 08:31:18.648, Tesla T4, 12957 MiB, 1956 MiB, 15360 MiB, 100 %, 43 %, 600 MHz, 5000 MHz, 66.67 W, 76, P0
2026/09/30 08:31:19.201, Tesla T4, 12957 MiB, 1956 MiB, 15360 MiB, 100 %, 45 %, 660 MHz, 5000 MHz, 67.06 W, 75, P0
2026/09/30 08:31:19.741, Tesla T4, 12957 MiB, 1956 MiB, 15360 MiB, 100 %, 43 %, 660 MHz, 5000 MHz, 66.38 W, 75, P0
2026/09/30 08:31:20.280, Tesla T4, 12957 MiB, 1956 MiB, 15360 MiB, 97 %, 100 %, 1125 MHz, 5000 MHz, 68.53 W, 75, P0
2026/09/30 08:31:20.825, Tesla T4, 12957 MiB, 1956 MiB, 15360 MiB, 100 %, 50 %, 840 MHz, 5000 MHz, 61.00 W, 75, P0
2026/09/30 08:31:21.343, Tesla T4, 12957 MiB, 1956 MiB, 15360 MiB, 100 %, 55 %, 705 MHz, 5000 MHz, 60.41 W, 75, P0
2026/09/30 08:31:21.858, Tesla T4, 12957 MiB, 1956 MiB, 15360 MiB, 100 %, 54 %, 735 MHz, 5000 MHz, 61.16 W, 75, P0
2026/09/30 08:31:22.377, Tesla T4, 12957 MiB, 1956 MiB, 15360 MiB, 100 %, 48 %, 660 MHz, 5000 MHz, 67.16 W, 75, P0
2026/09/30 08:31:22.890, Tesla T4, 12957 MiB, 1956 MiB, 15360 MiB, 100 %, 60 %, 660 MHz, 5000 MHz, 66.77 W, 75, P0
2026/09/30 08:31:23.403, Tesla T4, 12957 MiB, 1956 MiB, 15360 MiB, 98 %, 100 %, 645 MHz, 5000 MHz, 74.66 W, 75, P0
2026/09/30 08:31:23.920, Tesla T4, 12957 MiB, 1956 MiB, 15360 MiB, 100 %, 56 %, 795 MHz, 5000 MHz, 67.84 W, 75, P0
2026/09/30 08:31:24.433, Tesla T4, 12957 MiB, 1956 MiB, 15360 MiB, 96 %, 44 %, 1395 MHz, 5000 MHz, 65.26 W, 75, P0
2026/09/30 08:31:24.954, Tesla T4, 12957 MiB, 1956 MiB, 15360 MiB, 100 %, 66 %, 720 MHz, 5000 MHz, 66.77 W, 75, P0
2026/09/30 08:31:25.468, Tesla T4, 12957 MiB, 1956 MiB, 15360 MiB, 100 %, 47 %, 645 MHz, 5000 MHz, 67.47 W, 75, P0
2026/09/30 08:31:25.986, Tesla T4, 12957 MiB, 1956 MiB, 15360 MiB, 100 %, 46 %, 675 MHz, 5000 MHz, 67.35 W, 75, P0
2026/09/30 08:31:26.500, Tesla T4, 12957 MiB, 1956 MiB, 15360 MiB, 98 %, 100 %, 810 MHz, 5000 MHz, 66.67 W, 75, P0
2026/09/30 08:31:27.012, Tesla T4, 12957 MiB, 1956 MiB, 15360 MiB, 100 %, 55 %, 780 MHz, 5000 MHz, 66.28 W, 75, P0
2026/09/30 08:31:27.529, Tesla T4, 12957 MiB, 1956 MiB, 15360 MiB, 96 %, 49 %, 630 MHz, 5000 MHz, 65.63 W, 75, P0
2026/09/30 08:31:28.041, Tesla T4, 12957 MiB, 1956 MiB, 15360 MiB, 100 %, 47 %, 615 MHz, 5000 MHz, 67.75 W, 75, P0
2026/09/30 08:31:28.561, Tesla T4, 12957 MiB, 1956 MiB, 15360 MiB, 98 %, 100 %, 765 MHz, 5000 MHz, 63.81 W, 75, P0
2026/09/30 08:31:29.073, Tesla T4, 12957 MiB, 1956 MiB, 15360 MiB, 100 %, 56 %, 795 MHz, 5000 MHz, 63.87 W, 75, P0
2026/09/30 08:31:29.586, Tesla T4, 12957 MiB, 1956 MiB, 15360 MiB, 100 %, 47 %, 645 MHz, 5000 MHz, 61.16 W, 74, P0
2026/09/30 08:31:30.107, Tesla T4, 12957 MiB, 1956 MiB, 15360 MiB, 100 %, 46 %, 720 MHz, 5000 MHz, 60.87 W, 74, P0
2026/09/30 08:31:30.634, Tesla T4, 12957 MiB, 1956 MiB, 15360 MiB, 100 %, 56 %, 675 MHz, 5000 MHz, 65.63 W, 75, P0
2026/09/30 08:31:31.159, Tesla T4, 12957 MiB, 1956 MiB, 15360 MiB, 100 %, 55 %, 630 MHz, 5000 MHz, 74.56 W, 75, P0
2026/09/30 08:31:31.694, Tesla T4, 12957 MiB, 1956 MiB, 15360 MiB, 100 %, 58 %, 645 MHz, 5000 MHz, 69.37 W, 75, P0
2026/09/30 08:31:32.238, Tesla T4, 12957 MiB, 1956 MiB, 15360 MiB, 100 %, 71 %, 1035 MHz, 5000 MHz, 61.30 W, 74, P0
2026/09/30 08:31:32.780, Tesla T4, 12957 MiB, 1956 MiB, 15360 MiB, 100 %, 55 %, 825 MHz, 5000 MHz, 63.51 W, 75, P0
2026/09/30 08:31:33.314, Tesla T4, 12957 MiB, 1956 MiB, 15360 MiB, 100 %, 57 %, 1200 MHz, 5000 MHz, 43.87 W, 74, P0
2026/09/30 08:31:33.830, Tesla T4, 12957 MiB, 1956 MiB, 15360 MiB, 100 %, 52 %, 660 MHz, 5000 MHz, 65.53 W, 75, P0
2026/09/30 08:31:34.347, Tesla T4, 12957 MiB, 1956 MiB, 15360 MiB, 98 %, 75 %, 825 MHz, 5000 MHz, 65.08 W, 75, P0
2026/09/30 08:31:34.865, Tesla T4, 12957 MiB, 1956 MiB, 15360 MiB, 100 %, 55 %, 690 MHz, 5000 MHz, 66.22 W, 75, P0
2026/09/30 08:31:35.379, Tesla T4, 12957 MiB, 1956 MiB, 15360 MiB, 100 %, 43 %, 630 MHz, 5000 MHz, 63.03 W, 75, P0
2026/09/30 08:31:35.893, Tesla T4, 12957 MiB, 1956 MiB, 15360 MiB, 100 %, 57 %, 705 MHz, 5000 MHz, 68.10 W, 75, P0
2026/09/30 08:31:36.409, Tesla T4, 12957 MiB, 1956 MiB, 15360 MiB, 100 %, 43 %, 615 MHz, 5000 MHz, 62.89 W, 75, P0
2026/09/30 08:31:36.921, Tesla T4, 12957 MiB, 1956 MiB, 15360 MiB, 98 %, 100 %, 1095 MHz, 5000 MHz, 63.51 W, 75, P0
2026/09/30 08:31:37.441, Tesla T4, 12957 MiB, 1956 MiB, 15360 MiB, 100 %, 51 %, 720 MHz, 5000 MHz, 67.75 W, 75, P0
2026/09/30 08:31:37.963, Tesla T4, 12957 MiB, 1956 MiB, 15360 MiB, 100 %, 53 %, 735 MHz, 5000 MHz, 69.31 W, 75, P0
2026/09/30 08:31:38.479, Tesla T4, 12957 MiB, 1956 MiB, 15360 MiB, 100 %, 52 %, 690 MHz, 5000 MHz, 64.55 W, 75, P0
2026/09/30 08:31:38.999, Tesla T4, 12957 MiB, 1956 MiB, 15360 MiB, 96 %, 50 %, 555 MHz, 5000 MHz, 67.65 W, 75, P0
2026/09/30 08:31:39.512, Tesla T4, 12957 MiB, 1956 MiB, 15360 MiB, 100 %, 48 %, 735 MHz, 5000 MHz, 67.06 W, 75, P0
2026/09/30 08:31:40.027, Tesla T4, 12957 MiB, 1956 MiB, 15360 MiB, 96 %, 55 %, 570 MHz, 5000 MHz, 67.45 W, 75, P0
2026/09/30 08:31:40.539, Tesla T4, 12957 MiB, 1956 MiB, 15360 MiB, 100 %, 41 %, 495 MHz, 5000 MHz, 67.84 W, 75, P0
2026/09/30 08:31:41.062, Tesla T4, 12957 MiB, 1956 MiB, 15360 MiB, 100 %, 46 %, 585 MHz, 5000 MHz, 65.40 W, 75, P0
2026/09/30 08:31:41.574, Tesla T4, 12957 MiB, 1956 MiB, 15360 MiB, 98 %, 92 %, 705 MHz, 5000 MHz, 81.98 W, 75, P0
2026/09/30 08:31:42.092, Tesla T4, 12957 MiB, 1956 MiB, 15360 MiB, 100 %, 58 %, 780 MHz, 5000 MHz, 62.93 W, 75, P0
2026/09/30 08:31:42.606, Tesla T4, 12957 MiB, 1956 MiB, 15360 MiB, 86 %, 48 %, 660 MHz, 5000 MHz, 48.46 W, 76, P0
2026/09/30 08:31:43.124, Tesla T4, 12957 MiB, 1956 MiB, 15360 MiB, 100 %, 45 %, 705 MHz, 5000 MHz, 63.81 W, 75, P0
2026/09/30 08:31:43.641, Tesla T4, 12957 MiB, 1956 MiB, 15360 MiB, 100 %, 42 %, 840 MHz, 5000 MHz, 61.49 W, 75, P0
2026/09/30 08:31:44.189, Tesla T4, 12957 MiB, 1956 MiB, 15360 MiB, 100 %, 56 %, 795 MHz, 5000 MHz, 65.69 W, 76, P0
2026/09/30 08:31:44.710, Tesla T4, 12957 MiB, 1956 MiB, 15360 MiB, 100 %, 57 %, 1005 MHz, 5000 MHz, 68.04 W, 76, P0
2026/09/30 08:31:45.240, Tesla T4, 12957 MiB, 1956 MiB, 15360 MiB, 100 %, 55 %, 660 MHz, 5000 MHz, 68.72 W, 76, P0
2026/09/30 08:31:45.772, Tesla T4, 12957 MiB, 1956 MiB, 15360 MiB, 100 %, 42 %, 1110 MHz, 5000 MHz, 64.65 W, 75, P0
2026/09/30 08:31:46.296, Tesla T4, 12957 MiB, 1956 MiB, 15360 MiB, 100 %, 53 %, 675 MHz, 5000 MHz, 68.68 W, 76, P0
2026/09/30 08:31:46.815, Tesla T4, 12957 MiB, 1956 MiB, 15360 MiB, 96 %, 36 %, 1350 MHz, 5000 MHz, 61.36 W, 76, P0
2026/09/30 08:31:47.324, Tesla T4, 12957 MiB, 1956 MiB, 15360 MiB, 99 %, 76 %, 660 MHz, 5000 MHz, 66.42 W, 76, P0
2026/09/30 08:31:47.844, Tesla T4, 12957 MiB, 1956 MiB, 15360 MiB, 100 %, 54 %, 1095 MHz, 5000 MHz, 67.41 W, 76, P0
2026/09/30 08:31:48.355, Tesla T4, 12957 MiB, 1956 MiB, 15360 MiB, 100 %, 59 %, 1230 MHz, 5000 MHz, 65.28 W, 76, P0
2026/09/30 08:31:48.865, Tesla T4, 12957 MiB, 1956 MiB, 15360 MiB, 100 %, 45 %, 555 MHz, 5000 MHz, 69.70 W, 76, P0
2026/09/30 08:31:49.379, Tesla T4, 12957 MiB, 1956 MiB, 15360 MiB, 100 %, 69 %, 585 MHz, 5000 MHz, 68.49 W, 76, P0
2026/09/30 08:31:49.896, Tesla T4, 12957 MiB, 1956 MiB, 15360 MiB, 100 %, 45 %, 750 MHz, 5000 MHz, 61.36 W, 76, P0
2026/09/30 08:31:50.426, Tesla T4, 12957 MiB, 1956 MiB, 15360 MiB, 100 %, 79 %, 720 MHz, 5000 MHz, 68.14 W, 76, P0
2026/09/30 08:31:50.944, Tesla T4, 12957 MiB, 1956 MiB, 15360 MiB, 100 %, 54 %, 660 MHz, 5000 MHz, 67.16 W, 76, P0
2026/09/30 08:31:51.459, Tesla T4, 12957 MiB, 1956 MiB, 15360 MiB, 100 %, 54 %, 690 MHz, 5000 MHz, 71.48 W, 77, P0
2026/09/30 08:31:51.972, Tesla T4, 12957 MiB, 1956 MiB, 15360 MiB, 100 %, 44 %, 630 MHz, 5000 MHz, 62.14 W, 77, P0
2026/09/30 08:31:52.488, Tesla T4, 12957 MiB, 1956 MiB, 15360 MiB, 100 %, 71 %, 570 MHz, 5000 MHz, 68.88 W, 77, P0
2026/09/30 08:31:53.000, Tesla T4, 12957 MiB, 1956 MiB, 15360 MiB, 100 %, 44 %, 570 MHz, 5000 MHz, 66.63 W, 77, P0
2026/09/30 08:31:53.517, Tesla T4, 12957 MiB, 1956 MiB, 15360 MiB, 98 %, 100 %, 1155 MHz, 5000 MHz, 65.34 W, 77, P0
2026/09/30 08:31:54.047, Tesla T4, 12957 MiB, 1956 MiB, 15360 MiB, 100 %, 54 %, 780 MHz, 5000 MHz, 66.57 W, 77, P0
2026/09/30 08:31:54.559, Tesla T4, 12957 MiB, 1956 MiB, 15360 MiB, 100 %, 54 %, 690 MHz, 5000 MHz, 61.65 W, 77, P0
2026/09/30 08:31:55.076, Tesla T4, 12957 MiB, 1956 MiB, 15360 MiB, 100 %, 55 %, 780 MHz, 5000 MHz, 65.93 W, 77, P0
2026/09/30 08:31:55.590, Tesla T4, 12957 MiB, 1956 MiB, 15360 MiB, 100 %, 29 %, 1545 MHz, 5000 MHz, 62.97 W, 78, P0
2026/09/30 08:31:56.099, Tesla T4, 12957 MiB, 1956 MiB, 15360 MiB, 95 %, 40 %, 1410 MHz, 5000 MHz, 70.14 W, 78, P0
2026/09/30 08:31:56.616, Tesla T4, 12957 MiB, 1956 MiB, 15360 MiB, 98 %, 73 %, 705 MHz, 5000 MHz, 65.69 W, 78, P0
2026/09/30 08:31:57.151, Tesla T4, 12957 MiB, 1956 MiB, 15360 MiB, 100 %, 53 %, 630 MHz, 5000 MHz, 61.71 W, 78, P0
2026/09/30 08:31:57.682, Tesla T4, 12957 MiB, 1956 MiB, 15360 MiB, 98 %, 71 %, 750 MHz, 5000 MHz, 79.54 W, 78, P0
2026/09/30 08:31:58.210, Tesla T4, 12957 MiB, 1956 MiB, 15360 MiB, 100 %, 54 %, 975 MHz, 5000 MHz, 81.54 W, 78, P0
2026/09/30 08:31:58.748, Tesla T4, 12957 MiB, 1956 MiB, 15360 MiB, 100 %, 54 %, 615 MHz, 5000 MHz, 67.10 W, 78, P0
2026/09/30 08:31:59.274, Tesla T4, 12957 MiB, 1956 MiB, 15360 MiB, 100 %, 65 %, 660 MHz, 5000 MHz, 64.50 W, 78, P0
2026/09/30 08:31:59.798, Tesla T4, 12957 MiB, 1956 MiB, 15360 MiB, 100 %, 46 %, 585 MHz, 5000 MHz, 62.83 W, 78, P0
2026/09/30 08:32:00.313, Tesla T4, 12957 MiB, 1956 MiB, 15360 MiB, 100 %, 43 %, 675 MHz, 5000 MHz, 62.73 W, 78, P0
2026/09/30 08:32:00.832, Tesla T4, 12957 MiB, 1956 MiB, 15360 MiB, 100 %, 45 %, 555 MHz, 5000 MHz, 68.33 W, 78, P0
2026/09/30 08:32:01.347, Tesla T4, 12957 MiB, 1956 MiB, 15360 MiB, 98 %, 93 %, 450 MHz, 5000 MHz, 62.34 W, 78, P0
2026/09/30 08:32:01.869, Tesla T4, 12957 MiB, 1956 MiB, 15360 MiB, 100 %, 53 %, 630 MHz, 5000 MHz, 63.32 W, 78, P0
2026/09/30 08:32:02.390, Tesla T4, 12957 MiB, 1956 MiB, 15360 MiB, 100 %, 53 %, 720 MHz, 5000 MHz, 65.44 W, 78, P0
2026/09/30 08:32:02.902, Tesla T4, 12957 MiB, 1956 MiB, 15360 MiB, 100 %, 44 %, 600 MHz, 5000 MHz, 65.63 W, 78, P0
2026/09/30 08:32:03.421, Tesla T4, 12957 MiB, 1956 MiB, 15360 MiB, 100 %, 43 %, 585 MHz, 5000 MHz, 65.44 W, 78, P0
2026/09/30 08:32:03.934, Tesla T4, 12957 MiB, 1956 MiB, 15360 MiB, 100 %, 67 %, 1095 MHz, 5000 MHz, 63.87 W, 78, P0
2026/09/30 08:32:04.457, Tesla T4, 12957 MiB, 1956 MiB, 15360 MiB, 100 %, 51 %, 690 MHz, 5000 MHz, 65.30 W, 78, P0
2026/09/30 08:32:04.976, Tesla T4, 12957 MiB, 1956 MiB, 15360 MiB, 100 %, 51 %, 1365 MHz, 5000 MHz, 62.50 W, 79, P0
2026/09/30 08:32:05.488, Tesla T4, 12957 MiB, 1956 MiB, 15360 MiB, 100 %, 51 %, 660 MHz, 5000 MHz, 62.04 W, 79, P0
2026/09/30 08:32:06.000, Tesla T4, 12957 MiB, 1956 MiB, 15360 MiB, 100 %, 45 %, 900 MHz, 5000 MHz, 63.12 W, 78, P0
2026/09/30 08:32:06.521, Tesla T4, 12957 MiB, 1956 MiB, 15360 MiB, 100 %, 51 %, 675 MHz, 5000 MHz, 66.91 W, 78, P0
2026/09/30 08:32:07.038, Tesla T4, 12957 MiB, 1956 MiB, 15360 MiB, 99 %, 51 %, 555 MHz, 5000 MHz, 63.71 W, 79, P0
2026/09/30 08:32:07.553, Tesla T4, 12957 MiB, 1956 MiB, 15360 MiB, 100 %, 44 %, 585 MHz, 5000 MHz, 60.41 W, 78, P0
2026/09/30 08:32:08.077, Tesla T4, 12957 MiB, 1956 MiB, 15360 MiB, 100 %, 47 %, 585 MHz, 5000 MHz, 68.04 W, 79, P0
2026/09/30 08:32:08.592, Tesla T4, 12957 MiB, 1956 MiB, 15360 MiB, 98 %, 100 %, 630 MHz, 5000 MHz, 61.06 W, 79, P0
2026/09/30 08:32:09.106, Tesla T4, 12957 MiB, 1956 MiB, 15360 MiB, 100 %, 51 %, 690 MHz, 5000 MHz, 65.73 W, 79, P0
2026/09/30 08:32:09.619, Tesla T4, 12957 MiB, 1956 MiB, 15360 MiB, 100 %, 52 %, 600 MHz, 5000 MHz, 64.55 W, 79, P0
2026/09/30 08:32:10.153, Tesla T4, 12957 MiB, 1956 MiB, 15360 MiB, 100 %, 42 %, 615 MHz, 5000 MHz, 66.81 W, 79, P0
2026/09/30 08:32:10.678, Tesla T4, 12957 MiB, 1956 MiB, 15360 MiB, 100 %, 45 %, 630 MHz, 5000 MHz, 65.34 W, 79, P0
2026/09/30 08:32:11.207, Tesla T4, 12957 MiB, 1956 MiB, 15360 MiB, 97 %, 100 %, 645 MHz, 5000 MHz, 63.67 W, 79, P0
2026/09/30 08:32:11.723, Tesla T4, 12957 MiB, 1956 MiB, 15360 MiB, 100 %, 51 %, 660 MHz, 5000 MHz, 66.38 W, 79, P0
2026/09/30 08:32:12.251, Tesla T4, 12957 MiB, 1956 MiB, 15360 MiB, 92 %, 46 %, 570 MHz, 5000 MHz, 66.38 W, 79, P0
2026/09/30 08:32:12.766, Tesla T4, 12957 MiB, 1956 MiB, 15360 MiB, 100 %, 41 %, 570 MHz, 5000 MHz, 65.34 W, 79, P0
2026/09/30 08:32:13.282, Tesla T4, 12957 MiB, 1956 MiB, 15360 MiB, 100 %, 47 %, 570 MHz, 5000 MHz, 65.73 W, 79, P0
2026/09/30 08:32:13.801, Tesla T4, 12957 MiB, 1956 MiB, 15360 MiB, 100 %, 39 %, 750 MHz, 5000 MHz, 62.93 W, 78, P0
2026/09/30 08:32:14.331, Tesla T4, 12957 MiB, 1956 MiB, 15360 MiB, 100 %, 91 %, 705 MHz, 5000 MHz, 61.46 W, 79, P0
2026/09/30 08:32:14.846, Tesla T4, 12957 MiB, 1956 MiB, 15360 MiB, 100 %, 49 %, 675 MHz, 5000 MHz, 61.16 W, 79, P0
2026/09/30 08:32:15.363, Tesla T4, 12957 MiB, 1956 MiB, 15360 MiB, 100 %, 49 %, 660 MHz, 5000 MHz, 61.55 W, 79, P0
2026/09/30 08:32:15.878, Tesla T4, 12957 MiB, 1956 MiB, 15360 MiB, 100 %, 46 %, 600 MHz, 5000 MHz, 66.18 W, 79, P0
2026/09/30 08:32:16.392, Tesla T4, 12957 MiB, 1956 MiB, 15360 MiB, 100 %, 43 %, 585 MHz, 5000 MHz, 65.73 W, 79, P0
2026/09/30 08:32:16.906, Tesla T4, 12957 MiB, 1956 MiB, 15360 MiB, 98 %, 86 %, 615 MHz, 5000 MHz, 86.50 W, 79, P0
2026/09/30 08:32:17.418, Tesla T4, 12957 MiB, 1956 MiB, 15360 MiB, 100 %, 55 %, 720 MHz, 5000 MHz, 67.06 W, 78, P0
2026/09/30 08:32:17.937, Tesla T4, 12957 MiB, 1956 MiB, 15360 MiB, 96 %, 48 %, 1080 MHz, 5000 MHz, 66.65 W, 79, P0
2026/09/30 08:32:18.449, Tesla T4, 12957 MiB, 1956 MiB, 15360 MiB, 98 %, 78 %, 660 MHz, 5000 MHz, 66.28 W, 78, P0
2026/09/30 08:32:18.962, Tesla T4, 12957 MiB, 1956 MiB, 15360 MiB, 96 %, 50 %, 525 MHz, 5000 MHz, 65.98 W, 79, P0
2026/09/30 08:32:19.475, Tesla T4, 12957 MiB, 1956 MiB, 15360 MiB, 98 %, 64 %, 720 MHz, 5000 MHz, 69.56 W, 78, P0
2026/09/30 08:32:19.991, Tesla T4, 12957 MiB, 1956 MiB, 15360 MiB, 100 %, 56 %, 615 MHz, 5000 MHz, 69.80 W, 79, P0
2026/09/30 08:32:20.510, Tesla T4, 12957 MiB, 1956 MiB, 15360 MiB, 100 %, 48 %, 495 MHz, 5000 MHz, 69.37 W, 79, P0
2026/09/30 08:32:21.022, Tesla T4, 12957 MiB, 1956 MiB, 15360 MiB, 100 %, 47 %, 600 MHz, 5000 MHz, 66.96 W, 78, P0
2026/09/30 08:32:21.535, Tesla T4, 12957 MiB, 1956 MiB, 15360 MiB, 98 %, 92 %, 1230 MHz, 5000 MHz, 61.36 W, 79, P0
2026/09/30 08:32:22.053, Tesla T4, 12957 MiB, 1956 MiB, 15360 MiB, 100 %, 53 %, 615 MHz, 5000 MHz, 67.10 W, 78, P0
2026/09/30 08:32:22.574, Tesla T4, 12957 MiB, 1956 MiB, 15360 MiB, 100 %, 53 %, 615 MHz, 5000 MHz, 65.30 W, 78, P0
2026/09/30 08:32:23.112, Tesla T4, 12957 MiB, 1956 MiB, 15360 MiB, 100 %, 45 %, 570 MHz, 5000 MHz, 65.14 W, 78, P0
2026/09/30 08:32:23.636, Tesla T4, 12957 MiB, 1956 MiB, 15360 MiB, 100 %, 48 %, 540 MHz, 5000 MHz, 68.98 W, 78, P0
2026/09/30 08:32:24.162, Tesla T4, 12957 MiB, 1956 MiB, 15360 MiB, 100 %, 60 %, 750 MHz, 5000 MHz, 65.73 W, 78, P0
2026/09/30 08:32:24.674, Tesla T4, 12957 MiB, 1956 MiB, 15360 MiB, 93 %, 52 %, 615 MHz, 5000 MHz, 76.86 W, 78, P0
2026/09/30 08:32:25.202, Tesla T4, 12957 MiB, 1956 MiB, 15360 MiB, 100 %, 44 %, 615 MHz, 5000 MHz, 72.75 W, 78, P0
2026/09/30 08:32:25.716, Tesla T4, 12957 MiB, 1956 MiB, 15360 MiB, 98 %, 75 %, 1125 MHz, 5000 MHz, 60.51 W, 77, P0
2026/09/30 08:32:26.244, Tesla T4, 12957 MiB, 1956 MiB, 15360 MiB, 100 %, 56 %, 780 MHz, 5000 MHz, 63.51 W, 78, P0
2026/09/30 08:32:26.756, Tesla T4, 12957 MiB, 1956 MiB, 15360 MiB, 96 %, 40 %, 645 MHz, 5000 MHz, 61.91 W, 78, P0
2026/09/30 08:32:27.268, Tesla T4, 12957 MiB, 1956 MiB, 15360 MiB, 98 %, 73 %, 705 MHz, 5000 MHz, 65.65 W, 78, P0
2026/09/30 08:32:27.782, Tesla T4, 12957 MiB, 1956 MiB, 15360 MiB, 100 %, 46 %, 600 MHz, 5000 MHz, 67.16 W, 78, P0
2026/09/30 08:32:28.295, Tesla T4, 12957 MiB, 1956 MiB, 15360 MiB, 100 %, 59 %, 570 MHz, 5000 MHz, 67.35 W, 78, P0
2026/09/30 08:32:28.808, Tesla T4, 12957 MiB, 1956 MiB, 15360 MiB, 100 %, 43 %, 705 MHz, 5000 MHz, 62.04 W, 77, P0
2026/09/30 08:32:29.335, Tesla T4, 12957 MiB, 1956 MiB, 15360 MiB, 100 %, 57 %, 765 MHz, 5000 MHz, 67.16 W, 77, P0
2026/09/30 08:32:29.854, Tesla T4, 12957 MiB, 1956 MiB, 15360 MiB, 100 %, 58 %, 765 MHz, 5000 MHz, 63.93 W, 77, P0
2026/09/30 08:32:30.367, Tesla T4, 12957 MiB, 1956 MiB, 15360 MiB, 100 %, 44 %, 570 MHz, 5000 MHz, 66.02 W, 77, P0
2026/09/30 08:32:30.884, Tesla T4, 12957 MiB, 1956 MiB, 15360 MiB, 100 %, 41 %, 645 MHz, 5000 MHz, 65.73 W, 77, P0
2026/09/30 08:32:31.399, Tesla T4, 12957 MiB, 1956 MiB, 15360 MiB, 100 %, 49 %, 615 MHz, 5000 MHz, 66.32 W, 77, P0
2026/09/30 08:32:31.917, Tesla T4, 12957 MiB, 1956 MiB, 15360 MiB, 100 %, 41 %, 630 MHz, 5000 MHz, 66.38 W, 77, P0
2026/09/30 08:32:32.429, Tesla T4, 12957 MiB, 1956 MiB, 15360 MiB, 98 %, 100 %, 1080 MHz, 5000 MHz, 62.79 W, 77, P0
2026/09/30 08:32:32.945, Tesla T4, 12957 MiB, 1956 MiB, 15360 MiB, 100 %, 48 %, 780 MHz, 5000 MHz, 69.80 W, 77, P0
2026/09/30 08:32:33.466, Tesla T4, 12957 MiB, 1956 MiB, 15360 MiB, 100 %, 52 %, 720 MHz, 5000 MHz, 60.87 W, 77, P0
2026/09/30 08:32:33.982, Tesla T4, 12957 MiB, 1956 MiB, 15360 MiB, 100 %, 50 %, 720 MHz, 5000 MHz, 67.79 W, 77, P0
2026/09/30 08:32:34.502, Tesla T4, 12957 MiB, 1956 MiB, 15360 MiB, 96 %, 48 %, 600 MHz, 5000 MHz, 65.24 W, 77, P0
2026/09/30 08:32:35.015, Tesla T4, 12957 MiB, 1956 MiB, 15360 MiB, 100 %, 50 %, 570 MHz, 5000 MHz, 69.96 W, 77, P0
2026/09/30 08:32:35.544, Tesla T4, 12957 MiB, 1956 MiB, 15360 MiB, 100 %, 55 %, 705 MHz, 5000 MHz, 67.94 W, 77, P0
2026/09/30 08:32:36.085, Tesla T4, 12957 MiB, 1956 MiB, 15360 MiB, 100 %, 45 %, 615 MHz, 5000 MHz, 66.77 W, 77, P0
2026/09/30 08:32:36.626, Tesla T4, 12957 MiB, 1956 MiB, 15360 MiB, 100 %, 44 %, 600 MHz, 5000 MHz, 66.77 W, 77, P0
2026/09/30 08:32:37.152, Tesla T4, 12957 MiB, 1956 MiB, 15360 MiB, 96 %, 96 %, 555 MHz, 5000 MHz, 95.97 W, 77, P0
2026/09/30 08:32:37.688, Tesla T4, 12957 MiB, 1956 MiB, 15360 MiB, 100 %, 54 %, 765 MHz, 5000 MHz, 66.71 W, 77, P0
2026/09/30 08:32:38.207, Tesla T4, 12957 MiB, 1956 MiB, 15360 MiB, 100 %, 54 %, 570 MHz, 5000 MHz, 70.49 W, 77, P0
2026/09/30 08:32:38.721, Tesla T4, 12957 MiB, 1956 MiB, 15360 MiB, 100 %, 48 %, 675 MHz, 5000 MHz, 59.20 W, 76, P0
2026/09/30 08:32:39.247, Tesla T4, 12957 MiB, 1956 MiB, 15360 MiB, 100 %, 57 %, 690 MHz, 5000 MHz, 67.75 W, 76, P0
2026/09/30 08:32:39.757, Tesla T4, 12957 MiB, 1956 MiB, 15360 MiB, 100 %, 45 %, 720 MHz, 5000 MHz, 61.85 W, 76, P0
2026/09/30 08:32:40.274, Tesla T4, 12957 MiB, 1956 MiB, 15360 MiB, 100 %, 69 %, 915 MHz, 5000 MHz, 61.69 W, 76, P0
2026/09/30 08:32:40.789, Tesla T4, 12957 MiB, 1956 MiB, 15360 MiB, 100 %, 54 %, 720 MHz, 5000 MHz, 65.69 W, 76, P0
2026/09/30 08:32:41.308, Tesla T4, 12957 MiB, 1956 MiB, 15360 MiB, 96 %, 46 %, 615 MHz, 5000 MHz, 65.24 W, 76, P0
2026/09/30 08:32:41.820, Tesla T4, 12957 MiB, 1956 MiB, 15360 MiB, 100 %, 43 %, 555 MHz, 5000 MHz, 62.73 W, 76, P0
2026/09/30 08:32:42.340, Tesla T4, 12957 MiB, 1956 MiB, 15360 MiB, 100 %, 45 %, 555 MHz, 5000 MHz, 64.65 W, 76, P0
2026/09/30 08:32:42.853, Tesla T4, 12957 MiB, 1956 MiB, 15360 MiB, 100 %, 44 %, 495 MHz, 5000 MHz, 62.28 W, 76, P0
2026/09/30 08:32:43.371, Tesla T4, 12957 MiB, 1956 MiB, 15360 MiB, 100 %, 96 %, 735 MHz, 5000 MHz, 71.91 W, 76, P0
2026/09/30 08:32:43.887, Tesla T4, 12957 MiB, 1956 MiB, 15360 MiB, 100 %, 55 %, 780 MHz, 5000 MHz, 69.07 W, 76, P0
2026/09/30 08:32:44.408, Tesla T4, 12957 MiB, 1956 MiB, 15360 MiB, 100 %, 56 %, 660 MHz, 5000 MHz, 69.51 W, 76, P0
2026/09/30 08:32:44.923, Tesla T4, 12957 MiB, 1956 MiB, 15360 MiB, 96 %, 53 %, 600 MHz, 5000 MHz, 64.16 W, 76, P0
2026/09/30 08:32:45.439, Tesla T4, 12957 MiB, 1956 MiB, 15360 MiB, 100 %, 60 %, 585 MHz, 5000 MHz, 63.67 W, 76, P0
2026/09/30 08:32:45.954, Tesla T4, 12957 MiB, 1956 MiB, 15360 MiB, 100 %, 66 %, 810 MHz, 5000 MHz, 62.50 W, 76, P0
2026/09/30 08:32:46.466, Tesla T4, 12957 MiB, 1956 MiB, 15360 MiB, 100 %, 60 %, 765 MHz, 5000 MHz, 44.88 W, 76, P0
2026/09/30 08:32:46.984, Tesla T4, 12957 MiB, 1956 MiB, 15360 MiB, 100 %, 42 %, 660 MHz, 5000 MHz, 67.00 W, 76, P0
2026/09/30 08:32:47.495, Tesla T4, 12957 MiB, 1956 MiB, 15360 MiB, 100 %, 39 %, 795 MHz, 5000 MHz, 62.83 W, 76, P0
2026/09/30 08:32:48.014, Tesla T4, 12957 MiB, 1956 MiB, 15360 MiB, 100 %, 42 %, 675 MHz, 5000 MHz, 64.89 W, 76, P0
2026/09/30 08:32:48.527, Tesla T4, 12957 MiB, 1956 MiB, 15360 MiB, 100 %, 37 %, 1095 MHz, 5000 MHz, 64.26 W, 76, P0
2026/09/30 08:32:49.095, Tesla T4, 12957 MiB, 1956 MiB, 15360 MiB, 100 %, 63 %, 675 MHz, 5000 MHz, 61.36 W, 76, P0
2026/09/30 08:32:49.613, Tesla T4, 12957 MiB, 1956 MiB, 15360 MiB, 100 %, 51 %, 750 MHz, 5000 MHz, 61.91 W, 76, P0
2026/09/30 08:32:50.127, Tesla T4, 12957 MiB, 1956 MiB, 15360 MiB, 100 %, 52 %, 735 MHz, 5000 MHz, 69.21 W, 76, P0
2026/09/30 08:32:50.646, Tesla T4, 12957 MiB, 1956 MiB, 15360 MiB, 90 %, 46 %, 1350 MHz, 5000 MHz, 61.46 W, 76, P0
2026/09/30 08:32:51.161, Tesla T4, 12957 MiB, 1956 MiB, 15360 MiB, 100 %, 58 %, 510 MHz, 5000 MHz, 61.59 W, 76, P0
2026/09/30 08:32:51.688, Tesla T4, 12957 MiB, 1956 MiB, 15360 MiB, 100 %, 59 %, 720 MHz, 5000 MHz, 46.16 W, 76, P0
2026/09/30 08:32:52.211, Tesla T4, 12957 MiB, 1956 MiB, 15360 MiB, 100 %, 45 %, 615 MHz, 5000 MHz, 61.26 W, 76, P0
2026/09/30 08:32:52.733, Tesla T4, 12957 MiB, 1956 MiB, 15360 MiB, 100 %, 45 %, 540 MHz, 5000 MHz, 69.12 W, 76, P0
2026/09/30 08:32:53.257, Tesla T4, 12957 MiB, 1956 MiB, 15360 MiB, 100 %, 55 %, 780 MHz, 5000 MHz, 68.58 W, 76, P0
2026/09/30 08:32:53.769, Tesla T4, 12957 MiB, 1956 MiB, 15360 MiB, 100 %, 55 %, 780 MHz, 5000 MHz, 68.14 W, 76, P0
2026/09/30 08:32:54.288, Tesla T4, 12957 MiB, 1956 MiB, 15360 MiB, 100 %, 44 %, 585 MHz, 5000 MHz, 67.06 W, 76, P0
2026/09/30 08:32:54.816, Tesla T4, 12957 MiB, 1956 MiB, 15360 MiB, 100 %, 47 %, 675 MHz, 5000 MHz, 62.04 W, 76, P0
2026/09/30 08:32:55.343, Tesla T4, 12957 MiB, 1956 MiB, 15360 MiB, 100 %, 54 %, 735 MHz, 5000 MHz, 62.53 W, 76, P0
2026/09/30 08:32:55.856, Tesla T4, 12957 MiB, 1956 MiB, 15360 MiB, 100 %, 55 %, 1095 MHz, 5000 MHz, 64.46 W, 76, P0
2026/09/30 08:32:56.371, Tesla T4, 12957 MiB, 1956 MiB, 15360 MiB, 100 %, 52 %, 825 MHz, 5000 MHz, 73.14 W, 76, P0
2026/09/30 08:32:56.884, Tesla T4, 12957 MiB, 1956 MiB, 15360 MiB, 100 %, 49 %, 585 MHz, 5000 MHz, 63.81 W, 76, P0
2026/09/30 08:32:57.403, Tesla T4, 12957 MiB, 1956 MiB, 15360 MiB, 100 %, 57 %, 600 MHz, 5000 MHz, 65.34 W, 76, P0
2026/09/30 08:32:57.916, Tesla T4, 12957 MiB, 1956 MiB, 15360 MiB, 98 %, 92 %, 690 MHz, 5000 MHz, 64.79 W, 76, P0
2026/09/30 08:32:58.436, Tesla T4, 12957 MiB, 1956 MiB, 15360 MiB, 100 %, 55 %, 765 MHz, 5000 MHz, 67.21 W, 76, P0
2026/09/30 08:32:58.948, Tesla T4, 12957 MiB, 1956 MiB, 15360 MiB, 100 %, 46 %, 615 MHz, 5000 MHz, 65.34 W, 76, P0
2026/09/30 08:32:59.460, Tesla T4, 12957 MiB, 1956 MiB, 15360 MiB, 100 %, 54 %, 555 MHz, 5000 MHz, 66.65 W, 76, P0
2026/09/30 08:32:59.978, Tesla T4, 12957 MiB, 1956 MiB, 15360 MiB, 98 %, 89 %, 795 MHz, 5000 MHz, 68.04 W, 76, P0
2026/09/30 08:33:00.490, Tesla T4, 12957 MiB, 1956 MiB, 15360 MiB, 100 %, 58 %, 720 MHz, 5000 MHz, 64.10 W, 76, P0
2026/09/30 08:33:01.009, Tesla T4, 12957 MiB, 1956 MiB, 15360 MiB, 100 %, 44 %, 615 MHz, 5000 MHz, 65.83 W, 76, P0
2026/09/30 08:33:01.542, Tesla T4, 12957 MiB, 1956 MiB, 15360 MiB, 100 %, 44 %, 630 MHz, 5000 MHz, 66.42 W, 76, P0
2026/09/30 08:33:02.075, Tesla T4, 12957 MiB, 1956 MiB, 15360 MiB, 100 %, 68 %, 1320 MHz, 5000 MHz, 67.35 W, 77, P0
2026/09/30 08:33:02.591, Tesla T4, 12957 MiB, 1956 MiB, 15360 MiB, 100 %, 55 %, 780 MHz, 5000 MHz, 65.49 W, 76, P0
2026/09/30 08:33:03.136, Tesla T4, 12957 MiB, 1956 MiB, 15360 MiB, 100 %, 55 %, 600 MHz, 5000 MHz, 68.29 W, 76, P0
2026/09/30 08:33:03.694, Tesla T4, 12957 MiB, 1956 MiB, 15360 MiB, 100 %, 43 %, 960 MHz, 5000 MHz, 60.51 W, 76, P0
2026/09/30 08:33:04.223, Tesla T4, 12957 MiB, 1956 MiB, 15360 MiB, 100 %, 44 %, 480 MHz, 5000 MHz, 60.90 W, 76, P0
2026/09/30 08:33:04.742, Tesla T4, 12957 MiB, 1956 MiB, 15360 MiB, 99 %, 83 %, 720 MHz, 5000 MHz, 62.53 W, 77, P0
2026/09/30 08:33:05.257, Tesla T4, 12957 MiB, 1956 MiB, 15360 MiB, 100 %, 54 %, 780 MHz, 5000 MHz, 66.33 W, 76, P0
2026/09/30 08:33:05.776, Tesla T4, 12957 MiB, 1956 MiB, 15360 MiB, 100 %, 44 %, 630 MHz, 5000 MHz, 66.91 W, 77, P0
2026/09/30 08:33:06.296, Tesla T4, 12957 MiB, 1956 MiB, 15360 MiB, 100 %, 62 %, 615 MHz, 5000 MHz, 64.85 W, 77, P0
2026/09/30 08:33:06.810, Tesla T4, 12957 MiB, 1956 MiB, 15360 MiB, 98 %, 84 %, 1035 MHz, 5000 MHz, 62.63 W, 76, P0
2026/09/30 08:33:07.330, Tesla T4, 12957 MiB, 1956 MiB, 15360 MiB, 100 %, 53 %, 690 MHz, 5000 MHz, 64.89 W, 77, P0
2026/09/30 08:33:07.843, Tesla T4, 12957 MiB, 1956 MiB, 15360 MiB, 100 %, 53 %, 735 MHz, 5000 MHz, 67.84 W, 77, P0
2026/09/30 08:33:08.364, Tesla T4, 12957 MiB, 1956 MiB, 15360 MiB, 100 %, 46 %, 615 MHz, 5000 MHz, 61.75 W, 77, P0
2026/09/30 08:33:08.876, Tesla T4, 12957 MiB, 1956 MiB, 15360 MiB, 98 %, 94 %, 615 MHz, 5000 MHz, 72.55 W, 77, P0
2026/09/30 08:33:09.394, Tesla T4, 12957 MiB, 1956 MiB, 15360 MiB, 100 %, 56 %, 960 MHz, 5000 MHz, 54.56 W, 76, P0
2026/09/30 08:33:09.909, Tesla T4, 12957 MiB, 1956 MiB, 15360 MiB, 100 %, 25 %, 855 MHz, 5000 MHz, 68.42 W, 77, P0
2026/09/30 08:33:10.436, Tesla T4, 12957 MiB, 1956 MiB, 15360 MiB, 100 %, 47 %, 540 MHz, 5000 MHz, 65.83 W, 77, P0
2026/09/30 08:33:10.948, Tesla T4, 12957 MiB, 1956 MiB, 15360 MiB, 100 %, 48 %, 720 MHz, 5000 MHz, 62.14 W, 77, P0
2026/09/30 08:33:11.481, Tesla T4, 12957 MiB, 1956 MiB, 15360 MiB, 100 %, 61 %, 795 MHz, 5000 MHz, 68.88 W, 77, P0
2026/09/30 08:33:11.994, Tesla T4, 12957 MiB, 1956 MiB, 15360 MiB, 85 %, 46 %, 810 MHz, 5000 MHz, 69.31 W, 77, P0
2026/09/30 08:33:12.511, Tesla T4, 12957 MiB, 1956 MiB, 15360 MiB, 98 %, 77 %, 735 MHz, 5000 MHz, 65.44 W, 77, P0
2026/09/30 08:33:13.025, Tesla T4, 12957 MiB, 1956 MiB, 15360 MiB, 96 %, 51 %, 1530 MHz, 5000 MHz, 42.44 W, 76, P0
2026/09/30 08:33:13.532, Tesla T4, 12957 MiB, 1956 MiB, 15360 MiB, 100 %, 49 %, 600 MHz, 5000 MHz, 66.38 W, 77, P0
2026/09/30 08:33:14.049, Tesla T4, 12957 MiB, 1956 MiB, 15360 MiB, 98 %, 82 %, 735 MHz, 5000 MHz, 66.47 W, 77, P0
2026/09/30 08:33:14.584, Tesla T4, 12957 MiB, 1956 MiB, 15360 MiB, 91 %, 44 %, 645 MHz, 5000 MHz, 66.12 W, 77, P0
2026/09/30 08:33:15.102, Tesla T4, 12957 MiB, 1956 MiB, 15360 MiB, 100 %, 42 %, 615 MHz, 5000 MHz, 67.16 W, 77, P0
2026/09/30 08:33:15.641, Tesla T4, 12957 MiB, 1956 MiB, 15360 MiB, 100 %, 75 %, 630 MHz, 5000 MHz, 66.02 W, 77, P0
2026/09/30 08:33:16.169, Tesla T4, 12957 MiB, 1956 MiB, 15360 MiB, 100 %, 42 %, 600 MHz, 5000 MHz, 64.20 W, 77, P0
2026/09/30 08:33:16.698, Tesla T4, 12957 MiB, 1956 MiB, 15360 MiB, 100 %, 90 %, 1335 MHz, 5000 MHz, 64.46 W, 77, P0
2026/09/30 08:33:17.231, Tesla T4, 12957 MiB, 1956 MiB, 15360 MiB, 100 %, 52 %, 645 MHz, 5000 MHz, 60.61 W, 77, P0
2026/09/30 08:33:17.745, Tesla T4, 12957 MiB, 1956 MiB, 15360 MiB, 100 %, 52 %, 765 MHz, 5000 MHz, 69.51 W, 77, P0
2026/09/30 08:33:18.263, Tesla T4, 12957 MiB, 1956 MiB, 15360 MiB, 100 %, 51 %, 690 MHz, 5000 MHz, 61.79 W, 77, P0
2026/09/30 08:33:18.778, Tesla T4, 12957 MiB, 1956 MiB, 15360 MiB, 100 %, 49 %, 570 MHz, 5000 MHz, 65.44 W, 77, P0
2026/09/30 08:33:19.296, Tesla T4, 12957 MiB, 1956 MiB, 15360 MiB, 100 %, 57 %, 600 MHz, 5000 MHz, 66.77 W, 77, P0
2026/09/30 08:33:19.811, Tesla T4, 12957 MiB, 1956 MiB, 15360 MiB, 98 %, 96 %, 495 MHz, 5000 MHz, 63.57 W, 78, P0
2026/09/30 08:33:20.330, Tesla T4, 12957 MiB, 1956 MiB, 15360 MiB, 100 %, 54 %, 705 MHz, 5000 MHz, 65.08 W, 77, P0
2026/09/30 08:33:20.844, Tesla T4, 12957 MiB, 1956 MiB, 15360 MiB, 86 %, 45 %, 630 MHz, 5000 MHz, 65.83 W, 77, P0
2026/09/30 08:33:21.359, Tesla T4, 12957 MiB, 1956 MiB, 15360 MiB, 100 %, 42 %, 615 MHz, 5000 MHz, 68.78 W, 77, P0
2026/09/30 08:33:21.879, Tesla T4, 12957 MiB, 1956 MiB, 15360 MiB, 100 %, 41 %, 885 MHz, 5000 MHz, 62.24 W, 77, P0
2026/09/30 08:33:22.408, Tesla T4, 12957 MiB, 1956 MiB, 15360 MiB, 100 %, 51 %, 645 MHz, 5000 MHz, 68.67 W, 77, P0
2026/09/30 08:33:22.925, Tesla T4, 12957 MiB, 1956 MiB, 15360 MiB, 100 %, 51 %, 735 MHz, 5000 MHz, 63.51 W, 78, P0
2026/09/30 08:33:23.437, Tesla T4, 12957 MiB, 1956 MiB, 15360 MiB, 100 %, 44 %, 540 MHz, 5000 MHz, 67.69 W, 77, P0
2026/09/30 08:33:23.958, Tesla T4, 12957 MiB, 1956 MiB, 15360 MiB, 100 %, 46 %, 810 MHz, 5000 MHz, 67.40 W, 77, P0
2026/09/30 08:33:24.474, Tesla T4, 12957 MiB, 1956 MiB, 15360 MiB, 100 %, 56 %, 675 MHz, 5000 MHz, 65.98 W, 78, P0
2026/09/30 08:33:24.994, Tesla T4, 12957 MiB, 1956 MiB, 15360 MiB, 93 %, 50 %, 600 MHz, 5000 MHz, 64.22 W, 77, P0
2026/09/30 08:33:25.507, Tesla T4, 12957 MiB, 1956 MiB, 15360 MiB, 100 %, 48 %, 615 MHz, 5000 MHz, 66.91 W, 78, P0
2026/09/30 08:33:26.025, Tesla T4, 12957 MiB, 1956 MiB, 15360 MiB, 100 %, 56 %, 660 MHz, 5000 MHz, 65.48 W, 77, P0
2026/09/30 08:33:26.538, Tesla T4, 12957 MiB, 1956 MiB, 15360 MiB, 96 %, 51 %, 615 MHz, 5000 MHz, 66.32 W, 78, P0
2026/09/30 08:33:27.058, Tesla T4, 12957 MiB, 1956 MiB, 15360 MiB, 100 %, 41 %, 600 MHz, 5000 MHz, 64.36 W, 78, P0
2026/09/30 08:33:27.582, Tesla T4, 12957 MiB, 1956 MiB, 15360 MiB, 100 %, 69 %, 600 MHz, 5000 MHz, 63.26 W, 78, P0
2026/09/30 08:33:28.097, Tesla T4, 12957 MiB, 1956 MiB, 15360 MiB, 100 %, 41 %, 585 MHz, 5000 MHz, 66.22 W, 78, P0
2026/09/30 08:33:28.632, Tesla T4, 12957 MiB, 1956 MiB, 15360 MiB, 100 %, 65 %, 1050 MHz, 5000 MHz, 66.28 W, 77, P0
2026/09/30 08:33:29.174, Tesla T4, 12957 MiB, 1956 MiB, 15360 MiB, 100 %, 52 %, 660 MHz, 5000 MHz, 60.97 W, 77, P0
2026/09/30 08:33:29.701, Tesla T4, 12957 MiB, 1956 MiB, 15360 MiB, 100 %, 54 %, 675 MHz, 5000 MHz, 63.81 W, 78, P0
2026/09/30 08:33:30.221, Tesla T4, 12957 MiB, 1956 MiB, 15360 MiB, 100 %, 54 %, 675 MHz, 5000 MHz, 69.51 W, 78, P0
2026/09/30 08:33:30.736, Tesla T4, 12957 MiB, 1956 MiB, 15360 MiB, 85 %, 43 %, 555 MHz, 5000 MHz, 64.61 W, 78, P0
2026/09/30 08:33:31.255, Tesla T4, 12957 MiB, 1956 MiB, 15360 MiB, 100 %, 57 %, 615 MHz, 5000 MHz, 67.21 W, 78, P0
2026/09/30 08:33:31.770, Tesla T4, 12957 MiB, 1956 MiB, 15360 MiB, 98 %, 83 %, 1275 MHz, 5000 MHz, 61.55 W, 78, P0
2026/09/30 08:33:32.295, Tesla T4, 12957 MiB, 1956 MiB, 15360 MiB, 100 %, 54 %, 660 MHz, 5000 MHz, 63.91 W, 78, P0
2026/09/30 08:33:32.810, Tesla T4, 12957 MiB, 1956 MiB, 15360 MiB, 96 %, 48 %, 600 MHz, 5000 MHz, 66.67 W, 78, P0
2026/09/30 08:33:33.328, Tesla T4, 12957 MiB, 1956 MiB, 15360 MiB, 100 %, 41 %, 630 MHz, 5000 MHz, 66.12 W, 78, P0
2026/09/30 08:33:33.840, Tesla T4, 12957 MiB, 1956 MiB, 15360 MiB, 100 %, 73 %, 600 MHz, 5000 MHz, 65.28 W, 78, P0
2026/09/30 08:33:34.359, Tesla T4, 12957 MiB, 1956 MiB, 15360 MiB, 100 %, 41 %, 600 MHz, 5000 MHz, 64.40 W, 78, P0
2026/09/30 08:33:34.872, Tesla T4, 12957 MiB, 1956 MiB, 15360 MiB, 100 %, 71 %, 1035 MHz, 5000 MHz, 65.34 W, 77, P0
2026/09/30 08:33:35.396, Tesla T4, 12957 MiB, 1956 MiB, 15360 MiB, 100 %, 52 %, 675 MHz, 5000 MHz, 64.59 W, 78, P0
2026/09/30 08:33:35.907, Tesla T4, 12957 MiB, 1956 MiB, 15360 MiB, 100 %, 52 %, 780 MHz, 5000 MHz, 67.75 W, 78, P0
2026/09/30 08:33:36.419, Tesla T4, 12957 MiB, 1956 MiB, 15360 MiB, 100 %, 53 %, 720 MHz, 5000 MHz, 61.10 W, 78, P0
2026/09/30 08:33:36.938, Tesla T4, 12957 MiB, 1956 MiB, 15360 MiB, 98 %, 51 %, 585 MHz, 5000 MHz, 69.12 W, 78, P0
2026/09/30 08:33:37.452, Tesla T4, 12957 MiB, 1956 MiB, 15360 MiB, 100 %, 42 %, 570 MHz, 5000 MHz, 65.79 W, 78, P0
2026/09/30 08:33:37.963, Tesla T4, 12957 MiB, 1956 MiB, 15360 MiB, 100 %, 56 %, 570 MHz, 5000 MHz, 65.83 W, 78, P0
2026/09/30 08:33:38.483, Tesla T4, 12957 MiB, 1956 MiB, 15360 MiB, 100 %, 40 %, 840 MHz, 5000 MHz, 62.24 W, 77, P0
2026/09/30 08:33:39.009, Tesla T4, 12957 MiB, 1956 MiB, 15360 MiB, 100 %, 50 %, 690 MHz, 5000 MHz, 68.72 W, 78, P0
2026/09/30 08:33:39.523, Tesla T4, 12957 MiB, 1956 MiB, 15360 MiB, 100 %, 51 %, 660 MHz, 5000 MHz, 62.14 W, 78, P0
2026/09/30 08:33:40.037, Tesla T4, 12957 MiB, 1956 MiB, 15360 MiB, 100 %, 51 %, 735 MHz, 5000 MHz, 67.30 W, 78, P0
2026/09/30 08:33:40.562, Tesla T4, 12957 MiB, 1956 MiB, 15360 MiB, 100 %, 41 %, 600 MHz, 5000 MHz, 65.87 W, 78, P0
2026/09/30 08:33:41.111, Tesla T4, 12957 MiB, 1956 MiB, 15360 MiB, 100 %, 37 %, 600 MHz, 5000 MHz, 60.51 W, 77, P0
2026/09/30 08:33:41.658, Tesla T4, 12957 MiB, 1956 MiB, 15360 MiB, 100 %, 42 %, 660 MHz, 5000 MHz, 66.57 W, 77, P0
2026/09/30 08:33:42.180, Tesla T4, 12957 MiB, 1956 MiB, 15360 MiB, 100 %, 40 %, 600 MHz, 5000 MHz, 66.06 W, 77, P0
2026/09/30 08:33:42.715, Tesla T4, 12957 MiB, 1956 MiB, 15360 MiB, 100 %, 89 %, 735 MHz, 5000 MHz, 54.33 W, 77, P0
2026/09/30 08:33:43.232, Tesla T4, 12957 MiB, 1956 MiB, 15360 MiB, 100 %, 51 %, 645 MHz, 5000 MHz, 69.70 W, 77, P0
2026/09/30 08:33:43.747, Tesla T4, 12957 MiB, 1956 MiB, 15360 MiB, 100 %, 51 %, 765 MHz, 5000 MHz, 69.17 W, 77, P0
2026/09/30 08:33:44.267, Tesla T4, 12957 MiB, 1956 MiB, 15360 MiB, 100 %, 51 %, 690 MHz, 5000 MHz, 62.34 W, 77, P0
2026/09/30 08:33:44.792, Tesla T4, 12957 MiB, 1956 MiB, 15360 MiB, 100 %, 43 %, 600 MHz, 5000 MHz, 64.55 W, 77, P0
2026/09/30 08:33:45.305, Tesla T4, 12957 MiB, 1956 MiB, 15360 MiB, 100 %, 69 %, 675 MHz, 5000 MHz, 70.54 W, 78, P0
2026/09/30 08:33:45.823, Tesla T4, 12957 MiB, 1956 MiB, 15360 MiB, 100 %, 42 %, 585 MHz, 5000 MHz, 65.73 W, 77, P0
2026/09/30 08:33:46.338, Tesla T4, 12957 MiB, 1956 MiB, 15360 MiB, 98 %, 100 %, 450 MHz, 5000 MHz, 96.94 W, 78, P0
2026/09/30 08:33:46.849, Tesla T4, 12957 MiB, 1956 MiB, 15360 MiB, 100 %, 54 %, 660 MHz, 5000 MHz, 69.02 W, 77, P0
2026/09/30 08:33:47.367, Tesla T4, 12957 MiB, 1956 MiB, 15360 MiB, 100 %, 53 %, 675 MHz, 5000 MHz, 68.14 W, 77, P0
2026/09/30 08:33:47.882, Tesla T4, 12957 MiB, 1956 MiB, 15360 MiB, 96 %, 51 %, 570 MHz, 5000 MHz, 65.48 W, 77, P0
2026/09/30 08:33:48.400, Tesla T4, 12957 MiB, 1956 MiB, 15360 MiB, 100 %, 61 %, 570 MHz, 5000 MHz, 67.40 W, 77, P0
2026/09/30 08:33:48.913, Tesla T4, 12957 MiB, 1956 MiB, 15360 MiB, 100 %, 64 %, 555 MHz, 5000 MHz, 60.71 W, 77, P0
2026/09/30 08:33:49.435, Tesla T4, 12957 MiB, 1956 MiB, 15360 MiB, 100 %, 53 %, 705 MHz, 5000 MHz, 63.12 W, 77, P0
2026/09/30 08:33:49.948, Tesla T4, 12957 MiB, 1956 MiB, 15360 MiB, 100 %, 46 %, 615 MHz, 5000 MHz, 65.49 W, 77, P0
2026/09/30 08:33:50.466, Tesla T4, 12957 MiB, 1956 MiB, 15360 MiB, 100 %, 60 %, 570 MHz, 5000 MHz, 66.77 W, 77, P0
2026/09/30 08:33:50.980, Tesla T4, 12957 MiB, 1956 MiB, 15360 MiB, 97 %, 100 %, 570 MHz, 5000 MHz, 93.21 W, 77, P0
2026/09/30 08:33:51.500, Tesla T4, 12957 MiB, 1956 MiB, 15360 MiB, 100 %, 53 %, 735 MHz, 5000 MHz, 69.27 W, 77, P0
2026/09/30 08:33:52.013, Tesla T4, 12957 MiB, 1956 MiB, 15360 MiB, 96 %, 47 %, 570 MHz, 5000 MHz, 64.89 W, 77, P0
2026/09/30 08:33:52.525, Tesla T4, 12957 MiB, 1956 MiB, 15360 MiB, 100 %, 57 %, 570 MHz, 5000 MHz, 66.47 W, 77, P0
2026/09/30 08:33:53.043, Tesla T4, 12957 MiB, 1956 MiB, 15360 MiB, 98 %, 95 %, 705 MHz, 5000 MHz, 66.77 W, 77, P0
2026/09/30 08:33:53.577, Tesla T4, 12957 MiB, 1956 MiB, 15360 MiB, 100 %, 54 %, 690 MHz, 5000 MHz, 68.53 W, 77, P0
2026/09/30 08:33:54.121, Tesla T4, 12957 MiB, 1956 MiB, 15360 MiB, 100 %, 46 %, 615 MHz, 5000 MHz, 63.51 W, 77, P0
2026/09/30 08:33:54.651, Tesla T4, 12957 MiB, 1956 MiB, 15360 MiB, 97 %, 80 %, 660 MHz, 5000 MHz, 58.39 W, 77, P0
2026/09/30 08:33:55.174, Tesla T4, 12957 MiB, 1956 MiB, 15360 MiB, 100 %, 55 %, 705 MHz, 5000 MHz, 62.93 W, 77, P0
2026/09/30 08:33:55.699, Tesla T4, 12957 MiB, 1956 MiB, 15360 MiB, 100 %, 43 %, 885 MHz, 5000 MHz, 68.04 W, 77, P0
2026/09/30 08:33:56.211, Tesla T4, 12957 MiB, 1956 MiB, 15360 MiB, 100 %, 47 %, 1005 MHz, 5000 MHz, 61.69 W, 77, P0
2026/09/30 08:33:56.734, Tesla T4, 12957 MiB, 1956 MiB, 15360 MiB, 100 %, 59 %, 750 MHz, 5000 MHz, 63.03 W, 77, P0
2026/09/30 08:33:57.252, Tesla T4, 12957 MiB, 1956 MiB, 15360 MiB, 100 %, 46 %, 570 MHz, 5000 MHz, 68.92 W, 77, P0
2026/09/30 08:33:57.764, Tesla T4, 12957 MiB, 1956 MiB, 15360 MiB, 100 %, 39 %, 660 MHz, 5000 MHz, 56.46 W, 77, P0
2026/09/30 08:33:58.283, Tesla T4, 12957 MiB, 1956 MiB, 15360 MiB, 100 %, 46 %, 600 MHz, 5000 MHz, 68.33 W, 77, P0
2026/09/30 08:33:58.797, Tesla T4, 12957 MiB, 1956 MiB, 15360 MiB, 98 %, 100 %, 675 MHz, 5000 MHz, 64.89 W, 77, P0
2026/09/30 08:33:59.316, Tesla T4, 12957 MiB, 1956 MiB, 15360 MiB, 100 %, 56 %, 690 MHz, 5000 MHz, 63.71 W, 77, P0
2026/09/30 08:33:59.831, Tesla T4, 12957 MiB, 1956 MiB, 15360 MiB, 100 %, 56 %, 780 MHz, 5000 MHz, 67.45 W, 77, P0
2026/09/30 08:34:00.350, Tesla T4, 12957 MiB, 1956 MiB, 15360 MiB, 100 %, 45 %, 450 MHz, 5000 MHz, 63.61 W, 77, P0
2026/09/30 08:34:00.865, Tesla T4, 12957 MiB, 1956 MiB, 15360 MiB, 100 %, 46 %, 615 MHz, 5000 MHz, 69.80 W, 77, P0
2026/09/30 08:34:01.389, Tesla T4, 12957 MiB, 1956 MiB, 15360 MiB, 100 %, 67 %, 765 MHz, 5000 MHz, 67.45 W, 77, P0
2026/09/30 08:34:01.908, Tesla T4, 12957 MiB, 1956 MiB, 15360 MiB, 100 %, 57 %, 765 MHz, 5000 MHz, 67.65 W, 77, P0
2026/09/30 08:34:02.421, Tesla T4, 12957 MiB, 1956 MiB, 15360 MiB, 100 %, 52 %, 585 MHz, 5000 MHz, 68.82 W, 77, P0
2026/09/30 08:34:02.935, Tesla T4, 12957 MiB, 1956 MiB, 15360 MiB, 100 %, 54 %, 690 MHz, 5000 MHz, 66.32 W, 77, P0
2026/09/30 08:34:03.449, Tesla T4, 12957 MiB, 1956 MiB, 15360 MiB, 96 %, 47 %, 585 MHz, 5000 MHz, 66.96 W, 77, P0
2026/09/30 08:34:03.961, Tesla T4, 12957 MiB, 1956 MiB, 15360 MiB, 100 %, 45 %, 585 MHz, 5000 MHz, 65.40 W, 77, P0
2026/09/30 08:34:04.475, Tesla T4, 12957 MiB, 1956 MiB, 15360 MiB, 98 %, 100 %, 720 MHz, 5000 MHz, 62.77 W, 77, P0
2026/09/30 08:34:04.991, Tesla T4, 12957 MiB, 1956 MiB, 15360 MiB, 100 %, 55 %, 690 MHz, 5000 MHz, 65.14 W, 77, P0
2026/09/30 08:34:05.509, Tesla T4, 12957 MiB, 1956 MiB, 15360 MiB, 100 %, 45 %, 525 MHz, 5000 MHz, 66.71 W, 77, P0
2026/09/30 08:34:06.025, Tesla T4, 12957 MiB, 1956 MiB, 15360 MiB, 100 %, 45 %, 525 MHz, 5000 MHz, 66.96 W, 77, P0
2026/09/30 08:34:06.553, Tesla T4, 12957 MiB, 1956 MiB, 15360 MiB, 100 %, 53 %, 675 MHz, 5000 MHz, 66.91 W, 77, P0
2026/09/30 08:34:07.067, Tesla T4, 12957 MiB, 1956 MiB, 15360 MiB, 100 %, 53 %, 1035 MHz, 5000 MHz, 54.79 W, 77, P0
2026/09/30 08:34:07.607, Tesla T4, 12957 MiB, 1956 MiB, 15360 MiB, 100 %, 48 %, 570 MHz, 5000 MHz, 68.47 W, 77, P0
2026/09/30 08:34:08.133, Tesla T4, 12957 MiB, 1956 MiB, 15360 MiB, 100 %, 56 %, 615 MHz, 5000 MHz, 68.43 W, 77, P0
2026/09/30 08:34:08.653, Tesla T4, 12957 MiB, 1956 MiB, 15360 MiB, 100 %, 75 %, 1035 MHz, 5000 MHz, 64.10 W, 77, P0
2026/09/30 08:34:09.173, Tesla T4, 12957 MiB, 1956 MiB, 15360 MiB, 100 %, 53 %, 690 MHz, 5000 MHz, 63.77 W, 77, P0
2026/09/30 08:34:09.689, Tesla T4, 12957 MiB, 1956 MiB, 15360 MiB, 100 %, 52 %, 705 MHz, 5000 MHz, 63.75 W, 77, P0
2026/09/30 08:34:10.207, Tesla T4, 12957 MiB, 1956 MiB, 15360 MiB, 99 %, 52 %, 585 MHz, 5000 MHz, 65.24 W, 77, P0
2026/09/30 08:34:10.720, Tesla T4, 12957 MiB, 1956 MiB, 15360 MiB, 100 %, 50 %, 645 MHz, 5000 MHz, 60.12 W, 77, P0
2026/09/30 08:34:11.237, Tesla T4, 12957 MiB, 1956 MiB, 15360 MiB, 96 %, 53 %, 615 MHz, 5000 MHz, 62.73 W, 77, P0
2026/09/30 08:34:11.750, Tesla T4, 12957 MiB, 1956 MiB, 15360 MiB, 100 %, 56 %, 600 MHz, 5000 MHz, 65.83 W, 77, P0
2026/09/30 08:34:12.269, Tesla T4, 12957 MiB, 1956 MiB, 15360 MiB, 98 %, 83 %, 780 MHz, 5000 MHz, 62.14 W, 77, P0
2026/09/30 08:34:12.783, Tesla T4, 12957 MiB, 1956 MiB, 15360 MiB, 100 %, 55 %, 780 MHz, 5000 MHz, 70.00 W, 77, P0
2026/09/30 08:34:13.302, Tesla T4, 12957 MiB, 1956 MiB, 15360 MiB, 100 %, 41 %, 840 MHz, 5000 MHz, 67.06 W, 77, P0
2026/09/30 08:34:13.814, Tesla T4, 12957 MiB, 1956 MiB, 15360 MiB, 100 %, 46 %, 615 MHz, 5000 MHz, 61.85 W, 76, P0
2026/09/30 08:34:14.343, Tesla T4, 12957 MiB, 1956 MiB, 15360 MiB, 100 %, 50 %, 705 MHz, 5000 MHz, 66.67 W, 77, P0
2026/09/30 08:34:14.863, Tesla T4, 12957 MiB, 1956 MiB, 15360 MiB, 100 %, 52 %, 675 MHz, 5000 MHz, 65.34 W, 77, P0
2026/09/30 08:34:15.377, Tesla T4, 12957 MiB, 1956 MiB, 15360 MiB, 100 %, 43 %, 930 MHz, 5000 MHz, 62.81 W, 77, P0
2026/09/30 08:34:15.896, Tesla T4, 12957 MiB, 1956 MiB, 15360 MiB, 87 %, 42 %, 600 MHz, 5000 MHz, 62.24 W, 77, P0
2026/09/30 08:34:16.409, Tesla T4, 12957 MiB, 1956 MiB, 15360 MiB, 100 %, 42 %, 615 MHz, 5000 MHz, 64.46 W, 77, P0
2026/09/30 08:34:16.928, Tesla T4, 12957 MiB, 1956 MiB, 15360 MiB, 100 %, 73 %, 600 MHz, 5000 MHz, 65.44 W, 77, P0
2026/09/30 08:34:17.442, Tesla T4, 12957 MiB, 1956 MiB, 15360 MiB, 100 %, 42 %, 585 MHz, 5000 MHz, 66.08 W, 77, P0
2026/09/30 08:34:17.961, Tesla T4, 12957 MiB, 1956 MiB, 15360 MiB, 100 %, 98 %, 1050 MHz, 5000 MHz, 65.73 W, 77, P0
2026/09/30 08:34:18.478, Tesla T4, 12957 MiB, 1956 MiB, 15360 MiB, 100 %, 67 %, 630 MHz, 5000 MHz, 66.02 W, 77, P0
2026/09/30 08:34:19.000, Tesla T4, 12957 MiB, 1956 MiB, 15360 MiB, 100 %, 51 %, 750 MHz, 5000 MHz, 62.34 W, 77, P0
2026/09/30 08:34:19.535, Tesla T4, 12957 MiB, 1956 MiB, 15360 MiB, 100 %, 51 %, 735 MHz, 5000 MHz, 69.91 W, 77, P0
2026/09/30 08:34:20.059, Tesla T4, 12957 MiB, 1956 MiB, 15360 MiB, 92 %, 46 %, 570 MHz, 5000 MHz, 65.28 W, 77, P0
2026/09/30 08:34:20.590, Tesla T4, 12957 MiB, 1956 MiB, 15360 MiB, 100 %, 58 %, 585 MHz, 5000 MHz, 64.06 W, 77, P0
2026/09/30 08:34:21.115, Tesla T4, 12957 MiB, 1956 MiB, 15360 MiB, 100 %, 59 %, 735 MHz, 5000 MHz, 66.86 W, 77, P0
2026/09/30 08:34:21.640, Tesla T4, 12957 MiB, 1956 MiB, 15360 MiB, 100 %, 53 %, 705 MHz, 5000 MHz, 65.40 W, 76, P0
2026/09/30 08:34:22.156, Tesla T4, 12957 MiB, 1956 MiB, 15360 MiB, 100 %, 42 %, 645 MHz, 5000 MHz, 64.59 W, 76, P0
2026/09/30 08:34:22.684, Tesla T4, 12957 MiB, 1956 MiB, 15360 MiB, 100 %, 46 %, 690 MHz, 5000 MHz, 66.71 W, 76, P0
2026/09/30 08:34:23.212, Tesla T4, 12957 MiB, 1956 MiB, 15360 MiB, 100 %, 53 %, 720 MHz, 5000 MHz, 65.89 W, 77, P0
2026/09/30 08:34:23.727, Tesla T4, 12957 MiB, 1956 MiB, 15360 MiB, 100 %, 53 %, 660 MHz, 5000 MHz, 69.70 W, 77, P0
2026/09/30 08:34:24.245, Tesla T4, 12957 MiB, 1956 MiB, 15360 MiB, 100 %, 43 %, 630 MHz, 5000 MHz, 63.51 W, 77, P0
2026/09/30 08:34:24.758, Tesla T4, 12957 MiB, 1956 MiB, 15360 MiB, 100 %, 36 %, 600 MHz, 5000 MHz, 67.55 W, 77, P0
2026/09/30 08:34:25.277, Tesla T4, 12957 MiB, 1956 MiB, 15360 MiB, 100 %, 43 %, 630 MHz, 5000 MHz, 64.16 W, 77, P0
2026/09/30 08:34:25.788, Tesla T4, 12957 MiB, 1956 MiB, 15360 MiB, 100 %, 100 %, 1110 MHz, 5000 MHz, 63.87 W, 77, P0
2026/09/30 08:34:26.300, Tesla T4, 12957 MiB, 1956 MiB, 15360 MiB, 100 %, 57 %, 690 MHz, 5000 MHz, 63.57 W, 77, P0
2026/09/30 08:34:26.818, Tesla T4, 12957 MiB, 1956 MiB, 15360 MiB, 100 %, 56 %, 795 MHz, 5000 MHz, 66.61 W, 77, P0
2026/09/30 08:34:27.330, Tesla T4, 12957 MiB, 1956 MiB, 15360 MiB, 100 %, 56 %, 810 MHz, 5000 MHz, 69.47 W, 77, P0
2026/09/30 08:34:27.848, Tesla T4, 12957 MiB, 1956 MiB, 15360 MiB, 87 %, 30 %, 930 MHz, 5000 MHz, 69.97 W, 77, P0
2026/09/30 08:34:28.365, Tesla T4, 12957 MiB, 1956 MiB, 15360 MiB, 98 %, 71 %, 735 MHz, 5000 MHz, 66.32 W, 77, P0
2026/09/30 08:34:28.884, Tesla T4, 12957 MiB, 1956 MiB, 15360 MiB, 100 %, 46 %, 450 MHz, 5000 MHz, 65.49 W, 77, P0
2026/09/30 08:34:29.398, Tesla T4, 12957 MiB, 1956 MiB, 15360 MiB, 100 %, 45 %, 585 MHz, 5000 MHz, 65.61 W, 77, P0
2026/09/30 08:34:29.916, Tesla T4, 12957 MiB, 1956 MiB, 15360 MiB, 100 %, 66 %, 810 MHz, 5000 MHz, 66.51 W, 77, P0
2026/09/30 08:34:30.430, Tesla T4, 12957 MiB, 1956 MiB, 15360 MiB, 100 %, 57 %, 750 MHz, 5000 MHz, 64.30 W, 77, P0
2026/09/30 08:34:30.949, Tesla T4, 12957 MiB, 1956 MiB, 15360 MiB, 100 %, 55 %, 600 MHz, 5000 MHz, 67.10 W, 77, P0
2026/09/30 08:34:31.462, Tesla T4, 12957 MiB, 1956 MiB, 15360 MiB, 100 %, 72 %, 720 MHz, 5000 MHz, 63.12 W, 77, P0
2026/09/30 08:34:31.981, Tesla T4, 12957 MiB, 1956 MiB, 15360 MiB, 95 %, 54 %, 570 MHz, 5000 MHz, 67.35 W, 77, P0
2026/09/30 08:34:32.499, Tesla T4, 12957 MiB, 1956 MiB, 15360 MiB, 100 %, 60 %, 585 MHz, 5000 MHz, 65.38 W, 77, P0
2026/09/30 08:34:33.027, Tesla T4, 12957 MiB, 1956 MiB, 15360 MiB, 98 %, 82 %, 735 MHz, 5000 MHz, 64.59 W, 77, P0
2026/09/30 08:34:33.548, Tesla T4, 12957 MiB, 1956 MiB, 15360 MiB, 100 %, 55 %, 675 MHz, 5000 MHz, 67.45 W, 77, P0
2026/09/30 08:34:34.078, Tesla T4, 12957 MiB, 1956 MiB, 15360 MiB, 100 %, 45 %, 645 MHz, 5000 MHz, 66.12 W, 77, P0
2026/09/30 08:34:34.625, Tesla T4, 12957 MiB, 1956 MiB, 15360 MiB, 100 %, 45 %, 630 MHz, 5000 MHz, 65.63 W, 77, P0
2026/09/30 08:34:35.145, Tesla T4, 12957 MiB, 1956 MiB, 15360 MiB, 100 %, 67 %, 795 MHz, 5000 MHz, 65.18 W, 77, P0
2026/09/30 08:34:35.657, Tesla T4, 12957 MiB, 1956 MiB, 15360 MiB, 100 %, 56 %, 765 MHz, 5000 MHz, 67.16 W, 77, P0
2026/09/30 08:34:36.176, Tesla T4, 12957 MiB, 1956 MiB, 15360 MiB, 100 %, 56 %, 645 MHz, 5000 MHz, 65.77 W, 77, P0
2026/09/30 08:34:36.690, Tesla T4, 12957 MiB, 1956 MiB, 15360 MiB, 98 %, 84 %, 735 MHz, 5000 MHz, 63.77 W, 77, P0
2026/09/30 08:34:37.213, Tesla T4, 12957 MiB, 1956 MiB, 15360 MiB, 100 %, 44 %, 615 MHz, 5000 MHz, 65.63 W, 77, P0
2026/09/30 08:34:37.727, Tesla T4, 12957 MiB, 1956 MiB, 15360 MiB, 100 %, 39 %, 450 MHz, 5000 MHz, 69.31 W, 77, P0
2026/09/30 08:34:38.241, Tesla T4, 12957 MiB, 1956 MiB, 15360 MiB, 100 %, 43 %, 570 MHz, 5000 MHz, 67.55 W, 77, P0
2026/09/30 08:34:38.759, Tesla T4, 12957 MiB, 1956 MiB, 15360 MiB, 100 %, 38 %, 480 MHz, 5000 MHz, 66.91 W, 77, P0
2026/09/30 08:34:39.272, Tesla T4, 12957 MiB, 1956 MiB, 15360 MiB, 98 %, 100 %, 750 MHz, 5000 MHz, 59.43 W, 77, P0
2026/09/30 08:34:39.790, Tesla T4, 12957 MiB, 1956 MiB, 15360 MiB, 100 %, 55 %, 690 MHz, 5000 MHz, 61.16 W, 77, P0
2026/09/30 08:34:40.304, Tesla T4, 12957 MiB, 1956 MiB, 15360 MiB, 100 %, 56 %, 810 MHz, 5000 MHz, 66.96 W, 77, P0
2026/09/30 08:34:40.816, Tesla T4, 12957 MiB, 1956 MiB, 15360 MiB, 96 %, 52 %, 675 MHz, 5000 MHz, 70.79 W, 77, P0
2026/09/30 08:34:41.337, Tesla T4, 12957 MiB, 1956 MiB, 15360 MiB, 100 %, 55 %, 525 MHz, 5000 MHz, 66.30 W, 77, P0
2026/09/30 08:34:41.851, Tesla T4, 12957 MiB, 1956 MiB, 15360 MiB, 100 %, 56 %, 630 MHz, 5000 MHz, 64.40 W, 77, P0
2026/09/30 08:34:42.372, Tesla T4, 12957 MiB, 1956 MiB, 15360 MiB, 100 %, 50 %, 495 MHz, 5000 MHz, 65.73 W, 77, P0
2026/09/30 08:34:42.886, Tesla T4, 12957 MiB, 1956 MiB, 15360 MiB, 100 %, 45 %, 840 MHz, 5000 MHz, 59.86 W, 76, P0
2026/09/30 08:34:43.411, Tesla T4, 12957 MiB, 1956 MiB, 15360 MiB, 100 %, 55 %, 780 MHz, 5000 MHz, 67.44 W, 77, P0
2026/09/30 08:34:43.930, Tesla T4, 12957 MiB, 1956 MiB, 15360 MiB, 95 %, 43 %, 870 MHz, 5000 MHz, 68.14 W, 77, P0
2026/09/30 08:34:44.445, Tesla T4, 12957 MiB, 1956 MiB, 15360 MiB, 100 %, 65 %, 675 MHz, 5000 MHz, 64.46 W, 77, P0
2026/09/30 08:34:44.966, Tesla T4, 12957 MiB, 1956 MiB, 15360 MiB, 92 %, 45 %, 645 MHz, 5000 MHz, 66.26 W, 77, P0
2026/09/30 08:34:45.504, Tesla T4, 12957 MiB, 1956 MiB, 15360 MiB, 100 %, 49 %, 945 MHz, 5000 MHz, 61.95 W, 76, P0
2026/09/30 08:34:46.052, Tesla T4, 12957 MiB, 1956 MiB, 15360 MiB, 100 %, 56 %, 810 MHz, 5000 MHz, 69.41 W, 77, P0
2026/09/30 08:34:46.580, Tesla T4, 12957 MiB, 1956 MiB, 15360 MiB, 100 %, 47 %, 525 MHz, 5000 MHz, 66.32 W, 77, P0
2026/09/30 08:34:47.128, Tesla T4, 12957 MiB, 1956 MiB, 15360 MiB, 100 %, 45 %, 795 MHz, 5000 MHz, 61.79 W, 76, P0
2026/09/30 08:34:47.672, Tesla T4, 12957 MiB, 1956 MiB, 15360 MiB, 100 %, 56 %, 705 MHz, 5000 MHz, 65.79 W, 77, P0
2026/09/30 08:34:48.190, Tesla T4, 12957 MiB, 1956 MiB, 15360 MiB, 87 %, 46 %, 585 MHz, 5000 MHz, 65.24 W, 77, P0
2026/09/30 08:34:48.706, Tesla T4, 12957 MiB, 1956 MiB, 15360 MiB, 100 %, 47 %, 600 MHz, 5000 MHz, 64.75 W, 77, P0
2026/09/30 08:34:49.222, Tesla T4, 12957 MiB, 1956 MiB, 15360 MiB, 98 %, 78 %, 870 MHz, 5000 MHz, 66.71 W, 77, P0
2026/09/30 08:34:49.738, Tesla T4, 12957 MiB, 1956 MiB, 15360 MiB, 96 %, 53 %, 600 MHz, 5000 MHz, 70.54 W, 77, P0
2026/09/30 08:34:50.253, Tesla T4, 12957 MiB, 1956 MiB, 15360 MiB, 100 %, 56 %, 555 MHz, 5000 MHz, 65.53 W, 77, P0
2026/09/30 08:34:50.787, Tesla T4, 12957 MiB, 1956 MiB, 15360 MiB, 100 %, 58 %, 750 MHz, 5000 MHz, 67.16 W, 77, P0
2026/09/30 08:34:51.300, Tesla T4, 12957 MiB, 1956 MiB, 15360 MiB, 100 %, 51 %, 555 MHz, 5000 MHz, 65.28 W, 77, P0
2026/09/30 08:34:51.825, Tesla T4, 12957 MiB, 1956 MiB, 15360 MiB, 100 %, 61 %, 810 MHz, 5000 MHz, 67.65 W, 77, P0
2026/09/30 08:34:52.345, Tesla T4, 12957 MiB, 1956 MiB, 15360 MiB, 100 %, 56 %, 660 MHz, 5000 MHz, 67.30 W, 77, P0
2026/09/30 08:34:52.860, Tesla T4, 12957 MiB, 1956 MiB, 15360 MiB, 98 %, 77 %, 720 MHz, 5000 MHz, 67.84 W, 77, P0
2026/09/30 08:34:53.379, Tesla T4, 12957 MiB, 1956 MiB, 15360 MiB, 100 %, 43 %, 615 MHz, 5000 MHz, 65.73 W, 77, P0
2026/09/30 08:34:53.896, Tesla T4, 12957 MiB, 1956 MiB, 15360 MiB, 100 %, 60 %, 600 MHz, 5000 MHz, 66.38 W, 77, P0
2026/09/30 08:34:54.414, Tesla T4, 12957 MiB, 1956 MiB, 15360 MiB, 98 %, 100 %, 645 MHz, 5000 MHz, 58.10 W, 77, P0
2026/09/30 08:34:54.933, Tesla T4, 12957 MiB, 1956 MiB, 15360 MiB, 100 %, 52 %, 735 MHz, 5000 MHz, 66.71 W, 77, P0
2026/09/30 08:34:55.451, Tesla T4, 12957 MiB, 1956 MiB, 15360 MiB, 96 %, 49 %, 570 MHz, 5000 MHz, 72.11 W, 77, P0
2026/09/30 08:34:55.963, Tesla T4, 12957 MiB, 1956 MiB, 15360 MiB, 100 %, 42 %, 570 MHz, 5000 MHz, 65.93 W, 77, P0
2026/09/30 08:34:56.479, Tesla T4, 12957 MiB, 1956 MiB, 15360 MiB, 98 %, 73 %, 1200 MHz, 5000 MHz, 93.21 W, 77, P0
2026/09/30 08:34:56.996, Tesla T4, 12957 MiB, 1956 MiB, 15360 MiB, 100 %, 55 %, 735 MHz, 5000 MHz, 65.83 W, 77, P0
2026/09/30 08:34:57.513, Tesla T4, 12957 MiB, 1956 MiB, 15360 MiB, 96 %, 44 %, 600 MHz, 5000 MHz, 66.51 W, 77, P0
2026/09/30 08:34:58.041, Tesla T4, 12957 MiB, 1956 MiB, 15360 MiB, 100 %, 62 %, 630 MHz, 5000 MHz, 66.36 W, 77, P0
2026/09/30 08:34:58.577, Tesla T4, 12957 MiB, 1956 MiB, 15360 MiB, 100 %, 39 %, 1125 MHz, 5000 MHz, 66.18 W, 77, P0
2026/09/30 08:34:59.131, Tesla T4, 12957 MiB, 1956 MiB, 15360 MiB, 100 %, 53 %, 720 MHz, 5000 MHz, 67.65 W, 77, P0
2026/09/30 08:34:59.647, Tesla T4, 12957 MiB, 1956 MiB, 15360 MiB, 100 %, 52 %, 720 MHz, 5000 MHz, 64.40 W, 77, P0
2026/09/30 08:35:00.175, Tesla T4, 12957 MiB, 1956 MiB, 15360 MiB, 100 %, 51 %, 585 MHz, 5000 MHz, 66.71 W, 77, P0
2026/09/30 08:35:00.706, Tesla T4, 12957 MiB, 1956 MiB, 15360 MiB, 98 %, 71 %, 660 MHz, 5000 MHz, 64.75 W, 77, P0
2026/09/30 08:35:01.224, Tesla T4, 12957 MiB, 1956 MiB, 15360 MiB, 100 %, 55 %, 600 MHz, 5000 MHz, 87.24 W, 77, P0
2026/09/30 08:35:01.735, Tesla T4, 12957 MiB, 1956 MiB, 15360 MiB, 100 %, 42 %, 615 MHz, 5000 MHz, 62.44 W, 77, P0
2026/09/30 08:35:02.256, Tesla T4, 12957 MiB, 1956 MiB, 15360 MiB, 100 %, 69 %, 630 MHz, 5000 MHz, 63.42 W, 77, P0
2026/09/30 08:35:02.770, Tesla T4, 12957 MiB, 1956 MiB, 15360 MiB, 100 %, 42 %, 615 MHz, 5000 MHz, 63.22 W, 77, P0
2026/09/30 08:35:03.289, Tesla T4, 12957 MiB, 1956 MiB, 15360 MiB, 100 %, 100 %, 930 MHz, 5000 MHz, 64.95 W, 77, P0
2026/09/30 08:35:03.804, Tesla T4, 12957 MiB, 1956 MiB, 15360 MiB, 100 %, 62 %, 705 MHz, 5000 MHz, 66.38 W, 77, P0
2026/09/30 08:35:04.325, Tesla T4, 12957 MiB, 1956 MiB, 15360 MiB, 100 %, 51 %, 735 MHz, 5000 MHz, 70.05 W, 77, P0
2026/09/30 08:35:04.837, Tesla T4, 12957 MiB, 1956 MiB, 15360 MiB, 100 %, 52 %, 630 MHz, 5000 MHz, 63.03 W, 77, P0
2026/09/30 08:35:05.360, Tesla T4, 12957 MiB, 1956 MiB, 15360 MiB, 96 %, 47 %, 585 MHz, 5000 MHz, 44.21 W, 77, P0
2026/09/30 08:35:05.874, Tesla T4, 12957 MiB, 1956 MiB, 15360 MiB, 100 %, 46 %, 660 MHz, 5000 MHz, 68.43 W, 77, P0
2026/09/30 08:35:06.399, Tesla T4, 12957 MiB, 1956 MiB, 15360 MiB, 100 %, 42 %, 690 MHz, 5000 MHz, 61.16 W, 77, P0
2026/09/30 08:35:06.927, Tesla T4, 12957 MiB, 1956 MiB, 15360 MiB, 100 %, 54 %, 720 MHz, 5000 MHz, 65.73 W, 77, P0
2026/09/30 08:35:07.446, Tesla T4, 12957 MiB, 1956 MiB, 15360 MiB, 100 %, 53 %, 990 MHz, 5000 MHz, 67.35 W, 77, P0
2026/09/30 08:35:07.962, Tesla T4, 12957 MiB, 1956 MiB, 15360 MiB, 100 %, 54 %, 645 MHz, 5000 MHz, 50.82 W, 77, P0
2026/09/30 08:35:08.481, Tesla T4, 12957 MiB, 1956 MiB, 15360 MiB, 100 %, 44 %, 1095 MHz, 5000 MHz, 60.97 W, 77, P0
2026/09/30 08:35:09.004, Tesla T4, 12957 MiB, 1956 MiB, 15360 MiB, 100 %, 55 %, 765 MHz, 5000 MHz, 69.66 W, 77, P0
2026/09/30 08:35:09.516, Tesla T4, 12957 MiB, 1956 MiB, 15360 MiB, 96 %, 50 %, 1425 MHz, 5000 MHz, 65.93 W, 76, P0
2026/09/30 08:35:10.023, Tesla T4, 12957 MiB, 1956 MiB, 15360 MiB, 100 %, 48 %, 585 MHz, 5000 MHz, 65.53 W, 77, P0
2026/09/30 08:35:10.542, Tesla T4, 12957 MiB, 1956 MiB, 15360 MiB, 98 %, 78 %, 720 MHz, 5000 MHz, 64.46 W, 77, P0
2026/09/30 08:35:11.076, Tesla T4, 12957 MiB, 1956 MiB, 15360 MiB, 77 %, 34 %, 1305 MHz, 5000 MHz, 66.86 W, 77, P0
2026/09/30 08:35:11.621, Tesla T4, 12957 MiB, 1956 MiB, 15360 MiB, 98 %, 66 %, 720 MHz, 5000 MHz, 65.08 W, 77, P0
2026/09/30 08:35:12.148, Tesla T4, 12957 MiB, 1956 MiB, 15360 MiB, 100 %, 41 %, 600 MHz, 5000 MHz, 65.34 W, 77, P0
2026/09/30 08:35:12.681, Tesla T4, 12957 MiB, 1956 MiB, 15360 MiB, 100 %, 38 %, 705 MHz, 5000 MHz, 60.90 W, 77, P0
2026/09/30 08:35:13.226, Tesla T4, 12957 MiB, 1956 MiB, 15360 MiB, 100 %, 42 %, 615 MHz, 5000 MHz, 65.63 W, 77, P0
2026/09/30 08:35:13.749, Tesla T4, 12957 MiB, 1956 MiB, 15360 MiB, 100 %, 39 %, 795 MHz, 5000 MHz, 60.41 W, 77, P0
2026/09/30 08:35:14.274, Tesla T4, 12957 MiB, 1956 MiB, 15360 MiB, 100 %, 80 %, 780 MHz, 5000 MHz, 65.63 W, 77, P0
2026/09/30 08:35:14.801, Tesla T4, 12957 MiB, 1956 MiB, 15360 MiB, 100 %, 52 %, 660 MHz, 5000 MHz, 69.12 W, 77, P0
2026/09/30 08:35:15.321, Tesla T4, 12957 MiB, 1956 MiB, 15360 MiB, 100 %, 52 %, 765 MHz, 5000 MHz, 61.40 W, 77, P0
2026/09/30 08:35:15.834, Tesla T4, 12957 MiB, 1956 MiB, 15360 MiB, 100 %, 51 %, 675 MHz, 5000 MHz, 65.44 W, 77, P0
2026/09/30 08:35:16.353, Tesla T4, 12957 MiB, 1956 MiB, 15360 MiB, 100 %, 54 %, 555 MHz, 5000 MHz, 64.46 W, 77, P0
2026/09/30 08:35:16.866, Tesla T4, 12957 MiB, 1956 MiB, 15360 MiB, 100 %, 57 %, 735 MHz, 5000 MHz, 66.77 W, 77, P0
2026/09/30 08:35:17.386, Tesla T4, 12957 MiB, 1956 MiB, 15360 MiB, 96 %, 49 %, 570 MHz, 5000 MHz, 65.93 W, 77, P0
2026/09/30 08:35:17.899, Tesla T4, 12957 MiB, 1956 MiB, 15360 MiB, 100 %, 47 %, 570 MHz, 5000 MHz, 65.83 W, 77, P0
2026/09/30 08:35:18.414, Tesla T4, 12957 MiB, 1956 MiB, 15360 MiB, 98 %, 100 %, 765 MHz, 5000 MHz, 62.93 W, 77, P0
2026/09/30 08:35:18.931, Tesla T4, 12957 MiB, 1956 MiB, 15360 MiB, 100 %, 57 %, 765 MHz, 5000 MHz, 68.10 W, 77, P0
2026/09/30 08:35:19.449, Tesla T4, 12957 MiB, 1956 MiB, 15360 MiB, 100 %, 46 %, 660 MHz, 5000 MHz, 52.17 W, 77, P0
2026/09/30 08:35:19.965, Tesla T4, 12957 MiB, 1956 MiB, 15360 MiB, 100 %, 44 %, 735 MHz, 5000 MHz, 61.69 W, 76, P0
2026/09/30 08:35:20.490, Tesla T4, 12957 MiB, 1956 MiB, 15360 MiB, 100 %, 57 %, 810 MHz, 5000 MHz, 67.40 W, 77, P0
2026/09/30 08:35:21.005, Tesla T4, 12957 MiB, 1956 MiB, 15360 MiB, 96 %, 52 %, 615 MHz, 5000 MHz, 64.75 W, 77, P0
2026/09/30 08:35:21.518, Tesla T4, 12957 MiB, 1956 MiB, 15360 MiB, 100 %, 61 %, 645 MHz, 5000 MHz, 66.77 W, 77, P0
2026/09/30 08:35:22.032, Tesla T4, 12957 MiB, 1956 MiB, 15360 MiB, 100 %, 45 %, 1065 MHz, 5000 MHz, 65.04 W, 77, P0
2026/09/30 08:35:22.555, Tesla T4, 12957 MiB, 1956 MiB, 15360 MiB, 100 %, 55 %, 735 MHz, 5000 MHz, 68.24 W, 77, P0
2026/09/30 08:35:23.076, Tesla T4, 12957 MiB, 1956 MiB, 15360 MiB, 100 %, 54 %, 585 MHz, 5000 MHz, 51.31 W, 77, P0
2026/09/30 08:35:23.589, Tesla T4, 12957 MiB, 1956 MiB, 15360 MiB, 100 %, 53 %, 585 MHz, 5000 MHz, 66.28 W, 77, P0
2026/09/30 08:35:24.120, Tesla T4, 12957 MiB, 1956 MiB, 15360 MiB, 100 %, 51 %, 705 MHz, 5000 MHz, 63.61 W, 77, P0
2026/09/30 08:35:24.640, Tesla T4, 12957 MiB, 1956 MiB, 15360 MiB, 93 %, 49 %, 600 MHz, 5000 MHz, 62.53 W, 77, P0
2026/09/30 08:35:25.162, Tesla T4, 12957 MiB, 1956 MiB, 15360 MiB, 100 %, 41 %, 645 MHz, 5000 MHz, 62.24 W, 77, P0
2026/09/30 08:35:25.681, Tesla T4, 12957 MiB, 1956 MiB, 15360 MiB, 100 %, 68 %, 585 MHz, 5000 MHz, 61.95 W, 77, P0
2026/09/30 08:35:26.200, Tesla T4, 12957 MiB, 1956 MiB, 15360 MiB, 100 %, 42 %, 615 MHz, 5000 MHz, 62.83 W, 77, P0
2026/09/30 08:35:26.714, Tesla T4, 12957 MiB, 1956 MiB, 15360 MiB, 100 %, 65 %, 1080 MHz, 5000 MHz, 64.36 W, 77, P0
2026/09/30 08:35:27.235, Tesla T4, 12957 MiB, 1956 MiB, 15360 MiB, 100 %, 52 %, 780 MHz, 5000 MHz, 66.38 W, 77, P0
2026/09/30 08:35:27.754, Tesla T4, 12957 MiB, 1956 MiB, 15360 MiB, 100 %, 52 %, 765 MHz, 5000 MHz, 61.69 W, 77, P0
2026/09/30 08:35:28.269, Tesla T4, 12957 MiB, 1956 MiB, 15360 MiB, 100 %, 51 %, 675 MHz, 5000 MHz, 69.21 W, 77, P0
2026/09/30 08:35:28.787, Tesla T4, 12957 MiB, 1956 MiB, 15360 MiB, 84 %, 42 %, 585 MHz, 5000 MHz, 64.59 W, 77, P0
2026/09/30 08:35:29.300, Tesla T4, 12957 MiB, 1956 MiB, 15360 MiB, 100 %, 44 %, 540 MHz, 5000 MHz, 65.93 W, 77, P0
2026/09/30 08:35:29.822, Tesla T4, 12957 MiB, 1956 MiB, 15360 MiB, 100 %, 45 %, 600 MHz, 5000 MHz, 66.12 W, 77, P0
2026/09/30 08:35:30.334, Tesla T4, 12957 MiB, 1956 MiB, 15360 MiB, 100 %, 88 %, 1170 MHz, 5000 MHz, 61.49 W, 78, P0
2026/09/30 08:35:30.855, Tesla T4, 12957 MiB, 1956 MiB, 15360 MiB, 100 %, 52 %, 645 MHz, 5000 MHz, 65.63 W, 77, P0
2026/09/30 08:35:31.368, Tesla T4, 12957 MiB, 1956 MiB, 15360 MiB, 100 %, 52 %, 660 MHz, 5000 MHz, 61.69 W, 77, P0
2026/09/30 08:35:31.885, Tesla T4, 12957 MiB, 1956 MiB, 15360 MiB, 100 %, 45 %, 645 MHz, 5000 MHz, 64.40 W, 77, P0
2026/09/30 08:35:32.399, Tesla T4, 12957 MiB, 1956 MiB, 15360 MiB, 100 %, 59 %, 630 MHz, 5000 MHz, 66.22 W, 77, P0
2026/09/30 08:35:32.913, Tesla T4, 12957 MiB, 1956 MiB, 15360 MiB, 98 %, 100 %, 555 MHz, 5000 MHz, 63.51 W, 77, P0
2026/09/30 08:35:33.434, Tesla T4, 12957 MiB, 1956 MiB, 15360 MiB, 100 %, 54 %, 690 MHz, 5000 MHz, 65.44 W, 77, P0
2026/09/30 08:35:33.953, Tesla T4, 12957 MiB, 1956 MiB, 15360 MiB, 96 %, 49 %, 585 MHz, 5000 MHz, 64.50 W, 77, P0
2026/09/30 08:35:34.466, Tesla T4, 12957 MiB, 1956 MiB, 15360 MiB, 100 %, 42 %, 600 MHz, 5000 MHz, 64.30 W, 77, P0
2026/09/30 08:35:34.978, Tesla T4, 12957 MiB, 1956 MiB, 15360 MiB, 100 %, 72 %, 600 MHz, 5000 MHz, 63.61 W, 77, P0
2026/09/30 08:35:35.495, Tesla T4, 12957 MiB, 1956 MiB, 15360 MiB, 100 %, 42 %, 615 MHz, 5000 MHz, 65.44 W, 77, P0
2026/09/30 08:35:36.008, Tesla T4, 12957 MiB, 1956 MiB, 15360 MiB, 100 %, 77 %, 1020 MHz, 5000 MHz, 65.14 W, 77, P0
2026/09/30 08:35:36.525, Tesla T4, 12957 MiB, 1956 MiB, 15360 MiB, 100 %, 53 %, 735 MHz, 5000 MHz, 62.18 W, 77, P0
2026/09/30 08:35:37.044, Tesla T4, 12957 MiB, 1956 MiB, 15360 MiB, 100 %, 52 %, 735 MHz, 5000 MHz, 68.43 W, 77, P0
2026/09/30 08:35:37.563, Tesla T4, 12957 MiB, 1956 MiB, 15360 MiB, 100 %, 51 %, 735 MHz, 5000 MHz, 65.34 W, 77, P0
2026/09/30 08:35:38.100, Tesla T4, 12957 MiB, 1956 MiB, 15360 MiB, 93 %, 44 %, 585 MHz, 5000 MHz, 65.04 W, 77, P0
2026/09/30 08:35:38.620, Tesla T4, 12957 MiB, 1956 MiB, 15360 MiB, 100 %, 39 %, 630 MHz, 5000 MHz, 72.21 W, 77, P0
2026/09/30 08:35:39.146, Tesla T4, 12957 MiB, 1956 MiB, 15360 MiB, 100 %, 39 %, 585 MHz, 5000 MHz, 66.96 W, 77, P0
2026/09/30 08:35:39.669, Tesla T4, 12957 MiB, 1956 MiB, 15360 MiB, 100 %, 71 %, 675 MHz, 5000 MHz, 61.79 W, 77, P0
2026/09/30 08:35:40.239, Tesla T4, 12957 MiB, 1956 MiB, 15360 MiB, 100 %, 53 %, 705 MHz, 5000 MHz, 63.48 W, 77, P0
2026/09/30 08:35:40.862, Tesla T4, 12957 MiB, 1956 MiB, 15360 MiB, 100 %, 45 %, 615 MHz, 5000 MHz, 66.12 W, 77, P0
2026/09/30 08:35:41.378, Tesla T4, 12957 MiB, 1956 MiB, 15360 MiB, 100 %, 59 %, 645 MHz, 5000 MHz, 69.17 W, 77, P0
2026/09/30 08:35:41.906, Tesla T4, 12957 MiB, 1956 MiB, 15360 MiB, 100 %, 45 %, 630 MHz, 5000 MHz, 67.35 W, 77, P0
2026/09/30 08:35:42.429, Tesla T4, 12957 MiB, 1956 MiB, 15360 MiB, 100 %, 64 %, 720 MHz, 5000 MHz, 67.16 W, 77, P0
2026/09/30 08:35:42.964, Tesla T4, 12957 MiB, 1956 MiB, 15360 MiB, 100 %, 56 %, 690 MHz, 5000 MHz, 64.00 W, 77, P0
2026/09/30 08:35:43.483, Tesla T4, 12957 MiB, 1956 MiB, 15360 MiB, 100 %, 56 %, 570 MHz, 5000 MHz, 68.43 W, 77, P0
2026/09/30 08:35:44.004, Tesla T4, 12957 MiB, 1956 MiB, 15360 MiB, 100 %, 57 %, 600 MHz, 5000 MHz, 65.63 W, 77, P0
2026/09/30 08:35:44.521, Tesla T4, 12957 MiB, 1956 MiB, 15360 MiB, 100 %, 63 %, 615 MHz, 5000 MHz, 61.65 W, 77, P0
2026/09/30 08:35:45.043, Tesla T4, 12957 MiB, 1956 MiB, 15360 MiB, 100 %, 55 %, 675 MHz, 5000 MHz, 65.34 W, 77, P0
2026/09/30 08:35:45.557, Tesla T4, 12957 MiB, 1956 MiB, 15360 MiB, 96 %, 48 %, 585 MHz, 5000 MHz, 65.24 W, 77, P0
2026/09/30 08:35:46.079, Tesla T4, 12957 MiB, 1956 MiB, 15360 MiB, 100 %, 46 %, 675 MHz, 5000 MHz, 61.79 W, 77, P0
2026/09/30 08:35:46.608, Tesla T4, 12957 MiB, 1956 MiB, 15360 MiB, 100 %, 60 %, 765 MHz, 5000 MHz, 68.67 W, 77, P0
2026/09/30 08:35:47.121, Tesla T4, 12957 MiB, 1956 MiB, 15360 MiB, 100 %, 47 %, 960 MHz, 5000 MHz, 66.02 W, 77, P0
2026/09/30 08:35:47.637, Tesla T4, 12957 MiB, 1956 MiB, 15360 MiB, 100 %, 57 %, 705 MHz, 5000 MHz, 67.06 W, 77, P0
2026/09/30 08:35:48.152, Tesla T4, 12957 MiB, 1956 MiB, 15360 MiB, 100 %, 43 %, 615 MHz, 5000 MHz, 67.65 W, 77, P0
2026/09/30 08:35:48.664, Tesla T4, 12957 MiB, 1956 MiB, 15360 MiB, 100 %, 41 %, 660 MHz, 5000 MHz, 60.02 W, 77, P0
2026/09/30 08:35:49.188, Tesla T4, 12957 MiB, 1956 MiB, 15360 MiB, 100 %, 44 %, 585 MHz, 5000 MHz, 63.65 W, 77, P0
2026/09/30 08:35:49.755, Tesla T4, 12957 MiB, 1956 MiB, 15360 MiB, 100 %, 50 %, 1065 MHz, 5000 MHz, 63.18 W, 77, P0
2026/09/30 08:35:50.302, Tesla T4, 12957 MiB, 1956 MiB, 15360 MiB, 100 %, 50 %, 645 MHz, 5000 MHz, 62.77 W, 77, P0
2026/09/30 08:35:50.840, Tesla T4, 12957 MiB, 1956 MiB, 15360 MiB, 100 %, 54 %, 660 MHz, 5000 MHz, 62.18 W, 77, P0
2026/09/30 08:35:51.384, Tesla T4, 12957 MiB, 1956 MiB, 15360 MiB, 100 %, 53 %, 660 MHz, 5000 MHz, 61.59 W, 77, P0
2026/09/30 08:35:51.930, Tesla T4, 12957 MiB, 1956 MiB, 15360 MiB, 100 %, 47 %, 555 MHz, 5000 MHz, 65.38 W, 77, P0
2026/09/30 08:35:52.447, Tesla T4, 12957 MiB, 1956 MiB, 15360 MiB, 100 %, 48 %, 585 MHz, 5000 MHz, 67.06 W, 77, P0
2026/09/30 08:35:52.959, Tesla T4, 12957 MiB, 1956 MiB, 15360 MiB, 100 %, 60 %, 750 MHz, 5000 MHz, 65.63 W, 77, P0
2026/09/30 08:35:53.478, Tesla T4, 12957 MiB, 1956 MiB, 15360 MiB, 100 %, 55 %, 645 MHz, 5000 MHz, 65.24 W, 77, P0
2026/09/30 08:35:53.994, Tesla T4, 12957 MiB, 1956 MiB, 15360 MiB, 100 %, 44 %, 585 MHz, 5000 MHz, 64.59 W, 77, P0
2026/09/30 08:35:54.513, Tesla T4, 12957 MiB, 1956 MiB, 15360 MiB, 100 %, 59 %, 600 MHz, 5000 MHz, 68.43 W, 77, P0
2026/09/30 08:35:55.031, Tesla T4, 12957 MiB, 1956 MiB, 15360 MiB, 100 %, 44 %, 540 MHz, 5000 MHz, 65.97 W, 77, P0
2026/09/30 08:35:55.549, Tesla T4, 12957 MiB, 1956 MiB, 15360 MiB, 98 %, 100 %, 390 MHz, 5000 MHz, 106.78 W, 77, P0
2026/09/30 08:35:56.064, Tesla T4, 12957 MiB, 1956 MiB, 15360 MiB, 100 %, 54 %, 645 MHz, 5000 MHz, 64.75 W, 77, P0
2026/09/30 08:35:56.585, Tesla T4, 12957 MiB, 1956 MiB, 15360 MiB, 100 %, 53 %, 735 MHz, 5000 MHz, 64.85 W, 77, P0
2026/09/30 08:35:57.099, Tesla T4, 12957 MiB, 1956 MiB, 15360 MiB, 100 %, 54 %, 600 MHz, 5000 MHz, 73.18 W, 77, P0
2026/09/30 08:35:57.615, Tesla T4, 12957 MiB, 1956 MiB, 15360 MiB, 100 %, 44 %, 795 MHz, 5000 MHz, 61.26 W, 77, P0
2026/09/30 08:35:58.132, Tesla T4, 12957 MiB, 1956 MiB, 15360 MiB, 100 %, 44 %, 450 MHz, 5000 MHz, 67.30 W, 77, P0
2026/09/30 08:35:58.654, Tesla T4, 12957 MiB, 1956 MiB, 15360 MiB, 100 %, 59 %, 720 MHz, 5000 MHz, 64.10 W, 77, P0
2026/09/30 08:35:59.166, Tesla T4, 12957 MiB, 1956 MiB, 15360 MiB, 100 %, 53 %, 660 MHz, 5000 MHz, 65.79 W, 77, P0
2026/09/30 08:35:59.689, Tesla T4, 12957 MiB, 1956 MiB, 15360 MiB, 100 %, 50 %, 585 MHz, 5000 MHz, 66.63 W, 77, P0
2026/09/30 08:36:00.201, Tesla T4, 12957 MiB, 1956 MiB, 15360 MiB, 100 %, 65 %, 570 MHz, 5000 MHz, 65.57 W, 77, P0
2026/09/30 08:36:00.716, Tesla T4, 12957 MiB, 1956 MiB, 15360 MiB, 100 %, 47 %, 570 MHz, 5000 MHz, 61.89 W, 77, P0
2026/09/30 08:36:01.243, Tesla T4, 12957 MiB, 1956 MiB, 15360 MiB, 100 %, 51 %, 705 MHz, 5000 MHz, 66.86 W, 77, P0
2026/09/30 08:36:01.756, Tesla T4, 12957 MiB, 1956 MiB, 15360 MiB, 100 %, 54 %, 645 MHz, 5000 MHz, 67.35 W, 77, P0
2026/09/30 08:36:02.276, Tesla T4, 12957 MiB, 1956 MiB, 15360 MiB, 93 %, 49 %, 555 MHz, 5000 MHz, 67.80 W, 77, P0
2026/09/30 08:36:02.812, Tesla T4, 12957 MiB, 1956 MiB, 15360 MiB, 98 %, 77 %, 1080 MHz, 5000 MHz, 60.83 W, 77, P0
2026/09/30 08:36:03.334, Tesla T4, 12957 MiB, 1956 MiB, 15360 MiB, 100 %, 58 %, 1230 MHz, 5000 MHz, 56.00 W, 77, P0
2026/09/30 08:36:03.867, Tesla T4, 12957 MiB, 1956 MiB, 15360 MiB, 98 %, 59 %, 795 MHz, 5000 MHz, 58.94 W, 77, P0
2026/09/30 08:36:04.389, Tesla T4, 12957 MiB, 1956 MiB, 15360 MiB, 90 %, 44 %, 705 MHz, 5000 MHz, 63.32 W, 77, P0
2026/09/30 08:36:04.913, Tesla T4, 12957 MiB, 1956 MiB, 15360 MiB, 97 %, 79 %, 780 MHz, 5000 MHz, 64.16 W, 77, P0
2026/09/30 08:36:05.426, Tesla T4, 12957 MiB, 1956 MiB, 15360 MiB, 86 %, 47 %, 600 MHz, 5000 MHz, 65.53 W, 77, P0
2026/09/30 08:36:05.944, Tesla T4, 12957 MiB, 1956 MiB, 15360 MiB, 98 %, 82 %, 630 MHz, 5000 MHz, 84.18 W, 77, P0
2026/09/30 08:36:06.456, Tesla T4, 12957 MiB, 1956 MiB, 15360 MiB, 95 %, 43 %, 1260 MHz, 5000 MHz, 64.26 W, 77, P0
2026/09/30 08:36:06.966, Tesla T4, 12957 MiB, 1956 MiB, 15360 MiB, 98 %, 55 %, 645 MHz, 5000 MHz, 64.16 W, 77, P0
2026/09/30 08:36:07.481, Tesla T4, 12957 MiB, 1956 MiB, 15360 MiB, 100 %, 43 %, 1140 MHz, 5000 MHz, 60.61 W, 77, P0
2026/09/30 08:36:07.992, Tesla T4, 12957 MiB, 1956 MiB, 15360 MiB, 98 %, 70 %, 960 MHz, 5000 MHz, 63.03 W, 77, P0
2026/09/30 08:36:08.503, Tesla T4, 12957 MiB, 1956 MiB, 15360 MiB, 100 %, 52 %, 750 MHz, 5000 MHz, 66.71 W, 77, P0
2026/09/30 08:36:09.020, Tesla T4, 12957 MiB, 1956 MiB, 15360 MiB, 100 %, 43 %, 960 MHz, 5000 MHz, 61.75 W, 77, P0
2026/09/30 08:36:09.534, Tesla T4, 12957 MiB, 1956 MiB, 15360 MiB, 100 %, 55 %, 675 MHz, 5000 MHz, 67.94 W, 77, P0
2026/09/30 08:36:10.052, Tesla T4, 12957 MiB, 1956 MiB, 15360 MiB, 87 %, 46 %, 1560 MHz, 5000 MHz, 43.62 W, 76, P0
2026/09/30 08:36:10.559, Tesla T4, 12957 MiB, 1956 MiB, 15360 MiB, 100 %, 48 %, 630 MHz, 5000 MHz, 65.04 W, 77, P0
2026/09/30 08:36:11.071, Tesla T4, 12957 MiB, 1956 MiB, 15360 MiB, 100 %, 61 %, 630 MHz, 5000 MHz, 64.99 W, 77, P0
2026/09/30 08:36:11.585, Tesla T4, 12957 MiB, 1956 MiB, 15360 MiB, 100 %, 46 %, 915 MHz, 5000 MHz, 61.00 W, 77, P0
2026/09/30 08:36:12.115, Tesla T4, 12957 MiB, 1956 MiB, 15360 MiB, 100 %, 55 %, 660 MHz, 5000 MHz, 63.06 W, 77, P0
2026/09/30 08:36:12.629, Tesla T4, 12957 MiB, 1956 MiB, 15360 MiB, 100 %, 55 %, 675 MHz, 5000 MHz, 63.03 W, 77, P0
2026/09/30 08:36:13.147, Tesla T4, 12957 MiB, 1956 MiB, 15360 MiB, 100 %, 52 %, 555 MHz, 5000 MHz, 66.42 W, 77, P0
2026/09/30 08:36:13.659, Tesla T4, 12957 MiB, 1956 MiB, 15360 MiB, 100 %, 49 %, 1095 MHz, 5000 MHz, 59.47 W, 77, P0
2026/09/30 08:36:14.179, Tesla T4, 12957 MiB, 1956 MiB, 15360 MiB, 96 %, 51 %, 675 MHz, 5000 MHz, 62.32 W, 77, P0
2026/09/30 08:36:14.692, Tesla T4, 12957 MiB, 1956 MiB, 15360 MiB, 100 %, 55 %, 600 MHz, 5000 MHz, 67.00 W, 77, P0
2026/09/30 08:36:15.209, Tesla T4, 12957 MiB, 1956 MiB, 15360 MiB, 100 %, 58 %, 690 MHz, 5000 MHz, 65.34 W, 77, P0
2026/09/30 08:36:15.728, Tesla T4, 12957 MiB, 1956 MiB, 15360 MiB, 93 %, 51 %, 540 MHz, 5000 MHz, 64.30 W, 77, P0
2026/09/30 08:36:16.268, Tesla T4, 12957 MiB, 1956 MiB, 15360 MiB, 100 %, 47 %, 540 MHz, 5000 MHz, 61.95 W, 77, P0
2026/09/30 08:36:16.825, Tesla T4, 12957 MiB, 1956 MiB, 15360 MiB, 100 %, 53 %, 675 MHz, 5000 MHz, 63.12 W, 77, P0
2026/09/30 08:36:17.360, Tesla T4, 12957 MiB, 1956 MiB, 15360 MiB, 52 %, 32 %, 495 MHz, 5000 MHz, 61.75 W, 77, P0
2026/09/30 08:36:17.904, Tesla T4, 12957 MiB, 1956 MiB, 15360 MiB, 98 %, 70 %, 630 MHz, 5000 MHz, 66.91 W, 77, P0
2026/09/30 08:36:18.417, Tesla T4, 12957 MiB, 1956 MiB, 15360 MiB, 96 %, 51 %, 600 MHz, 5000 MHz, 68.33 W, 77, P0
2026/09/30 08:36:18.935, Tesla T4, 12957 MiB, 1956 MiB, 15360 MiB, 100 %, 44 %, 915 MHz, 5000 MHz, 62.04 W, 77, P0
2026/09/30 08:36:19.447, Tesla T4, 12957 MiB, 1956 MiB, 15360 MiB, 100 %, 43 %, 510 MHz, 5000 MHz, 68.72 W, 77, P0
2026/09/30 08:36:19.964, Tesla T4, 12957 MiB, 1956 MiB, 15360 MiB, 100 %, 79 %, 720 MHz, 5000 MHz, 67.00 W, 77, P0
2026/09/30 08:36:20.478, Tesla T4, 12957 MiB, 1956 MiB, 15360 MiB, 100 %, 53 %, 690 MHz, 5000 MHz, 63.71 W, 77, P0
2026/09/30 08:36:20.996, Tesla T4, 12957 MiB, 1956 MiB, 15360 MiB, 96 %, 51 %, 690 MHz, 5000 MHz, 64.55 W, 77, P0
2026/09/30 08:36:21.510, Tesla T4, 12957 MiB, 1956 MiB, 15360 MiB, 98 %, 87 %, 720 MHz, 5000 MHz, 65.24 W, 77, P0
2026/09/30 08:36:22.028, Tesla T4, 12957 MiB, 1956 MiB, 15360 MiB, 100 %, 54 %, 660 MHz, 5000 MHz, 59.57 W, 77, P0
2026/09/30 08:36:22.545, Tesla T4, 12957 MiB, 1956 MiB, 15360 MiB, 99 %, 79 %, 705 MHz, 5000 MHz, 64.91 W, 77, P0
2026/09/30 08:36:23.059, Tesla T4, 12957 MiB, 1956 MiB, 15360 MiB, 100 %, 40 %, 645 MHz, 5000 MHz, 66.12 W, 77, P0
2026/09/30 08:36:23.574, Tesla T4, 12957 MiB, 1956 MiB, 15360 MiB, 100 %, 42 %, 555 MHz, 5000 MHz, 66.71 W, 77, P0
2026/09/30 08:36:24.085, Tesla T4, 12957 MiB, 1956 MiB, 15360 MiB, 100 %, 42 %, 645 MHz, 5000 MHz, 68.14 W, 77, P0
2026/09/30 08:36:24.603, Tesla T4, 12957 MiB, 1956 MiB, 15360 MiB, 100 %, 42 %, 615 MHz, 5000 MHz, 67.94 W, 77, P0
2026/09/30 08:36:25.115, Tesla T4, 12957 MiB, 1956 MiB, 15360 MiB, 98 %, 100 %, 1305 MHz, 5000 MHz, 62.93 W, 78, P0
2026/09/30 08:36:25.637, Tesla T4, 12957 MiB, 1956 MiB, 15360 MiB, 100 %, 53 %, 705 MHz, 5000 MHz, 68.72 W, 77, P0
2026/09/30 08:36:26.150, Tesla T4, 12957 MiB, 1956 MiB, 15360 MiB, 100 %, 52 %, 705 MHz, 5000 MHz, 61.00 W, 77, P0
2026/09/30 08:36:26.668, Tesla T4, 12957 MiB, 1956 MiB, 15360 MiB, 100 %, 53 %, 660 MHz, 5000 MHz, 69.02 W, 77, P0
2026/09/30 08:36:27.180, Tesla T4, 12957 MiB, 1956 MiB, 15360 MiB, 100 %, 52 %, 630 MHz, 5000 MHz, 67.20 W, 77, P0
2026/09/30 08:36:27.698, Tesla T4, 12957 MiB, 1956 MiB, 15360 MiB, 98 %, 77 %, 690 MHz, 5000 MHz, 67.20 W, 77, P0
2026/09/30 08:36:28.216, Tesla T4, 12957 MiB, 1956 MiB, 15360 MiB, 93 %, 52 %, 615 MHz, 5000 MHz, 64.46 W, 77, P0
2026/09/30 08:36:28.732, Tesla T4, 12957 MiB, 1956 MiB, 15360 MiB, 100 %, 59 %, 615 MHz, 5000 MHz, 70.64 W, 77, P0
2026/09/30 08:36:29.249, Tesla T4, 12957 MiB, 1956 MiB, 15360 MiB, 100 %, 44 %, 645 MHz, 5000 MHz, 61.85 W, 77, P0
2026/09/30 08:36:29.794, Tesla T4, 12957 MiB, 1956 MiB, 15360 MiB, 100 %, 49 %, 690 MHz, 5000 MHz, 66.32 W, 77, P0
2026/09/30 08:36:30.316, Tesla T4, 12957 MiB, 1956 MiB, 15360 MiB, 100 %, 52 %, 735 MHz, 5000 MHz, 63.42 W, 77, P0
2026/09/30 08:36:30.840, Tesla T4, 12957 MiB, 1956 MiB, 15360 MiB, 100 %, 51 %, 645 MHz, 5000 MHz, 68.00 W, 77, P0
2026/09/30 08:36:31.353, Tesla T4, 12957 MiB, 1956 MiB, 15360 MiB, 98 %, 74 %, 705 MHz, 5000 MHz, 64.50 W, 77, P0
2026/09/30 08:36:31.867, Tesla T4, 12957 MiB, 1956 MiB, 15360 MiB, 86 %, 50 %, 600 MHz, 5000 MHz, 64.26 W, 77, P0
2026/09/30 08:36:32.381, Tesla T4, 12957 MiB, 1956 MiB, 15360 MiB, 100 %, 58 %, 660 MHz, 5000 MHz, 72.65 W, 77, P0
2026/09/30 08:36:32.898, Tesla T4, 12957 MiB, 1956 MiB, 15360 MiB, 100 %, 43 %, 540 MHz, 5000 MHz, 68.88 W, 77, P0
2026/09/30 08:36:33.415, Tesla T4, 12957 MiB, 1956 MiB, 15360 MiB, 100 %, 52 %, 690 MHz, 5000 MHz, 64.59 W, 77, P0
2026/09/30 08:36:33.933, Tesla T4, 12957 MiB, 1956 MiB, 15360 MiB, 100 %, 54 %, 705 MHz, 5000 MHz, 64.00 W, 77, P0
2026/09/30 08:36:34.445, Tesla T4, 12957 MiB, 1956 MiB, 15360 MiB, 100 %, 47 %, 570 MHz, 5000 MHz, 65.63 W, 77, P0
2026/09/30 08:36:34.964, Tesla T4, 12957 MiB, 1956 MiB, 15360 MiB, 100 %, 58 %, 585 MHz, 5000 MHz, 65.24 W, 77, P0
2026/09/30 08:36:35.477, Tesla T4, 12957 MiB, 1956 MiB, 15360 MiB, 98 %, 100 %, 615 MHz, 5000 MHz, 68.33 W, 77, P0
2026/09/30 08:36:35.989, Tesla T4, 12957 MiB, 1956 MiB, 15360 MiB, 100 %, 55 %, 645 MHz, 5000 MHz, 64.46 W, 77, P0
2026/09/30 08:36:36.507, Tesla T4, 12957 MiB, 1956 MiB, 15360 MiB, 96 %, 40 %, 1560 MHz, 5000 MHz, 98.30 W, 78, P0
2026/09/30 08:36:37.020, Tesla T4, 12957 MiB, 1956 MiB, 15360 MiB, 100 %, 49 %, 1155 MHz, 5000 MHz, 54.40 W, 77, P0
2026/09/30 08:36:37.537, Tesla T4, 12957 MiB, 1956 MiB, 15360 MiB, 100 %, 45 %, 600 MHz, 5000 MHz, 61.49 W, 77, P0
2026/09/30 08:36:38.063, Tesla T4, 12957 MiB, 1956 MiB, 15360 MiB, 100 %, 44 %, 465 MHz, 5000 MHz, 71.23 W, 77, P0
2026/09/30 08:36:38.576, Tesla T4, 12957 MiB, 1956 MiB, 15360 MiB, 100 %, 76 %, 675 MHz, 5000 MHz, 67.31 W, 77, P0
2026/09/30 08:36:39.096, Tesla T4, 12957 MiB, 1956 MiB, 15360 MiB, 100 %, 53 %, 690 MHz, 5000 MHz, 65.83 W, 77, P0
2026/09/30 08:36:39.610, Tesla T4, 12957 MiB, 1956 MiB, 15360 MiB, 100 %, 46 %, 600 MHz, 5000 MHz, 65.73 W, 77, P0
2026/09/30 08:36:40.128, Tesla T4, 12957 MiB, 1956 MiB, 15360 MiB, 100 %, 41 %, 480 MHz, 5000 MHz, 67.51 W, 77, P0
2026/09/30 08:36:40.641, Tesla T4, 12957 MiB, 1956 MiB, 15360 MiB, 100 %, 53 %, 630 MHz, 5000 MHz, 66.38 W, 77, P0
2026/09/30 08:36:41.155, Tesla T4, 12957 MiB, 1956 MiB, 15360 MiB, 100 %, 42 %, 450 MHz, 5000 MHz, 68.43 W, 77, P0
2026/09/30 08:36:41.685, Tesla T4, 12957 MiB, 1956 MiB, 15360 MiB, 100 %, 100 %, 375 MHz, 5000 MHz, 71.81 W, 77, P0
2026/09/30 08:36:42.203, Tesla T4, 12957 MiB, 1956 MiB, 15360 MiB, 100 %, 54 %, 795 MHz, 5000 MHz, 60.71 W, 77, P0
2026/09/30 08:36:42.724, Tesla T4, 12957 MiB, 1956 MiB, 15360 MiB, 100 %, 53 %, 810 MHz, 5000 MHz, 69.21 W, 77, P0
2026/09/30 08:36:43.238, Tesla T4, 12957 MiB, 1956 MiB, 15360 MiB, 100 %, 54 %, 735 MHz, 5000 MHz, 64.85 W, 77, P0
2026/09/30 08:36:43.758, Tesla T4, 12957 MiB, 1956 MiB, 15360 MiB, 100 %, 43 %, 570 MHz, 5000 MHz, 65.93 W, 77, P0
2026/09/30 08:36:44.272, Tesla T4, 12957 MiB, 1956 MiB, 15360 MiB, 100 %, 44 %, 675 MHz, 5000 MHz, 64.59 W, 77, P0
2026/09/30 08:36:44.797, Tesla T4, 12957 MiB, 1956 MiB, 15360 MiB, 100 %, 43 %, 585 MHz, 5000 MHz, 65.93 W, 77, P0
2026/09/30 08:36:45.312, Tesla T4, 12957 MiB, 1956 MiB, 15360 MiB, 100 %, 89 %, 1050 MHz, 5000 MHz, 64.40 W, 77, P0
2026/09/30 08:36:45.834, Tesla T4, 12957 MiB, 1956 MiB, 15360 MiB, 100 %, 59 %, 660 MHz, 5000 MHz, 68.53 W, 77, P0
2026/09/30 08:36:46.352, Tesla T4, 12957 MiB, 1956 MiB, 15360 MiB, 100 %, 53 %, 645 MHz, 5000 MHz, 66.32 W, 77, P0
2026/09/30 08:36:46.867, Tesla T4, 12957 MiB, 1956 MiB, 15360 MiB, 100 %, 54 %, 735 MHz, 5000 MHz, 62.73 W, 77, P0
2026/09/30 08:36:47.378, Tesla T4, 12957 MiB, 1956 MiB, 15360 MiB, 100 %, 47 %, 585 MHz, 5000 MHz, 65.73 W, 77, P0
2026/09/30 08:36:47.891, Tesla T4, 12957 MiB, 1956 MiB, 15360 MiB, 100 %, 48 %, 570 MHz, 5000 MHz, 67.20 W, 77, P0
2026/09/30 08:36:48.403, Tesla T4, 12957 MiB, 1956 MiB, 15360 MiB, 100 %, 62 %, 735 MHz, 5000 MHz, 67.44 W, 77, P0
2026/09/30 08:36:48.915, Tesla T4, 12957 MiB, 1956 MiB, 15360 MiB, 100 %, 55 %, 840 MHz, 5000 MHz, 67.55 W, 77, P0
2026/09/30 08:36:49.434, Tesla T4, 12957 MiB, 1956 MiB, 15360 MiB, 100 %, 54 %, 600 MHz, 5000 MHz, 52.37 W, 77, P0
2026/09/30 08:36:49.947, Tesla T4, 12957 MiB, 1956 MiB, 15360 MiB, 100 %, 44 %, 1185 MHz, 5000 MHz, 59.33 W, 77, P0
2026/09/30 08:36:50.469, Tesla T4, 12957 MiB, 1956 MiB, 15360 MiB, 100 %, 59 %, 780 MHz, 5000 MHz, 68.08 W, 77, P0
2026/09/30 08:36:50.981, Tesla T4, 12957 MiB, 1956 MiB, 15360 MiB, 100 %, 45 %, 630 MHz, 5000 MHz, 66.47 W, 77, P0
2026/09/30 08:36:51.497, Tesla T4, 12957 MiB, 1956 MiB, 15360 MiB, 100 %, 54 %, 660 MHz, 5000 MHz, 67.20 W, 77, P0
2026/09/30 08:36:52.016, Tesla T4, 12957 MiB, 1956 MiB, 15360 MiB, 98 %, 100 %, 570 MHz, 5000 MHz, 61.40 W, 77, P0
2026/09/30 08:36:52.536, Tesla T4, 12957 MiB, 1956 MiB, 15360 MiB, 100 %, 56 %, 795 MHz, 5000 MHz, 66.81 W, 77, P0
2026/09/30 08:36:53.050, Tesla T4, 12957 MiB, 1956 MiB, 15360 MiB, 96 %, 45 %, 615 MHz, 5000 MHz, 66.22 W, 77, P0
2026/09/30 08:36:53.562, Tesla T4, 12957 MiB, 1956 MiB, 15360 MiB, 100 %, 44 %, 645 MHz, 5000 MHz, 60.41 W, 77, P0
2026/09/30 08:36:54.087, Tesla T4, 12957 MiB, 1956 MiB, 15360 MiB, 100 %, 46 %, 570 MHz, 5000 MHz, 63.57 W, 77, P0
2026/09/30 08:36:54.619, Tesla T4, 12957 MiB, 1956 MiB, 15360 MiB, 97 %, 90 %, 540 MHz, 5000 MHz, 86.75 W, 77, P0
2026/09/30 08:36:55.142, Tesla T4, 12957 MiB, 1956 MiB, 15360 MiB, 100 %, 52 %, 750 MHz, 5000 MHz, 68.77 W, 77, P0
2026/09/30 08:36:55.671, Tesla T4, 12957 MiB, 1956 MiB, 15360 MiB, 100 %, 53 %, 720 MHz, 5000 MHz, 61.55 W, 77, P0
2026/09/30 08:36:56.198, Tesla T4, 12957 MiB, 1956 MiB, 15360 MiB, 100 %, 47 %, 795 MHz, 5000 MHz, 60.35 W, 77, P0
2026/09/30 08:36:56.729, Tesla T4, 12957 MiB, 1956 MiB, 15360 MiB, 98 %, 70 %, 1140 MHz, 5000 MHz, 62.24 W, 77, P0
2026/09/30 08:36:57.248, Tesla T4, 12957 MiB, 1956 MiB, 15360 MiB, 100 %, 55 %, 705 MHz, 5000 MHz, 65.73 W, 77, P0
2026/09/30 08:36:57.761, Tesla T4, 12957 MiB, 1956 MiB, 15360 MiB, 100 %, 46 %, 495 MHz, 5000 MHz, 65.93 W, 77, P0
2026/09/30 08:36:58.282, Tesla T4, 12957 MiB, 1956 MiB, 15360 MiB, 98 %, 75 %, 960 MHz, 5000 MHz, 61.89 W, 77, P0
2026/09/30 08:36:58.808, Tesla T4, 12957 MiB, 1956 MiB, 15360 MiB, 100 %, 60 %, 780 MHz, 5000 MHz, 68.72 W, 77, P0
2026/09/30 08:36:59.323, Tesla T4, 12957 MiB, 1956 MiB, 15360 MiB, 100 %, 45 %, 585 MHz, 5000 MHz, 65.93 W, 77, P0
2026/09/30 08:36:59.839, Tesla T4, 12957 MiB, 1956 MiB, 15360 MiB, 100 %, 41 %, 645 MHz, 5000 MHz, 71.42 W, 77, P0
2026/09/30 08:37:00.352, Tesla T4, 12957 MiB, 1956 MiB, 15360 MiB, 100 %, 45 %, 570 MHz, 5000 MHz, 66.61 W, 77, P0
2026/09/30 08:37:00.872, Tesla T4, 12957 MiB, 1956 MiB, 15360 MiB, 97 %, 100 %, 480 MHz, 5000 MHz, 95.68 W, 77, P0
2026/09/30 08:37:01.387, Tesla T4, 12957 MiB, 1956 MiB, 15360 MiB, 100 %, 55 %, 795 MHz, 5000 MHz, 67.61 W, 77, P0
2026/09/30 08:37:01.899, Tesla T4, 12957 MiB, 1956 MiB, 15360 MiB, 100 %, 55 %, 750 MHz, 5000 MHz, 61.30 W, 77, P0
2026/09/30 08:37:02.418, Tesla T4, 12957 MiB, 1956 MiB, 15360 MiB, 100 %, 43 %, 600 MHz, 5000 MHz, 64.95 W, 77, P0
2026/09/30 08:37:02.930, Tesla T4, 12957 MiB, 1956 MiB, 15360 MiB, 100 %, 42 %, 585 MHz, 5000 MHz, 65.48 W, 77, P0
2026/09/30 08:37:03.451, Tesla T4, 12957 MiB, 1956 MiB, 15360 MiB, 100 %, 48 %, 585 MHz, 5000 MHz, 63.75 W, 77, P0
2026/09/30 08:37:03.964, Tesla T4, 12957 MiB, 1956 MiB, 15360 MiB, 100 %, 42 %, 585 MHz, 5000 MHz, 63.57 W, 77, P0
2026/09/30 08:37:04.484, Tesla T4, 12957 MiB, 1956 MiB, 15360 MiB, 98 %, 100 %, 1290 MHz, 5000 MHz, 67.06 W, 78, P0
2026/09/30 08:37:05.011, Tesla T4, 12957 MiB, 1956 MiB, 15360 MiB, 100 %, 53 %, 750 MHz, 5000 MHz, 65.83 W, 77, P0
2026/09/30 08:37:05.527, Tesla T4, 12957 MiB, 1956 MiB, 15360 MiB, 100 %, 52 %, 675 MHz, 5000 MHz, 61.30 W, 77, P0
2026/09/30 08:37:06.039, Tesla T4, 12957 MiB, 1956 MiB, 15360 MiB, 100 %, 52 %, 675 MHz, 5000 MHz, 68.53 W, 77, P0
2026/09/30 08:37:06.560, Tesla T4, 12957 MiB, 1956 MiB, 15360 MiB, 96 %, 48 %, 600 MHz, 5000 MHz, 65.18 W, 77, P0
2026/09/30 08:37:07.078, Tesla T4, 12957 MiB, 1956 MiB, 15360 MiB, 100 %, 60 %, 555 MHz, 5000 MHz, 63.61 W, 77, P0
2026/09/30 08:37:07.613, Tesla T4, 12957 MiB, 1956 MiB, 15360 MiB, 97 %, 96 %, 555 MHz, 5000 MHz, 62.38 W, 77, P0
2026/09/30 08:37:08.167, Tesla T4, 12957 MiB, 1956 MiB, 15360 MiB, 100 %, 55 %, 750 MHz, 5000 MHz, 66.77 W, 77, P0
2026/09/30 08:37:08.695, Tesla T4, 12957 MiB, 1956 MiB, 15360 MiB, 100 %, 50 %, 570 MHz, 5000 MHz, 66.42 W, 77, P0
2026/09/30 08:37:09.246, Tesla T4, 12957 MiB, 1956 MiB, 15360 MiB, 100 %, 47 %, 555 MHz, 5000 MHz, 67.84 W, 77, P0
2026/09/30 08:37:09.783, Tesla T4, 12957 MiB, 1956 MiB, 15360 MiB, 100 %, 68 %, 795 MHz, 5000 MHz, 62.28 W, 77, P0
2026/09/30 08:37:10.298, Tesla T4, 12957 MiB, 1956 MiB, 15360 MiB, 85 %, 44 %, 1080 MHz, 5000 MHz, 65.53 W, 77, P0
2026/09/30 08:37:10.809, Tesla T4, 12957 MiB, 1956 MiB, 15360 MiB, 100 %, 42 %, 735 MHz, 5000 MHz, 70.01 W, 77, P0
2026/09/30 08:37:11.322, Tesla T4, 12957 MiB, 1956 MiB, 15360 MiB, 95 %, 49 %, 555 MHz, 5000 MHz, 62.93 W, 77, P0
2026/09/30 08:37:11.842, Tesla T4, 12957 MiB, 1956 MiB, 15360 MiB, 100 %, 51 %, 570 MHz, 5000 MHz, 64.46 W, 77, P0
2026/09/30 08:37:12.355, Tesla T4, 12957 MiB, 1956 MiB, 15360 MiB, 100 %, 67 %, 1125 MHz, 5000 MHz, 62.08 W, 77, P0
2026/09/30 08:37:12.879, Tesla T4, 12957 MiB, 1956 MiB, 15360 MiB, 100 %, 53 %, 645 MHz, 5000 MHz, 63.32 W, 77, P0
2026/09/30 08:37:13.392, Tesla T4, 12957 MiB, 1956 MiB, 15360 MiB, 97 %, 52 %, 585 MHz, 5000 MHz, 66.32 W, 77, P0
2026/09/30 08:37:13.906, Tesla T4, 12957 MiB, 1956 MiB, 15360 MiB, 100 %, 52 %, 570 MHz, 5000 MHz, 65.24 W, 77, P0
2026/09/30 08:37:14.419, Tesla T4, 12957 MiB, 1956 MiB, 15360 MiB, 100 %, 68 %, 720 MHz, 5000 MHz, 63.28 W, 77, P0
2026/09/30 08:37:14.932, Tesla T4, 12957 MiB, 1956 MiB, 15360 MiB, 100 %, 43 %, 570 MHz, 5000 MHz, 64.16 W, 77, P0
2026/09/30 08:37:15.450, Tesla T4, 12957 MiB, 1956 MiB, 15360 MiB, 100 %, 39 %, 645 MHz, 5000 MHz, 70.64 W, 77, P0
2026/09/30 08:37:15.961, Tesla T4, 12957 MiB, 1956 MiB, 15360 MiB, 100 %, 44 %, 630 MHz, 5000 MHz, 64.00 W, 77, P0
2026/09/30 08:37:16.474, Tesla T4, 12957 MiB, 1956 MiB, 15360 MiB, 98 %, 100 %, 585 MHz, 5000 MHz, 66.91 W, 77, P0
2026/09/30 08:37:16.993, Tesla T4, 12957 MiB, 1956 MiB, 15360 MiB, 100 %, 52 %, 660 MHz, 5000 MHz, 67.94 W, 77, P0
2026/09/30 08:37:17.512, Tesla T4, 12957 MiB, 1956 MiB, 15360 MiB, 100 %, 52 %, 645 MHz, 5000 MHz, 62.44 W, 77, P0
2026/09/30 08:37:18.026, Tesla T4, 12957 MiB, 1956 MiB, 15360 MiB, 100 %, 46 %, 585 MHz, 5000 MHz, 66.42 W, 77, P0
2026/09/30 08:37:18.540, Tesla T4, 12957 MiB, 1956 MiB, 15360 MiB, 100 %, 44 %, 540 MHz, 5000 MHz, 61.89 W, 77, P0
2026/09/30 08:37:19.071, Tesla T4, 12957 MiB, 1956 MiB, 15360 MiB, 100 %, 54 %, 675 MHz, 5000 MHz, 65.63 W, 77, P0
2026/09/30 08:37:19.585, Tesla T4, 12957 MiB, 1956 MiB, 15360 MiB, 93 %, 46 %, 615 MHz, 5000 MHz, 66.71 W, 77, P0
2026/09/30 08:37:20.107, Tesla T4, 12957 MiB, 1956 MiB, 15360 MiB, 100 %, 56 %, 585 MHz, 5000 MHz, 65.49 W, 77, P0
2026/09/30 08:37:20.633, Tesla T4, 12957 MiB, 1956 MiB, 15360 MiB, 100 %, 74 %, 825 MHz, 5000 MHz, 63.06 W, 77, P0
2026/09/30 08:37:21.168, Tesla T4, 12957 MiB, 1956 MiB, 15360 MiB, 92 %, 53 %, 585 MHz, 5000 MHz, 65.14 W, 77, P0
2026/09/30 08:37:21.711, Tesla T4, 12957 MiB, 1956 MiB, 15360 MiB, 100 %, 55 %, 600 MHz, 5000 MHz, 66.32 W, 77, P0
2026/09/30 08:37:22.239, Tesla T4, 12957 MiB, 1956 MiB, 15360 MiB, 96 %, 88 %, 660 MHz, 5000 MHz, 66.71 W, 77, P0
2026/09/30 08:37:22.765, Tesla T4, 12957 MiB, 1956 MiB, 15360 MiB, 100 %, 55 %, 660 MHz, 5000 MHz, 69.02 W, 77, P0
2026/09/30 08:37:23.278, Tesla T4, 12957 MiB, 1956 MiB, 15360 MiB, 100 %, 41 %, 615 MHz, 5000 MHz, 63.91 W, 77, P0
2026/09/30 08:37:23.795, Tesla T4, 12957 MiB, 1956 MiB, 15360 MiB, 100 %, 41 %, 645 MHz, 5000 MHz, 66.51 W, 77, P0
2026/09/30 08:37:24.317, Tesla T4, 12957 MiB, 1956 MiB, 15360 MiB, 100 %, 41 %, 645 MHz, 5000 MHz, 67.49 W, 77, P0
2026/09/30 08:37:24.829, Tesla T4, 12957 MiB, 1956 MiB, 15360 MiB, 100 %, 37 %, 555 MHz, 5000 MHz, 60.12 W, 77, P0
2026/09/30 08:37:25.348, Tesla T4, 12957 MiB, 1956 MiB, 15360 MiB, 99 %, 100 %, 675 MHz, 5000 MHz, 62.57 W, 77, P0
2026/09/30 08:37:25.863, Tesla T4, 12957 MiB, 1956 MiB, 15360 MiB, 100 %, 51 %, 780 MHz, 5000 MHz, 60.02 W, 77, P0
2026/09/30 08:37:26.383, Tesla T4, 12957 MiB, 1956 MiB, 15360 MiB, 100 %, 52 %, 765 MHz, 5000 MHz, 69.02 W, 77, P0
2026/09/30 08:37:26.895, Tesla T4, 12957 MiB, 1956 MiB, 15360 MiB, 100 %, 52 %, 645 MHz, 5000 MHz, 60.61 W, 77, P0
2026/09/30 08:37:27.413, Tesla T4, 12957 MiB, 1956 MiB, 15360 MiB, 100 %, 47 %, 525 MHz, 5000 MHz, 66.61 W, 77, P0
2026/09/30 08:37:27.926, Tesla T4, 12957 MiB, 1956 MiB, 15360 MiB, 100 %, 47 %, 525 MHz, 5000 MHz, 64.99 W, 77, P0
2026/09/30 08:37:28.445, Tesla T4, 12957 MiB, 1956 MiB, 15360 MiB, 99 %, 79 %, 720 MHz, 5000 MHz, 68.04 W, 77, P0
2026/09/30 08:37:28.958, Tesla T4, 12957 MiB, 1956 MiB, 15360 MiB, 100 %, 55 %, 840 MHz, 5000 MHz, 66.47 W, 77, P0
2026/09/30 08:37:29.477, Tesla T4, 12957 MiB, 1956 MiB, 15360 MiB, 100 %, 46 %, 570 MHz, 5000 MHz, 68.33 W, 77, P0
2026/09/30 08:37:29.988, Tesla T4, 12957 MiB, 1956 MiB, 15360 MiB, 100 %, 48 %, 600 MHz, 5000 MHz, 64.99 W, 77, P0
2026/09/30 08:37:30.505, Tesla T4, 12957 MiB, 1956 MiB, 15360 MiB, 98 %, 100 %, 705 MHz, 5000 MHz, 77.83 W, 77, P0
2026/09/30 08:37:31.021, Tesla T4, 12957 MiB, 1956 MiB, 15360 MiB, 100 %, 53 %, 720 MHz, 5000 MHz, 63.46 W, 77, P0
2026/09/30 08:37:31.539, Tesla T4, 12957 MiB, 1956 MiB, 15360 MiB, 100 %, 53 %, 720 MHz, 5000 MHz, 62.44 W, 77, P0
2026/09/30 08:37:32.053, Tesla T4, 12957 MiB, 1956 MiB, 15360 MiB, 100 %, 54 %, 555 MHz, 5000 MHz, 68.04 W, 77, P0
2026/09/30 08:37:32.571, Tesla T4, 12957 MiB, 1956 MiB, 15360 MiB, 100 %, 59 %, 720 MHz, 5000 MHz, 64.65 W, 77, P0
2026/09/30 08:37:33.119, Tesla T4, 12957 MiB, 1956 MiB, 15360 MiB, 100 %, 51 %, 615 MHz, 5000 MHz, 54.33 W, 77, P0
2026/09/30 08:37:33.652, Tesla T4, 12957 MiB, 1956 MiB, 15360 MiB, 100 %, 48 %, 1140 MHz, 5000 MHz, 59.37 W, 77, P0
2026/09/30 08:37:34.171, Tesla T4, 12957 MiB, 1956 MiB, 15360 MiB, 100 %, 59 %, 810 MHz, 5000 MHz, 69.61 W, 77, P0
2026/09/30 08:37:34.686, Tesla T4, 12957 MiB, 1956 MiB, 15360 MiB, 100 %, 51 %, 585 MHz, 5000 MHz, 68.82 W, 77, P0
2026/09/30 08:37:35.217, Tesla T4, 12957 MiB, 1956 MiB, 15360 MiB, 98 %, 65 %, 1095 MHz, 5000 MHz, 61.98 W, 77, P0
2026/09/30 08:37:35.738, Tesla T4, 12957 MiB, 1956 MiB, 15360 MiB, 100 %, 56 %, 720 MHz, 5000 MHz, 65.97 W, 77, P0
2026/09/30 08:37:36.255, Tesla T4, 12957 MiB, 1956 MiB, 15360 MiB, 100 %, 44 %, 600 MHz, 5000 MHz, 67.84 W, 77, P0
2026/09/30 08:37:36.770, Tesla T4, 12957 MiB, 1956 MiB, 15360 MiB, 98 %, 96 %, 585 MHz, 5000 MHz, 70.49 W, 77, P0
2026/09/30 08:37:37.289, Tesla T4, 12957 MiB, 1956 MiB, 15360 MiB, 100 %, 57 %, 795 MHz, 5000 MHz, 70.10 W, 77, P0
2026/09/30 08:37:37.802, Tesla T4, 12957 MiB, 1956 MiB, 15360 MiB, 100 %, 45 %, 540 MHz, 5000 MHz, 65.53 W, 77, P0
2026/09/30 08:37:38.320, Tesla T4, 12957 MiB, 1956 MiB, 15360 MiB, 100 %, 59 %, 600 MHz, 5000 MHz, 69.21 W, 77, P0
2026/09/30 08:37:38.833, Tesla T4, 12957 MiB, 1956 MiB, 15360 MiB, 100 %, 45 %, 630 MHz, 5000 MHz, 67.59 W, 77, P0
2026/09/30 08:37:39.352, Tesla T4, 12957 MiB, 1956 MiB, 15360 MiB, 98 %, 100 %, 705 MHz, 5000 MHz, 62.47 W, 77, P0
2026/09/30 08:37:39.865, Tesla T4, 12957 MiB, 1956 MiB, 15360 MiB, 100 %, 56 %, 690 MHz, 5000 MHz, 67.10 W, 77, P0
2026/09/30 08:37:40.387, Tesla T4, 12957 MiB, 1956 MiB, 15360 MiB, 100 %, 57 %, 675 MHz, 5000 MHz, 62.53 W, 77, P0
2026/09/30 08:37:40.901, Tesla T4, 12957 MiB, 1956 MiB, 15360 MiB, 100 %, 48 %, 510 MHz, 5000 MHz, 65.40 W, 77, P0
2026/09/30 08:37:41.421, Tesla T4, 12957 MiB, 1956 MiB, 15360 MiB, 98 %, 72 %, 1080 MHz, 5000 MHz, 60.32 W, 77, P0
2026/09/30 08:37:41.941, Tesla T4, 12957 MiB, 1956 MiB, 15360 MiB, 100 %, 53 %, 690 MHz, 5000 MHz, 64.36 W, 77, P0
2026/09/30 08:37:42.476, Tesla T4, 12957 MiB, 1956 MiB, 15360 MiB, 100 %, 52 %, 645 MHz, 5000 MHz, 66.46 W, 77, P0
2026/09/30 08:37:42.988, Tesla T4, 12957 MiB, 1956 MiB, 15360 MiB, 98 %, 69 %, 675 MHz, 5000 MHz, 62.38 W, 77, P0
2026/09/30 08:37:43.504, Tesla T4, 12957 MiB, 1956 MiB, 15360 MiB, 96 %, 51 %, 555 MHz, 5000 MHz, 71.08 W, 77, P0
2026/09/30 08:37:44.016, Tesla T4, 12957 MiB, 1956 MiB, 15360 MiB, 100 %, 45 %, 600 MHz, 5000 MHz, 62.77 W, 77, P0
2026/09/30 08:37:44.536, Tesla T4, 12957 MiB, 1956 MiB, 15360 MiB, 100 %, 46 %, 600 MHz, 5000 MHz, 64.79 W, 77, P0
2026/09/30 08:37:45.049, Tesla T4, 12957 MiB, 1956 MiB, 15360 MiB, 100 %, 87 %, 1065 MHz, 5000 MHz, 62.67 W, 77, P0
2026/09/30 08:37:45.567, Tesla T4, 12957 MiB, 1956 MiB, 15360 MiB, 100 %, 51 %, 660 MHz, 5000 MHz, 62.04 W, 77, P0
2026/09/30 08:37:46.108, Tesla T4, 12957 MiB, 1956 MiB, 15360 MiB, 100 %, 54 %, 735 MHz, 5000 MHz, 61.69 W, 77, P0
2026/09/30 08:37:46.650, Tesla T4, 12957 MiB, 1956 MiB, 15360 MiB, 92 %, 50 %, 555 MHz, 5000 MHz, 63.81 W, 77, P0
2026/09/30 08:37:47.181, Tesla T4, 12957 MiB, 1956 MiB, 15360 MiB, 100 %, 43 %, 525 MHz, 5000 MHz, 62.08 W, 77, P0
2026/09/30 08:37:47.706, Tesla T4, 12957 MiB, 1956 MiB, 15360 MiB, 100 %, 43 %, 600 MHz, 5000 MHz, 67.20 W, 77, P0
2026/09/30 08:37:48.224, Tesla T4, 12957 MiB, 1956 MiB, 15360 MiB, 100 %, 43 %, 540 MHz, 5000 MHz, 66.12 W, 77, P0
2026/09/30 08:37:48.736, Tesla T4, 12957 MiB, 1956 MiB, 15360 MiB, 98 %, 100 %, 450 MHz, 5000 MHz, 86.36 W, 77, P0
2026/09/30 08:37:49.249, Tesla T4, 12957 MiB, 1956 MiB, 15360 MiB, 100 %, 54 %, 735 MHz, 5000 MHz, 68.53 W, 77, P0
2026/09/30 08:37:49.766, Tesla T4, 12957 MiB, 1956 MiB, 15360 MiB, 100 %, 54 %, 675 MHz, 5000 MHz, 64.14 W, 77, P0
2026/09/30 08:37:50.279, Tesla T4, 12957 MiB, 1956 MiB, 15360 MiB, 100 %, 53 %, 750 MHz, 5000 MHz, 63.22 W, 77, P0
2026/09/30 08:37:50.789, Tesla T4, 12957 MiB, 1956 MiB, 15360 MiB, 100 %, 43 %, 675 MHz, 5000 MHz, 61.49 W, 77, P0
2026/09/30 08:37:51.307, Tesla T4, 12957 MiB, 1956 MiB, 15360 MiB, 100 %, 46 %, 855 MHz, 5000 MHz, 61.10 W, 77, P0
2026/09/30 08:37:51.831, Tesla T4, 12957 MiB, 1956 MiB, 15360 MiB, 100 %, 56 %, 690 MHz, 5000 MHz, 64.46 W, 77, P0
2026/09/30 08:37:52.344, Tesla T4, 12957 MiB, 1956 MiB, 15360 MiB, 88 %, 46 %, 540 MHz, 5000 MHz, 75.73 W, 77, P0
2026/09/30 08:37:52.857, Tesla T4, 12957 MiB, 1956 MiB, 15360 MiB, 100 %, 57 %, 525 MHz, 5000 MHz, 65.93 W, 77, P0
2026/09/30 08:37:53.375, Tesla T4, 12957 MiB, 1956 MiB, 15360 MiB, 100 %, 51 %, 705 MHz, 5000 MHz, 67.30 W, 77, P0
2026/09/30 08:37:53.898, Tesla T4, 12957 MiB, 1956 MiB, 15360 MiB, 96 %, 51 %, 615 MHz, 5000 MHz, 64.46 W, 77, P0
2026/09/30 08:37:54.410, Tesla T4, 12957 MiB, 1956 MiB, 15360 MiB, 100 %, 45 %, 615 MHz, 5000 MHz, 62.63 W, 77, P0
2026/09/30 08:37:54.936, Tesla T4, 12957 MiB, 1956 MiB, 15360 MiB, 100 %, 52 %, 630 MHz, 5000 MHz, 63.38 W, 77, P0
2026/09/30 08:37:55.450, Tesla T4, 12957 MiB, 1956 MiB, 15360 MiB, 1 %, 0 %, 1275 MHz, 5000 MHz, 37.55 W, 75, P0
2026/09/30 08:37:55.957, Tesla T4, 12957 MiB, 1956 MiB, 15360 MiB, 0 %, 0 %, 1275 MHz, 5000 MHz, 37.36 W, 75, P0
2026/09/30 08:37:56.465, Tesla T4, 12957 MiB, 1956 MiB, 15360 MiB, 0 %, 0 %, 1275 MHz, 5000 MHz, 37.26 W, 74, P0
2026/09/30 08:37:56.974, Tesla T4, 12957 MiB, 1956 MiB, 15360 MiB, 0 %, 0 %, 585 MHz, 5000 MHz, 37.26 W, 74, P0
2026/09/30 08:37:57.487, Tesla T4, 12949 MiB, 1965 MiB, 15360 MiB, 2 %, 0 %, 585 MHz, 5000 MHz, 33.74 W, 74, P0
