timestamp, name, memory.used [MiB], memory.free [MiB], memory.total [MiB], utilization.gpu [%], utilization.memory [%], clocks.current.sm [MHz], clocks.current.memory [MHz], power.draw [W], temperature.gpu, pstate
2026/09/30 08:38:36.937, Tesla T4, 0 MiB, 14913 MiB, 15360 MiB, 0 %, 0 %, 300 MHz, 405 MHz, 11.45 W, 65, P8
2026/09/30 08:38:37.471, Tesla T4, 0 MiB, 14913 MiB, 15360 MiB, 0 %, 0 %, 300 MHz, 405 MHz, 12.74 W, 64, P8
2026/09/30 08:38:38.004, Tesla T4, 0 MiB, 14913 MiB, 15360 MiB, 0 %, 0 %, 300 MHz, 405 MHz, 11.45 W, 64, P8
2026/09/30 08:38:38.519, Tesla T4, 0 MiB, 14913 MiB, 15360 MiB, 0 %, 0 %, 300 MHz, 405 MHz, 11.55 W, 64, P8
2026/09/30 08:38:39.034, Tesla T4, 0 MiB, 14913 MiB, 15360 MiB, 0 %, 0 %, 300 MHz, 405 MHz, 11.45 W, 64, P8
2026/09/30 08:38:39.550, Tesla T4, 0 MiB, 14913 MiB, 15360 MiB, 0 %, 0 %, 300 MHz, 405 MHz, 11.35 W, 64, P8
2026/09/30 08:38:40.065, Tesla T4, 0 MiB, 14913 MiB, 15360 MiB, 0 %, 0 %, 300 MHz, 405 MHz, 11.45 W, 64, P8
2026/09/30 08:38:40.580, Tesla T4, 0 MiB, 14913 MiB, 15360 MiB, 0 %, 0 %, 300 MHz, 405 MHz, 12.94 W, 64, P8
2026/09/30 08:38:41.095, Tesla T4, 0 MiB, 14913 MiB, 15360 MiB, 0 %, 0 %, 300 MHz, 405 MHz, 11.55 W, 64, P8
2026/09/30 08:38:41.610, Tesla T4, 0 MiB, 14913 MiB, 15360 MiB, 0 %, 0 %, 300 MHz, 405 MHz, 11.45 W, 64, P8
2026/09/30 08:38:42.125, Tesla T4, 0 MiB, 14913 MiB, 15360 MiB, 0 %, 0 %, 300 MHz, 405 MHz, 11.35 W, 64, P8
2026/09/30 08:38:42.641, Tesla T4, 3 MiB, 14910 MiB, 15360 MiB, 0 %, 0 %, 300 MHz, 405 MHz, 11.45 W, 64, P8
2026/09/30 08:38:43.157, Tesla T4, 3 MiB, 14910 MiB, 15360 MiB, 0 %, 0 %, 300 MHz, 405 MHz, 11.75 W, 64, P8
2026/09/30 08:38:43.672, Tesla T4, 3 MiB, 14910 MiB, 15360 MiB, 0 %, 0 %, 300 MHz, 405 MHz, 11.15 W, 64, P8
2026/09/30 08:38:44.188, Tesla T4, 3 MiB, 14910 MiB, 15360 MiB, 0 %, 0 %, 300 MHz, 405 MHz, 12.64 W, 64, P8
2026/09/30 08:38:44.703, Tesla T4, 3 MiB, 14910 MiB, 15360 MiB, 0 %, 0 %, 300 MHz, 405 MHz, 11.45 W, 64, P8
2026/09/30 08:38:45.219, Tesla T4, 3 MiB, 14910 MiB, 15360 MiB, 0 %, 0 %, 300 MHz, 405 MHz, 11.35 W, 64, P8
2026/09/30 08:38:45.737, Tesla T4, 3 MiB, 14910 MiB, 15360 MiB, 0 %, 0 %, 300 MHz, 405 MHz, 11.25 W, 64, P8
2026/09/30 08:38:46.253, Tesla T4, 3 MiB, 14910 MiB, 15360 MiB, 0 %, 0 %, 300 MHz, 405 MHz, 11.15 W, 64, P8
2026/09/30 08:38:46.773, Tesla T4, 3 MiB, 14910 MiB, 15360 MiB, 0 %, 0 %, 300 MHz, 405 MHz, 11.25 W, 64, P8
2026/09/30 08:38:47.295, Tesla T4, 3 MiB, 14910 MiB, 15360 MiB, 0 %, 0 %, 300 MHz, 405 MHz, 12.64 W, 64, P8
2026/09/30 08:38:47.811, Tesla T4, 3 MiB, 14910 MiB, 15360 MiB, 0 %, 0 %, 300 MHz, 405 MHz, 11.35 W, 63, P8
2026/09/30 08:38:48.326, Tesla T4, 3 MiB, 14910 MiB, 15360 MiB, 0 %, 0 %, 300 MHz, 405 MHz, 11.25 W, 63, P8
2026/09/30 08:38:48.841, Tesla T4, 3 MiB, 14910 MiB, 15360 MiB, 0 %, 0 %, 300 MHz, 405 MHz, 11.16 W, 63, P8
2026/09/30 08:38:49.357, Tesla T4, 3 MiB, 14910 MiB, 15360 MiB, 0 %, 0 %, 300 MHz, 405 MHz, 11.35 W, 63, P8
2026/09/30 08:38:49.872, Tesla T4, 3 MiB, 14910 MiB, 15360 MiB, 0 %, 0 %, 300 MHz, 405 MHz, 11.16 W, 63, P8
2026/09/30 08:38:50.387, Tesla T4, 3 MiB, 14910 MiB, 15360 MiB, 0 %, 0 %, 300 MHz, 405 MHz, 11.15 W, 63, P8
2026/09/30 08:38:50.902, Tesla T4, 3 MiB, 14910 MiB, 15360 MiB, 0 %, 0 %, 300 MHz, 405 MHz, 12.24 W, 63, P8
2026/09/30 08:38:51.418, Tesla T4, 3 MiB, 14910 MiB, 15360 MiB, 0 %, 0 %, 300 MHz, 405 MHz, 11.35 W, 63, P8
2026/09/30 08:38:51.934, Tesla T4, 3 MiB, 14910 MiB, 15360 MiB, 0 %, 0 %, 300 MHz, 405 MHz, 11.25 W, 63, P8
2026/09/30 08:38:52.465, Tesla T4, 3 MiB, 14910 MiB, 15360 MiB, 0 %, 0 %, 300 MHz, 405 MHz, 11.35 W, 63, P8
2026/09/30 08:38:52.998, Tesla T4, 3 MiB, 14910 MiB, 15360 MiB, 0 %, 0 %, 300 MHz, 405 MHz, 12.64 W, 63, P8
2026/09/30 08:38:53.529, Tesla T4, 997 MiB, 13916 MiB, 15360 MiB, 14 %, 1 %, 735 MHz, 5000 MHz, 31.59 W, 64, P0
2026/09/30 08:38:54.040, Tesla T4, 2165 MiB, 12748 MiB, 15360 MiB, 31 %, 2 %, 615 MHz, 5000 MHz, 31.29 W, 64, P0
2026/09/30 08:38:54.553, Tesla T4, 3729 MiB, 11184 MiB, 15360 MiB, 29 %, 1 %, 585 MHz, 5000 MHz, 31.39 W, 64, P0
2026/09/30 08:38:55.063, Tesla T4, 5495 MiB, 9418 MiB, 15360 MiB, 30 %, 2 %, 585 MHz, 5000 MHz, 31.59 W, 65, P0
2026/09/30 08:38:55.574, Tesla T4, 6127 MiB, 8786 MiB, 15360 MiB, 1 %, 0 %, 585 MHz, 5000 MHz, 31.09 W, 65, P0
2026/09/30 08:38:56.083, Tesla T4, 6127 MiB, 8786 MiB, 15360 MiB, 0 %, 0 %, 585 MHz, 5000 MHz, 30.99 W, 65, P0
2026/09/30 08:38:56.593, Tesla T4, 6127 MiB, 8786 MiB, 15360 MiB, 0 %, 0 %, 585 MHz, 5000 MHz, 30.99 W, 65, P0
2026/09/30 08:38:57.103, Tesla T4, 6127 MiB, 8786 MiB, 15360 MiB, 0 %, 0 %, 585 MHz, 5000 MHz, 31.09 W, 65, P0
2026/09/30 08:38:57.613, Tesla T4, 6127 MiB, 8786 MiB, 15360 MiB, 0 %, 0 %, 585 MHz, 5000 MHz, 31.39 W, 65, P0
2026/09/30 08:38:58.133, Tesla T4, 6499 MiB, 8414 MiB, 15360 MiB, 100 %, 41 %, 1200 MHz, 5000 MHz, 34.32 W, 67, P0
2026/09/30 08:38:58.644, Tesla T4, 6499 MiB, 8414 MiB, 15360 MiB, 100 %, 41 %, 765 MHz, 5000 MHz, 69.86 W, 67, P0
2026/09/30 08:38:59.171, Tesla T4, 6499 MiB, 8414 MiB, 15360 MiB, 87 %, 41 %, 690 MHz, 5000 MHz, 66.85 W, 68, P0
2026/09/30 08:38:59.704, Tesla T4, 6499 MiB, 8414 MiB, 15360 MiB, 95 %, 43 %, 900 MHz, 5000 MHz, 67.06 W, 68, P0
2026/09/30 08:39:00.243, Tesla T4, 6499 MiB, 8414 MiB, 15360 MiB, 89 %, 33 %, 690 MHz, 5000 MHz, 52.89 W, 69, P0
2026/09/30 08:39:00.782, Tesla T4, 7139 MiB, 7774 MiB, 15360 MiB, 100 %, 33 %, 705 MHz, 5000 MHz, 66.61 W, 69, P0
2026/09/30 08:39:01.297, Tesla T4, 7139 MiB, 7774 MiB, 15360 MiB, 98 %, 32 %, 705 MHz, 5000 MHz, 68.52 W, 69, P0
2026/09/30 08:39:01.812, Tesla T4, 7139 MiB, 7774 MiB, 15360 MiB, 100 %, 32 %, 705 MHz, 5000 MHz, 67.30 W, 69, P0
2026/09/30 08:39:02.325, Tesla T4, 7139 MiB, 7774 MiB, 15360 MiB, 98 %, 45 %, 780 MHz, 5000 MHz, 67.20 W, 70, P0
2026/09/30 08:39:02.844, Tesla T4, 7139 MiB, 7774 MiB, 15360 MiB, 98 %, 31 %, 690 MHz, 5000 MHz, 68.08 W, 70, P0
2026/09/30 08:39:03.360, Tesla T4, 7139 MiB, 7774 MiB, 15360 MiB, 93 %, 23 %, 795 MHz, 5000 MHz, 66.67 W, 70, P0
2026/09/30 08:39:03.880, Tesla T4, 7139 MiB, 7774 MiB, 15360 MiB, 98 %, 32 %, 675 MHz, 5000 MHz, 67.59 W, 70, P0
2026/09/30 08:39:04.393, Tesla T4, 7139 MiB, 7774 MiB, 15360 MiB, 98 %, 45 %, 705 MHz, 5000 MHz, 67.35 W, 70, P0
2026/09/30 08:39:04.904, Tesla T4, 7139 MiB, 7774 MiB, 15360 MiB, 96 %, 40 %, 810 MHz, 5000 MHz, 67.79 W, 71, P0
2026/09/30 08:39:05.414, Tesla T4, 7139 MiB, 7774 MiB, 15360 MiB, 100 %, 35 %, 675 MHz, 5000 MHz, 66.42 W, 71, P0
2026/09/30 08:39:05.969, Tesla T4, 7139 MiB, 7774 MiB, 15360 MiB, 93 %, 28 %, 795 MHz, 5000 MHz, 67.30 W, 71, P0
2026/09/30 08:39:06.503, Tesla T4, 7139 MiB, 7774 MiB, 15360 MiB, 100 %, 33 %, 690 MHz, 5000 MHz, 67.40 W, 71, P0
2026/09/30 08:39:07.021, Tesla T4, 7139 MiB, 7774 MiB, 15360 MiB, 92 %, 43 %, 750 MHz, 5000 MHz, 70.74 W, 71, P0
2026/09/30 08:39:07.549, Tesla T4, 7139 MiB, 7774 MiB, 15360 MiB, 96 %, 45 %, 645 MHz, 5000 MHz, 65.53 W, 72, P0
2026/09/30 08:39:08.060, Tesla T4, 7139 MiB, 7774 MiB, 15360 MiB, 100 %, 35 %, 705 MHz, 5000 MHz, 67.45 W, 72, P0
2026/09/30 08:39:08.577, Tesla T4, 7139 MiB, 7774 MiB, 15360 MiB, 100 %, 39 %, 690 MHz, 5000 MHz, 65.93 W, 72, P0
2026/09/30 08:39:09.089, Tesla T4, 7139 MiB, 7774 MiB, 15360 MiB, 97 %, 41 %, 675 MHz, 5000 MHz, 66.42 W, 72, P0
2026/09/30 08:39:09.600, Tesla T4, 7139 MiB, 7774 MiB, 15360 MiB, 100 %, 39 %, 645 MHz, 5000 MHz, 68.49 W, 72, P0
2026/09/30 08:39:10.114, Tesla T4, 7139 MiB, 7774 MiB, 15360 MiB, 100 %, 38 %, 690 MHz, 5000 MHz, 66.32 W, 72, P0
2026/09/30 08:39:10.629, Tesla T4, 7139 MiB, 7774 MiB, 15360 MiB, 93 %, 40 %, 660 MHz, 5000 MHz, 69.12 W, 73, P0
2026/09/30 08:39:11.156, Tesla T4, 7139 MiB, 7774 MiB, 15360 MiB, 95 %, 34 %, 660 MHz, 5000 MHz, 67.49 W, 73, P0
2026/09/30 08:39:11.680, Tesla T4, 7927 MiB, 6986 MiB, 15360 MiB, 100 %, 28 %, 660 MHz, 5000 MHz, 66.12 W, 73, P0
2026/09/30 08:39:12.209, Tesla T4, 7927 MiB, 6986 MiB, 15360 MiB, 100 %, 25 %, 645 MHz, 5000 MHz, 65.24 W, 73, P0
2026/09/30 08:39:12.743, Tesla T4, 7927 MiB, 6986 MiB, 15360 MiB, 97 %, 28 %, 675 MHz, 5000 MHz, 66.42 W, 73, P0
2026/09/30 08:39:13.271, Tesla T4, 7927 MiB, 6986 MiB, 15360 MiB, 100 %, 25 %, 630 MHz, 5000 MHz, 68.43 W, 74, P0
2026/09/30 08:39:13.788, Tesla T4, 7927 MiB, 6986 MiB, 15360 MiB, 97 %, 34 %, 645 MHz, 5000 MHz, 66.51 W, 74, P0
2026/09/30 08:39:14.302, Tesla T4, 7927 MiB, 6986 MiB, 15360 MiB, 93 %, 40 %, 585 MHz, 5000 MHz, 68.82 W, 74, P0
2026/09/30 08:39:14.817, Tesla T4, 7927 MiB, 6986 MiB, 15360 MiB, 100 %, 32 %, 600 MHz, 5000 MHz, 67.10 W, 74, P0
2026/09/30 08:39:15.333, Tesla T4, 8879 MiB, 6034 MiB, 15360 MiB, 100 %, 30 %, 645 MHz, 5000 MHz, 66.42 W, 74, P0
2026/09/30 08:39:15.846, Tesla T4, 8879 MiB, 6034 MiB, 15360 MiB, 100 %, 31 %, 705 MHz, 5000 MHz, 57.64 W, 74, P0
2026/09/30 08:39:16.357, Tesla T4, 8879 MiB, 6034 MiB, 15360 MiB, 100 %, 29 %, 690 MHz, 5000 MHz, 66.71 W, 75, P0
2026/09/30 08:39:16.870, Tesla T4, 8879 MiB, 6034 MiB, 15360 MiB, 99 %, 32 %, 660 MHz, 5000 MHz, 67.75 W, 75, P0
2026/09/30 08:39:17.381, Tesla T4, 8879 MiB, 6034 MiB, 15360 MiB, 100 %, 29 %, 615 MHz, 5000 MHz, 65.53 W, 75, P0
2026/09/30 08:39:17.892, Tesla T4, 8879 MiB, 6034 MiB, 15360 MiB, 100 %, 28 %, 675 MHz, 5000 MHz, 66.71 W, 75, P0
2026/09/30 08:39:18.406, Tesla T4, 8879 MiB, 6034 MiB, 15360 MiB, 96 %, 31 %, 690 MHz, 5000 MHz, 64.20 W, 75, P0
2026/09/30 08:39:18.918, Tesla T4, 8879 MiB, 6034 MiB, 15360 MiB, 98 %, 36 %, 600 MHz, 5000 MHz, 66.86 W, 76, P0
2026/09/30 08:39:19.437, Tesla T4, 8879 MiB, 6034 MiB, 15360 MiB, 93 %, 29 %, 690 MHz, 5000 MHz, 67.35 W, 76, P0
2026/09/30 08:39:19.948, Tesla T4, 8879 MiB, 6034 MiB, 15360 MiB, 98 %, 33 %, 585 MHz, 5000 MHz, 65.18 W, 76, P0
2026/09/30 08:39:20.465, Tesla T4, 8879 MiB, 6034 MiB, 15360 MiB, 96 %, 28 %, 750 MHz, 5000 MHz, 65.93 W, 76, P0
2026/09/30 08:39:20.980, Tesla T4, 10067 MiB, 4846 MiB, 15360 MiB, 100 %, 23 %, 735 MHz, 5000 MHz, 65.79 W, 76, P0
2026/09/30 08:39:21.494, Tesla T4, 10067 MiB, 4846 MiB, 15360 MiB, 98 %, 32 %, 630 MHz, 5000 MHz, 49.18 W, 76, P0
2026/09/30 08:39:22.011, Tesla T4, 10067 MiB, 4846 MiB, 15360 MiB, 100 %, 23 %, 720 MHz, 5000 MHz, 64.95 W, 77, P0
2026/09/30 08:39:22.522, Tesla T4, 10067 MiB, 4846 MiB, 15360 MiB, 100 %, 22 %, 765 MHz, 5000 MHz, 64.75 W, 77, P0
2026/09/30 08:39:23.039, Tesla T4, 10067 MiB, 4846 MiB, 15360 MiB, 100 %, 30 %, 630 MHz, 5000 MHz, 65.53 W, 77, P0
2026/09/30 08:39:23.550, Tesla T4, 10067 MiB, 4846 MiB, 15360 MiB, 98 %, 30 %, 615 MHz, 5000 MHz, 65.73 W, 77, P0
2026/09/30 08:39:24.065, Tesla T4, 10067 MiB, 4846 MiB, 15360 MiB, 98 %, 32 %, 615 MHz, 5000 MHz, 66.32 W, 77, P0
2026/09/30 08:39:24.603, Tesla T4, 10067 MiB, 4846 MiB, 15360 MiB, 100 %, 32 %, 615 MHz, 5000 MHz, 64.40 W, 78, P0
2026/09/30 08:39:25.132, Tesla T4, 10067 MiB, 4846 MiB, 15360 MiB, 97 %, 23 %, 705 MHz, 5000 MHz, 66.61 W, 78, P0
2026/09/30 08:39:25.668, Tesla T4, 10067 MiB, 4846 MiB, 15360 MiB, 100 %, 23 %, 690 MHz, 5000 MHz, 66.06 W, 78, P0
2026/09/30 08:39:26.191, Tesla T4, 10067 MiB, 4846 MiB, 15360 MiB, 100 %, 22 %, 720 MHz, 5000 MHz, 65.63 W, 78, P0
2026/09/30 08:39:26.705, Tesla T4, 10067 MiB, 4846 MiB, 15360 MiB, 100 %, 22 %, 690 MHz, 5000 MHz, 65.83 W, 78, P0
2026/09/30 08:39:27.221, Tesla T4, 10067 MiB, 4846 MiB, 15360 MiB, 97 %, 37 %, 615 MHz, 5000 MHz, 65.83 W, 78, P0
2026/09/30 08:39:27.733, Tesla T4, 10067 MiB, 4846 MiB, 15360 MiB, 100 %, 27 %, 615 MHz, 5000 MHz, 65.44 W, 79, P0
2026/09/30 08:39:28.247, Tesla T4, 10067 MiB, 4846 MiB, 15360 MiB, 93 %, 28 %, 570 MHz, 5000 MHz, 66.65 W, 79, P0
2026/09/30 08:39:28.759, Tesla T4, 10067 MiB, 4846 MiB, 15360 MiB, 100 %, 28 %, 585 MHz, 5000 MHz, 66.22 W, 79, P0
2026/09/30 08:39:29.276, Tesla T4, 10067 MiB, 4846 MiB, 15360 MiB, 97 %, 30 %, 525 MHz, 5000 MHz, 65.24 W, 79, P0
2026/09/30 08:39:29.789, Tesla T4, 10067 MiB, 4846 MiB, 15360 MiB, 98 %, 32 %, 555 MHz, 5000 MHz, 66.12 W, 79, P0
2026/09/30 08:39:30.302, Tesla T4, 10067 MiB, 4846 MiB, 15360 MiB, 100 %, 32 %, 525 MHz, 5000 MHz, 64.26 W, 79, P0
2026/09/30 08:39:30.820, Tesla T4, 10067 MiB, 4846 MiB, 15360 MiB, 100 %, 30 %, 525 MHz, 5000 MHz, 67.20 W, 80, P0
2026/09/30 08:39:31.337, Tesla T4, 10067 MiB, 4846 MiB, 15360 MiB, 98 %, 32 %, 570 MHz, 5000 MHz, 66.12 W, 80, P0
2026/09/30 08:39:31.852, Tesla T4, 10067 MiB, 4846 MiB, 15360 MiB, 99 %, 34 %, 630 MHz, 5000 MHz, 64.20 W, 80, P0
2026/09/30 08:39:32.365, Tesla T4, 10067 MiB, 4846 MiB, 15360 MiB, 92 %, 36 %, 630 MHz, 5000 MHz, 67.89 W, 80, P0
2026/09/30 08:39:32.879, Tesla T4, 10067 MiB, 4846 MiB, 15360 MiB, 98 %, 35 %, 540 MHz, 5000 MHz, 66.42 W, 80, P0
2026/09/30 08:39:33.398, Tesla T4, 10067 MiB, 4846 MiB, 15360 MiB, 93 %, 33 %, 555 MHz, 5000 MHz, 65.34 W, 80, P0
2026/09/30 08:39:33.910, Tesla T4, 10067 MiB, 4846 MiB, 15360 MiB, 99 %, 40 %, 600 MHz, 5000 MHz, 67.84 W, 80, P0
2026/09/30 08:39:34.423, Tesla T4, 10067 MiB, 4846 MiB, 15360 MiB, 97 %, 35 %, 525 MHz, 5000 MHz, 65.44 W, 80, P0
2026/09/30 08:39:34.937, Tesla T4, 10067 MiB, 4846 MiB, 15360 MiB, 89 %, 34 %, 510 MHz, 5000 MHz, 63.87 W, 81, P0
2026/09/30 08:39:35.449, Tesla T4, 10067 MiB, 4846 MiB, 15360 MiB, 98 %, 34 %, 585 MHz, 5000 MHz, 67.10 W, 81, P0
2026/09/30 08:39:35.966, Tesla T4, 10067 MiB, 4846 MiB, 15360 MiB, 94 %, 40 %, 555 MHz, 5000 MHz, 65.57 W, 81, P0
2026/09/30 08:39:36.478, Tesla T4, 10067 MiB, 4846 MiB, 15360 MiB, 97 %, 31 %, 675 MHz, 5000 MHz, 65.73 W, 81, P0
2026/09/30 08:39:36.999, Tesla T4, 10067 MiB, 4846 MiB, 15360 MiB, 88 %, 28 %, 510 MHz, 5000 MHz, 64.79 W, 81, P0
2026/09/30 08:39:37.522, Tesla T4, 10067 MiB, 4846 MiB, 15360 MiB, 76 %, 39 %, 585 MHz, 5000 MHz, 64.42 W, 81, P0
2026/09/30 08:39:38.044, Tesla T4, 10067 MiB, 4846 MiB, 15360 MiB, 96 %, 44 %, 570 MHz, 5000 MHz, 65.44 W, 81, P0
2026/09/30 08:39:38.567, Tesla T4, 10067 MiB, 4846 MiB, 15360 MiB, 98 %, 34 %, 540 MHz, 5000 MHz, 66.26 W, 82, P0
2026/09/30 08:39:39.092, Tesla T4, 10067 MiB, 4846 MiB, 15360 MiB, 98 %, 36 %, 645 MHz, 5000 MHz, 42.83 W, 82, P0
2026/09/30 08:39:39.620, Tesla T4, 10067 MiB, 4846 MiB, 15360 MiB, 92 %, 25 %, 645 MHz, 5000 MHz, 65.73 W, 82, P0
2026/09/30 08:39:40.133, Tesla T4, 10067 MiB, 4846 MiB, 15360 MiB, 100 %, 21 %, 660 MHz, 5000 MHz, 64.59 W, 82, P0
2026/09/30 08:39:40.645, Tesla T4, 10067 MiB, 4846 MiB, 15360 MiB, 98 %, 20 %, 525 MHz, 5000 MHz, 70.44 W, 82, P0
2026/09/30 08:39:41.158, Tesla T4, 10067 MiB, 4846 MiB, 15360 MiB, 100 %, 25 %, 540 MHz, 5000 MHz, 63.91 W, 82, P0
2026/09/30 08:39:41.671, Tesla T4, 10067 MiB, 4846 MiB, 15360 MiB, 100 %, 20 %, 645 MHz, 5000 MHz, 65.73 W, 82, P0
2026/09/30 08:39:42.185, Tesla T4, 10067 MiB, 4846 MiB, 15360 MiB, 100 %, 20 %, 630 MHz, 5000 MHz, 64.46 W, 83, P0
2026/09/30 08:39:42.697, Tesla T4, 10067 MiB, 4846 MiB, 15360 MiB, 98 %, 26 %, 540 MHz, 5000 MHz, 66.42 W, 83, P0
2026/09/30 08:39:43.208, Tesla T4, 10067 MiB, 4846 MiB, 15360 MiB, 100 %, 22 %, 435 MHz, 5000 MHz, 66.51 W, 82, P0
2026/09/30 08:39:43.726, Tesla T4, 10067 MiB, 4846 MiB, 15360 MiB, 88 %, 54 %, 615 MHz, 5000 MHz, 64.10 W, 83, P0
2026/09/30 08:39:44.237, Tesla T4, 10067 MiB, 4846 MiB, 15360 MiB, 100 %, 21 %, 660 MHz, 5000 MHz, 64.75 W, 83, P0
2026/09/30 08:39:44.753, Tesla T4, 10067 MiB, 4846 MiB, 15360 MiB, 100 %, 19 %, 660 MHz, 5000 MHz, 52.37 W, 83, P0
2026/09/30 08:39:45.268, Tesla T4, 10067 MiB, 4846 MiB, 15360 MiB, 100 %, 21 %, 645 MHz, 5000 MHz, 64.99 W, 83, P0
2026/09/30 08:39:45.782, Tesla T4, 10067 MiB, 4846 MiB, 15360 MiB, 100 %, 18 %, 630 MHz, 5000 MHz, 65.34 W, 83, P0
2026/09/30 08:39:46.292, Tesla T4, 10067 MiB, 4846 MiB, 15360 MiB, 100 %, 20 %, 645 MHz, 5000 MHz, 65.14 W, 83, P0
2026/09/30 08:39:46.809, Tesla T4, 10067 MiB, 4846 MiB, 15360 MiB, 100 %, 20 %, 630 MHz, 5000 MHz, 65.53 W, 83, P0
2026/09/30 08:39:47.321, Tesla T4, 10067 MiB, 4846 MiB, 15360 MiB, 100 %, 20 %, 645 MHz, 5000 MHz, 65.34 W, 83, P0
2026/09/30 08:39:47.838, Tesla T4, 10067 MiB, 4846 MiB, 15360 MiB, 100 %, 20 %, 630 MHz, 5000 MHz, 65.44 W, 82, P0
2026/09/30 08:39:48.349, Tesla T4, 10067 MiB, 4846 MiB, 15360 MiB, 97 %, 26 %, 555 MHz, 5000 MHz, 65.63 W, 82, P0
2026/09/30 08:39:48.866, Tesla T4, 10067 MiB, 4846 MiB, 15360 MiB, 100 %, 28 %, 570 MHz, 5000 MHz, 65.53 W, 82, P0
2026/09/30 08:39:49.378, Tesla T4, 10067 MiB, 4846 MiB, 15360 MiB, 100 %, 28 %, 660 MHz, 5000 MHz, 59.43 W, 82, P0
2026/09/30 08:39:49.897, Tesla T4, 10067 MiB, 4846 MiB, 15360 MiB, 100 %, 23 %, 885 MHz, 5000 MHz, 65.24 W, 81, P0
2026/09/30 08:39:50.432, Tesla T4, 10067 MiB, 4846 MiB, 15360 MiB, 98 %, 23 %, 645 MHz, 5000 MHz, 65.28 W, 82, P0
2026/09/30 08:39:50.978, Tesla T4, 10067 MiB, 4846 MiB, 15360 MiB, 95 %, 24 %, 525 MHz, 5000 MHz, 64.46 W, 81, P0
2026/09/30 08:39:51.502, Tesla T4, 10067 MiB, 4846 MiB, 15360 MiB, 99 %, 23 %, 645 MHz, 5000 MHz, 65.73 W, 81, P0
2026/09/30 08:39:52.025, Tesla T4, 10067 MiB, 4846 MiB, 15360 MiB, 100 %, 34 %, 525 MHz, 5000 MHz, 64.89 W, 81, P0
2026/09/30 08:39:52.552, Tesla T4, 10067 MiB, 4846 MiB, 15360 MiB, 99 %, 23 %, 645 MHz, 5000 MHz, 65.83 W, 81, P0
2026/09/30 08:39:53.078, Tesla T4, 10067 MiB, 4846 MiB, 15360 MiB, 99 %, 36 %, 570 MHz, 5000 MHz, 65.73 W, 80, P0
2026/09/30 08:39:53.590, Tesla T4, 10067 MiB, 4846 MiB, 15360 MiB, 98 %, 41 %, 555 MHz, 5000 MHz, 65.53 W, 80, P0
2026/09/30 08:39:54.101, Tesla T4, 10067 MiB, 4846 MiB, 15360 MiB, 98 %, 36 %, 555 MHz, 5000 MHz, 66.02 W, 80, P0
2026/09/30 08:39:54.618, Tesla T4, 10067 MiB, 4846 MiB, 15360 MiB, 99 %, 35 %, 585 MHz, 5000 MHz, 60.71 W, 80, P0
2026/09/30 08:39:55.130, Tesla T4, 10067 MiB, 4846 MiB, 15360 MiB, 100 %, 27 %, 570 MHz, 5000 MHz, 65.63 W, 79, P0
2026/09/30 08:39:55.647, Tesla T4, 10067 MiB, 4846 MiB, 15360 MiB, 92 %, 28 %, 705 MHz, 5000 MHz, 64.75 W, 79, P0
2026/09/30 08:39:56.161, Tesla T4, 10067 MiB, 4846 MiB, 15360 MiB, 100 %, 27 %, 570 MHz, 5000 MHz, 66.61 W, 79, P0
2026/09/30 08:39:56.672, Tesla T4, 10067 MiB, 4846 MiB, 15360 MiB, 97 %, 30 %, 660 MHz, 5000 MHz, 65.04 W, 79, P0
2026/09/30 08:39:57.184, Tesla T4, 10067 MiB, 4846 MiB, 15360 MiB, 95 %, 51 %, 615 MHz, 5000 MHz, 67.00 W, 79, P0
2026/09/30 08:39:57.701, Tesla T4, 10067 MiB, 4846 MiB, 15360 MiB, 99 %, 37 %, 600 MHz, 5000 MHz, 65.89 W, 78, P0
2026/09/30 08:39:58.214, Tesla T4, 10067 MiB, 4846 MiB, 15360 MiB, 93 %, 40 %, 660 MHz, 5000 MHz, 65.14 W, 78, P0
2026/09/30 08:39:58.725, Tesla T4, 10067 MiB, 4846 MiB, 15360 MiB, 100 %, 24 %, 675 MHz, 5000 MHz, 66.12 W, 78, P0
2026/09/30 08:39:59.237, Tesla T4, 10067 MiB, 4846 MiB, 15360 MiB, 100 %, 31 %, 555 MHz, 5000 MHz, 67.10 W, 78, P0
2026/09/30 08:39:59.748, Tesla T4, 10067 MiB, 4846 MiB, 15360 MiB, 100 %, 24 %, 690 MHz, 5000 MHz, 66.02 W, 78, P0
2026/09/30 08:40:00.261, Tesla T4, 10067 MiB, 4846 MiB, 15360 MiB, 100 %, 31 %, 525 MHz, 5000 MHz, 67.06 W, 78, P0
2026/09/30 08:40:00.778, Tesla T4, 10067 MiB, 4846 MiB, 15360 MiB, 100 %, 28 %, 645 MHz, 5000 MHz, 64.95 W, 78, P0
2026/09/30 08:40:01.292, Tesla T4, 10067 MiB, 4846 MiB, 15360 MiB, 98 %, 32 %, 615 MHz, 5000 MHz, 64.16 W, 77, P0
2026/09/30 08:40:01.808, Tesla T4, 10067 MiB, 4846 MiB, 15360 MiB, 100 %, 27 %, 660 MHz, 5000 MHz, 67.06 W, 77, P0
2026/09/30 08:40:02.322, Tesla T4, 10067 MiB, 4846 MiB, 15360 MiB, 98 %, 34 %, 630 MHz, 5000 MHz, 66.81 W, 77, P0
2026/09/30 08:40:02.833, Tesla T4, 10067 MiB, 4846 MiB, 15360 MiB, 96 %, 31 %, 630 MHz, 5000 MHz, 64.40 W, 77, P0
2026/09/30 08:40:03.362, Tesla T4, 10067 MiB, 4846 MiB, 15360 MiB, 89 %, 32 %, 615 MHz, 5000 MHz, 65.77 W, 77, P0
2026/09/30 08:40:03.893, Tesla T4, 10067 MiB, 4846 MiB, 15360 MiB, 93 %, 39 %, 705 MHz, 5000 MHz, 65.83 W, 77, P0
2026/09/30 08:40:04.415, Tesla T4, 10067 MiB, 4846 MiB, 15360 MiB, 98 %, 39 %, 615 MHz, 5000 MHz, 65.44 W, 76, P0
2026/09/30 08:40:05.003, Tesla T4, 10067 MiB, 4846 MiB, 15360 MiB, 98 %, 31 %, 540 MHz, 5000 MHz, 65.53 W, 76, P0
2026/09/30 08:40:05.560, Tesla T4, 10067 MiB, 4846 MiB, 15360 MiB, 97 %, 41 %, 675 MHz, 5000 MHz, 62.83 W, 76, P0
2026/09/30 08:40:06.086, Tesla T4, 10067 MiB, 4846 MiB, 15360 MiB, 100 %, 33 %, 690 MHz, 5000 MHz, 67.63 W, 76, P0
2026/09/30 08:40:06.599, Tesla T4, 10067 MiB, 4846 MiB, 15360 MiB, 100 %, 32 %, 570 MHz, 5000 MHz, 66.96 W, 76, P0
2026/09/30 08:40:07.117, Tesla T4, 10067 MiB, 4846 MiB, 15360 MiB, 99 %, 36 %, 645 MHz, 5000 MHz, 64.81 W, 76, P0
2026/09/30 08:40:07.628, Tesla T4, 10067 MiB, 4846 MiB, 15360 MiB, 99 %, 36 %, 660 MHz, 5000 MHz, 65.79 W, 75, P0
2026/09/30 08:40:08.144, Tesla T4, 10067 MiB, 4846 MiB, 15360 MiB, 100 %, 29 %, 630 MHz, 5000 MHz, 65.28 W, 75, P0
2026/09/30 08:40:08.656, Tesla T4, 10067 MiB, 4846 MiB, 15360 MiB, 93 %, 34 %, 630 MHz, 5000 MHz, 64.95 W, 75, P0
2026/09/30 08:40:09.170, Tesla T4, 10067 MiB, 4846 MiB, 15360 MiB, 96 %, 41 %, 705 MHz, 5000 MHz, 62.50 W, 75, P0
2026/09/30 08:40:09.688, Tesla T4, 10067 MiB, 4846 MiB, 15360 MiB, 100 %, 24 %, 645 MHz, 5000 MHz, 64.50 W, 75, P0
2026/09/30 08:40:10.205, Tesla T4, 10067 MiB, 4846 MiB, 15360 MiB, 93 %, 25 %, 705 MHz, 5000 MHz, 67.06 W, 75, P0
2026/09/30 08:40:10.715, Tesla T4, 10067 MiB, 4846 MiB, 15360 MiB, 98 %, 27 %, 630 MHz, 5000 MHz, 66.51 W, 75, P0
2026/09/30 08:40:11.232, Tesla T4, 10067 MiB, 4846 MiB, 15360 MiB, 97 %, 42 %, 645 MHz, 5000 MHz, 67.10 W, 75, P0
2026/09/30 08:40:11.744, Tesla T4, 10067 MiB, 4846 MiB, 15360 MiB, 99 %, 43 %, 630 MHz, 5000 MHz, 67.20 W, 75, P0
2026/09/30 08:40:12.255, Tesla T4, 10067 MiB, 4846 MiB, 15360 MiB, 98 %, 37 %, 630 MHz, 5000 MHz, 62.89 W, 74, P0
2026/09/30 08:40:12.772, Tesla T4, 10067 MiB, 4846 MiB, 15360 MiB, 100 %, 36 %, 645 MHz, 5000 MHz, 66.51 W, 74, P0
2026/09/30 08:40:13.283, Tesla T4, 10067 MiB, 4846 MiB, 15360 MiB, 98 %, 47 %, 615 MHz, 5000 MHz, 66.96 W, 74, P0
2026/09/30 08:40:13.804, Tesla T4, 10067 MiB, 4846 MiB, 15360 MiB, 99 %, 42 %, 840 MHz, 5000 MHz, 66.96 W, 74, P0
2026/09/30 08:40:14.315, Tesla T4, 10067 MiB, 4846 MiB, 15360 MiB, 100 %, 24 %, 765 MHz, 5000 MHz, 66.42 W, 74, P0
2026/09/30 08:40:14.830, Tesla T4, 10067 MiB, 4846 MiB, 15360 MiB, 98 %, 30 %, 645 MHz, 5000 MHz, 73.97 W, 74, P0
2026/09/30 08:40:15.341, Tesla T4, 10067 MiB, 4846 MiB, 15360 MiB, 93 %, 29 %, 765 MHz, 5000 MHz, 67.00 W, 74, P0
2026/09/30 08:40:15.852, Tesla T4, 10067 MiB, 4846 MiB, 15360 MiB, 100 %, 23 %, 765 MHz, 5000 MHz, 66.26 W, 74, P0
2026/09/30 08:40:16.384, Tesla T4, 10067 MiB, 4846 MiB, 15360 MiB, 98 %, 30 %, 645 MHz, 5000 MHz, 66.22 W, 74, P0
2026/09/30 08:40:16.905, Tesla T4, 10067 MiB, 4846 MiB, 15360 MiB, 88 %, 54 %, 615 MHz, 5000 MHz, 63.51 W, 74, P0
2026/09/30 08:40:17.431, Tesla T4, 10067 MiB, 4846 MiB, 15360 MiB, 98 %, 45 %, 630 MHz, 5000 MHz, 66.61 W, 74, P0
2026/09/30 08:40:17.954, Tesla T4, 10067 MiB, 4846 MiB, 15360 MiB, 98 %, 40 %, 615 MHz, 5000 MHz, 66.67 W, 74, P0
2026/09/30 08:40:18.479, Tesla T4, 10067 MiB, 4846 MiB, 15360 MiB, 84 %, 53 %, 810 MHz, 5000 MHz, 67.45 W, 74, P0
2026/09/30 08:40:19.006, Tesla T4, 10067 MiB, 4846 MiB, 15360 MiB, 100 %, 30 %, 645 MHz, 5000 MHz, 67.26 W, 74, P0
2026/09/30 08:40:19.521, Tesla T4, 10067 MiB, 4846 MiB, 15360 MiB, 100 %, 30 %, 645 MHz, 5000 MHz, 67.26 W, 74, P0
2026/09/30 08:40:20.031, Tesla T4, 10067 MiB, 4846 MiB, 15360 MiB, 98 %, 31 %, 615 MHz, 5000 MHz, 67.84 W, 74, P0
2026/09/30 08:40:20.548, Tesla T4, 10067 MiB, 4846 MiB, 15360 MiB, 98 %, 33 %, 645 MHz, 5000 MHz, 67.35 W, 74, P0
2026/09/30 08:40:21.060, Tesla T4, 10067 MiB, 4846 MiB, 15360 MiB, 93 %, 31 %, 615 MHz, 5000 MHz, 66.61 W, 74, P0
2026/09/30 08:40:21.578, Tesla T4, 10067 MiB, 4846 MiB, 15360 MiB, 100 %, 32 %, 660 MHz, 5000 MHz, 66.61 W, 74, P0
2026/09/30 08:40:22.089, Tesla T4, 10067 MiB, 4846 MiB, 15360 MiB, 97 %, 33 %, 660 MHz, 5000 MHz, 66.42 W, 74, P0
2026/09/30 08:40:22.601, Tesla T4, 10067 MiB, 4846 MiB, 15360 MiB, 93 %, 36 %, 645 MHz, 5000 MHz, 65.93 W, 74, P0
2026/09/30 08:40:23.119, Tesla T4, 10067 MiB, 4846 MiB, 15360 MiB, 97 %, 38 %, 615 MHz, 5000 MHz, 68.72 W, 74, P0
2026/09/30 08:40:23.631, Tesla T4, 10067 MiB, 4846 MiB, 15360 MiB, 98 %, 36 %, 1020 MHz, 5000 MHz, 66.86 W, 74, P0
2026/09/30 08:40:24.151, Tesla T4, 10067 MiB, 4846 MiB, 15360 MiB, 99 %, 38 %, 855 MHz, 5000 MHz, 65.63 W, 74, P0
2026/09/30 08:40:24.663, Tesla T4, 10067 MiB, 4846 MiB, 15360 MiB, 100 %, 28 %, 690 MHz, 5000 MHz, 65.40 W, 74, P0
2026/09/30 08:40:25.177, Tesla T4, 10067 MiB, 4846 MiB, 15360 MiB, 98 %, 24 %, 765 MHz, 5000 MHz, 65.44 W, 74, P0
2026/09/30 08:40:25.688, Tesla T4, 10067 MiB, 4846 MiB, 15360 MiB, 100 %, 24 %, 750 MHz, 5000 MHz, 65.04 W, 74, P0
2026/09/30 08:40:26.200, Tesla T4, 10067 MiB, 4846 MiB, 15360 MiB, 100 %, 28 %, 675 MHz, 5000 MHz, 65.83 W, 74, P0
2026/09/30 08:40:26.715, Tesla T4, 10067 MiB, 4846 MiB, 15360 MiB, 100 %, 27 %, 825 MHz, 5000 MHz, 66.12 W, 74, P0
2026/09/30 08:40:27.229, Tesla T4, 10067 MiB, 4846 MiB, 15360 MiB, 100 %, 23 %, 780 MHz, 5000 MHz, 66.42 W, 74, P0
2026/09/30 08:40:27.746, Tesla T4, 10067 MiB, 4846 MiB, 15360 MiB, 100 %, 23 %, 720 MHz, 5000 MHz, 67.04 W, 74, P0
2026/09/30 08:40:28.258, Tesla T4, 10067 MiB, 4846 MiB, 15360 MiB, 93 %, 41 %, 600 MHz, 5000 MHz, 69.66 W, 74, P0
2026/09/30 08:40:28.770, Tesla T4, 10067 MiB, 4846 MiB, 15360 MiB, 97 %, 36 %, 615 MHz, 5000 MHz, 66.42 W, 74, P0
2026/09/30 08:40:29.283, Tesla T4, 10067 MiB, 4846 MiB, 15360 MiB, 98 %, 36 %, 600 MHz, 5000 MHz, 66.81 W, 74, P0
2026/09/30 08:40:29.820, Tesla T4, 10067 MiB, 4846 MiB, 15360 MiB, 100 %, 30 %, 645 MHz, 5000 MHz, 65.97 W, 74, P0
2026/09/30 08:40:30.357, Tesla T4, 10067 MiB, 4846 MiB, 15360 MiB, 98 %, 42 %, 615 MHz, 5000 MHz, 67.00 W, 74, P0
2026/09/30 08:40:30.887, Tesla T4, 10067 MiB, 4846 MiB, 15360 MiB, 100 %, 29 %, 630 MHz, 5000 MHz, 66.32 W, 74, P0
2026/09/30 08:40:31.411, Tesla T4, 10067 MiB, 4846 MiB, 15360 MiB, 97 %, 37 %, 630 MHz, 5000 MHz, 67.89 W, 74, P0
2026/09/30 08:40:31.954, Tesla T4, 10067 MiB, 4846 MiB, 15360 MiB, 88 %, 36 %, 645 MHz, 5000 MHz, 65.73 W, 74, P0
2026/09/30 08:40:32.468, Tesla T4, 10067 MiB, 4846 MiB, 15360 MiB, 91 %, 61 %, 630 MHz, 5000 MHz, 70.78 W, 75, P0
2026/09/30 08:40:32.981, Tesla T4, 10067 MiB, 4846 MiB, 15360 MiB, 100 %, 31 %, 720 MHz, 5000 MHz, 67.69 W, 75, P0
2026/09/30 08:40:33.496, Tesla T4, 10067 MiB, 4846 MiB, 15360 MiB, 100 %, 26 %, 630 MHz, 5000 MHz, 75.54 W, 75, P0
2026/09/30 08:40:34.008, Tesla T4, 10067 MiB, 4846 MiB, 15360 MiB, 98 %, 28 %, 720 MHz, 5000 MHz, 64.16 W, 75, P0
2026/09/30 08:40:34.522, Tesla T4, 10067 MiB, 4846 MiB, 15360 MiB, 100 %, 24 %, 615 MHz, 5000 MHz, 72.16 W, 75, P0
2026/09/30 08:40:35.034, Tesla T4, 10067 MiB, 4846 MiB, 15360 MiB, 98 %, 31 %, 645 MHz, 5000 MHz, 67.16 W, 75, P0
2026/09/30 08:40:35.546, Tesla T4, 10067 MiB, 4846 MiB, 15360 MiB, 100 %, 31 %, 630 MHz, 5000 MHz, 75.78 W, 75, P0
2026/09/30 08:40:36.058, Tesla T4, 10067 MiB, 4846 MiB, 15360 MiB, 98 %, 31 %, 645 MHz, 5000 MHz, 57.51 W, 75, P0
2026/09/30 08:40:36.571, Tesla T4, 10067 MiB, 4846 MiB, 15360 MiB, 97 %, 31 %, 570 MHz, 5000 MHz, 66.22 W, 75, P0
2026/09/30 08:40:37.083, Tesla T4, 10067 MiB, 4846 MiB, 15360 MiB, 100 %, 23 %, 735 MHz, 5000 MHz, 66.02 W, 75, P0
2026/09/30 08:40:37.596, Tesla T4, 10067 MiB, 4846 MiB, 15360 MiB, 100 %, 24 %, 735 MHz, 5000 MHz, 66.32 W, 76, P0
2026/09/30 08:40:38.107, Tesla T4, 10067 MiB, 4846 MiB, 15360 MiB, 100 %, 39 %, 570 MHz, 5000 MHz, 66.61 W, 76, P0
2026/09/30 08:40:38.622, Tesla T4, 10067 MiB, 4846 MiB, 15360 MiB, 100 %, 23 %, 735 MHz, 5000 MHz, 66.42 W, 76, P0
2026/09/30 08:40:39.136, Tesla T4, 10067 MiB, 4846 MiB, 15360 MiB, 100 %, 23 %, 705 MHz, 5000 MHz, 67.26 W, 76, P0
2026/09/30 08:40:39.646, Tesla T4, 10067 MiB, 4846 MiB, 15360 MiB, 100 %, 37 %, 645 MHz, 5000 MHz, 66.61 W, 76, P0
2026/09/30 08:40:40.164, Tesla T4, 10067 MiB, 4846 MiB, 15360 MiB, 100 %, 29 %, 675 MHz, 5000 MHz, 66.77 W, 76, P0
2026/09/30 08:40:40.679, Tesla T4, 10067 MiB, 4846 MiB, 15360 MiB, 100 %, 34 %, 570 MHz, 5000 MHz, 64.75 W, 76, P0
2026/09/30 08:40:41.191, Tesla T4, 10067 MiB, 4846 MiB, 15360 MiB, 100 %, 27 %, 675 MHz, 5000 MHz, 66.12 W, 76, P0
2026/09/30 08:40:41.701, Tesla T4, 10067 MiB, 4846 MiB, 15360 MiB, 92 %, 47 %, 750 MHz, 5000 MHz, 70.25 W, 76, P0
2026/09/30 08:40:42.218, Tesla T4, 10067 MiB, 4846 MiB, 15360 MiB, 100 %, 29 %, 675 MHz, 5000 MHz, 67.16 W, 76, P0
2026/09/30 08:40:42.741, Tesla T4, 10067 MiB, 4846 MiB, 15360 MiB, 98 %, 34 %, 1065 MHz, 5000 MHz, 45.54 W, 77, P0
2026/09/30 08:40:43.278, Tesla T4, 10067 MiB, 4846 MiB, 15360 MiB, 100 %, 28 %, 660 MHz, 5000 MHz, 66.22 W, 77, P0
2026/09/30 08:40:43.803, Tesla T4, 10067 MiB, 4846 MiB, 15360 MiB, 95 %, 37 %, 570 MHz, 5000 MHz, 66.42 W, 77, P0
2026/09/30 08:40:44.328, Tesla T4, 10067 MiB, 4846 MiB, 15360 MiB, 100 %, 30 %, 630 MHz, 5000 MHz, 66.56 W, 77, P0
2026/09/30 08:40:44.852, Tesla T4, 10067 MiB, 4846 MiB, 15360 MiB, 89 %, 35 %, 555 MHz, 5000 MHz, 66.02 W, 77, P0
2026/09/30 08:40:45.366, Tesla T4, 10067 MiB, 4846 MiB, 15360 MiB, 100 %, 30 %, 615 MHz, 5000 MHz, 65.34 W, 77, P0
2026/09/30 08:40:45.877, Tesla T4, 10067 MiB, 4846 MiB, 15360 MiB, 92 %, 53 %, 615 MHz, 5000 MHz, 64.36 W, 77, P0
2026/09/30 08:40:46.389, Tesla T4, 10067 MiB, 4846 MiB, 15360 MiB, 100 %, 25 %, 630 MHz, 5000 MHz, 65.59 W, 77, P0
2026/09/30 08:40:46.906, Tesla T4, 10067 MiB, 4846 MiB, 15360 MiB, 100 %, 22 %, 795 MHz, 5000 MHz, 61.49 W, 78, P0
2026/09/30 08:40:47.417, Tesla T4, 10067 MiB, 4846 MiB, 15360 MiB, 100 %, 24 %, 630 MHz, 5000 MHz, 65.34 W, 78, P0
2026/09/30 08:40:47.933, Tesla T4, 10067 MiB, 4846 MiB, 15360 MiB, 95 %, 45 %, 570 MHz, 5000 MHz, 63.48 W, 78, P0
2026/09/30 08:40:48.445, Tesla T4, 10067 MiB, 4846 MiB, 15360 MiB, 98 %, 34 %, 660 MHz, 5000 MHz, 66.81 W, 78, P0
2026/09/30 08:40:48.963, Tesla T4, 10067 MiB, 4846 MiB, 15360 MiB, 99 %, 33 %, 600 MHz, 5000 MHz, 66.02 W, 78, P0
2026/09/30 08:40:49.475, Tesla T4, 10067 MiB, 4846 MiB, 15360 MiB, 97 %, 24 %, 690 MHz, 5000 MHz, 65.63 W, 78, P0
2026/09/30 08:40:49.992, Tesla T4, 10067 MiB, 4846 MiB, 15360 MiB, 93 %, 31 %, 660 MHz, 5000 MHz, 71.13 W, 78, P0
2026/09/30 08:40:50.503, Tesla T4, 10067 MiB, 4846 MiB, 15360 MiB, 100 %, 23 %, 660 MHz, 5000 MHz, 65.83 W, 78, P0
2026/09/30 08:40:51.018, Tesla T4, 10067 MiB, 4846 MiB, 15360 MiB, 100 %, 31 %, 510 MHz, 5000 MHz, 61.92 W, 78, P0
2026/09/30 08:40:51.534, Tesla T4, 10067 MiB, 4846 MiB, 15360 MiB, 100 %, 31 %, 705 MHz, 5000 MHz, 70.40 W, 79, P0
2026/09/30 08:40:52.053, Tesla T4, 10067 MiB, 4846 MiB, 15360 MiB, 98 %, 30 %, 585 MHz, 5000 MHz, 67.10 W, 79, P0
2026/09/30 08:40:52.565, Tesla T4, 10067 MiB, 4846 MiB, 15360 MiB, 100 %, 30 %, 540 MHz, 5000 MHz, 65.59 W, 79, P0
2026/09/30 08:40:53.086, Tesla T4, 10067 MiB, 4846 MiB, 15360 MiB, 92 %, 42 %, 525 MHz, 5000 MHz, 66.67 W, 79, P0
2026/09/30 08:40:53.597, Tesla T4, 10067 MiB, 4846 MiB, 15360 MiB, 97 %, 40 %, 555 MHz, 5000 MHz, 67.00 W, 79, P0
2026/09/30 08:40:54.114, Tesla T4, 10067 MiB, 4846 MiB, 15360 MiB, 100 %, 29 %, 645 MHz, 5000 MHz, 65.83 W, 79, P0
2026/09/30 08:40:54.625, Tesla T4, 10067 MiB, 4846 MiB, 15360 MiB, 88 %, 28 %, 615 MHz, 5000 MHz, 66.57 W, 79, P0
2026/09/30 08:40:55.136, Tesla T4, 10067 MiB, 4846 MiB, 15360 MiB, 100 %, 29 %, 510 MHz, 5000 MHz, 66.42 W, 79, P0
2026/09/30 08:40:55.684, Tesla T4, 10067 MiB, 4846 MiB, 15360 MiB, 100 %, 29 %, 600 MHz, 5000 MHz, 59.79 W, 79, P0
2026/09/30 08:40:56.206, Tesla T4, 10067 MiB, 4846 MiB, 15360 MiB, 98 %, 31 %, 540 MHz, 5000 MHz, 72.21 W, 80, P0
2026/09/30 08:40:56.747, Tesla T4, 10067 MiB, 4846 MiB, 15360 MiB, 94 %, 34 %, 555 MHz, 5000 MHz, 67.10 W, 80, P0
2026/09/30 08:40:57.271, Tesla T4, 10067 MiB, 4846 MiB, 15360 MiB, 98 %, 36 %, 615 MHz, 5000 MHz, 68.82 W, 79, P0
2026/09/30 08:40:57.793, Tesla T4, 10067 MiB, 4846 MiB, 15360 MiB, 100 %, 31 %, 615 MHz, 5000 MHz, 61.95 W, 80, P0
2026/09/30 08:40:58.304, Tesla T4, 10067 MiB, 4846 MiB, 15360 MiB, 93 %, 31 %, 570 MHz, 5000 MHz, 66.36 W, 80, P0
2026/09/30 08:40:58.821, Tesla T4, 10067 MiB, 4846 MiB, 15360 MiB, 100 %, 29 %, 525 MHz, 5000 MHz, 65.44 W, 80, P0
2026/09/30 08:40:59.333, Tesla T4, 10067 MiB, 4846 MiB, 15360 MiB, 96 %, 43 %, 600 MHz, 5000 MHz, 65.83 W, 79, P0
2026/09/30 08:40:59.843, Tesla T4, 10067 MiB, 4846 MiB, 15360 MiB, 97 %, 43 %, 645 MHz, 5000 MHz, 67.84 W, 80, P0
2026/09/30 08:41:00.363, Tesla T4, 10067 MiB, 4846 MiB, 15360 MiB, 100 %, 24 %, 705 MHz, 5000 MHz, 65.83 W, 80, P0
2026/09/30 08:41:00.882, Tesla T4, 10067 MiB, 4846 MiB, 15360 MiB, 100 %, 23 %, 675 MHz, 5000 MHz, 65.63 W, 80, P0
2026/09/30 08:41:01.398, Tesla T4, 10067 MiB, 4846 MiB, 15360 MiB, 95 %, 23 %, 660 MHz, 5000 MHz, 65.18 W, 80, P0
2026/09/30 08:41:01.917, Tesla T4, 10067 MiB, 4846 MiB, 15360 MiB, 88 %, 38 %, 630 MHz, 5000 MHz, 65.83 W, 80, P0
2026/09/30 08:41:02.441, Tesla T4, 10067 MiB, 4846 MiB, 15360 MiB, 100 %, 24 %, 525 MHz, 5000 MHz, 67.75 W, 80, P0
2026/09/30 08:41:02.967, Tesla T4, 10067 MiB, 4846 MiB, 15360 MiB, 100 %, 32 %, 630 MHz, 5000 MHz, 61.85 W, 80, P0
2026/09/30 08:41:03.489, Tesla T4, 10067 MiB, 4846 MiB, 15360 MiB, 100 %, 33 %, 555 MHz, 5000 MHz, 66.12 W, 79, P0
2026/09/30 08:41:04.008, Tesla T4, 10067 MiB, 4846 MiB, 15360 MiB, 100 %, 34 %, 600 MHz, 5000 MHz, 63.22 W, 79, P0
2026/09/30 08:41:04.533, Tesla T4, 10067 MiB, 4846 MiB, 15360 MiB, 100 %, 36 %, 645 MHz, 5000 MHz, 66.02 W, 79, P0
2026/09/30 08:41:05.047, Tesla T4, 10067 MiB, 4846 MiB, 15360 MiB, 98 %, 33 %, 570 MHz, 5000 MHz, 64.79 W, 79, P0
2026/09/30 08:41:05.576, Tesla T4, 10067 MiB, 4846 MiB, 15360 MiB, 93 %, 27 %, 585 MHz, 5000 MHz, 64.06 W, 79, P0
2026/09/30 08:41:06.093, Tesla T4, 10067 MiB, 4846 MiB, 15360 MiB, 98 %, 28 %, 600 MHz, 5000 MHz, 65.73 W, 79, P0
2026/09/30 08:41:06.627, Tesla T4, 10067 MiB, 4846 MiB, 15360 MiB, 96 %, 28 %, 630 MHz, 5000 MHz, 65.14 W, 79, P0
2026/09/30 08:41:07.143, Tesla T4, 10067 MiB, 4846 MiB, 15360 MiB, 98 %, 25 %, 675 MHz, 5000 MHz, 66.42 W, 79, P0
2026/09/30 08:41:07.674, Tesla T4, 10067 MiB, 4846 MiB, 15360 MiB, 100 %, 24 %, 765 MHz, 5000 MHz, 96.49 W, 79, P0
2026/09/30 08:41:08.206, Tesla T4, 10067 MiB, 4846 MiB, 15360 MiB, 100 %, 27 %, 630 MHz, 5000 MHz, 64.99 W, 79, P0
2026/09/30 08:41:08.730, Tesla T4, 10067 MiB, 4846 MiB, 15360 MiB, 100 %, 24 %, 675 MHz, 5000 MHz, 66.02 W, 79, P0
2026/09/30 08:41:09.251, Tesla T4, 10067 MiB, 4846 MiB, 15360 MiB, 98 %, 35 %, 615 MHz, 5000 MHz, 67.98 W, 79, P0
2026/09/30 08:41:09.777, Tesla T4, 10067 MiB, 4846 MiB, 15360 MiB, 98 %, 33 %, 600 MHz, 5000 MHz, 65.28 W, 78, P0
2026/09/30 08:41:10.295, Tesla T4, 10067 MiB, 4846 MiB, 15360 MiB, 94 %, 25 %, 690 MHz, 5000 MHz, 65.83 W, 79, P0
2026/09/30 08:41:10.818, Tesla T4, 10067 MiB, 4846 MiB, 15360 MiB, 93 %, 35 %, 675 MHz, 5000 MHz, 66.22 W, 78, P0
2026/09/30 08:41:11.333, Tesla T4, 10067 MiB, 4846 MiB, 15360 MiB, 99 %, 23 %, 615 MHz, 5000 MHz, 66.71 W, 78, P0
2026/09/30 08:41:11.847, Tesla T4, 10067 MiB, 4846 MiB, 15360 MiB, 100 %, 28 %, 570 MHz, 5000 MHz, 66.02 W, 78, P0
2026/09/30 08:41:12.360, Tesla T4, 10067 MiB, 4846 MiB, 15360 MiB, 100 %, 29 %, 570 MHz, 5000 MHz, 66.51 W, 78, P0
2026/09/30 08:41:12.872, Tesla T4, 10067 MiB, 4846 MiB, 15360 MiB, 100 %, 26 %, 630 MHz, 5000 MHz, 65.73 W, 78, P0
2026/09/30 08:41:13.384, Tesla T4, 10067 MiB, 4846 MiB, 15360 MiB, 93 %, 37 %, 645 MHz, 5000 MHz, 55.67 W, 78, P0
2026/09/30 08:41:13.910, Tesla T4, 10067 MiB, 4846 MiB, 15360 MiB, 96 %, 38 %, 615 MHz, 5000 MHz, 66.67 W, 78, P0
2026/09/30 08:41:14.427, Tesla T4, 10067 MiB, 4846 MiB, 15360 MiB, 96 %, 40 %, 645 MHz, 5000 MHz, 66.02 W, 78, P0
2026/09/30 08:41:14.939, Tesla T4, 10067 MiB, 4846 MiB, 15360 MiB, 95 %, 43 %, 645 MHz, 5000 MHz, 66.61 W, 78, P0
2026/09/30 08:41:15.456, Tesla T4, 10067 MiB, 4846 MiB, 15360 MiB, 94 %, 36 %, 600 MHz, 5000 MHz, 66.61 W, 78, P0
2026/09/30 08:41:15.971, Tesla T4, 10067 MiB, 4846 MiB, 15360 MiB, 99 %, 31 %, 780 MHz, 5000 MHz, 54.69 W, 78, P0
2026/09/30 08:41:16.488, Tesla T4, 10067 MiB, 4846 MiB, 15360 MiB, 100 %, 23 %, 720 MHz, 5000 MHz, 66.61 W, 78, P0
2026/09/30 08:41:16.999, Tesla T4, 10067 MiB, 4846 MiB, 15360 MiB, 98 %, 23 %, 855 MHz, 5000 MHz, 66.22 W, 78, P0
2026/09/30 08:41:17.518, Tesla T4, 10067 MiB, 4846 MiB, 15360 MiB, 100 %, 26 %, 645 MHz, 5000 MHz, 65.14 W, 78, P0
2026/09/30 08:41:18.029, Tesla T4, 10067 MiB, 4846 MiB, 15360 MiB, 100 %, 24 %, 600 MHz, 5000 MHz, 66.96 W, 77, P0
2026/09/30 08:41:18.542, Tesla T4, 10067 MiB, 4846 MiB, 15360 MiB, 100 %, 22 %, 705 MHz, 5000 MHz, 65.44 W, 77, P0
2026/09/30 08:41:19.054, Tesla T4, 10067 MiB, 4846 MiB, 15360 MiB, 100 %, 22 %, 690 MHz, 5000 MHz, 65.73 W, 77, P0
2026/09/30 08:41:19.565, Tesla T4, 10067 MiB, 4846 MiB, 15360 MiB, 100 %, 26 %, 600 MHz, 5000 MHz, 66.61 W, 77, P0
2026/09/30 08:41:20.081, Tesla T4, 10067 MiB, 4846 MiB, 15360 MiB, 100 %, 26 %, 615 MHz, 5000 MHz, 64.59 W, 77, P0
2026/09/30 08:41:20.595, Tesla T4, 10067 MiB, 4846 MiB, 15360 MiB, 97 %, 35 %, 570 MHz, 5000 MHz, 65.04 W, 77, P0
2026/09/30 08:41:21.117, Tesla T4, 10067 MiB, 4846 MiB, 15360 MiB, 96 %, 35 %, 555 MHz, 5000 MHz, 66.51 W, 77, P0
2026/09/30 08:41:21.643, Tesla T4, 10067 MiB, 4846 MiB, 15360 MiB, 100 %, 30 %, 600 MHz, 5000 MHz, 65.73 W, 77, P0
2026/09/30 08:41:22.171, Tesla T4, 10067 MiB, 4846 MiB, 15360 MiB, 100 %, 33 %, 750 MHz, 5000 MHz, 64.20 W, 77, P0
2026/09/30 08:41:22.702, Tesla T4, 10067 MiB, 4846 MiB, 15360 MiB, 98 %, 31 %, 600 MHz, 5000 MHz, 66.12 W, 77, P0
2026/09/30 08:41:23.244, Tesla T4, 10067 MiB, 4846 MiB, 15360 MiB, 84 %, 29 %, 675 MHz, 5000 MHz, 56.46 W, 77, P0
2026/09/30 08:41:23.770, Tesla T4, 10067 MiB, 4846 MiB, 15360 MiB, 97 %, 29 %, 645 MHz, 5000 MHz, 66.67 W, 77, P0
2026/09/30 08:41:24.284, Tesla T4, 10067 MiB, 4846 MiB, 15360 MiB, 98 %, 33 %, 615 MHz, 5000 MHz, 66.92 W, 77, P0
2026/09/30 08:41:24.798, Tesla T4, 10067 MiB, 4846 MiB, 15360 MiB, 100 %, 29 %, 630 MHz, 5000 MHz, 66.12 W, 77, P0
2026/09/30 08:41:25.311, Tesla T4, 10067 MiB, 4846 MiB, 15360 MiB, 99 %, 38 %, 630 MHz, 5000 MHz, 65.83 W, 76, P0
2026/09/30 08:41:25.825, Tesla T4, 10067 MiB, 4846 MiB, 15360 MiB, 100 %, 25 %, 690 MHz, 5000 MHz, 66.32 W, 76, P0
2026/09/30 08:41:26.335, Tesla T4, 10067 MiB, 4846 MiB, 15360 MiB, 100 %, 25 %, 705 MHz, 5000 MHz, 65.93 W, 76, P0
2026/09/30 08:41:26.849, Tesla T4, 10067 MiB, 4846 MiB, 15360 MiB, 100 %, 25 %, 690 MHz, 5000 MHz, 66.71 W, 76, P0
2026/09/30 08:41:27.363, Tesla T4, 10067 MiB, 4846 MiB, 15360 MiB, 100 %, 25 %, 705 MHz, 5000 MHz, 65.73 W, 76, P0
2026/09/30 08:41:27.877, Tesla T4, 10067 MiB, 4846 MiB, 15360 MiB, 94 %, 38 %, 600 MHz, 5000 MHz, 71.48 W, 76, P0
2026/09/30 08:41:28.392, Tesla T4, 10067 MiB, 4846 MiB, 15360 MiB, 96 %, 30 %, 720 MHz, 5000 MHz, 65.53 W, 76, P0
2026/09/30 08:41:28.903, Tesla T4, 10067 MiB, 4846 MiB, 15360 MiB, 99 %, 24 %, 630 MHz, 5000 MHz, 66.61 W, 76, P0
2026/09/30 08:41:29.420, Tesla T4, 10067 MiB, 4846 MiB, 15360 MiB, 93 %, 28 %, 705 MHz, 5000 MHz, 67.00 W, 76, P0
2026/09/30 08:41:29.931, Tesla T4, 10067 MiB, 4846 MiB, 15360 MiB, 98 %, 30 %, 615 MHz, 5000 MHz, 66.12 W, 76, P0
2026/09/30 08:41:30.447, Tesla T4, 10067 MiB, 4846 MiB, 15360 MiB, 97 %, 29 %, 600 MHz, 5000 MHz, 67.40 W, 76, P0
2026/09/30 08:41:30.959, Tesla T4, 10067 MiB, 4846 MiB, 15360 MiB, 94 %, 34 %, 615 MHz, 5000 MHz, 66.51 W, 76, P0
2026/09/30 08:41:31.471, Tesla T4, 10067 MiB, 4846 MiB, 15360 MiB, 97 %, 38 %, 600 MHz, 5000 MHz, 66.42 W, 76, P0
2026/09/30 08:41:31.987, Tesla T4, 10067 MiB, 4846 MiB, 15360 MiB, 100 %, 33 %, 600 MHz, 5000 MHz, 66.22 W, 76, P0
2026/09/30 08:41:32.498, Tesla T4, 10067 MiB, 4846 MiB, 15360 MiB, 100 %, 35 %, 645 MHz, 5000 MHz, 66.02 W, 76, P0
2026/09/30 08:41:33.017, Tesla T4, 10067 MiB, 4846 MiB, 15360 MiB, 97 %, 35 %, 690 MHz, 5000 MHz, 67.00 W, 76, P0
2026/09/30 08:41:33.528, Tesla T4, 10067 MiB, 4846 MiB, 15360 MiB, 100 %, 36 %, 690 MHz, 5000 MHz, 47.90 W, 76, P0
2026/09/30 08:41:34.079, Tesla T4, 10067 MiB, 4846 MiB, 15360 MiB, 100 %, 37 %, 585 MHz, 5000 MHz, 66.22 W, 76, P0
2026/09/30 08:41:34.604, Tesla T4, 10067 MiB, 4846 MiB, 15360 MiB, 100 %, 32 %, 660 MHz, 5000 MHz, 66.61 W, 75, P0
2026/09/30 08:41:35.130, Tesla T4, 10067 MiB, 4846 MiB, 15360 MiB, 98 %, 31 %, 675 MHz, 5000 MHz, 68.43 W, 75, P0
2026/09/30 08:41:35.673, Tesla T4, 10067 MiB, 4846 MiB, 15360 MiB, 100 %, 29 %, 1080 MHz, 5000 MHz, 41.26 W, 76, P0
2026/09/30 08:41:36.217, Tesla T4, 10067 MiB, 4846 MiB, 15360 MiB, 100 %, 27 %, 630 MHz, 5000 MHz, 64.95 W, 75, P0
2026/09/30 08:41:36.741, Tesla T4, 10067 MiB, 4846 MiB, 15360 MiB, 87 %, 30 %, 630 MHz, 5000 MHz, 66.61 W, 75, P0
2026/09/30 08:41:37.263, Tesla T4, 10067 MiB, 4846 MiB, 15360 MiB, 98 %, 26 %, 645 MHz, 5000 MHz, 66.22 W, 75, P0
2026/09/30 08:41:37.774, Tesla T4, 10067 MiB, 4846 MiB, 15360 MiB, 100 %, 27 %, 615 MHz, 5000 MHz, 66.12 W, 76, P0
2026/09/30 08:41:38.288, Tesla T4, 10067 MiB, 4846 MiB, 15360 MiB, 98 %, 28 %, 735 MHz, 5000 MHz, 66.61 W, 76, P0
2026/09/30 08:41:38.800, Tesla T4, 10067 MiB, 4846 MiB, 15360 MiB, 98 %, 24 %, 675 MHz, 5000 MHz, 65.34 W, 76, P0
2026/09/30 08:41:39.310, Tesla T4, 10067 MiB, 4846 MiB, 15360 MiB, 100 %, 25 %, 735 MHz, 5000 MHz, 65.53 W, 76, P0
2026/09/30 08:41:39.826, Tesla T4, 10067 MiB, 4846 MiB, 15360 MiB, 100 %, 30 %, 630 MHz, 5000 MHz, 67.45 W, 75, P0
2026/09/30 08:41:40.338, Tesla T4, 10067 MiB, 4846 MiB, 15360 MiB, 100 %, 29 %, 615 MHz, 5000 MHz, 65.44 W, 76, P0
2026/09/30 08:41:40.854, Tesla T4, 10067 MiB, 4846 MiB, 15360 MiB, 100 %, 29 %, 690 MHz, 5000 MHz, 66.42 W, 76, P0
2026/09/30 08:41:41.365, Tesla T4, 10067 MiB, 4846 MiB, 15360 MiB, 93 %, 32 %, 600 MHz, 5000 MHz, 65.44 W, 76, P0
2026/09/30 08:41:41.883, Tesla T4, 10067 MiB, 4846 MiB, 15360 MiB, 100 %, 29 %, 600 MHz, 5000 MHz, 65.28 W, 76, P0
2026/09/30 08:41:42.395, Tesla T4, 10067 MiB, 4846 MiB, 15360 MiB, 98 %, 30 %, 690 MHz, 5000 MHz, 66.32 W, 76, P0
2026/09/30 08:41:42.910, Tesla T4, 10067 MiB, 4846 MiB, 15360 MiB, 97 %, 29 %, 690 MHz, 5000 MHz, 66.22 W, 76, P0
2026/09/30 08:41:43.421, Tesla T4, 10067 MiB, 4846 MiB, 15360 MiB, 100 %, 29 %, 690 MHz, 5000 MHz, 64.55 W, 76, P0
2026/09/30 08:41:43.933, Tesla T4, 10067 MiB, 4846 MiB, 15360 MiB, 92 %, 32 %, 690 MHz, 5000 MHz, 66.42 W, 75, P0
2026/09/30 08:41:44.444, Tesla T4, 10067 MiB, 4846 MiB, 15360 MiB, 100 %, 28 %, 690 MHz, 5000 MHz, 65.44 W, 75, P0
2026/09/30 08:41:44.957, Tesla T4, 10067 MiB, 4846 MiB, 15360 MiB, 96 %, 35 %, 750 MHz, 5000 MHz, 68.33 W, 76, P0
2026/09/30 08:41:45.471, Tesla T4, 10067 MiB, 4846 MiB, 15360 MiB, 100 %, 24 %, 720 MHz, 5000 MHz, 65.53 W, 76, P0
2026/09/30 08:41:45.983, Tesla T4, 10067 MiB, 4846 MiB, 15360 MiB, 98 %, 23 %, 645 MHz, 5000 MHz, 67.98 W, 76, P0
2026/09/30 08:41:46.497, Tesla T4, 10067 MiB, 4846 MiB, 15360 MiB, 100 %, 23 %, 735 MHz, 5000 MHz, 66.67 W, 76, P0
2026/09/30 08:41:47.011, Tesla T4, 10067 MiB, 4846 MiB, 15360 MiB, 100 %, 23 %, 720 MHz, 5000 MHz, 66.42 W, 76, P0
2026/09/30 08:41:47.548, Tesla T4, 10067 MiB, 4846 MiB, 15360 MiB, 96 %, 32 %, 645 MHz, 5000 MHz, 65.14 W, 76, P0
2026/09/30 08:41:48.075, Tesla T4, 10067 MiB, 4846 MiB, 15360 MiB, 99 %, 30 %, 630 MHz, 5000 MHz, 64.99 W, 76, P0
2026/09/30 08:41:48.616, Tesla T4, 10067 MiB, 4846 MiB, 15360 MiB, 89 %, 29 %, 630 MHz, 5000 MHz, 66.28 W, 76, P0
2026/09/30 08:41:49.147, Tesla T4, 10067 MiB, 4846 MiB, 15360 MiB, 100 %, 33 %, 645 MHz, 5000 MHz, 66.42 W, 76, P0
2026/09/30 08:41:49.679, Tesla T4, 10067 MiB, 4846 MiB, 15360 MiB, 94 %, 24 %, 735 MHz, 5000 MHz, 66.61 W, 76, P0
2026/09/30 08:41:50.197, Tesla T4, 10067 MiB, 4846 MiB, 15360 MiB, 100 %, 24 %, 720 MHz, 5000 MHz, 66.81 W, 76, P0
2026/09/30 08:41:50.708, Tesla T4, 10067 MiB, 4846 MiB, 15360 MiB, 91 %, 42 %, 735 MHz, 5000 MHz, 65.08 W, 76, P0
2026/09/30 08:41:51.219, Tesla T4, 10067 MiB, 4846 MiB, 15360 MiB, 100 %, 23 %, 735 MHz, 5000 MHz, 66.71 W, 76, P0
2026/09/30 08:41:51.736, Tesla T4, 10067 MiB, 4846 MiB, 15360 MiB, 97 %, 33 %, 645 MHz, 5000 MHz, 66.12 W, 76, P0
2026/09/30 08:41:52.247, Tesla T4, 10067 MiB, 4846 MiB, 15360 MiB, 97 %, 30 %, 645 MHz, 5000 MHz, 66.61 W, 76, P0
2026/09/30 08:41:52.762, Tesla T4, 10067 MiB, 4846 MiB, 15360 MiB, 93 %, 31 %, 615 MHz, 5000 MHz, 65.63 W, 76, P0
2026/09/30 08:41:53.275, Tesla T4, 10067 MiB, 4846 MiB, 15360 MiB, 98 %, 29 %, 630 MHz, 5000 MHz, 66.22 W, 76, P0
2026/09/30 08:41:53.787, Tesla T4, 10067 MiB, 4846 MiB, 15360 MiB, 97 %, 34 %, 645 MHz, 5000 MHz, 66.77 W, 76, P0
2026/09/30 08:41:54.303, Tesla T4, 10067 MiB, 4846 MiB, 15360 MiB, 98 %, 35 %, 600 MHz, 5000 MHz, 67.20 W, 76, P0
2026/09/30 08:41:54.821, Tesla T4, 10067 MiB, 4846 MiB, 15360 MiB, 100 %, 32 %, 570 MHz, 5000 MHz, 67.75 W, 76, P0
2026/09/30 08:41:55.336, Tesla T4, 10067 MiB, 4846 MiB, 15360 MiB, 100 %, 35 %, 555 MHz, 5000 MHz, 67.65 W, 76, P0
2026/09/30 08:41:55.849, Tesla T4, 10067 MiB, 4846 MiB, 15360 MiB, 99 %, 35 %, 870 MHz, 5000 MHz, 69.96 W, 76, P0
2026/09/30 08:41:56.362, Tesla T4, 10067 MiB, 4846 MiB, 15360 MiB, 100 %, 35 %, 675 MHz, 5000 MHz, 66.02 W, 76, P0
2026/09/30 08:41:56.876, Tesla T4, 10067 MiB, 4846 MiB, 15360 MiB, 100 %, 37 %, 690 MHz, 5000 MHz, 68.29 W, 76, P0
2026/09/30 08:41:57.387, Tesla T4, 10067 MiB, 4846 MiB, 15360 MiB, 100 %, 38 %, 585 MHz, 5000 MHz, 65.34 W, 76, P0
2026/09/30 08:41:57.898, Tesla T4, 10067 MiB, 4846 MiB, 15360 MiB, 93 %, 37 %, 630 MHz, 5000 MHz, 67.02 W, 76, P0
2026/09/30 08:41:58.416, Tesla T4, 10067 MiB, 4846 MiB, 15360 MiB, 93 %, 41 %, 615 MHz, 5000 MHz, 70.44 W, 76, P0
2026/09/30 08:41:58.928, Tesla T4, 10067 MiB, 4846 MiB, 15360 MiB, 97 %, 36 %, 570 MHz, 5000 MHz, 65.57 W, 76, P0
2026/09/30 08:41:59.439, Tesla T4, 10067 MiB, 4846 MiB, 15360 MiB, 100 %, 37 %, 585 MHz, 5000 MHz, 66.02 W, 76, P0
2026/09/30 08:41:59.954, Tesla T4, 10067 MiB, 4846 MiB, 15360 MiB, 96 %, 41 %, 630 MHz, 5000 MHz, 68.43 W, 76, P0
2026/09/30 08:42:00.487, Tesla T4, 10067 MiB, 4846 MiB, 15360 MiB, 98 %, 36 %, 720 MHz, 5000 MHz, 65.63 W, 76, P0
2026/09/30 08:42:01.005, Tesla T4, 10067 MiB, 4846 MiB, 15360 MiB, 100 %, 36 %, 630 MHz, 5000 MHz, 67.75 W, 76, P0
2026/09/30 08:42:01.537, Tesla T4, 10067 MiB, 4846 MiB, 15360 MiB, 100 %, 36 %, 570 MHz, 5000 MHz, 66.47 W, 76, P0
2026/09/30 08:42:02.068, Tesla T4, 10067 MiB, 4846 MiB, 15360 MiB, 94 %, 53 %, 705 MHz, 5000 MHz, 72.35 W, 76, P0
2026/09/30 08:42:02.587, Tesla T4, 10067 MiB, 4846 MiB, 15360 MiB, 100 %, 38 %, 645 MHz, 5000 MHz, 66.22 W, 76, P0
2026/09/30 08:42:03.104, Tesla T4, 10067 MiB, 4846 MiB, 15360 MiB, 99 %, 37 %, 645 MHz, 5000 MHz, 65.30 W, 76, P0
2026/09/30 08:42:03.616, Tesla T4, 10067 MiB, 4846 MiB, 15360 MiB, 99 %, 37 %, 645 MHz, 5000 MHz, 71.13 W, 77, P0
2026/09/30 08:42:04.128, Tesla T4, 10067 MiB, 4846 MiB, 15360 MiB, 97 %, 30 %, 720 MHz, 5000 MHz, 65.38 W, 77, P0
2026/09/30 08:42:04.641, Tesla T4, 10067 MiB, 4846 MiB, 15360 MiB, 100 %, 23 %, 720 MHz, 5000 MHz, 65.14 W, 77, P0
2026/09/30 08:42:05.152, Tesla T4, 10067 MiB, 4846 MiB, 15360 MiB, 98 %, 27 %, 630 MHz, 5000 MHz, 66.91 W, 77, P0
2026/09/30 08:42:05.664, Tesla T4, 10067 MiB, 4846 MiB, 15360 MiB, 99 %, 29 %, 495 MHz, 5000 MHz, 65.93 W, 77, P0
2026/09/30 08:42:06.180, Tesla T4, 10067 MiB, 4846 MiB, 15360 MiB, 100 %, 22 %, 735 MHz, 5000 MHz, 65.83 W, 77, P0
2026/09/30 08:42:06.690, Tesla T4, 10067 MiB, 4846 MiB, 15360 MiB, 100 %, 19 %, 690 MHz, 5000 MHz, 66.02 W, 77, P0
2026/09/30 08:42:07.207, Tesla T4, 10067 MiB, 4846 MiB, 15360 MiB, 100 %, 28 %, 630 MHz, 5000 MHz, 67.20 W, 77, P0
2026/09/30 08:42:07.718, Tesla T4, 10067 MiB, 4846 MiB, 15360 MiB, 90 %, 54 %, 585 MHz, 5000 MHz, 69.70 W, 77, P0
2026/09/30 08:42:08.233, Tesla T4, 10067 MiB, 4846 MiB, 15360 MiB, 100 %, 22 %, 735 MHz, 5000 MHz, 66.22 W, 77, P0
2026/09/30 08:42:08.745, Tesla T4, 10067 MiB, 4846 MiB, 15360 MiB, 100 %, 22 %, 690 MHz, 5000 MHz, 66.02 W, 78, P0
2026/09/30 08:42:09.256, Tesla T4, 10067 MiB, 4846 MiB, 15360 MiB, 100 %, 23 %, 720 MHz, 5000 MHz, 65.53 W, 78, P0
2026/09/30 08:42:09.771, Tesla T4, 10067 MiB, 4846 MiB, 15360 MiB, 100 %, 22 %, 690 MHz, 5000 MHz, 66.22 W, 78, P0
2026/09/30 08:42:10.284, Tesla T4, 10067 MiB, 4846 MiB, 15360 MiB, 100 %, 23 %, 705 MHz, 5000 MHz, 65.73 W, 78, P0
2026/09/30 08:42:10.801, Tesla T4, 10067 MiB, 4846 MiB, 15360 MiB, 100 %, 22 %, 690 MHz, 5000 MHz, 66.42 W, 78, P0
2026/09/30 08:42:11.311, Tesla T4, 10067 MiB, 4846 MiB, 15360 MiB, 100 %, 22 %, 705 MHz, 5000 MHz, 66.42 W, 78, P0
2026/09/30 08:42:11.828, Tesla T4, 10067 MiB, 4846 MiB, 15360 MiB, 100 %, 22 %, 690 MHz, 5000 MHz, 66.02 W, 78, P0
2026/09/30 08:42:12.338, Tesla T4, 10067 MiB, 4846 MiB, 15360 MiB, 99 %, 33 %, 690 MHz, 5000 MHz, 66.42 W, 78, P0
2026/09/30 08:42:12.850, Tesla T4, 10067 MiB, 4846 MiB, 15360 MiB, 98 %, 29 %, 885 MHz, 5000 MHz, 66.86 W, 78, P0
2026/09/30 08:42:13.390, Tesla T4, 10067 MiB, 4846 MiB, 15360 MiB, 97 %, 25 %, 690 MHz, 5000 MHz, 66.61 W, 78, P0
2026/09/30 08:42:13.918, Tesla T4, 10067 MiB, 4846 MiB, 15360 MiB, 89 %, 25 %, 600 MHz, 5000 MHz, 65.04 W, 78, P0
2026/09/30 08:42:14.453, Tesla T4, 10067 MiB, 4846 MiB, 15360 MiB, 100 %, 24 %, 690 MHz, 5000 MHz, 65.63 W, 78, P0
2026/09/30 08:42:14.975, Tesla T4, 10067 MiB, 4846 MiB, 15360 MiB, 97 %, 32 %, 690 MHz, 5000 MHz, 67.65 W, 78, P0
2026/09/30 08:42:15.489, Tesla T4, 10067 MiB, 4846 MiB, 15360 MiB, 100 %, 24 %, 1020 MHz, 5000 MHz, 66.22 W, 78, P0
2026/09/30 08:42:16.006, Tesla T4, 10067 MiB, 4846 MiB, 15360 MiB, 98 %, 30 %, 675 MHz, 5000 MHz, 65.63 W, 78, P0
2026/09/30 08:42:16.517, Tesla T4, 10067 MiB, 4846 MiB, 15360 MiB, 100 %, 24 %, 690 MHz, 5000 MHz, 66.61 W, 78, P0
2026/09/30 08:42:17.033, Tesla T4, 10067 MiB, 4846 MiB, 15360 MiB, 94 %, 32 %, 675 MHz, 5000 MHz, 69.27 W, 78, P0
2026/09/30 08:42:17.544, Tesla T4, 10067 MiB, 4846 MiB, 15360 MiB, 97 %, 29 %, 615 MHz, 5000 MHz, 66.02 W, 78, P0
2026/09/30 08:42:18.064, Tesla T4, 10067 MiB, 4846 MiB, 15360 MiB, 94 %, 33 %, 600 MHz, 5000 MHz, 65.28 W, 78, P0
2026/09/30 08:42:18.576, Tesla T4, 10067 MiB, 4846 MiB, 15360 MiB, 97 %, 29 %, 615 MHz, 5000 MHz, 67.00 W, 78, P0
2026/09/30 08:42:19.089, Tesla T4, 10067 MiB, 4846 MiB, 15360 MiB, 100 %, 28 %, 585 MHz, 5000 MHz, 67.35 W, 78, P0
2026/09/30 08:42:19.601, Tesla T4, 10067 MiB, 4846 MiB, 15360 MiB, 93 %, 28 %, 615 MHz, 5000 MHz, 67.49 W, 78, P0
2026/09/30 08:42:20.116, Tesla T4, 10067 MiB, 4846 MiB, 15360 MiB, 100 %, 28 %, 585 MHz, 5000 MHz, 67.00 W, 78, P0
2026/09/30 08:42:20.630, Tesla T4, 10067 MiB, 4846 MiB, 15360 MiB, 96 %, 42 %, 705 MHz, 5000 MHz, 71.62 W, 78, P0
2026/09/30 08:42:21.142, Tesla T4, 10067 MiB, 4846 MiB, 15360 MiB, 96 %, 37 %, 615 MHz, 5000 MHz, 66.77 W, 78, P0
2026/09/30 08:42:21.659, Tesla T4, 10067 MiB, 4846 MiB, 15360 MiB, 99 %, 35 %, 705 MHz, 5000 MHz, 64.22 W, 78, P0
2026/09/30 08:42:22.170, Tesla T4, 10067 MiB, 4846 MiB, 15360 MiB, 99 %, 39 %, 660 MHz, 5000 MHz, 68.72 W, 78, P0
2026/09/30 08:42:22.686, Tesla T4, 10067 MiB, 4846 MiB, 15360 MiB, 100 %, 25 %, 690 MHz, 5000 MHz, 65.63 W, 78, P0
2026/09/30 08:42:23.197, Tesla T4, 10067 MiB, 4846 MiB, 15360 MiB, 98 %, 30 %, 600 MHz, 5000 MHz, 66.81 W, 78, P0
2026/09/30 08:42:23.716, Tesla T4, 10067 MiB, 4846 MiB, 15360 MiB, 100 %, 24 %, 675 MHz, 5000 MHz, 65.18 W, 78, P0
2026/09/30 08:42:24.227, Tesla T4, 10067 MiB, 4846 MiB, 15360 MiB, 100 %, 31 %, 600 MHz, 5000 MHz, 65.93 W, 78, P0
2026/09/30 08:42:24.739, Tesla T4, 10067 MiB, 4846 MiB, 15360 MiB, 100 %, 27 %, 630 MHz, 5000 MHz, 66.02 W, 78, P0
2026/09/30 08:42:25.254, Tesla T4, 10067 MiB, 4846 MiB, 15360 MiB, 98 %, 34 %, 600 MHz, 5000 MHz, 65.73 W, 78, P0
2026/09/30 08:42:25.766, Tesla T4, 10067 MiB, 4846 MiB, 15360 MiB, 88 %, 24 %, 645 MHz, 5000 MHz, 65.83 W, 78, P0
2026/09/30 08:42:26.289, Tesla T4, 10067 MiB, 4846 MiB, 15360 MiB, 98 %, 26 %, 630 MHz, 5000 MHz, 67.26 W, 78, P0
2026/09/30 08:42:26.811, Tesla T4, 10067 MiB, 4846 MiB, 15360 MiB, 100 %, 30 %, 600 MHz, 5000 MHz, 64.30 W, 78, P0
2026/09/30 08:42:27.332, Tesla T4, 10067 MiB, 4846 MiB, 15360 MiB, 97 %, 32 %, 915 MHz, 5000 MHz, 47.21 W, 78, P0
2026/09/30 08:42:27.855, Tesla T4, 10067 MiB, 4846 MiB, 15360 MiB, 98 %, 32 %, 705 MHz, 5000 MHz, 67.16 W, 78, P0
2026/09/30 08:42:28.372, Tesla T4, 10067 MiB, 4846 MiB, 15360 MiB, 100 %, 25 %, 690 MHz, 5000 MHz, 65.14 W, 78, P0
2026/09/30 08:42:28.884, Tesla T4, 10067 MiB, 4846 MiB, 15360 MiB, 93 %, 23 %, 690 MHz, 5000 MHz, 66.38 W, 78, P0
2026/09/30 08:42:29.395, Tesla T4, 10067 MiB, 4846 MiB, 15360 MiB, 98 %, 29 %, 600 MHz, 5000 MHz, 66.61 W, 78, P0
2026/09/30 08:42:29.913, Tesla T4, 10067 MiB, 4846 MiB, 15360 MiB, 94 %, 37 %, 615 MHz, 5000 MHz, 66.71 W, 78, P0
2026/09/30 08:42:30.427, Tesla T4, 10067 MiB, 4846 MiB, 15360 MiB, 100 %, 32 %, 630 MHz, 5000 MHz, 66.42 W, 78, P0
2026/09/30 08:42:30.938, Tesla T4, 10067 MiB, 4846 MiB, 15360 MiB, 100 %, 33 %, 615 MHz, 5000 MHz, 66.91 W, 78, P0
2026/09/30 08:42:31.452, Tesla T4, 10067 MiB, 4846 MiB, 15360 MiB, 95 %, 36 %, 630 MHz, 5000 MHz, 66.38 W, 78, P0
2026/09/30 08:42:31.964, Tesla T4, 10067 MiB, 4846 MiB, 15360 MiB, 93 %, 35 %, 630 MHz, 5000 MHz, 67.10 W, 78, P0
2026/09/30 08:42:32.475, Tesla T4, 10067 MiB, 4846 MiB, 15360 MiB, 97 %, 34 %, 630 MHz, 5000 MHz, 66.12 W, 78, P0
2026/09/30 08:42:32.988, Tesla T4, 10067 MiB, 4846 MiB, 15360 MiB, 100 %, 26 %, 630 MHz, 5000 MHz, 60.65 W, 78, P0
2026/09/30 08:42:33.501, Tesla T4, 10067 MiB, 4846 MiB, 15360 MiB, 100 %, 29 %, 630 MHz, 5000 MHz, 66.12 W, 78, P0
2026/09/30 08:42:34.018, Tesla T4, 10067 MiB, 4846 MiB, 15360 MiB, 96 %, 43 %, 690 MHz, 5000 MHz, 66.51 W, 78, P0
2026/09/30 08:42:34.529, Tesla T4, 10067 MiB, 4846 MiB, 15360 MiB, 98 %, 28 %, 630 MHz, 5000 MHz, 66.26 W, 78, P0
2026/09/30 08:42:35.045, Tesla T4, 10067 MiB, 4846 MiB, 15360 MiB, 100 %, 28 %, 675 MHz, 5000 MHz, 71.91 W, 78, P0
2026/09/30 08:42:35.558, Tesla T4, 10067 MiB, 4846 MiB, 15360 MiB, 98 %, 26 %, 600 MHz, 5000 MHz, 69.47 W, 78, P0
2026/09/30 08:42:36.076, Tesla T4, 10067 MiB, 4846 MiB, 15360 MiB, 100 %, 30 %, 585 MHz, 5000 MHz, 65.53 W, 78, P0
2026/09/30 08:42:36.589, Tesla T4, 10067 MiB, 4846 MiB, 15360 MiB, 94 %, 37 %, 570 MHz, 5000 MHz, 68.92 W, 78, P0
2026/09/30 08:42:37.107, Tesla T4, 10067 MiB, 4846 MiB, 15360 MiB, 97 %, 34 %, 645 MHz, 5000 MHz, 65.69 W, 78, P0
2026/09/30 08:42:37.623, Tesla T4, 10067 MiB, 4846 MiB, 15360 MiB, 93 %, 36 %, 615 MHz, 5000 MHz, 64.79 W, 77, P0
2026/09/30 08:42:38.139, Tesla T4, 10067 MiB, 4846 MiB, 15360 MiB, 98 %, 32 %, 585 MHz, 5000 MHz, 69.37 W, 77, P0
2026/09/30 08:42:38.653, Tesla T4, 10067 MiB, 4846 MiB, 15360 MiB, 100 %, 37 %, 645 MHz, 5000 MHz, 69.12 W, 77, P0
2026/09/30 08:42:39.186, Tesla T4, 10067 MiB, 4846 MiB, 15360 MiB, 94 %, 31 %, 720 MHz, 5000 MHz, 68.04 W, 77, P0
2026/09/30 08:42:39.700, Tesla T4, 10067 MiB, 4846 MiB, 15360 MiB, 100 %, 23 %, 720 MHz, 5000 MHz, 66.81 W, 77, P0
2026/09/30 08:42:40.234, Tesla T4, 10067 MiB, 4846 MiB, 15360 MiB, 98 %, 25 %, 630 MHz, 5000 MHz, 66.02 W, 77, P0
2026/09/30 08:42:40.758, Tesla T4, 10067 MiB, 4846 MiB, 15360 MiB, 100 %, 31 %, 705 MHz, 5000 MHz, 66.12 W, 77, P0
2026/09/30 08:42:41.290, Tesla T4, 10067 MiB, 4846 MiB, 15360 MiB, 100 %, 22 %, 735 MHz, 5000 MHz, 65.63 W, 77, P0
2026/09/30 08:42:41.806, Tesla T4, 10067 MiB, 4846 MiB, 15360 MiB, 98 %, 35 %, 615 MHz, 5000 MHz, 64.79 W, 77, P0
2026/09/30 08:42:42.324, Tesla T4, 10067 MiB, 4846 MiB, 15360 MiB, 96 %, 42 %, 885 MHz, 5000 MHz, 65.87 W, 77, P0
2026/09/30 08:42:42.840, Tesla T4, 10067 MiB, 4846 MiB, 15360 MiB, 98 %, 36 %, 600 MHz, 5000 MHz, 67.65 W, 77, P0
2026/09/30 08:42:43.356, Tesla T4, 10067 MiB, 4846 MiB, 15360 MiB, 95 %, 33 %, 645 MHz, 5000 MHz, 68.33 W, 77, P0
2026/09/30 08:42:43.869, Tesla T4, 10067 MiB, 4846 MiB, 15360 MiB, 100 %, 33 %, 690 MHz, 5000 MHz, 64.34 W, 77, P0
2026/09/30 08:42:44.390, Tesla T4, 10067 MiB, 4846 MiB, 15360 MiB, 94 %, 45 %, 705 MHz, 5000 MHz, 66.96 W, 77, P0
2026/09/30 08:42:44.902, Tesla T4, 10067 MiB, 4846 MiB, 15360 MiB, 100 %, 28 %, 675 MHz, 5000 MHz, 65.79 W, 77, P0
2026/09/30 08:42:45.415, Tesla T4, 10067 MiB, 4846 MiB, 15360 MiB, 93 %, 40 %, 645 MHz, 5000 MHz, 65.93 W, 77, P0
2026/09/30 08:42:45.932, Tesla T4, 10067 MiB, 4846 MiB, 15360 MiB, 98 %, 32 %, 645 MHz, 5000 MHz, 58.39 W, 77, P0
2026/09/30 08:42:46.450, Tesla T4, 10067 MiB, 4846 MiB, 15360 MiB, 98 %, 31 %, 630 MHz, 5000 MHz, 66.81 W, 77, P0
2026/09/30 08:42:46.962, Tesla T4, 10067 MiB, 4846 MiB, 15360 MiB, 100 %, 29 %, 540 MHz, 5000 MHz, 70.59 W, 77, P0
2026/09/30 08:42:47.475, Tesla T4, 10067 MiB, 4846 MiB, 15360 MiB, 98 %, 31 %, 630 MHz, 5000 MHz, 65.73 W, 77, P0
2026/09/30 08:42:47.986, Tesla T4, 10067 MiB, 4846 MiB, 15360 MiB, 100 %, 30 %, 615 MHz, 5000 MHz, 68.53 W, 77, P0
2026/09/30 08:42:48.497, Tesla T4, 10067 MiB, 4846 MiB, 15360 MiB, 98 %, 34 %, 615 MHz, 5000 MHz, 65.98 W, 77, P0
2026/09/30 08:42:49.011, Tesla T4, 10067 MiB, 4846 MiB, 15360 MiB, 100 %, 32 %, 720 MHz, 5000 MHz, 66.67 W, 77, P0
2026/09/30 08:42:49.523, Tesla T4, 10067 MiB, 4846 MiB, 15360 MiB, 100 %, 36 %, 555 MHz, 5000 MHz, 66.22 W, 77, P0
2026/09/30 08:42:50.034, Tesla T4, 10067 MiB, 4846 MiB, 15360 MiB, 92 %, 38 %, 570 MHz, 5000 MHz, 66.57 W, 77, P0
2026/09/30 08:42:50.551, Tesla T4, 10067 MiB, 4846 MiB, 15360 MiB, 96 %, 34 %, 630 MHz, 5000 MHz, 64.99 W, 77, P0
2026/09/30 08:42:51.062, Tesla T4, 10067 MiB, 4846 MiB, 15360 MiB, 100 %, 27 %, 660 MHz, 5000 MHz, 66.02 W, 77, P0
2026/09/30 08:42:51.581, Tesla T4, 10067 MiB, 4846 MiB, 15360 MiB, 100 %, 23 %, 735 MHz, 5000 MHz, 66.32 W, 77, P0
2026/09/30 08:42:52.103, Tesla T4, 10067 MiB, 4846 MiB, 15360 MiB, 100 %, 23 %, 750 MHz, 5000 MHz, 66.91 W, 77, P0
2026/09/30 08:42:52.627, Tesla T4, 10067 MiB, 4846 MiB, 15360 MiB, 99 %, 28 %, 615 MHz, 5000 MHz, 65.04 W, 77, P0
2026/09/30 08:42:53.179, Tesla T4, 10067 MiB, 4846 MiB, 15360 MiB, 100 %, 25 %, 705 MHz, 5000 MHz, 68.82 W, 77, P0
2026/09/30 08:42:53.700, Tesla T4, 10067 MiB, 4846 MiB, 15360 MiB, 100 %, 22 %, 705 MHz, 5000 MHz, 64.36 W, 77, P0
2026/09/30 08:42:54.232, Tesla T4, 10067 MiB, 4846 MiB, 15360 MiB, 100 %, 18 %, 615 MHz, 5000 MHz, 71.18 W, 77, P0
2026/09/30 08:42:54.758, Tesla T4, 10067 MiB, 4846 MiB, 15360 MiB, 92 %, 39 %, 630 MHz, 5000 MHz, 67.84 W, 77, P0
2026/09/30 08:42:55.270, Tesla T4, 10067 MiB, 4846 MiB, 15360 MiB, 96 %, 36 %, 585 MHz, 5000 MHz, 67.00 W, 77, P0
2026/09/30 08:42:55.781, Tesla T4, 10067 MiB, 4846 MiB, 15360 MiB, 99 %, 33 %, 570 MHz, 5000 MHz, 65.93 W, 76, P0
2026/09/30 08:42:56.293, Tesla T4, 10067 MiB, 4846 MiB, 15360 MiB, 100 %, 29 %, 645 MHz, 5000 MHz, 67.40 W, 77, P0
2026/09/30 08:42:56.805, Tesla T4, 10067 MiB, 4846 MiB, 15360 MiB, 98 %, 33 %, 645 MHz, 5000 MHz, 65.14 W, 76, P0
2026/09/30 08:42:57.316, Tesla T4, 10067 MiB, 4846 MiB, 15360 MiB, 100 %, 28 %, 630 MHz, 5000 MHz, 65.10 W, 76, P0
2026/09/30 08:42:57.832, Tesla T4, 10067 MiB, 4846 MiB, 15360 MiB, 100 %, 31 %, 660 MHz, 5000 MHz, 59.27 W, 76, P0
2026/09/30 08:42:58.344, Tesla T4, 10067 MiB, 4846 MiB, 15360 MiB, 94 %, 36 %, 690 MHz, 5000 MHz, 60.63 W, 76, P0
2026/09/30 08:42:58.862, Tesla T4, 10067 MiB, 4846 MiB, 15360 MiB, 100 %, 37 %, 585 MHz, 5000 MHz, 66.81 W, 76, P0
2026/09/30 08:42:59.376, Tesla T4, 10067 MiB, 4846 MiB, 15360 MiB, 97 %, 33 %, 645 MHz, 5000 MHz, 66.51 W, 76, P0
2026/09/30 08:42:59.888, Tesla T4, 10067 MiB, 4846 MiB, 15360 MiB, 98 %, 28 %, 690 MHz, 5000 MHz, 66.85 W, 76, P0
2026/09/30 08:43:00.401, Tesla T4, 10067 MiB, 4846 MiB, 15360 MiB, 93 %, 28 %, 630 MHz, 5000 MHz, 66.57 W, 76, P0
2026/09/30 08:43:00.912, Tesla T4, 10067 MiB, 4846 MiB, 15360 MiB, 100 %, 29 %, 690 MHz, 5000 MHz, 65.34 W, 76, P0
2026/09/30 08:43:01.427, Tesla T4, 10067 MiB, 4846 MiB, 15360 MiB, 97 %, 24 %, 720 MHz, 5000 MHz, 66.06 W, 76, P0
2026/09/30 08:43:01.938, Tesla T4, 10067 MiB, 4846 MiB, 15360 MiB, 100 %, 24 %, 630 MHz, 5000 MHz, 65.77 W, 76, P0
2026/09/30 08:43:02.451, Tesla T4, 10067 MiB, 4846 MiB, 15360 MiB, 93 %, 27 %, 735 MHz, 5000 MHz, 66.61 W, 76, P0
2026/09/30 08:43:02.963, Tesla T4, 10067 MiB, 4846 MiB, 15360 MiB, 100 %, 25 %, 615 MHz, 5000 MHz, 66.32 W, 76, P0
2026/09/30 08:43:03.478, Tesla T4, 10067 MiB, 4846 MiB, 15360 MiB, 100 %, 29 %, 570 MHz, 5000 MHz, 66.02 W, 76, P0
2026/09/30 08:43:03.992, Tesla T4, 10067 MiB, 4846 MiB, 15360 MiB, 98 %, 25 %, 750 MHz, 5000 MHz, 66.32 W, 77, P0
2026/09/30 08:43:04.503, Tesla T4, 10067 MiB, 4846 MiB, 15360 MiB, 100 %, 23 %, 735 MHz, 5000 MHz, 66.51 W, 77, P0
2026/09/30 08:43:05.047, Tesla T4, 10067 MiB, 4846 MiB, 15360 MiB, 89 %, 36 %, 570 MHz, 5000 MHz, 64.75 W, 76, P0
2026/09/30 08:43:05.573, Tesla T4, 10067 MiB, 4846 MiB, 15360 MiB, 96 %, 25 %, 735 MHz, 5000 MHz, 64.16 W, 77, P0
2026/09/30 08:43:06.113, Tesla T4, 10067 MiB, 4846 MiB, 15360 MiB, 100 %, 22 %, 720 MHz, 5000 MHz, 66.12 W, 77, P0
2026/09/30 08:43:06.641, Tesla T4, 10067 MiB, 4846 MiB, 15360 MiB, 100 %, 35 %, 555 MHz, 5000 MHz, 65.63 W, 76, P0
2026/09/30 08:43:07.182, Tesla T4, 10067 MiB, 4846 MiB, 15360 MiB, 100 %, 28 %, 645 MHz, 5000 MHz, 64.75 W, 77, P0
2026/09/30 08:43:07.702, Tesla T4, 10067 MiB, 4846 MiB, 15360 MiB, 100 %, 35 %, 585 MHz, 5000 MHz, 65.53 W, 76, P0
2026/09/30 08:43:08.214, Tesla T4, 10067 MiB, 4846 MiB, 15360 MiB, 100 %, 28 %, 675 MHz, 5000 MHz, 67.69 W, 77, P0
2026/09/30 08:43:08.738, Tesla T4, 10067 MiB, 4846 MiB, 15360 MiB, 96 %, 38 %, 615 MHz, 5000 MHz, 66.42 W, 76, P0
2026/09/30 08:43:09.257, Tesla T4, 10067 MiB, 4846 MiB, 15360 MiB, 100 %, 27 %, 630 MHz, 5000 MHz, 66.61 W, 77, P0
2026/09/30 08:43:09.774, Tesla T4, 10067 MiB, 4846 MiB, 15360 MiB, 100 %, 26 %, 600 MHz, 5000 MHz, 67.00 W, 77, P0
2026/09/30 08:43:10.286, Tesla T4, 10067 MiB, 4846 MiB, 15360 MiB, 100 %, 26 %, 615 MHz, 5000 MHz, 65.08 W, 77, P0
2026/09/30 08:43:10.800, Tesla T4, 10067 MiB, 4846 MiB, 15360 MiB, 100 %, 26 %, 720 MHz, 5000 MHz, 67.00 W, 77, P0
2026/09/30 08:43:11.316, Tesla T4, 10067 MiB, 4846 MiB, 15360 MiB, 100 %, 35 %, 555 MHz, 5000 MHz, 65.44 W, 77, P0
2026/09/30 08:43:11.830, Tesla T4, 10067 MiB, 4846 MiB, 15360 MiB, 100 %, 30 %, 570 MHz, 5000 MHz, 67.94 W, 77, P0
2026/09/30 08:43:12.345, Tesla T4, 10067 MiB, 4846 MiB, 15360 MiB, 100 %, 34 %, 660 MHz, 5000 MHz, 63.61 W, 77, P0
2026/09/30 08:43:12.863, Tesla T4, 10067 MiB, 4846 MiB, 15360 MiB, 97 %, 29 %, 780 MHz, 5000 MHz, 66.32 W, 76, P0
2026/09/30 08:43:13.380, Tesla T4, 10067 MiB, 4846 MiB, 15360 MiB, 95 %, 54 %, 615 MHz, 5000 MHz, 67.59 W, 76, P0
2026/09/30 08:43:13.896, Tesla T4, 10067 MiB, 4846 MiB, 15360 MiB, 100 %, 25 %, 645 MHz, 5000 MHz, 65.93 W, 77, P0
2026/09/30 08:43:14.407, Tesla T4, 10067 MiB, 4846 MiB, 15360 MiB, 91 %, 41 %, 630 MHz, 5000 MHz, 65.63 W, 77, P0
2026/09/30 08:43:14.922, Tesla T4, 10067 MiB, 4846 MiB, 15360 MiB, 100 %, 25 %, 630 MHz, 5000 MHz, 66.32 W, 77, P0
2026/09/30 08:43:15.436, Tesla T4, 10067 MiB, 4846 MiB, 15360 MiB, 96 %, 45 %, 570 MHz, 5000 MHz, 65.24 W, 77, P0
2026/09/30 08:43:15.947, Tesla T4, 10067 MiB, 4846 MiB, 15360 MiB, 94 %, 35 %, 555 MHz, 5000 MHz, 66.61 W, 77, P0
2026/09/30 08:43:16.460, Tesla T4, 10067 MiB, 4846 MiB, 15360 MiB, 98 %, 34 %, 630 MHz, 5000 MHz, 65.73 W, 77, P0
2026/09/30 08:43:16.972, Tesla T4, 10067 MiB, 4846 MiB, 15360 MiB, 100 %, 26 %, 690 MHz, 5000 MHz, 66.91 W, 77, P0
2026/09/30 08:43:17.485, Tesla T4, 10067 MiB, 4846 MiB, 15360 MiB, 86 %, 30 %, 690 MHz, 5000 MHz, 65.63 W, 77, P0
2026/09/30 08:43:18.006, Tesla T4, 10067 MiB, 4846 MiB, 15360 MiB, 94 %, 37 %, 630 MHz, 5000 MHz, 66.42 W, 77, P0
2026/09/30 08:43:18.527, Tesla T4, 10067 MiB, 4846 MiB, 15360 MiB, 97 %, 33 %, 630 MHz, 5000 MHz, 64.24 W, 77, P0
2026/09/30 08:43:19.054, Tesla T4, 10067 MiB, 4846 MiB, 15360 MiB, 89 %, 29 %, 615 MHz, 5000 MHz, 65.53 W, 77, P0
2026/09/30 08:43:19.599, Tesla T4, 10067 MiB, 4846 MiB, 15360 MiB, 100 %, 32 %, 615 MHz, 5000 MHz, 65.00 W, 77, P0
2026/09/30 08:43:20.121, Tesla T4, 10067 MiB, 4846 MiB, 15360 MiB, 100 %, 36 %, 630 MHz, 5000 MHz, 62.04 W, 77, P0
2026/09/30 08:43:20.635, Tesla T4, 10067 MiB, 4846 MiB, 15360 MiB, 100 %, 34 %, 555 MHz, 5000 MHz, 66.51 W, 77, P0
2026/09/30 08:43:21.148, Tesla T4, 10067 MiB, 4846 MiB, 15360 MiB, 100 %, 25 %, 720 MHz, 5000 MHz, 65.93 W, 77, P0
2026/09/30 08:43:21.658, Tesla T4, 10067 MiB, 4846 MiB, 15360 MiB, 100 %, 33 %, 615 MHz, 5000 MHz, 66.65 W, 77, P0
2026/09/30 08:43:22.172, Tesla T4, 10067 MiB, 4846 MiB, 15360 MiB, 100 %, 25 %, 720 MHz, 5000 MHz, 66.02 W, 77, P0
2026/09/30 08:43:22.682, Tesla T4, 10067 MiB, 4846 MiB, 15360 MiB, 100 %, 32 %, 585 MHz, 5000 MHz, 66.46 W, 77, P0
2026/09/30 08:43:23.193, Tesla T4, 10067 MiB, 4846 MiB, 15360 MiB, 98 %, 36 %, 615 MHz, 5000 MHz, 66.81 W, 77, P0
2026/09/30 08:43:23.710, Tesla T4, 10067 MiB, 4846 MiB, 15360 MiB, 99 %, 32 %, 675 MHz, 5000 MHz, 66.32 W, 77, P0
2026/09/30 08:43:24.222, Tesla T4, 10067 MiB, 4846 MiB, 15360 MiB, 94 %, 38 %, 645 MHz, 5000 MHz, 70.00 W, 77, P0
2026/09/30 08:43:24.739, Tesla T4, 10067 MiB, 4846 MiB, 15360 MiB, 97 %, 36 %, 645 MHz, 5000 MHz, 65.08 W, 77, P0
2026/09/30 08:43:25.253, Tesla T4, 10067 MiB, 4846 MiB, 15360 MiB, 100 %, 35 %, 555 MHz, 5000 MHz, 65.28 W, 77, P0
2026/09/30 08:43:25.771, Tesla T4, 10067 MiB, 4846 MiB, 15360 MiB, 100 %, 33 %, 660 MHz, 5000 MHz, 64.30 W, 77, P0
2026/09/30 08:43:26.285, Tesla T4, 10067 MiB, 4846 MiB, 15360 MiB, 100 %, 32 %, 600 MHz, 5000 MHz, 66.12 W, 77, P0
2026/09/30 08:43:26.801, Tesla T4, 10067 MiB, 4846 MiB, 15360 MiB, 98 %, 34 %, 630 MHz, 5000 MHz, 65.08 W, 77, P0
2026/09/30 08:43:27.313, Tesla T4, 10067 MiB, 4846 MiB, 15360 MiB, 100 %, 25 %, 690 MHz, 5000 MHz, 65.73 W, 77, P0
2026/09/30 08:43:27.829, Tesla T4, 10067 MiB, 4846 MiB, 15360 MiB, 98 %, 27 %, 705 MHz, 5000 MHz, 67.00 W, 77, P0
2026/09/30 08:43:28.340, Tesla T4, 10067 MiB, 4846 MiB, 15360 MiB, 100 %, 23 %, 615 MHz, 5000 MHz, 68.82 W, 77, P0
2026/09/30 08:43:28.855, Tesla T4, 10067 MiB, 4846 MiB, 15360 MiB, 100 %, 29 %, 600 MHz, 5000 MHz, 67.20 W, 77, P0
2026/09/30 08:43:29.366, Tesla T4, 10067 MiB, 4846 MiB, 15360 MiB, 91 %, 31 %, 645 MHz, 5000 MHz, 66.71 W, 77, P0
2026/09/30 08:43:29.885, Tesla T4, 10067 MiB, 4846 MiB, 15360 MiB, 99 %, 33 %, 675 MHz, 5000 MHz, 73.33 W, 77, P0
2026/09/30 08:43:30.401, Tesla T4, 10067 MiB, 4846 MiB, 15360 MiB, 100 %, 34 %, 630 MHz, 5000 MHz, 66.71 W, 77, P0
2026/09/30 08:43:30.936, Tesla T4, 10067 MiB, 4846 MiB, 15360 MiB, 100 %, 35 %, 705 MHz, 5000 MHz, 65.83 W, 77, P0
2026/09/30 08:43:31.461, Tesla T4, 10067 MiB, 4846 MiB, 15360 MiB, 100 %, 37 %, 675 MHz, 5000 MHz, 67.26 W, 77, P0
2026/09/30 08:43:31.997, Tesla T4, 10067 MiB, 4846 MiB, 15360 MiB, 98 %, 42 %, 615 MHz, 5000 MHz, 66.75 W, 77, P0
2026/09/30 08:43:32.517, Tesla T4, 10067 MiB, 4846 MiB, 15360 MiB, 100 %, 30 %, 615 MHz, 5000 MHz, 66.42 W, 77, P0
2026/09/30 08:43:33.047, Tesla T4, 10067 MiB, 4846 MiB, 15360 MiB, 98 %, 29 %, 630 MHz, 5000 MHz, 65.18 W, 77, P0
2026/09/30 08:43:33.565, Tesla T4, 10067 MiB, 4846 MiB, 15360 MiB, 100 %, 30 %, 555 MHz, 5000 MHz, 67.79 W, 77, P0
2026/09/30 08:43:34.076, Tesla T4, 10067 MiB, 4846 MiB, 15360 MiB, 100 %, 28 %, 645 MHz, 5000 MHz, 64.69 W, 77, P0
2026/09/30 08:43:34.591, Tesla T4, 10067 MiB, 4846 MiB, 15360 MiB, 98 %, 27 %, 690 MHz, 5000 MHz, 66.22 W, 77, P0
2026/09/30 08:43:35.102, Tesla T4, 10067 MiB, 4846 MiB, 15360 MiB, 98 %, 29 %, 630 MHz, 5000 MHz, 66.32 W, 77, P0
2026/09/30 08:43:35.613, Tesla T4, 10067 MiB, 4846 MiB, 15360 MiB, 100 %, 27 %, 675 MHz, 5000 MHz, 70.44 W, 77, P0
2026/09/30 08:43:36.127, Tesla T4, 10067 MiB, 4846 MiB, 15360 MiB, 100 %, 23 %, 645 MHz, 5000 MHz, 66.51 W, 77, P0
2026/09/30 08:43:36.642, Tesla T4, 10067 MiB, 4846 MiB, 15360 MiB, 99 %, 32 %, 630 MHz, 5000 MHz, 66.12 W, 77, P0
2026/09/30 08:43:37.160, Tesla T4, 10067 MiB, 4846 MiB, 15360 MiB, 98 %, 31 %, 615 MHz, 5000 MHz, 65.44 W, 77, P0
2026/09/30 08:43:37.671, Tesla T4, 10067 MiB, 4846 MiB, 15360 MiB, 100 %, 25 %, 675 MHz, 5000 MHz, 65.63 W, 77, P0
2026/09/30 08:43:38.186, Tesla T4, 10067 MiB, 4846 MiB, 15360 MiB, 100 %, 25 %, 675 MHz, 5000 MHz, 66.12 W, 77, P0
2026/09/30 08:43:38.698, Tesla T4, 10067 MiB, 4846 MiB, 15360 MiB, 100 %, 28 %, 660 MHz, 5000 MHz, 66.81 W, 77, P0
2026/09/30 08:43:39.209, Tesla T4, 10067 MiB, 4846 MiB, 15360 MiB, 100 %, 24 %, 615 MHz, 5000 MHz, 68.92 W, 77, P0
2026/09/30 08:43:39.722, Tesla T4, 10067 MiB, 4846 MiB, 15360 MiB, 100 %, 28 %, 660 MHz, 5000 MHz, 65.73 W, 77, P0
2026/09/30 08:43:40.233, Tesla T4, 10067 MiB, 4846 MiB, 15360 MiB, 98 %, 38 %, 660 MHz, 5000 MHz, 65.24 W, 77, P0
2026/09/30 08:43:40.746, Tesla T4, 10067 MiB, 4846 MiB, 15360 MiB, 99 %, 37 %, 645 MHz, 5000 MHz, 65.93 W, 77, P0
2026/09/30 08:43:41.258, Tesla T4, 10067 MiB, 4846 MiB, 15360 MiB, 93 %, 37 %, 630 MHz, 5000 MHz, 65.73 W, 77, P0
2026/09/30 08:43:41.770, Tesla T4, 10067 MiB, 4846 MiB, 15360 MiB, 91 %, 47 %, 660 MHz, 5000 MHz, 71.03 W, 77, P0
2026/09/30 08:43:42.286, Tesla T4, 10067 MiB, 4846 MiB, 15360 MiB, 100 %, 33 %, 585 MHz, 5000 MHz, 64.46 W, 77, P0
2026/09/30 08:43:42.802, Tesla T4, 10067 MiB, 4846 MiB, 15360 MiB, 100 %, 33 %, 645 MHz, 5000 MHz, 65.18 W, 77, P0
2026/09/30 08:43:43.318, Tesla T4, 10067 MiB, 4846 MiB, 15360 MiB, 92 %, 39 %, 720 MHz, 5000 MHz, 66.91 W, 77, P0
2026/09/30 08:43:43.831, Tesla T4, 10067 MiB, 4846 MiB, 15360 MiB, 100 %, 23 %, 705 MHz, 5000 MHz, 67.20 W, 77, P0
2026/09/30 08:43:44.354, Tesla T4, 10067 MiB, 4846 MiB, 15360 MiB, 97 %, 30 %, 645 MHz, 5000 MHz, 65.77 W, 77, P0
2026/09/30 08:43:44.868, Tesla T4, 10067 MiB, 4846 MiB, 15360 MiB, 100 %, 26 %, 615 MHz, 5000 MHz, 67.75 W, 77, P0
2026/09/30 08:43:45.405, Tesla T4, 10067 MiB, 4846 MiB, 15360 MiB, 88 %, 23 %, 705 MHz, 5000 MHz, 39.51 W, 77, P0
2026/09/30 08:43:45.935, Tesla T4, 10067 MiB, 4846 MiB, 15360 MiB, 100 %, 22 %, 720 MHz, 5000 MHz, 65.73 W, 77, P0
2026/09/30 08:43:46.450, Tesla T4, 10067 MiB, 4846 MiB, 15360 MiB, 98 %, 22 %, 600 MHz, 5000 MHz, 65.83 W, 77, P0
2026/09/30 08:43:46.971, Tesla T4, 10067 MiB, 4846 MiB, 15360 MiB, 100 %, 26 %, 585 MHz, 5000 MHz, 64.79 W, 77, P0
2026/09/30 08:43:47.490, Tesla T4, 10067 MiB, 4846 MiB, 15360 MiB, 100 %, 24 %, 555 MHz, 5000 MHz, 66.61 W, 77, P0
2026/09/30 08:43:48.002, Tesla T4, 10067 MiB, 4846 MiB, 15360 MiB, 98 %, 30 %, 690 MHz, 5000 MHz, 55.28 W, 77, P0
2026/09/30 08:43:48.518, Tesla T4, 10067 MiB, 4846 MiB, 15360 MiB, 93 %, 32 %, 660 MHz, 5000 MHz, 65.69 W, 77, P0
2026/09/30 08:43:49.029, Tesla T4, 10067 MiB, 4846 MiB, 15360 MiB, 98 %, 35 %, 570 MHz, 5000 MHz, 65.53 W, 77, P0
2026/09/30 08:43:49.544, Tesla T4, 10067 MiB, 4846 MiB, 15360 MiB, 97 %, 39 %, 570 MHz, 5000 MHz, 59.27 W, 77, P0
2026/09/30 08:43:50.058, Tesla T4, 10067 MiB, 4846 MiB, 15360 MiB, 91 %, 35 %, 600 MHz, 5000 MHz, 65.83 W, 77, P0
2026/09/30 08:43:50.570, Tesla T4, 10067 MiB, 4846 MiB, 15360 MiB, 100 %, 34 %, 750 MHz, 5000 MHz, 66.71 W, 77, P0
2026/09/30 08:43:51.086, Tesla T4, 10067 MiB, 4846 MiB, 15360 MiB, 100 %, 47 %, 780 MHz, 5000 MHz, 65.18 W, 77, P0
2026/09/30 08:43:51.598, Tesla T4, 10067 MiB, 4846 MiB, 15360 MiB, 99 %, 43 %, 630 MHz, 5000 MHz, 69.02 W, 77, P0
2026/09/30 08:43:52.118, Tesla T4, 10067 MiB, 4846 MiB, 15360 MiB, 98 %, 31 %, 615 MHz, 5000 MHz, 66.91 W, 77, P0
2026/09/30 08:43:52.629, Tesla T4, 10067 MiB, 4846 MiB, 15360 MiB, 100 %, 26 %, 630 MHz, 5000 MHz, 65.77 W, 77, P0
2026/09/30 08:43:53.143, Tesla T4, 10067 MiB, 4846 MiB, 15360 MiB, 100 %, 35 %, 555 MHz, 5000 MHz, 67.10 W, 77, P0
2026/09/30 08:43:53.654, Tesla T4, 10067 MiB, 4846 MiB, 15360 MiB, 100 %, 25 %, 615 MHz, 5000 MHz, 65.08 W, 77, P0
2026/09/30 08:43:54.166, Tesla T4, 10067 MiB, 4846 MiB, 15360 MiB, 97 %, 25 %, 570 MHz, 5000 MHz, 66.08 W, 77, P0
2026/09/30 08:43:54.684, Tesla T4, 10067 MiB, 4846 MiB, 15360 MiB, 100 %, 37 %, 555 MHz, 5000 MHz, 66.71 W, 77, P0
2026/09/30 08:43:55.196, Tesla T4, 10067 MiB, 4846 MiB, 15360 MiB, 100 %, 34 %, 615 MHz, 5000 MHz, 64.10 W, 77, P0
2026/09/30 08:43:55.707, Tesla T4, 10067 MiB, 4846 MiB, 15360 MiB, 100 %, 35 %, 555 MHz, 5000 MHz, 66.51 W, 77, P0
2026/09/30 08:43:56.220, Tesla T4, 10067 MiB, 4846 MiB, 15360 MiB, 100 %, 35 %, 855 MHz, 5000 MHz, 65.93 W, 77, P0
2026/09/30 08:43:56.749, Tesla T4, 10067 MiB, 4846 MiB, 15360 MiB, 98 %, 34 %, 570 MHz, 5000 MHz, 66.71 W, 77, P0
2026/09/30 08:43:57.279, Tesla T4, 10067 MiB, 4846 MiB, 15360 MiB, 98 %, 35 %, 585 MHz, 5000 MHz, 60.12 W, 77, P0
2026/09/30 08:43:57.805, Tesla T4, 10067 MiB, 4846 MiB, 15360 MiB, 89 %, 31 %, 630 MHz, 5000 MHz, 65.73 W, 77, P0
2026/09/30 08:43:58.328, Tesla T4, 10067 MiB, 4846 MiB, 15360 MiB, 100 %, 33 %, 720 MHz, 5000 MHz, 66.12 W, 77, P0
2026/09/30 08:43:58.870, Tesla T4, 10067 MiB, 4846 MiB, 15360 MiB, 100 %, 23 %, 705 MHz, 5000 MHz, 65.83 W, 77, P0
2026/09/30 08:43:59.384, Tesla T4, 10067 MiB, 4846 MiB, 15360 MiB, 100 %, 21 %, 705 MHz, 5000 MHz, 65.28 W, 77, P0
2026/09/30 08:43:59.896, Tesla T4, 10067 MiB, 4846 MiB, 15360 MiB, 92 %, 25 %, 705 MHz, 5000 MHz, 67.59 W, 77, P0
2026/09/30 08:44:00.411, Tesla T4, 10067 MiB, 4846 MiB, 15360 MiB, 100 %, 22 %, 705 MHz, 5000 MHz, 67.00 W, 78, P0
2026/09/30 08:44:00.921, Tesla T4, 10067 MiB, 4846 MiB, 15360 MiB, 97 %, 35 %, 570 MHz, 5000 MHz, 66.42 W, 77, P0
2026/09/30 08:44:01.433, Tesla T4, 10067 MiB, 4846 MiB, 15360 MiB, 98 %, 38 %, 855 MHz, 5000 MHz, 68.14 W, 78, P0
2026/09/30 08:44:01.951, Tesla T4, 10067 MiB, 4846 MiB, 15360 MiB, 98 %, 34 %, 600 MHz, 5000 MHz, 65.22 W, 77, P0
2026/09/30 08:44:02.462, Tesla T4, 10067 MiB, 4846 MiB, 15360 MiB, 100 %, 46 %, 615 MHz, 5000 MHz, 67.40 W, 77, P0
2026/09/30 08:44:02.975, Tesla T4, 10067 MiB, 4846 MiB, 15360 MiB, 98 %, 41 %, 600 MHz, 5000 MHz, 61.30 W, 77, P0
2026/09/30 08:44:03.486, Tesla T4, 10067 MiB, 4846 MiB, 15360 MiB, 96 %, 25 %, 675 MHz, 5000 MHz, 65.73 W, 77, P0
2026/09/30 08:44:03.997, Tesla T4, 10067 MiB, 4846 MiB, 15360 MiB, 100 %, 29 %, 645 MHz, 5000 MHz, 65.24 W, 78, P0
2026/09/30 08:44:04.509, Tesla T4, 10067 MiB, 4846 MiB, 15360 MiB, 100 %, 27 %, 690 MHz, 5000 MHz, 54.43 W, 78, P0
2026/09/30 08:44:05.022, Tesla T4, 10067 MiB, 4846 MiB, 15360 MiB, 98 %, 24 %, 585 MHz, 5000 MHz, 65.04 W, 78, P0
2026/09/30 08:44:05.536, Tesla T4, 10067 MiB, 4846 MiB, 15360 MiB, 100 %, 28 %, 585 MHz, 5000 MHz, 66.42 W, 78, P0
2026/09/30 08:44:06.047, Tesla T4, 10067 MiB, 4846 MiB, 15360 MiB, 100 %, 25 %, 630 MHz, 5000 MHz, 66.61 W, 78, P0
2026/09/30 08:44:06.558, Tesla T4, 10067 MiB, 4846 MiB, 15360 MiB, 100 %, 25 %, 630 MHz, 5000 MHz, 67.40 W, 77, P0
2026/09/30 08:44:07.077, Tesla T4, 10067 MiB, 4846 MiB, 15360 MiB, 93 %, 25 %, 615 MHz, 5000 MHz, 65.83 W, 77, P0
2026/09/30 08:44:07.588, Tesla T4, 10067 MiB, 4846 MiB, 15360 MiB, 100 %, 24 %, 630 MHz, 5000 MHz, 66.42 W, 78, P0
2026/09/30 08:44:08.104, Tesla T4, 10067 MiB, 4846 MiB, 15360 MiB, 97 %, 39 %, 660 MHz, 5000 MHz, 65.77 W, 78, P0
2026/09/30 08:44:08.617, Tesla T4, 10067 MiB, 4846 MiB, 15360 MiB, 97 %, 23 %, 720 MHz, 5000 MHz, 67.10 W, 77, P0
2026/09/30 08:44:09.136, Tesla T4, 10067 MiB, 4846 MiB, 15360 MiB, 100 %, 23 %, 720 MHz, 5000 MHz, 66.02 W, 78, P0
2026/09/30 08:44:09.664, Tesla T4, 10067 MiB, 4846 MiB, 15360 MiB, 88 %, 23 %, 675 MHz, 5000 MHz, 64.95 W, 78, P0
2026/09/30 08:44:10.188, Tesla T4, 10067 MiB, 4846 MiB, 15360 MiB, 100 %, 24 %, 735 MHz, 5000 MHz, 65.63 W, 78, P0
2026/09/30 08:44:10.716, Tesla T4, 10067 MiB, 4846 MiB, 15360 MiB, 100 %, 22 %, 705 MHz, 5000 MHz, 64.16 W, 78, P0
2026/09/30 08:44:11.235, Tesla T4, 10067 MiB, 4846 MiB, 15360 MiB, 95 %, 31 %, 585 MHz, 5000 MHz, 65.14 W, 77, P0
2026/09/30 08:44:11.759, Tesla T4, 10067 MiB, 4846 MiB, 15360 MiB, 97 %, 27 %, 675 MHz, 5000 MHz, 66.38 W, 77, P0
2026/09/30 08:44:12.269, Tesla T4, 10067 MiB, 4846 MiB, 15360 MiB, 93 %, 29 %, 600 MHz, 5000 MHz, 64.85 W, 77, P0
2026/09/30 08:44:12.787, Tesla T4, 10067 MiB, 4846 MiB, 15360 MiB, 98 %, 26 %, 675 MHz, 5000 MHz, 65.73 W, 77, P0
2026/09/30 08:44:13.298, Tesla T4, 10067 MiB, 4846 MiB, 15360 MiB, 96 %, 26 %, 600 MHz, 5000 MHz, 65.53 W, 77, P0
2026/09/30 08:44:13.816, Tesla T4, 10067 MiB, 4846 MiB, 15360 MiB, 100 %, 27 %, 615 MHz, 5000 MHz, 65.44 W, 77, P0
2026/09/30 08:44:14.327, Tesla T4, 10067 MiB, 4846 MiB, 15360 MiB, 98 %, 29 %, 570 MHz, 5000 MHz, 65.48 W, 77, P0
2026/09/30 08:44:14.843, Tesla T4, 10067 MiB, 4846 MiB, 15360 MiB, 100 %, 26 %, 630 MHz, 5000 MHz, 65.48 W, 77, P0
2026/09/30 08:44:15.360, Tesla T4, 10067 MiB, 4846 MiB, 15360 MiB, 100 %, 26 %, 600 MHz, 5000 MHz, 66.22 W, 77, P0
2026/09/30 08:44:15.877, Tesla T4, 10067 MiB, 4846 MiB, 15360 MiB, 97 %, 31 %, 630 MHz, 5000 MHz, 64.40 W, 77, P0
2026/09/30 08:44:16.389, Tesla T4, 10067 MiB, 4846 MiB, 15360 MiB, 100 %, 30 %, 615 MHz, 5000 MHz, 65.67 W, 77, P0
2026/09/30 08:44:16.902, Tesla T4, 10067 MiB, 4846 MiB, 15360 MiB, 98 %, 36 %, 615 MHz, 5000 MHz, 68.82 W, 77, P0
2026/09/30 08:44:17.418, Tesla T4, 10067 MiB, 4846 MiB, 15360 MiB, 100 %, 30 %, 705 MHz, 5000 MHz, 67.26 W, 77, P0
2026/09/30 08:44:17.936, Tesla T4, 10067 MiB, 4846 MiB, 15360 MiB, 94 %, 39 %, 615 MHz, 5000 MHz, 66.02 W, 77, P0
2026/09/30 08:44:18.449, Tesla T4, 10067 MiB, 4846 MiB, 15360 MiB, 97 %, 39 %, 675 MHz, 5000 MHz, 62.63 W, 77, P0
2026/09/30 08:44:18.968, Tesla T4, 10067 MiB, 4846 MiB, 15360 MiB, 99 %, 36 %, 825 MHz, 5000 MHz, 68.77 W, 77, P0
2026/09/30 08:44:19.480, Tesla T4, 10067 MiB, 4846 MiB, 15360 MiB, 100 %, 37 %, 615 MHz, 5000 MHz, 64.95 W, 77, P0
2026/09/30 08:44:19.998, Tesla T4, 10067 MiB, 4846 MiB, 15360 MiB, 98 %, 33 %, 615 MHz, 5000 MHz, 66.56 W, 77, P0
2026/09/30 08:44:20.511, Tesla T4, 10067 MiB, 4846 MiB, 15360 MiB, 98 %, 35 %, 570 MHz, 5000 MHz, 66.42 W, 77, P0
2026/09/30 08:44:21.026, Tesla T4, 10067 MiB, 4846 MiB, 15360 MiB, 93 %, 39 %, 555 MHz, 5000 MHz, 61.00 W, 77, P0
2026/09/30 08:44:21.540, Tesla T4, 10067 MiB, 4846 MiB, 15360 MiB, 97 %, 34 %, 570 MHz, 5000 MHz, 65.04 W, 77, P0
2026/09/30 08:44:22.058, Tesla T4, 10067 MiB, 4846 MiB, 15360 MiB, 98 %, 37 %, 525 MHz, 5000 MHz, 64.40 W, 77, P0
2026/09/30 08:44:22.603, Tesla T4, 10067 MiB, 4846 MiB, 15360 MiB, 98 %, 38 %, 675 MHz, 5000 MHz, 70.74 W, 77, P0
2026/09/30 08:44:23.116, Tesla T4, 10067 MiB, 4846 MiB, 15360 MiB, 98 %, 33 %, 645 MHz, 5000 MHz, 65.28 W, 77, P0
2026/09/30 08:44:23.647, Tesla T4, 10067 MiB, 4846 MiB, 15360 MiB, 100 %, 32 %, 645 MHz, 5000 MHz, 63.97 W, 77, P0
2026/09/30 08:44:24.169, Tesla T4, 10067 MiB, 4846 MiB, 15360 MiB, 99 %, 28 %, 615 MHz, 5000 MHz, 66.22 W, 77, P0
2026/09/30 08:44:24.687, Tesla T4, 10067 MiB, 4846 MiB, 15360 MiB, 100 %, 27 %, 600 MHz, 5000 MHz, 66.32 W, 77, P0
2026/09/30 08:44:25.199, Tesla T4, 10067 MiB, 4846 MiB, 15360 MiB, 98 %, 28 %, 705 MHz, 5000 MHz, 66.02 W, 77, P0
2026/09/30 08:44:25.710, Tesla T4, 10067 MiB, 4846 MiB, 15360 MiB, 92 %, 23 %, 630 MHz, 5000 MHz, 66.61 W, 77, P0
2026/09/30 08:44:26.227, Tesla T4, 10067 MiB, 4846 MiB, 15360 MiB, 100 %, 26 %, 615 MHz, 5000 MHz, 66.71 W, 77, P0
2026/09/30 08:44:26.738, Tesla T4, 10067 MiB, 4846 MiB, 15360 MiB, 100 %, 21 %, 690 MHz, 5000 MHz, 65.83 W, 77, P0
2026/09/30 08:44:27.256, Tesla T4, 10067 MiB, 4846 MiB, 15360 MiB, 95 %, 23 %, 705 MHz, 5000 MHz, 66.02 W, 77, P0
2026/09/30 08:44:27.767, Tesla T4, 10067 MiB, 4846 MiB, 15360 MiB, 100 %, 23 %, 720 MHz, 5000 MHz, 65.83 W, 77, P0
2026/09/30 08:44:28.280, Tesla T4, 10067 MiB, 4846 MiB, 15360 MiB, 98 %, 24 %, 675 MHz, 5000 MHz, 65.63 W, 77, P0
2026/09/30 08:44:28.793, Tesla T4, 10067 MiB, 4846 MiB, 15360 MiB, 100 %, 24 %, 675 MHz, 5000 MHz, 65.44 W, 76, P0
2026/09/30 08:44:29.311, Tesla T4, 10067 MiB, 4846 MiB, 15360 MiB, 100 %, 22 %, 720 MHz, 5000 MHz, 65.57 W, 77, P0
2026/09/30 08:44:29.822, Tesla T4, 10067 MiB, 4846 MiB, 15360 MiB, 100 %, 19 %, 690 MHz, 5000 MHz, 66.32 W, 77, P0
2026/09/30 08:44:30.343, Tesla T4, 10067 MiB, 4846 MiB, 15360 MiB, 100 %, 28 %, 660 MHz, 5000 MHz, 66.32 W, 77, P0
2026/09/30 08:44:30.853, Tesla T4, 10067 MiB, 4846 MiB, 15360 MiB, 100 %, 31 %, 675 MHz, 5000 MHz, 67.55 W, 77, P0
2026/09/30 08:44:31.372, Tesla T4, 10067 MiB, 4846 MiB, 15360 MiB, 92 %, 31 %, 600 MHz, 5000 MHz, 67.84 W, 77, P0
2026/09/30 08:44:31.891, Tesla T4, 10067 MiB, 4846 MiB, 15360 MiB, 100 %, 30 %, 615 MHz, 5000 MHz, 67.10 W, 77, P0
2026/09/30 08:44:32.402, Tesla T4, 10067 MiB, 4846 MiB, 15360 MiB, 100 %, 31 %, 630 MHz, 5000 MHz, 66.51 W, 77, P0
2026/09/30 08:44:32.913, Tesla T4, 10067 MiB, 4846 MiB, 15360 MiB, 99 %, 33 %, 720 MHz, 5000 MHz, 66.77 W, 77, P0
2026/09/30 08:44:33.430, Tesla T4, 10067 MiB, 4846 MiB, 15360 MiB, 99 %, 40 %, 675 MHz, 5000 MHz, 66.51 W, 76, P0
2026/09/30 08:44:33.941, Tesla T4, 10067 MiB, 4846 MiB, 15360 MiB, 100 %, 25 %, 630 MHz, 5000 MHz, 65.67 W, 77, P0
2026/09/30 08:44:34.458, Tesla T4, 10067 MiB, 4846 MiB, 15360 MiB, 98 %, 33 %, 615 MHz, 5000 MHz, 67.00 W, 76, P0
2026/09/30 08:44:34.969, Tesla T4, 10067 MiB, 4846 MiB, 15360 MiB, 100 %, 25 %, 630 MHz, 5000 MHz, 64.75 W, 77, P0
2026/09/30 08:44:35.501, Tesla T4, 10067 MiB, 4846 MiB, 15360 MiB, 98 %, 30 %, 630 MHz, 5000 MHz, 55.18 W, 76, P0
2026/09/30 08:44:36.044, Tesla T4, 10067 MiB, 4846 MiB, 15360 MiB, 86 %, 39 %, 555 MHz, 5000 MHz, 67.49 W, 76, P0
2026/09/30 08:44:36.573, Tesla T4, 10067 MiB, 4846 MiB, 15360 MiB, 95 %, 33 %, 555 MHz, 5000 MHz, 65.77 W, 76, P0
2026/09/30 08:44:37.118, Tesla T4, 10067 MiB, 4846 MiB, 15360 MiB, 94 %, 38 %, 660 MHz, 5000 MHz, 65.87 W, 76, P0
2026/09/30 08:44:37.640, Tesla T4, 10067 MiB, 4846 MiB, 15360 MiB, 94 %, 33 %, 585 MHz, 5000 MHz, 64.50 W, 76, P0
2026/09/30 08:44:38.164, Tesla T4, 10067 MiB, 4846 MiB, 15360 MiB, 87 %, 27 %, 510 MHz, 5000 MHz, 88.45 W, 76, P0
2026/09/30 08:44:38.805, Tesla T4, 10067 MiB, 4846 MiB, 15360 MiB, 98 %, 25 %, 690 MHz, 5000 MHz, 66.91 W, 76, P0
2026/09/30 08:44:39.316, Tesla T4, 10067 MiB, 4846 MiB, 15360 MiB, 98 %, 38 %, 615 MHz, 5000 MHz, 70.84 W, 76, P0
2026/09/30 08:44:39.831, Tesla T4, 10067 MiB, 4846 MiB, 15360 MiB, 99 %, 43 %, 645 MHz, 5000 MHz, 66.71 W, 76, P0
2026/09/30 08:44:40.346, Tesla T4, 10067 MiB, 4846 MiB, 15360 MiB, 98 %, 26 %, 705 MHz, 5000 MHz, 65.63 W, 76, P0
2026/09/30 08:44:40.863, Tesla T4, 10067 MiB, 4846 MiB, 15360 MiB, 92 %, 24 %, 615 MHz, 5000 MHz, 67.00 W, 76, P0
2026/09/30 08:44:41.377, Tesla T4, 10067 MiB, 4846 MiB, 15360 MiB, 97 %, 25 %, 720 MHz, 5000 MHz, 66.71 W, 76, P0
2026/09/30 08:44:41.894, Tesla T4, 10067 MiB, 4846 MiB, 15360 MiB, 98 %, 41 %, 585 MHz, 5000 MHz, 68.63 W, 76, P0
2026/09/30 08:44:42.407, Tesla T4, 10067 MiB, 4846 MiB, 15360 MiB, 100 %, 39 %, 600 MHz, 5000 MHz, 66.61 W, 76, P0
2026/09/30 08:44:42.924, Tesla T4, 10067 MiB, 4846 MiB, 15360 MiB, 100 %, 30 %, 615 MHz, 5000 MHz, 65.87 W, 76, P0
2026/09/30 08:44:43.436, Tesla T4, 10067 MiB, 4846 MiB, 15360 MiB, 98 %, 34 %, 600 MHz, 5000 MHz, 65.93 W, 76, P0
2026/09/30 08:44:43.946, Tesla T4, 10067 MiB, 4846 MiB, 15360 MiB, 100 %, 30 %, 570 MHz, 5000 MHz, 65.57 W, 76, P0
2026/09/30 08:44:44.458, Tesla T4, 10067 MiB, 4846 MiB, 15360 MiB, 97 %, 29 %, 555 MHz, 5000 MHz, 66.02 W, 76, P0
2026/09/30 08:44:44.974, Tesla T4, 10067 MiB, 4846 MiB, 15360 MiB, 95 %, 29 %, 690 MHz, 5000 MHz, 65.48 W, 76, P0
2026/09/30 08:44:45.485, Tesla T4, 10067 MiB, 4846 MiB, 15360 MiB, 100 %, 32 %, 630 MHz, 5000 MHz, 64.99 W, 76, P0
2026/09/30 08:44:46.002, Tesla T4, 10067 MiB, 4846 MiB, 15360 MiB, 98 %, 34 %, 630 MHz, 5000 MHz, 68.53 W, 76, P0
2026/09/30 08:44:46.513, Tesla T4, 10067 MiB, 4846 MiB, 15360 MiB, 100 %, 31 %, 555 MHz, 5000 MHz, 76.51 W, 76, P0
2026/09/30 08:44:47.030, Tesla T4, 10067 MiB, 4846 MiB, 15360 MiB, 98 %, 33 %, 615 MHz, 5000 MHz, 66.22 W, 77, P0
2026/09/30 08:44:47.544, Tesla T4, 10067 MiB, 4846 MiB, 15360 MiB, 97 %, 34 %, 615 MHz, 5000 MHz, 71.23 W, 76, P0
2026/09/30 08:44:48.068, Tesla T4, 10067 MiB, 4846 MiB, 15360 MiB, 94 %, 29 %, 720 MHz, 5000 MHz, 65.77 W, 77, P0
2026/09/30 08:44:48.579, Tesla T4, 10067 MiB, 4846 MiB, 15360 MiB, 100 %, 23 %, 765 MHz, 5000 MHz, 66.61 W, 77, P0
2026/09/30 08:44:49.124, Tesla T4, 10067 MiB, 4846 MiB, 15360 MiB, 96 %, 25 %, 720 MHz, 5000 MHz, 65.73 W, 77, P0
2026/09/30 08:44:49.655, Tesla T4, 10067 MiB, 4846 MiB, 15360 MiB, 100 %, 23 %, 720 MHz, 5000 MHz, 66.32 W, 77, P0
2026/09/30 08:44:50.182, Tesla T4, 10067 MiB, 4846 MiB, 15360 MiB, 100 %, 22 %, 720 MHz, 5000 MHz, 65.24 W, 77, P0
2026/09/30 08:44:50.703, Tesla T4, 10067 MiB, 4846 MiB, 15360 MiB, 100 %, 22 %, 735 MHz, 5000 MHz, 67.00 W, 77, P0
2026/09/30 08:44:51.216, Tesla T4, 10067 MiB, 4846 MiB, 15360 MiB, 100 %, 22 %, 720 MHz, 5000 MHz, 66.12 W, 77, P0
2026/09/30 08:44:51.726, Tesla T4, 10067 MiB, 4846 MiB, 15360 MiB, 100 %, 22 %, 720 MHz, 5000 MHz, 67.00 W, 77, P0
2026/09/30 08:44:52.237, Tesla T4, 10067 MiB, 4846 MiB, 15360 MiB, 100 %, 31 %, 615 MHz, 5000 MHz, 65.49 W, 77, P0
2026/09/30 08:44:52.749, Tesla T4, 10067 MiB, 4846 MiB, 15360 MiB, 98 %, 31 %, 600 MHz, 5000 MHz, 66.22 W, 77, P0
2026/09/30 08:44:53.265, Tesla T4, 10067 MiB, 4846 MiB, 15360 MiB, 92 %, 31 %, 600 MHz, 5000 MHz, 65.87 W, 77, P0
2026/09/30 08:44:53.781, Tesla T4, 10067 MiB, 4846 MiB, 15360 MiB, 98 %, 29 %, 600 MHz, 5000 MHz, 66.51 W, 77, P0
2026/09/30 08:44:54.293, Tesla T4, 10067 MiB, 4846 MiB, 15360 MiB, 97 %, 30 %, 645 MHz, 5000 MHz, 68.04 W, 77, P0
2026/09/30 08:44:54.804, Tesla T4, 10067 MiB, 4846 MiB, 15360 MiB, 98 %, 29 %, 720 MHz, 5000 MHz, 69.02 W, 77, P0
2026/09/30 08:44:55.328, Tesla T4, 10067 MiB, 4846 MiB, 15360 MiB, 98 %, 30 %, 690 MHz, 5000 MHz, 66.32 W, 77, P0
2026/09/30 08:44:55.839, Tesla T4, 10067 MiB, 4846 MiB, 15360 MiB, 93 %, 37 %, 675 MHz, 5000 MHz, 65.44 W, 77, P0
2026/09/30 08:44:56.355, Tesla T4, 10067 MiB, 4846 MiB, 15360 MiB, 100 %, 35 %, 480 MHz, 5000 MHz, 65.83 W, 77, P0
2026/09/30 08:44:56.866, Tesla T4, 10067 MiB, 4846 MiB, 15360 MiB, 100 %, 30 %, 600 MHz, 5000 MHz, 64.85 W, 77, P0
2026/09/30 08:44:57.377, Tesla T4, 10067 MiB, 4846 MiB, 15360 MiB, 100 %, 34 %, 585 MHz, 5000 MHz, 66.56 W, 77, P0
2026/09/30 08:44:57.894, Tesla T4, 10067 MiB, 4846 MiB, 15360 MiB, 100 %, 29 %, 555 MHz, 5000 MHz, 67.75 W, 77, P0
2026/09/30 08:44:58.406, Tesla T4, 10067 MiB, 4846 MiB, 15360 MiB, 100 %, 22 %, 750 MHz, 5000 MHz, 66.81 W, 77, P0
2026/09/30 08:44:58.922, Tesla T4, 10067 MiB, 4846 MiB, 15360 MiB, 100 %, 20 %, 705 MHz, 5000 MHz, 65.93 W, 77, P0
2026/09/30 08:44:59.437, Tesla T4, 10067 MiB, 4846 MiB, 15360 MiB, 92 %, 27 %, 735 MHz, 5000 MHz, 65.24 W, 77, P0
2026/09/30 08:44:59.953, Tesla T4, 10067 MiB, 4846 MiB, 15360 MiB, 100 %, 22 %, 720 MHz, 5000 MHz, 65.34 W, 77, P0
2026/09/30 08:45:00.464, Tesla T4, 10067 MiB, 4846 MiB, 15360 MiB, 98 %, 25 %, 585 MHz, 5000 MHz, 66.61 W, 77, P0
2026/09/30 08:45:00.987, Tesla T4, 10067 MiB, 4846 MiB, 15360 MiB, 98 %, 36 %, 1035 MHz, 5000 MHz, 49.38 W, 77, P0
2026/09/30 08:45:01.516, Tesla T4, 10067 MiB, 4846 MiB, 15360 MiB, 96 %, 33 %, 630 MHz, 5000 MHz, 66.32 W, 77, P0
2026/09/30 08:45:02.040, Tesla T4, 10067 MiB, 4846 MiB, 15360 MiB, 100 %, 35 %, 525 MHz, 5000 MHz, 66.42 W, 76, P0
2026/09/30 08:45:02.571, Tesla T4, 10067 MiB, 4846 MiB, 15360 MiB, 97 %, 34 %, 585 MHz, 5000 MHz, 66.71 W, 77, P0
2026/09/30 08:45:03.117, Tesla T4, 10067 MiB, 4846 MiB, 15360 MiB, 100 %, 30 %, 585 MHz, 5000 MHz, 66.99 W, 77, P0
2026/09/30 08:45:03.640, Tesla T4, 10067 MiB, 4846 MiB, 15360 MiB, 92 %, 43 %, 600 MHz, 5000 MHz, 66.71 W, 77, P0
2026/09/30 08:45:04.153, Tesla T4, 10067 MiB, 4846 MiB, 15360 MiB, 95 %, 43 %, 615 MHz, 5000 MHz, 63.32 W, 77, P0
2026/09/30 08:45:04.666, Tesla T4, 10067 MiB, 4846 MiB, 15360 MiB, 92 %, 35 %, 645 MHz, 5000 MHz, 66.28 W, 77, P0
2026/09/30 08:45:05.177, Tesla T4, 10067 MiB, 4846 MiB, 15360 MiB, 100 %, 32 %, 615 MHz, 5000 MHz, 64.59 W, 77, P0
2026/09/30 08:45:05.694, Tesla T4, 10067 MiB, 4846 MiB, 15360 MiB, 98 %, 28 %, 645 MHz, 5000 MHz, 65.57 W, 77, P0
2026/09/30 08:45:06.205, Tesla T4, 10067 MiB, 4846 MiB, 15360 MiB, 90 %, 30 %, 630 MHz, 5000 MHz, 67.94 W, 77, P0
2026/09/30 08:45:06.717, Tesla T4, 10067 MiB, 4846 MiB, 15360 MiB, 98 %, 29 %, 630 MHz, 5000 MHz, 65.14 W, 77, P0
2026/09/30 08:45:07.228, Tesla T4, 10067 MiB, 4846 MiB, 15360 MiB, 100 %, 24 %, 600 MHz, 5000 MHz, 67.30 W, 77, P0
2026/09/30 08:45:07.740, Tesla T4, 10067 MiB, 4846 MiB, 15360 MiB, 100 %, 30 %, 555 MHz, 5000 MHz, 60.51 W, 77, P0
2026/09/30 08:45:08.261, Tesla T4, 10067 MiB, 4846 MiB, 15360 MiB, 100 %, 30 %, 630 MHz, 5000 MHz, 69.41 W, 77, P0
2026/09/30 08:45:08.778, Tesla T4, 10067 MiB, 4846 MiB, 15360 MiB, 98 %, 30 %, 675 MHz, 5000 MHz, 64.46 W, 77, P0
2026/09/30 08:45:09.290, Tesla T4, 10067 MiB, 4846 MiB, 15360 MiB, 100 %, 29 %, 555 MHz, 5000 MHz, 66.42 W, 77, P0
2026/09/30 08:45:09.801, Tesla T4, 10067 MiB, 4846 MiB, 15360 MiB, 98 %, 32 %, 570 MHz, 5000 MHz, 66.38 W, 77, P0
2026/09/30 08:45:10.314, Tesla T4, 10067 MiB, 4846 MiB, 15360 MiB, 100 %, 36 %, 540 MHz, 5000 MHz, 65.52 W, 77, P0
2026/09/30 08:45:10.825, Tesla T4, 10067 MiB, 4846 MiB, 15360 MiB, 97 %, 42 %, 690 MHz, 5000 MHz, 68.57 W, 77, P0
2026/09/30 08:45:11.342, Tesla T4, 10067 MiB, 4846 MiB, 15360 MiB, 96 %, 41 %, 630 MHz, 5000 MHz, 66.51 W, 77, P0
2026/09/30 08:45:11.853, Tesla T4, 10067 MiB, 4846 MiB, 15360 MiB, 98 %, 31 %, 585 MHz, 5000 MHz, 66.22 W, 77, P0
2026/09/30 08:45:12.371, Tesla T4, 10067 MiB, 4846 MiB, 15360 MiB, 100 %, 31 %, 615 MHz, 5000 MHz, 66.08 W, 77, P0
2026/09/30 08:45:12.882, Tesla T4, 10067 MiB, 4846 MiB, 15360 MiB, 100 %, 30 %, 600 MHz, 5000 MHz, 67.10 W, 77, P0
2026/09/30 08:45:13.397, Tesla T4, 10067 MiB, 4846 MiB, 15360 MiB, 100 %, 33 %, 540 MHz, 5000 MHz, 65.44 W, 77, P0
2026/09/30 08:45:13.919, Tesla T4, 10067 MiB, 4846 MiB, 15360 MiB, 100 %, 35 %, 555 MHz, 5000 MHz, 66.61 W, 77, P0
2026/09/30 08:45:14.444, Tesla T4, 10067 MiB, 4846 MiB, 15360 MiB, 100 %, 34 %, 720 MHz, 5000 MHz, 65.83 W, 77, P0
2026/09/30 08:45:14.969, Tesla T4, 10067 MiB, 4846 MiB, 15360 MiB, 100 %, 35 %, 510 MHz, 5000 MHz, 65.44 W, 77, P0
2026/09/30 08:45:15.495, Tesla T4, 10067 MiB, 4846 MiB, 15360 MiB, 96 %, 34 %, 600 MHz, 5000 MHz, 65.89 W, 77, P0
2026/09/30 08:45:16.017, Tesla T4, 10067 MiB, 4846 MiB, 15360 MiB, 89 %, 33 %, 585 MHz, 5000 MHz, 68.72 W, 77, P0
2026/09/30 08:45:16.538, Tesla T4, 10067 MiB, 4846 MiB, 15360 MiB, 92 %, 36 %, 870 MHz, 5000 MHz, 53.48 W, 77, P0
2026/09/30 08:45:17.056, Tesla T4, 10067 MiB, 4846 MiB, 15360 MiB, 91 %, 40 %, 660 MHz, 5000 MHz, 60.48 W, 77, P0
2026/09/30 08:45:17.568, Tesla T4, 10067 MiB, 4846 MiB, 15360 MiB, 97 %, 36 %, 555 MHz, 5000 MHz, 64.65 W, 77, P0
2026/09/30 08:45:18.081, Tesla T4, 10067 MiB, 4846 MiB, 15360 MiB, 100 %, 30 %, 630 MHz, 5000 MHz, 67.20 W, 77, P0
2026/09/30 08:45:18.597, Tesla T4, 10067 MiB, 4846 MiB, 15360 MiB, 100 %, 36 %, 555 MHz, 5000 MHz, 66.51 W, 77, P0
2026/09/30 08:45:19.108, Tesla T4, 10067 MiB, 4846 MiB, 15360 MiB, 100 %, 30 %, 600 MHz, 5000 MHz, 66.51 W, 77, P0
2026/09/30 08:45:19.621, Tesla T4, 10067 MiB, 4846 MiB, 15360 MiB, 100 %, 30 %, 585 MHz, 5000 MHz, 65.83 W, 77, P0
2026/09/30 08:45:20.132, Tesla T4, 10067 MiB, 4846 MiB, 15360 MiB, 93 %, 40 %, 615 MHz, 5000 MHz, 49.28 W, 77, P0
2026/09/30 08:45:20.650, Tesla T4, 10067 MiB, 4846 MiB, 15360 MiB, 100 %, 30 %, 600 MHz, 5000 MHz, 65.89 W, 77, P0
2026/09/30 08:45:21.164, Tesla T4, 10067 MiB, 4846 MiB, 15360 MiB, 99 %, 32 %, 630 MHz, 5000 MHz, 66.91 W, 77, P0
2026/09/30 08:45:21.680, Tesla T4, 10067 MiB, 4846 MiB, 15360 MiB, 100 %, 30 %, 615 MHz, 5000 MHz, 65.53 W, 77, P0
2026/09/30 08:45:22.192, Tesla T4, 10067 MiB, 4846 MiB, 15360 MiB, 95 %, 31 %, 630 MHz, 5000 MHz, 66.57 W, 77, P0
2026/09/30 08:45:22.711, Tesla T4, 10067 MiB, 4846 MiB, 15360 MiB, 100 %, 30 %, 630 MHz, 5000 MHz, 65.83 W, 77, P0
2026/09/30 08:45:23.223, Tesla T4, 10067 MiB, 4846 MiB, 15360 MiB, 100 %, 36 %, 555 MHz, 5000 MHz, 65.04 W, 77, P0
2026/09/30 08:45:23.741, Tesla T4, 10067 MiB, 4846 MiB, 15360 MiB, 93 %, 34 %, 555 MHz, 5000 MHz, 64.85 W, 77, P0
2026/09/30 08:45:24.252, Tesla T4, 10067 MiB, 4846 MiB, 15360 MiB, 98 %, 35 %, 765 MHz, 5000 MHz, 67.89 W, 77, P0
2026/09/30 08:45:24.763, Tesla T4, 10067 MiB, 4846 MiB, 15360 MiB, 100 %, 28 %, 600 MHz, 5000 MHz, 66.81 W, 77, P0
2026/09/30 08:45:25.280, Tesla T4, 10067 MiB, 4846 MiB, 15360 MiB, 100 %, 28 %, 645 MHz, 5000 MHz, 66.81 W, 77, P0
2026/09/30 08:45:25.791, Tesla T4, 10067 MiB, 4846 MiB, 15360 MiB, 100 %, 27 %, 615 MHz, 5000 MHz, 66.61 W, 78, P0
2026/09/30 08:45:26.306, Tesla T4, 10067 MiB, 4846 MiB, 15360 MiB, 100 %, 26 %, 675 MHz, 5000 MHz, 63.71 W, 77, P0
2026/09/30 08:45:26.821, Tesla T4, 10067 MiB, 4846 MiB, 15360 MiB, 100 %, 28 %, 600 MHz, 5000 MHz, 65.34 W, 78, P0
2026/09/30 08:45:27.348, Tesla T4, 10067 MiB, 4846 MiB, 15360 MiB, 100 %, 28 %, 540 MHz, 5000 MHz, 68.63 W, 77, P0
2026/09/30 08:45:27.873, Tesla T4, 10067 MiB, 4846 MiB, 15360 MiB, 100 %, 26 %, 600 MHz, 5000 MHz, 66.71 W, 78, P0
2026/09/30 08:45:28.398, Tesla T4, 10067 MiB, 4846 MiB, 15360 MiB, 100 %, 22 %, 675 MHz, 5000 MHz, 65.24 W, 77, P0
2026/09/30 08:45:28.931, Tesla T4, 10067 MiB, 4846 MiB, 15360 MiB, 100 %, 35 %, 615 MHz, 5000 MHz, 66.12 W, 78, P0
2026/09/30 08:45:29.453, Tesla T4, 10067 MiB, 4846 MiB, 15360 MiB, 100 %, 28 %, 585 MHz, 5000 MHz, 67.59 W, 77, P0
2026/09/30 08:45:29.970, Tesla T4, 10067 MiB, 4846 MiB, 15360 MiB, 98 %, 31 %, 600 MHz, 5000 MHz, 64.85 W, 78, P0
2026/09/30 08:45:30.495, Tesla T4, 10067 MiB, 4846 MiB, 15360 MiB, 97 %, 28 %, 630 MHz, 5000 MHz, 66.02 W, 78, P0
2026/09/30 08:45:31.007, Tesla T4, 10067 MiB, 4846 MiB, 15360 MiB, 91 %, 40 %, 585 MHz, 5000 MHz, 68.43 W, 77, P0
2026/09/30 08:45:31.532, Tesla T4, 10067 MiB, 4846 MiB, 15360 MiB, 100 %, 28 %, 645 MHz, 5000 MHz, 67.20 W, 77, P0
2026/09/30 08:45:32.051, Tesla T4, 10067 MiB, 4846 MiB, 15360 MiB, 94 %, 38 %, 615 MHz, 5000 MHz, 67.75 W, 77, P0
2026/09/30 08:45:32.570, Tesla T4, 10067 MiB, 4846 MiB, 15360 MiB, 97 %, 45 %, 885 MHz, 5000 MHz, 70.82 W, 77, P0
2026/09/30 08:45:33.089, Tesla T4, 10067 MiB, 4846 MiB, 15360 MiB, 99 %, 47 %, 645 MHz, 5000 MHz, 71.03 W, 77, P0
2026/09/30 08:45:33.608, Tesla T4, 10067 MiB, 4846 MiB, 15360 MiB, 99 %, 36 %, 660 MHz, 5000 MHz, 65.53 W, 77, P0
2026/09/30 08:45:34.121, Tesla T4, 10067 MiB, 4846 MiB, 15360 MiB, 99 %, 35 %, 705 MHz, 5000 MHz, 61.46 W, 77, P0
2026/09/30 08:45:34.642, Tesla T4, 10067 MiB, 4846 MiB, 15360 MiB, 100 %, 27 %, 660 MHz, 5000 MHz, 66.71 W, 77, P0
2026/09/30 08:45:35.153, Tesla T4, 10067 MiB, 4846 MiB, 15360 MiB, 100 %, 33 %, 615 MHz, 5000 MHz, 65.28 W, 77, P0
2026/09/30 08:45:35.682, Tesla T4, 10067 MiB, 4846 MiB, 15360 MiB, 100 %, 27 %, 645 MHz, 5000 MHz, 64.89 W, 77, P0
2026/09/30 08:45:36.198, Tesla T4, 10067 MiB, 4846 MiB, 15360 MiB, 98 %, 29 %, 585 MHz, 5000 MHz, 65.83 W, 77, P0
2026/09/30 08:45:36.730, Tesla T4, 10067 MiB, 4846 MiB, 15360 MiB, 97 %, 38 %, 630 MHz, 5000 MHz, 67.26 W, 77, P0
2026/09/30 08:45:37.248, Tesla T4, 10067 MiB, 4846 MiB, 15360 MiB, 93 %, 32 %, 645 MHz, 5000 MHz, 66.02 W, 77, P0
2026/09/30 08:45:37.775, Tesla T4, 10067 MiB, 4846 MiB, 15360 MiB, 100 %, 31 %, 585 MHz, 5000 MHz, 65.53 W, 77, P0
2026/09/30 08:45:38.290, Tesla T4, 10067 MiB, 4846 MiB, 15360 MiB, 100 %, 32 %, 525 MHz, 5000 MHz, 66.16 W, 77, P0
2026/09/30 08:45:38.824, Tesla T4, 10067 MiB, 4846 MiB, 15360 MiB, 100 %, 32 %, 690 MHz, 5000 MHz, 64.50 W, 77, P0
2026/09/30 08:45:39.335, Tesla T4, 10067 MiB, 4846 MiB, 15360 MiB, 98 %, 31 %, 615 MHz, 5000 MHz, 67.69 W, 77, P0
2026/09/30 08:45:39.862, Tesla T4, 10067 MiB, 4846 MiB, 15360 MiB, 94 %, 26 %, 615 MHz, 5000 MHz, 63.32 W, 77, P0
2026/09/30 08:45:40.381, Tesla T4, 10067 MiB, 4846 MiB, 15360 MiB, 100 %, 26 %, 615 MHz, 5000 MHz, 65.63 W, 78, P0
2026/09/30 08:45:40.911, Tesla T4, 10067 MiB, 4846 MiB, 15360 MiB, 100 %, 26 %, 840 MHz, 5000 MHz, 64.85 W, 78, P0
2026/09/30 08:45:41.431, Tesla T4, 10067 MiB, 4846 MiB, 15360 MiB, 100 %, 23 %, 720 MHz, 5000 MHz, 65.14 W, 78, P0
2026/09/30 08:45:41.961, Tesla T4, 10067 MiB, 4846 MiB, 15360 MiB, 100 %, 19 %, 1275 MHz, 5000 MHz, 99.73 W, 78, P0
2026/09/30 08:45:42.490, Tesla T4, 10067 MiB, 4846 MiB, 15360 MiB, 100 %, 25 %, 600 MHz, 5000 MHz, 65.83 W, 78, P0
2026/09/30 08:45:43.003, Tesla T4, 10067 MiB, 4846 MiB, 15360 MiB, 100 %, 25 %, 600 MHz, 5000 MHz, 65.34 W, 78, P0
2026/09/30 08:45:43.514, Tesla T4, 10067 MiB, 4846 MiB, 15360 MiB, 100 %, 22 %, 720 MHz, 5000 MHz, 66.32 W, 78, P0
2026/09/30 08:45:44.030, Tesla T4, 10067 MiB, 4846 MiB, 15360 MiB, 100 %, 22 %, 690 MHz, 5000 MHz, 66.71 W, 78, P0
2026/09/30 08:45:44.541, Tesla T4, 10067 MiB, 4846 MiB, 15360 MiB, 98 %, 35 %, 570 MHz, 5000 MHz, 65.63 W, 77, P0
2026/09/30 08:45:45.053, Tesla T4, 10067 MiB, 4846 MiB, 15360 MiB, 93 %, 35 %, 555 MHz, 5000 MHz, 67.69 W, 77, P0
2026/09/30 08:45:45.569, Tesla T4, 10067 MiB, 4846 MiB, 15360 MiB, 97 %, 35 %, 630 MHz, 5000 MHz, 68.32 W, 77, P0
2026/09/30 08:45:46.082, Tesla T4, 10067 MiB, 4846 MiB, 15360 MiB, 98 %, 41 %, 660 MHz, 5000 MHz, 64.54 W, 77, P0
2026/09/30 08:45:46.595, Tesla T4, 10067 MiB, 4846 MiB, 15360 MiB, 99 %, 39 %, 555 MHz, 5000 MHz, 66.18 W, 77, P0
2026/09/30 08:45:47.110, Tesla T4, 10067 MiB, 4846 MiB, 15360 MiB, 100 %, 32 %, 690 MHz, 5000 MHz, 64.69 W, 77, P0
2026/09/30 08:45:47.632, Tesla T4, 10067 MiB, 4846 MiB, 15360 MiB, 100 %, 32 %, 645 MHz, 5000 MHz, 57.80 W, 77, P0
2026/09/30 08:45:48.144, Tesla T4, 10067 MiB, 4846 MiB, 15360 MiB, 100 %, 31 %, 615 MHz, 5000 MHz, 66.12 W, 77, P0
2026/09/30 08:45:48.660, Tesla T4, 10067 MiB, 4846 MiB, 15360 MiB, 100 %, 25 %, 675 MHz, 5000 MHz, 66.42 W, 77, P0
2026/09/30 08:45:49.170, Tesla T4, 10067 MiB, 4846 MiB, 15360 MiB, 100 %, 30 %, 630 MHz, 5000 MHz, 64.00 W, 77, P0
2026/09/30 08:45:49.681, Tesla T4, 10067 MiB, 4846 MiB, 15360 MiB, 100 %, 24 %, 690 MHz, 5000 MHz, 66.32 W, 77, P0
2026/09/30 08:45:50.193, Tesla T4, 10067 MiB, 4846 MiB, 15360 MiB, 98 %, 32 %, 660 MHz, 5000 MHz, 66.61 W, 77, P0
2026/09/30 08:45:50.704, Tesla T4, 10067 MiB, 4846 MiB, 15360 MiB, 100 %, 28 %, 645 MHz, 5000 MHz, 64.40 W, 77, P0
2026/09/30 08:45:51.220, Tesla T4, 10067 MiB, 4846 MiB, 15360 MiB, 100 %, 35 %, 525 MHz, 5000 MHz, 66.51 W, 77, P0
2026/09/30 08:45:51.735, Tesla T4, 10067 MiB, 4846 MiB, 15360 MiB, 100 %, 27 %, 630 MHz, 5000 MHz, 66.42 W, 77, P0
2026/09/30 08:45:52.252, Tesla T4, 10067 MiB, 4846 MiB, 15360 MiB, 100 %, 25 %, 690 MHz, 5000 MHz, 65.67 W, 77, P0
2026/09/30 08:45:52.775, Tesla T4, 10067 MiB, 4846 MiB, 15360 MiB, 97 %, 26 %, 630 MHz, 5000 MHz, 66.42 W, 77, P0
2026/09/30 08:45:53.301, Tesla T4, 10067 MiB, 4846 MiB, 15360 MiB, 89 %, 25 %, 675 MHz, 5000 MHz, 65.63 W, 77, P0
2026/09/30 08:45:53.824, Tesla T4, 10067 MiB, 4846 MiB, 15360 MiB, 97 %, 25 %, 600 MHz, 5000 MHz, 67.20 W, 77, P0
2026/09/30 08:45:54.344, Tesla T4, 10067 MiB, 4846 MiB, 15360 MiB, 100 %, 29 %, 600 MHz, 5000 MHz, 66.51 W, 77, P0
2026/09/30 08:45:54.861, Tesla T4, 10067 MiB, 4846 MiB, 15360 MiB, 98 %, 30 %, 615 MHz, 5000 MHz, 67.26 W, 77, P0
2026/09/30 08:45:55.383, Tesla T4, 10067 MiB, 4846 MiB, 15360 MiB, 92 %, 32 %, 600 MHz, 5000 MHz, 65.04 W, 77, P0
2026/09/30 08:45:55.895, Tesla T4, 10067 MiB, 4846 MiB, 15360 MiB, 97 %, 31 %, 585 MHz, 5000 MHz, 65.48 W, 77, P0
2026/09/30 08:45:56.415, Tesla T4, 10067 MiB, 4846 MiB, 15360 MiB, 100 %, 31 %, 615 MHz, 5000 MHz, 67.16 W, 77, P0
2026/09/30 08:45:56.929, Tesla T4, 10067 MiB, 4846 MiB, 15360 MiB, 93 %, 29 %, 585 MHz, 5000 MHz, 64.79 W, 77, P0
2026/09/30 08:45:57.446, Tesla T4, 10067 MiB, 4846 MiB, 15360 MiB, 98 %, 29 %, 600 MHz, 5000 MHz, 66.91 W, 77, P0
2026/09/30 08:45:57.957, Tesla T4, 10067 MiB, 4846 MiB, 15360 MiB, 100 %, 29 %, 735 MHz, 5000 MHz, 58.39 W, 77, P0
2026/09/30 08:45:58.470, Tesla T4, 10067 MiB, 4846 MiB, 15360 MiB, 96 %, 43 %, 690 MHz, 5000 MHz, 64.30 W, 77, P0
2026/09/30 08:45:58.986, Tesla T4, 10067 MiB, 4846 MiB, 15360 MiB, 100 %, 25 %, 645 MHz, 5000 MHz, 61.26 W, 77, P0
2026/09/30 08:45:59.502, Tesla T4, 10067 MiB, 4846 MiB, 15360 MiB, 93 %, 27 %, 660 MHz, 5000 MHz, 72.11 W, 77, P0
2026/09/30 08:46:00.013, Tesla T4, 10067 MiB, 4846 MiB, 15360 MiB, 100 %, 24 %, 600 MHz, 5000 MHz, 71.32 W, 77, P0
2026/09/30 08:46:00.531, Tesla T4, 10067 MiB, 4846 MiB, 15360 MiB, 97 %, 27 %, 660 MHz, 5000 MHz, 64.40 W, 77, P0
2026/09/30 08:46:01.042, Tesla T4, 10067 MiB, 4846 MiB, 15360 MiB, 100 %, 28 %, 660 MHz, 5000 MHz, 65.83 W, 77, P0
2026/09/30 08:46:01.561, Tesla T4, 10067 MiB, 4846 MiB, 15360 MiB, 93 %, 27 %, 630 MHz, 5000 MHz, 65.28 W, 77, P0
2026/09/30 08:46:02.075, Tesla T4, 10067 MiB, 4846 MiB, 15360 MiB, 98 %, 31 %, 615 MHz, 5000 MHz, 67.30 W, 77, P0
2026/09/30 08:46:02.592, Tesla T4, 10067 MiB, 4846 MiB, 15360 MiB, 100 %, 37 %, 615 MHz, 5000 MHz, 65.53 W, 77, P0
2026/09/30 08:46:03.104, Tesla T4, 10067 MiB, 4846 MiB, 15360 MiB, 99 %, 36 %, 615 MHz, 5000 MHz, 67.04 W, 77, P0
2026/09/30 08:46:03.615, Tesla T4, 10067 MiB, 4846 MiB, 15360 MiB, 99 %, 36 %, 660 MHz, 5000 MHz, 65.73 W, 77, P0
2026/09/30 08:46:04.131, Tesla T4, 10067 MiB, 4846 MiB, 15360 MiB, 97 %, 34 %, 615 MHz, 5000 MHz, 67.14 W, 77, P0
2026/09/30 08:46:04.642, Tesla T4, 10067 MiB, 4846 MiB, 15360 MiB, 100 %, 25 %, 630 MHz, 5000 MHz, 65.73 W, 77, P0
2026/09/30 08:46:05.154, Tesla T4, 10067 MiB, 4846 MiB, 15360 MiB, 97 %, 31 %, 600 MHz, 5000 MHz, 64.69 W, 77, P0
2026/09/30 08:46:05.678, Tesla T4, 10067 MiB, 4846 MiB, 15360 MiB, 100 %, 29 %, 600 MHz, 5000 MHz, 64.40 W, 77, P0
2026/09/30 08:46:06.202, Tesla T4, 10067 MiB, 4846 MiB, 15360 MiB, 87 %, 29 %, 600 MHz, 5000 MHz, 65.48 W, 77, P0
2026/09/30 08:46:06.748, Tesla T4, 10067 MiB, 4846 MiB, 15360 MiB, 100 %, 25 %, 615 MHz, 5000 MHz, 66.51 W, 77, P0
2026/09/30 08:46:07.260, Tesla T4, 10067 MiB, 4846 MiB, 15360 MiB, 100 %, 29 %, 570 MHz, 5000 MHz, 65.24 W, 77, P0
2026/09/30 08:46:07.779, Tesla T4, 10067 MiB, 4846 MiB, 15360 MiB, 100 %, 28 %, 585 MHz, 5000 MHz, 64.89 W, 77, P0
2026/09/30 08:46:08.303, Tesla T4, 10067 MiB, 4846 MiB, 15360 MiB, 98 %, 36 %, 585 MHz, 5000 MHz, 65.44 W, 77, P0
2026/09/30 08:46:08.815, Tesla T4, 10067 MiB, 4846 MiB, 15360 MiB, 94 %, 36 %, 615 MHz, 5000 MHz, 65.57 W, 77, P0
2026/09/30 08:46:09.332, Tesla T4, 10067 MiB, 4846 MiB, 15360 MiB, 100 %, 34 %, 570 MHz, 5000 MHz, 69.41 W, 77, P0
2026/09/30 08:46:09.844, Tesla T4, 10067 MiB, 4846 MiB, 15360 MiB, 96 %, 33 %, 615 MHz, 5000 MHz, 65.38 W, 77, P0
2026/09/30 08:46:10.359, Tesla T4, 10067 MiB, 4846 MiB, 15360 MiB, 100 %, 34 %, 555 MHz, 5000 MHz, 66.81 W, 77, P0
2026/09/30 08:46:10.877, Tesla T4, 10067 MiB, 4846 MiB, 15360 MiB, 100 %, 32 %, 630 MHz, 5000 MHz, 67.35 W, 77, P0
2026/09/30 08:46:11.392, Tesla T4, 10067 MiB, 4846 MiB, 15360 MiB, 98 %, 33 %, 615 MHz, 5000 MHz, 64.00 W, 77, P0
2026/09/30 08:46:11.904, Tesla T4, 10067 MiB, 4846 MiB, 15360 MiB, 100 %, 30 %, 555 MHz, 5000 MHz, 66.12 W, 77, P0
2026/09/30 08:46:12.426, Tesla T4, 10067 MiB, 4846 MiB, 15360 MiB, 98 %, 33 %, 615 MHz, 5000 MHz, 67.49 W, 77, P0
2026/09/30 08:46:12.937, Tesla T4, 10067 MiB, 4846 MiB, 15360 MiB, 100 %, 30 %, 660 MHz, 5000 MHz, 60.32 W, 77, P0
2026/09/30 08:46:13.453, Tesla T4, 10067 MiB, 4846 MiB, 15360 MiB, 100 %, 26 %, 630 MHz, 5000 MHz, 64.26 W, 77, P0
2026/09/30 08:46:13.964, Tesla T4, 10067 MiB, 4846 MiB, 15360 MiB, 98 %, 28 %, 660 MHz, 5000 MHz, 66.51 W, 77, P0
2026/09/30 08:46:14.481, Tesla T4, 10067 MiB, 4846 MiB, 15360 MiB, 100 %, 27 %, 600 MHz, 5000 MHz, 66.71 W, 77, P0
2026/09/30 08:46:14.994, Tesla T4, 10067 MiB, 4846 MiB, 15360 MiB, 100 %, 26 %, 570 MHz, 5000 MHz, 67.20 W, 77, P0
2026/09/30 08:46:15.515, Tesla T4, 10067 MiB, 4846 MiB, 15360 MiB, 100 %, 31 %, 615 MHz, 5000 MHz, 64.75 W, 77, P0
2026/09/30 08:46:16.027, Tesla T4, 10067 MiB, 4846 MiB, 15360 MiB, 98 %, 32 %, 645 MHz, 5000 MHz, 66.51 W, 77, P0
2026/09/30 08:46:16.543, Tesla T4, 10067 MiB, 4846 MiB, 15360 MiB, 100 %, 36 %, 555 MHz, 5000 MHz, 66.22 W, 77, P0
2026/09/30 08:46:17.054, Tesla T4, 10067 MiB, 4846 MiB, 15360 MiB, 95 %, 31 %, 585 MHz, 5000 MHz, 65.67 W, 77, P0
2026/09/30 08:46:17.567, Tesla T4, 10067 MiB, 4846 MiB, 15360 MiB, 100 %, 35 %, 555 MHz, 5000 MHz, 66.61 W, 77, P0
2026/09/30 08:46:18.079, Tesla T4, 10067 MiB, 4846 MiB, 15360 MiB, 98 %, 32 %, 555 MHz, 5000 MHz, 64.55 W, 77, P0
2026/09/30 08:46:18.609, Tesla T4, 10067 MiB, 4846 MiB, 15360 MiB, 95 %, 32 %, 600 MHz, 5000 MHz, 66.71 W, 77, P0
2026/09/30 08:46:19.133, Tesla T4, 10067 MiB, 4846 MiB, 15360 MiB, 96 %, 29 %, 630 MHz, 5000 MHz, 66.42 W, 77, P0
2026/09/30 08:46:19.663, Tesla T4, 10067 MiB, 4846 MiB, 15360 MiB, 89 %, 30 %, 600 MHz, 5000 MHz, 66.22 W, 77, P0
2026/09/30 08:46:20.201, Tesla T4, 10067 MiB, 4846 MiB, 15360 MiB, 97 %, 29 %, 630 MHz, 5000 MHz, 65.53 W, 77, P0
2026/09/30 08:46:20.736, Tesla T4, 10067 MiB, 4846 MiB, 15360 MiB, 95 %, 32 %, 645 MHz, 5000 MHz, 67.16 W, 77, P0
2026/09/30 08:46:21.257, Tesla T4, 10067 MiB, 4846 MiB, 15360 MiB, 94 %, 42 %, 585 MHz, 5000 MHz, 71.13 W, 77, P0
2026/09/30 08:46:21.776, Tesla T4, 10067 MiB, 4846 MiB, 15360 MiB, 98 %, 35 %, 570 MHz, 5000 MHz, 65.83 W, 77, P0
2026/09/30 08:46:22.287, Tesla T4, 10067 MiB, 4846 MiB, 15360 MiB, 98 %, 35 %, 570 MHz, 5000 MHz, 67.10 W, 77, P0
2026/09/30 08:46:22.803, Tesla T4, 10067 MiB, 4846 MiB, 15360 MiB, 97 %, 43 %, 795 MHz, 5000 MHz, 68.19 W, 77, P0
2026/09/30 08:46:23.319, Tesla T4, 10067 MiB, 4846 MiB, 15360 MiB, 100 %, 30 %, 735 MHz, 5000 MHz, 65.04 W, 77, P0
2026/09/30 08:46:23.837, Tesla T4, 10067 MiB, 4846 MiB, 15360 MiB, 100 %, 32 %, 600 MHz, 5000 MHz, 67.54 W, 77, P0
2026/09/30 08:46:24.349, Tesla T4, 10067 MiB, 4846 MiB, 15360 MiB, 100 %, 34 %, 555 MHz, 5000 MHz, 65.83 W, 77, P0
2026/09/30 08:46:24.862, Tesla T4, 10067 MiB, 4846 MiB, 15360 MiB, 100 %, 35 %, 1425 MHz, 5000 MHz, 68.04 W, 76, P0
2026/09/30 08:46:25.372, Tesla T4, 10067 MiB, 4846 MiB, 15360 MiB, 0 %, 0 %, 1080 MHz, 5000 MHz, 35.50 W, 75, P0
2026/09/30 08:46:25.880, Tesla T4, 10067 MiB, 4846 MiB, 15360 MiB, 0 %, 0 %, 1080 MHz, 5000 MHz, 35.30 W, 74, P0
