timestamp, name, memory.used [MiB], memory.free [MiB], memory.total [MiB], utilization.gpu [%], utilization.memory [%], clocks.current.sm [MHz], clocks.current.memory [MHz], power.draw [W], temperature.gpu, pstate
2026/09/30 08:46:26.295, Tesla T4, 0 MiB, 14913 MiB, 15360 MiB, 5 %, 1 %, 1080 MHz, 5000 MHz, 39.72 W, 75, P0
2026/09/30 08:46:26.905, Tesla T4, 0 MiB, 14913 MiB, 15360 MiB, 0 %, 0 %, 1590 MHz, 5000 MHz, 44.41 W, 75, P0
2026/09/30 08:46:27.421, Tesla T4, 0 MiB, 14913 MiB, 15360 MiB, 0 %, 0 %, 1590 MHz, 5000 MHz, 44.41 W, 75, P0
2026/09/30 08:46:27.928, Tesla T4, 0 MiB, 14913 MiB, 15360 MiB, 0 %, 0 %, 1590 MHz, 5000 MHz, 44.21 W, 75, P0
2026/09/30 08:46:28.436, Tesla T4, 0 MiB, 14913 MiB, 15360 MiB, 0 %, 0 %, 465 MHz, 5000 MHz, 33.35 W, 74, P0
2026/09/30 08:46:28.946, Tesla T4, 0 MiB, 14913 MiB, 15360 MiB, 0 %, 0 %, 375 MHz, 5000 MHz, 33.05 W, 73, P0
2026/09/30 08:46:29.456, Tesla T4, 0 MiB, 14913 MiB, 15360 MiB, 0 %, 0 %, 375 MHz, 5000 MHz, 32.95 W, 73, P0
2026/09/30 08:46:29.967, Tesla T4, 0 MiB, 14913 MiB, 15360 MiB, 0 %, 0 %, 300 MHz, 5000 MHz, 32.95 W, 73, P0
2026/09/30 08:46:30.477, Tesla T4, 0 MiB, 14913 MiB, 15360 MiB, 0 %, 0 %, 300 MHz, 5000 MHz, 32.66 W, 73, P0
2026/09/30 08:46:30.989, Tesla T4, 0 MiB, 14913 MiB, 15360 MiB, 0 %, 0 %, 300 MHz, 5000 MHz, 32.66 W, 72, P0
2026/09/30 08:46:31.508, Tesla T4, 0 MiB, 14913 MiB, 15360 MiB, 0 %, 0 %, 300 MHz, 5000 MHz, 32.66 W, 72, P0
2026/09/30 08:46:32.030, Tesla T4, 0 MiB, 14913 MiB, 15360 MiB, 0 %, 0 %, 300 MHz, 405 MHz, 21.05 W, 71, P8
2026/09/30 08:46:32.579, Tesla T4, 3 MiB, 14910 MiB, 15360 MiB, 0 %, 0 %, 300 MHz, 405 MHz, 12.54 W, 71, P8
2026/09/30 08:46:33.103, Tesla T4, 3 MiB, 14910 MiB, 15360 MiB, 0 %, 0 %, 300 MHz, 405 MHz, 12.05 W, 70, P8
2026/09/30 08:46:33.630, Tesla T4, 3 MiB, 14910 MiB, 15360 MiB, 0 %, 0 %, 300 MHz, 405 MHz, 12.15 W, 70, P8
2026/09/30 08:46:34.159, Tesla T4, 3 MiB, 14910 MiB, 15360 MiB, 0 %, 0 %, 300 MHz, 405 MHz, 12.44 W, 70, P8
2026/09/30 08:46:34.676, Tesla T4, 3 MiB, 14910 MiB, 15360 MiB, 0 %, 0 %, 300 MHz, 405 MHz, 11.75 W, 69, P8
2026/09/30 08:46:35.194, Tesla T4, 3 MiB, 14910 MiB, 15360 MiB, 0 %, 0 %, 300 MHz, 405 MHz, 12.15 W, 69, P8
2026/09/30 08:46:35.717, Tesla T4, 3 MiB, 14910 MiB, 15360 MiB, 0 %, 0 %, 300 MHz, 405 MHz, 13.93 W, 69, P8
2026/09/30 08:46:36.248, Tesla T4, 3 MiB, 14910 MiB, 15360 MiB, 0 %, 0 %, 300 MHz, 405 MHz, 11.65 W, 69, P8
2026/09/30 08:46:36.763, Tesla T4, 3 MiB, 14910 MiB, 15360 MiB, 0 %, 0 %, 300 MHz, 405 MHz, 12.05 W, 69, P8
2026/09/30 08:46:37.279, Tesla T4, 3 MiB, 14910 MiB, 15360 MiB, 0 %, 0 %, 300 MHz, 405 MHz, 11.75 W, 68, P8
2026/09/30 08:46:37.795, Tesla T4, 3 MiB, 14910 MiB, 15360 MiB, 0 %, 0 %, 300 MHz, 405 MHz, 12.15 W, 68, P8
2026/09/30 08:46:38.311, Tesla T4, 3 MiB, 14910 MiB, 15360 MiB, 0 %, 0 %, 300 MHz, 405 MHz, 11.85 W, 68, P8
2026/09/30 08:46:38.825, Tesla T4, 3 MiB, 14910 MiB, 15360 MiB, 0 %, 0 %, 300 MHz, 405 MHz, 14.03 W, 68, P8
2026/09/30 08:46:39.347, Tesla T4, 3 MiB, 14910 MiB, 15360 MiB, 0 %, 0 %, 300 MHz, 405 MHz, 12.05 W, 68, P8
2026/09/30 08:46:39.862, Tesla T4, 3 MiB, 14910 MiB, 15360 MiB, 0 %, 0 %, 300 MHz, 405 MHz, 11.85 W, 68, P8
2026/09/30 08:46:40.380, Tesla T4, 13 MiB, 14900 MiB, 15360 MiB, 0 %, 0 %, 585 MHz, 5000 MHz, 12.24 W, 68, P0
2026/09/30 08:46:40.907, Tesla T4, 1363 MiB, 13550 MiB, 15360 MiB, 38 %, 2 %, 855 MHz, 5000 MHz, 32.66 W, 69, P0
2026/09/30 08:46:41.418, Tesla T4, 2947 MiB, 11966 MiB, 15360 MiB, 26 %, 1 %, 855 MHz, 5000 MHz, 32.66 W, 69, P0
2026/09/30 08:46:41.951, Tesla T4, 4531 MiB, 10382 MiB, 15360 MiB, 30 %, 2 %, 855 MHz, 5000 MHz, 32.66 W, 69, P0
2026/09/30 08:46:42.463, Tesla T4, 6095 MiB, 8818 MiB, 15360 MiB, 30 %, 2 %, 705 MHz, 5000 MHz, 32.28 W, 69, P0
2026/09/30 08:46:42.972, Tesla T4, 6127 MiB, 8786 MiB, 15360 MiB, 3 %, 0 %, 585 MHz, 5000 MHz, 32.08 W, 69, P0
2026/09/30 08:46:43.481, Tesla T4, 6127 MiB, 8786 MiB, 15360 MiB, 0 %, 0 %, 585 MHz, 5000 MHz, 32.06 W, 69, P0
2026/09/30 08:46:43.993, Tesla T4, 6127 MiB, 8786 MiB, 15360 MiB, 0 %, 0 %, 585 MHz, 5000 MHz, 32.08 W, 69, P0
2026/09/30 08:46:44.511, Tesla T4, 6127 MiB, 8786 MiB, 15360 MiB, 0 %, 0 %, 585 MHz, 5000 MHz, 32.08 W, 69, P0
2026/09/30 08:46:45.039, Tesla T4, 6127 MiB, 8786 MiB, 15360 MiB, 0 %, 0 %, 585 MHz, 5000 MHz, 32.08 W, 69, P0
2026/09/30 08:46:45.560, Tesla T4, 6499 MiB, 8414 MiB, 15360 MiB, 100 %, 35 %, 660 MHz, 5000 MHz, 64.30 W, 71, P0
2026/09/30 08:46:46.112, Tesla T4, 6499 MiB, 8414 MiB, 15360 MiB, 86 %, 49 %, 645 MHz, 5000 MHz, 67.20 W, 71, P0
2026/09/30 08:46:46.638, Tesla T4, 6499 MiB, 8414 MiB, 15360 MiB, 100 %, 34 %, 825 MHz, 5000 MHz, 65.38 W, 72, P0
2026/09/30 08:46:47.161, Tesla T4, 6499 MiB, 8414 MiB, 15360 MiB, 100 %, 34 %, 795 MHz, 5000 MHz, 67.69 W, 72, P0
2026/09/30 08:46:47.682, Tesla T4, 6499 MiB, 8414 MiB, 15360 MiB, 98 %, 35 %, 675 MHz, 5000 MHz, 66.42 W, 72, P0
2026/09/30 08:46:48.193, Tesla T4, 6499 MiB, 8414 MiB, 15360 MiB, 100 %, 35 %, 630 MHz, 5000 MHz, 67.54 W, 73, P0
2026/09/30 08:46:48.706, Tesla T4, 7139 MiB, 7774 MiB, 15360 MiB, 100 %, 31 %, 645 MHz, 5000 MHz, 65.34 W, 73, P0
2026/09/30 08:46:49.217, Tesla T4, 7139 MiB, 7774 MiB, 15360 MiB, 93 %, 35 %, 675 MHz, 5000 MHz, 69.51 W, 73, P0
2026/09/30 08:46:49.728, Tesla T4, 7139 MiB, 7774 MiB, 15360 MiB, 100 %, 29 %, 645 MHz, 5000 MHz, 66.51 W, 73, P0
2026/09/30 08:46:50.240, Tesla T4, 7139 MiB, 7774 MiB, 15360 MiB, 100 %, 27 %, 750 MHz, 5000 MHz, 66.42 W, 73, P0
2026/09/30 08:46:50.750, Tesla T4, 7139 MiB, 7774 MiB, 15360 MiB, 98 %, 30 %, 630 MHz, 5000 MHz, 66.42 W, 74, P0
2026/09/30 08:46:51.268, Tesla T4, 7139 MiB, 7774 MiB, 15360 MiB, 93 %, 25 %, 735 MHz, 5000 MHz, 65.83 W, 74, P0
2026/09/30 08:46:51.779, Tesla T4, 7139 MiB, 7774 MiB, 15360 MiB, 98 %, 29 %, 630 MHz, 5000 MHz, 66.65 W, 74, P0
2026/09/30 08:46:52.290, Tesla T4, 7139 MiB, 7774 MiB, 15360 MiB, 95 %, 40 %, 660 MHz, 5000 MHz, 67.45 W, 74, P0
2026/09/30 08:46:52.807, Tesla T4, 7139 MiB, 7774 MiB, 15360 MiB, 99 %, 42 %, 750 MHz, 5000 MHz, 67.20 W, 75, P0
2026/09/30 08:46:53.317, Tesla T4, 7139 MiB, 7774 MiB, 15360 MiB, 98 %, 28 %, 645 MHz, 5000 MHz, 66.51 W, 75, P0
2026/09/30 08:46:53.834, Tesla T4, 7139 MiB, 7774 MiB, 15360 MiB, 93 %, 26 %, 720 MHz, 5000 MHz, 65.93 W, 75, P0
2026/09/30 08:46:54.344, Tesla T4, 7139 MiB, 7774 MiB, 15360 MiB, 98 %, 27 %, 645 MHz, 5000 MHz, 67.20 W, 75, P0
2026/09/30 08:46:54.857, Tesla T4, 7139 MiB, 7774 MiB, 15360 MiB, 97 %, 31 %, 630 MHz, 5000 MHz, 66.61 W, 75, P0
2026/09/30 08:46:55.374, Tesla T4, 7139 MiB, 7774 MiB, 15360 MiB, 94 %, 36 %, 630 MHz, 5000 MHz, 65.77 W, 75, P0
2026/09/30 08:46:55.892, Tesla T4, 7139 MiB, 7774 MiB, 15360 MiB, 100 %, 33 %, 615 MHz, 5000 MHz, 66.51 W, 76, P0
2026/09/30 08:46:56.406, Tesla T4, 7139 MiB, 7774 MiB, 15360 MiB, 100 %, 33 %, 600 MHz, 5000 MHz, 73.53 W, 76, P0
2026/09/30 08:46:56.923, Tesla T4, 7139 MiB, 7774 MiB, 15360 MiB, 99 %, 33 %, 660 MHz, 5000 MHz, 66.51 W, 76, P0
2026/09/30 08:46:57.439, Tesla T4, 7139 MiB, 7774 MiB, 15360 MiB, 94 %, 40 %, 675 MHz, 5000 MHz, 65.38 W, 76, P0
2026/09/30 08:46:57.972, Tesla T4, 7139 MiB, 7774 MiB, 15360 MiB, 89 %, 37 %, 600 MHz, 5000 MHz, 65.93 W, 76, P0
2026/09/30 08:46:58.496, Tesla T4, 7139 MiB, 7774 MiB, 15360 MiB, 95 %, 34 %, 735 MHz, 5000 MHz, 57.47 W, 77, P0
2026/09/30 08:46:59.038, Tesla T4, 7139 MiB, 7774 MiB, 15360 MiB, 97 %, 36 %, 585 MHz, 5000 MHz, 65.98 W, 77, P0
2026/09/30 08:46:59.568, Tesla T4, 7139 MiB, 7774 MiB, 15360 MiB, 99 %, 33 %, 630 MHz, 5000 MHz, 66.28 W, 77, P0
2026/09/30 08:47:00.085, Tesla T4, 7927 MiB, 6986 MiB, 15360 MiB, 97 %, 26 %, 600 MHz, 5000 MHz, 66.28 W, 77, P0
2026/09/30 08:47:00.596, Tesla T4, 7927 MiB, 6986 MiB, 15360 MiB, 100 %, 25 %, 540 MHz, 5000 MHz, 45.56 W, 77, P0
2026/09/30 08:47:01.118, Tesla T4, 7927 MiB, 6986 MiB, 15360 MiB, 98 %, 28 %, 660 MHz, 5000 MHz, 70.00 W, 78, P0
2026/09/30 08:47:01.632, Tesla T4, 7927 MiB, 6986 MiB, 15360 MiB, 100 %, 26 %, 585 MHz, 5000 MHz, 65.38 W, 78, P0
2026/09/30 08:47:02.150, Tesla T4, 7927 MiB, 6986 MiB, 15360 MiB, 97 %, 38 %, 615 MHz, 5000 MHz, 64.55 W, 78, P0
2026/09/30 08:47:02.660, Tesla T4, 7927 MiB, 6986 MiB, 15360 MiB, 100 %, 31 %, 600 MHz, 5000 MHz, 65.24 W, 78, P0
2026/09/30 08:47:03.176, Tesla T4, 7927 MiB, 6986 MiB, 15360 MiB, 98 %, 31 %, 570 MHz, 5000 MHz, 65.57 W, 78, P0
2026/09/30 08:47:03.689, Tesla T4, 7937 MiB, 6976 MiB, 15360 MiB, 100 %, 28 %, 615 MHz, 5000 MHz, 68.24 W, 79, P0
2026/09/30 08:47:04.200, Tesla T4, 8879 MiB, 6034 MiB, 15360 MiB, 100 %, 28 %, 570 MHz, 5000 MHz, 64.89 W, 79, P0
2026/09/30 08:47:04.717, Tesla T4, 8879 MiB, 6034 MiB, 15360 MiB, 100 %, 27 %, 645 MHz, 5000 MHz, 68.53 W, 79, P0
2026/09/30 08:47:05.229, Tesla T4, 8879 MiB, 6034 MiB, 15360 MiB, 100 %, 27 %, 645 MHz, 5000 MHz, 66.22 W, 79, P0
2026/09/30 08:47:05.744, Tesla T4, 8879 MiB, 6034 MiB, 15360 MiB, 93 %, 30 %, 585 MHz, 5000 MHz, 65.34 W, 79, P0
2026/09/30 08:47:06.256, Tesla T4, 8879 MiB, 6034 MiB, 15360 MiB, 100 %, 27 %, 585 MHz, 5000 MHz, 67.10 W, 80, P0
2026/09/30 08:47:06.768, Tesla T4, 8879 MiB, 6034 MiB, 15360 MiB, 98 %, 28 %, 600 MHz, 5000 MHz, 65.08 W, 80, P0
2026/09/30 08:47:07.283, Tesla T4, 8879 MiB, 6034 MiB, 15360 MiB, 100 %, 23 %, 645 MHz, 5000 MHz, 65.44 W, 80, P0
2026/09/30 08:47:07.799, Tesla T4, 8879 MiB, 6034 MiB, 15360 MiB, 100 %, 26 %, 615 MHz, 5000 MHz, 65.38 W, 80, P0
2026/09/30 08:47:08.315, Tesla T4, 8879 MiB, 6034 MiB, 15360 MiB, 100 %, 33 %, 525 MHz, 5000 MHz, 65.83 W, 80, P0
2026/09/30 08:47:08.826, Tesla T4, 8879 MiB, 6034 MiB, 15360 MiB, 100 %, 25 %, 600 MHz, 5000 MHz, 65.14 W, 81, P0
2026/09/30 08:47:09.341, Tesla T4, 8879 MiB, 6034 MiB, 15360 MiB, 98 %, 31 %, 525 MHz, 5000 MHz, 65.44 W, 81, P0
2026/09/30 08:47:09.856, Tesla T4, 10067 MiB, 4846 MiB, 15360 MiB, 100 %, 21 %, 675 MHz, 5000 MHz, 65.28 W, 81, P0
2026/09/30 08:47:10.374, Tesla T4, 10067 MiB, 4846 MiB, 15360 MiB, 100 %, 21 %, 675 MHz, 5000 MHz, 65.34 W, 81, P0
2026/09/30 08:47:10.895, Tesla T4, 10067 MiB, 4846 MiB, 15360 MiB, 98 %, 38 %, 510 MHz, 5000 MHz, 65.28 W, 81, P0
2026/09/30 08:47:11.428, Tesla T4, 10067 MiB, 4846 MiB, 15360 MiB, 100 %, 20 %, 660 MHz, 5000 MHz, 64.99 W, 81, P0
2026/09/30 08:47:11.963, Tesla T4, 10067 MiB, 4846 MiB, 15360 MiB, 100 %, 20 %, 630 MHz, 5000 MHz, 65.73 W, 82, P0
2026/09/30 08:47:12.485, Tesla T4, 10067 MiB, 4846 MiB, 15360 MiB, 95 %, 27 %, 555 MHz, 5000 MHz, 63.91 W, 82, P0
2026/09/30 08:47:13.006, Tesla T4, 10067 MiB, 4846 MiB, 15360 MiB, 100 %, 26 %, 555 MHz, 5000 MHz, 63.91 W, 82, P0
2026/09/30 08:47:13.517, Tesla T4, 10067 MiB, 4846 MiB, 15360 MiB, 93 %, 25 %, 540 MHz, 5000 MHz, 76.61 W, 82, P0
2026/09/30 08:47:14.031, Tesla T4, 10067 MiB, 4846 MiB, 15360 MiB, 100 %, 27 %, 540 MHz, 5000 MHz, 67.00 W, 82, P0
2026/09/30 08:47:14.550, Tesla T4, 10067 MiB, 4846 MiB, 15360 MiB, 100 %, 28 %, 705 MHz, 5000 MHz, 64.40 W, 82, P0
2026/09/30 08:47:15.068, Tesla T4, 10067 MiB, 4846 MiB, 15360 MiB, 100 %, 20 %, 645 MHz, 5000 MHz, 65.04 W, 83, P0
2026/09/30 08:47:15.579, Tesla T4, 10067 MiB, 4846 MiB, 15360 MiB, 100 %, 21 %, 615 MHz, 5000 MHz, 65.04 W, 83, P0
2026/09/30 08:47:16.092, Tesla T4, 10067 MiB, 4846 MiB, 15360 MiB, 100 %, 20 %, 645 MHz, 5000 MHz, 63.97 W, 83, P0
2026/09/30 08:47:16.607, Tesla T4, 10067 MiB, 4846 MiB, 15360 MiB, 100 %, 20 %, 645 MHz, 5000 MHz, 64.69 W, 83, P0
2026/09/30 08:47:17.124, Tesla T4, 10067 MiB, 4846 MiB, 15360 MiB, 95 %, 40 %, 510 MHz, 5000 MHz, 68.28 W, 83, P0
2026/09/30 08:47:17.636, Tesla T4, 10067 MiB, 4846 MiB, 15360 MiB, 100 %, 26 %, 495 MHz, 5000 MHz, 65.93 W, 83, P0
2026/09/30 08:47:18.148, Tesla T4, 10067 MiB, 4846 MiB, 15360 MiB, 100 %, 28 %, 570 MHz, 5000 MHz, 65.14 W, 83, P0
2026/09/30 08:47:18.664, Tesla T4, 10067 MiB, 4846 MiB, 15360 MiB, 100 %, 26 %, 525 MHz, 5000 MHz, 65.24 W, 83, P0
2026/09/30 08:47:19.183, Tesla T4, 10067 MiB, 4846 MiB, 15360 MiB, 100 %, 28 %, 540 MHz, 5000 MHz, 63.71 W, 83, P0
2026/09/30 08:47:19.695, Tesla T4, 10067 MiB, 4846 MiB, 15360 MiB, 100 %, 30 %, 465 MHz, 5000 MHz, 63.71 W, 83, P0
2026/09/30 08:47:20.214, Tesla T4, 10067 MiB, 4846 MiB, 15360 MiB, 100 %, 27 %, 555 MHz, 5000 MHz, 63.61 W, 82, P0
2026/09/30 08:47:20.725, Tesla T4, 10067 MiB, 4846 MiB, 15360 MiB, 99 %, 30 %, 510 MHz, 5000 MHz, 65.83 W, 83, P0
2026/09/30 08:47:21.241, Tesla T4, 10067 MiB, 4846 MiB, 15360 MiB, 97 %, 28 %, 495 MHz, 5000 MHz, 63.57 W, 83, P0
2026/09/30 08:47:21.753, Tesla T4, 10067 MiB, 4846 MiB, 15360 MiB, 92 %, 34 %, 525 MHz, 5000 MHz, 56.03 W, 82, P0
2026/09/30 08:47:22.271, Tesla T4, 10067 MiB, 4846 MiB, 15360 MiB, 100 %, 30 %, 615 MHz, 5000 MHz, 63.38 W, 82, P0
2026/09/30 08:47:22.783, Tesla T4, 10067 MiB, 4846 MiB, 15360 MiB, 94 %, 34 %, 600 MHz, 5000 MHz, 65.04 W, 82, P0
2026/09/30 08:47:23.299, Tesla T4, 10067 MiB, 4846 MiB, 15360 MiB, 95 %, 35 %, 510 MHz, 5000 MHz, 65.18 W, 82, P0
2026/09/30 08:47:23.841, Tesla T4, 10067 MiB, 4846 MiB, 15360 MiB, 89 %, 33 %, 510 MHz, 5000 MHz, 66.02 W, 82, P0
2026/09/30 08:47:24.370, Tesla T4, 10067 MiB, 4846 MiB, 15360 MiB, 94 %, 41 %, 660 MHz, 5000 MHz, 65.24 W, 81, P0
2026/09/30 08:47:24.893, Tesla T4, 10067 MiB, 4846 MiB, 15360 MiB, 96 %, 35 %, 540 MHz, 5000 MHz, 65.34 W, 81, P0
2026/09/30 08:47:25.414, Tesla T4, 10067 MiB, 4846 MiB, 15360 MiB, 91 %, 35 %, 480 MHz, 5000 MHz, 73.58 W, 81, P0
2026/09/30 08:47:25.942, Tesla T4, 10067 MiB, 4846 MiB, 15360 MiB, 99 %, 31 %, 480 MHz, 5000 MHz, 65.44 W, 81, P0
2026/09/30 08:47:26.465, Tesla T4, 10067 MiB, 4846 MiB, 15360 MiB, 92 %, 40 %, 570 MHz, 5000 MHz, 64.79 W, 80, P0
2026/09/30 08:47:26.987, Tesla T4, 10067 MiB, 4846 MiB, 15360 MiB, 100 %, 29 %, 525 MHz, 5000 MHz, 65.73 W, 80, P0
2026/09/30 08:47:27.501, Tesla T4, 10067 MiB, 4846 MiB, 15360 MiB, 94 %, 33 %, 525 MHz, 5000 MHz, 64.65 W, 80, P0
2026/09/30 08:47:28.014, Tesla T4, 10067 MiB, 4846 MiB, 15360 MiB, 97 %, 38 %, 480 MHz, 5000 MHz, 66.86 W, 80, P0
2026/09/30 08:47:28.526, Tesla T4, 10067 MiB, 4846 MiB, 15360 MiB, 96 %, 48 %, 555 MHz, 5000 MHz, 69.02 W, 79, P0
2026/09/30 08:47:29.043, Tesla T4, 10067 MiB, 4846 MiB, 15360 MiB, 99 %, 40 %, 570 MHz, 5000 MHz, 65.28 W, 79, P0
2026/09/30 08:47:29.554, Tesla T4, 10067 MiB, 4846 MiB, 15360 MiB, 96 %, 37 %, 840 MHz, 5000 MHz, 65.38 W, 79, P0
2026/09/30 08:47:30.073, Tesla T4, 10067 MiB, 4846 MiB, 15360 MiB, 95 %, 28 %, 675 MHz, 5000 MHz, 65.93 W, 79, P0
2026/09/30 08:47:30.586, Tesla T4, 10067 MiB, 4846 MiB, 15360 MiB, 100 %, 22 %, 690 MHz, 5000 MHz, 65.04 W, 79, P0
2026/09/30 08:47:31.099, Tesla T4, 10067 MiB, 4846 MiB, 15360 MiB, 98 %, 25 %, 600 MHz, 5000 MHz, 65.63 W, 79, P0
2026/09/30 08:47:31.611, Tesla T4, 10067 MiB, 4846 MiB, 15360 MiB, 100 %, 25 %, 570 MHz, 5000 MHz, 65.24 W, 79, P0
2026/09/30 08:47:32.126, Tesla T4, 10067 MiB, 4846 MiB, 15360 MiB, 100 %, 22 %, 720 MHz, 5000 MHz, 65.28 W, 79, P0
2026/09/30 08:47:32.641, Tesla T4, 10067 MiB, 4846 MiB, 15360 MiB, 100 %, 20 %, 675 MHz, 5000 MHz, 65.93 W, 79, P0
2026/09/30 08:47:33.152, Tesla T4, 10067 MiB, 4846 MiB, 15360 MiB, 100 %, 27 %, 615 MHz, 5000 MHz, 66.16 W, 78, P0
2026/09/30 08:47:33.669, Tesla T4, 10067 MiB, 4846 MiB, 15360 MiB, 87 %, 53 %, 660 MHz, 5000 MHz, 70.60 W, 78, P0
2026/09/30 08:47:34.190, Tesla T4, 10067 MiB, 4846 MiB, 15360 MiB, 100 %, 22 %, 705 MHz, 5000 MHz, 65.93 W, 78, P0
2026/09/30 08:47:34.701, Tesla T4, 10067 MiB, 4846 MiB, 15360 MiB, 100 %, 22 %, 690 MHz, 5000 MHz, 66.61 W, 78, P0
2026/09/30 08:47:35.213, Tesla T4, 10067 MiB, 4846 MiB, 15360 MiB, 100 %, 23 %, 705 MHz, 5000 MHz, 66.81 W, 78, P0
2026/09/30 08:47:35.728, Tesla T4, 10067 MiB, 4846 MiB, 15360 MiB, 100 %, 23 %, 690 MHz, 5000 MHz, 66.51 W, 78, P0
2026/09/30 08:47:36.256, Tesla T4, 10067 MiB, 4846 MiB, 15360 MiB, 100 %, 22 %, 720 MHz, 5000 MHz, 66.81 W, 78, P0
2026/09/30 08:47:36.784, Tesla T4, 10067 MiB, 4846 MiB, 15360 MiB, 100 %, 22 %, 690 MHz, 5000 MHz, 66.51 W, 77, P0
2026/09/30 08:47:37.307, Tesla T4, 10067 MiB, 4846 MiB, 15360 MiB, 100 %, 22 %, 720 MHz, 5000 MHz, 65.77 W, 77, P0
2026/09/30 08:47:37.846, Tesla T4, 10067 MiB, 4846 MiB, 15360 MiB, 100 %, 22 %, 690 MHz, 5000 MHz, 66.51 W, 77, P0
2026/09/30 08:47:38.365, Tesla T4, 10067 MiB, 4846 MiB, 15360 MiB, 95 %, 36 %, 660 MHz, 5000 MHz, 68.88 W, 77, P0
2026/09/30 08:47:38.883, Tesla T4, 10067 MiB, 4846 MiB, 15360 MiB, 97 %, 35 %, 630 MHz, 5000 MHz, 66.12 W, 76, P0
2026/09/30 08:47:39.399, Tesla T4, 10067 MiB, 4846 MiB, 15360 MiB, 100 %, 25 %, 720 MHz, 5000 MHz, 67.35 W, 76, P0
2026/09/30 08:47:39.910, Tesla T4, 10067 MiB, 4846 MiB, 15360 MiB, 98 %, 27 %, 735 MHz, 5000 MHz, 66.91 W, 76, P0
2026/09/30 08:47:40.422, Tesla T4, 10067 MiB, 4846 MiB, 15360 MiB, 100 %, 23 %, 555 MHz, 5000 MHz, 66.81 W, 76, P0
2026/09/30 08:47:40.934, Tesla T4, 10067 MiB, 4846 MiB, 15360 MiB, 98 %, 28 %, 690 MHz, 5000 MHz, 66.02 W, 76, P0
2026/09/30 08:47:41.445, Tesla T4, 10067 MiB, 4846 MiB, 15360 MiB, 93 %, 28 %, 585 MHz, 5000 MHz, 65.34 W, 76, P0
2026/09/30 08:47:41.962, Tesla T4, 10067 MiB, 4846 MiB, 15360 MiB, 100 %, 25 %, 705 MHz, 5000 MHz, 65.63 W, 76, P0
2026/09/30 08:47:42.487, Tesla T4, 10067 MiB, 4846 MiB, 15360 MiB, 95 %, 43 %, 615 MHz, 5000 MHz, 66.61 W, 76, P0
2026/09/30 08:47:43.009, Tesla T4, 10067 MiB, 4846 MiB, 15360 MiB, 100 %, 32 %, 675 MHz, 5000 MHz, 67.21 W, 76, P0
2026/09/30 08:47:43.520, Tesla T4, 10067 MiB, 4846 MiB, 15360 MiB, 89 %, 37 %, 630 MHz, 5000 MHz, 66.28 W, 75, P0
2026/09/30 08:47:44.031, Tesla T4, 10067 MiB, 4846 MiB, 15360 MiB, 96 %, 32 %, 645 MHz, 5000 MHz, 67.16 W, 75, P0
2026/09/30 08:47:44.543, Tesla T4, 10067 MiB, 4846 MiB, 15360 MiB, 98 %, 30 %, 645 MHz, 5000 MHz, 66.71 W, 75, P0
2026/09/30 08:47:45.055, Tesla T4, 10067 MiB, 4846 MiB, 15360 MiB, 94 %, 28 %, 630 MHz, 5000 MHz, 65.63 W, 75, P0
2026/09/30 08:47:45.566, Tesla T4, 10067 MiB, 4846 MiB, 15360 MiB, 98 %, 33 %, 645 MHz, 5000 MHz, 66.81 W, 75, P0
2026/09/30 08:47:46.083, Tesla T4, 10067 MiB, 4846 MiB, 15360 MiB, 92 %, 56 %, 735 MHz, 5000 MHz, 71.81 W, 75, P0
2026/09/30 08:47:46.594, Tesla T4, 10067 MiB, 4846 MiB, 15360 MiB, 94 %, 41 %, 645 MHz, 5000 MHz, 65.00 W, 75, P0
2026/09/30 08:47:47.110, Tesla T4, 10067 MiB, 4846 MiB, 15360 MiB, 99 %, 46 %, 690 MHz, 5000 MHz, 72.65 W, 75, P0
2026/09/30 08:47:47.622, Tesla T4, 10067 MiB, 4846 MiB, 15360 MiB, 100 %, 26 %, 735 MHz, 5000 MHz, 66.51 W, 75, P0
2026/09/30 08:47:48.139, Tesla T4, 10067 MiB, 4846 MiB, 15360 MiB, 100 %, 34 %, 720 MHz, 5000 MHz, 67.30 W, 74, P0
2026/09/30 08:47:48.651, Tesla T4, 10067 MiB, 4846 MiB, 15360 MiB, 100 %, 25 %, 900 MHz, 5000 MHz, 67.00 W, 75, P0
2026/09/30 08:47:49.178, Tesla T4, 10067 MiB, 4846 MiB, 15360 MiB, 95 %, 30 %, 675 MHz, 5000 MHz, 65.24 W, 74, P0
2026/09/30 08:47:49.718, Tesla T4, 10067 MiB, 4846 MiB, 15360 MiB, 100 %, 30 %, 705 MHz, 5000 MHz, 65.73 W, 74, P0
2026/09/30 08:47:50.252, Tesla T4, 10067 MiB, 4846 MiB, 15360 MiB, 95 %, 32 %, 660 MHz, 5000 MHz, 39.31 W, 74, P0
2026/09/30 08:47:50.775, Tesla T4, 10067 MiB, 4846 MiB, 15360 MiB, 100 %, 27 %, 690 MHz, 5000 MHz, 65.63 W, 74, P0
2026/09/30 08:47:51.303, Tesla T4, 10067 MiB, 4846 MiB, 15360 MiB, 100 %, 34 %, 765 MHz, 5000 MHz, 61.59 W, 74, P0
2026/09/30 08:47:51.826, Tesla T4, 10067 MiB, 4846 MiB, 15360 MiB, 98 %, 42 %, 795 MHz, 5000 MHz, 54.43 W, 74, P0
2026/09/30 08:47:52.343, Tesla T4, 10067 MiB, 4846 MiB, 15360 MiB, 100 %, 32 %, 675 MHz, 5000 MHz, 67.31 W, 74, P0
2026/09/30 08:47:52.854, Tesla T4, 10067 MiB, 4846 MiB, 15360 MiB, 100 %, 24 %, 705 MHz, 5000 MHz, 66.12 W, 74, P0
2026/09/30 08:47:53.371, Tesla T4, 10067 MiB, 4846 MiB, 15360 MiB, 100 %, 26 %, 750 MHz, 5000 MHz, 65.89 W, 74, P0
2026/09/30 08:47:53.882, Tesla T4, 10067 MiB, 4846 MiB, 15360 MiB, 96 %, 41 %, 630 MHz, 5000 MHz, 67.49 W, 74, P0
2026/09/30 08:47:54.402, Tesla T4, 10067 MiB, 4846 MiB, 15360 MiB, 96 %, 40 %, 675 MHz, 5000 MHz, 66.71 W, 74, P0
2026/09/30 08:47:54.912, Tesla T4, 10067 MiB, 4846 MiB, 15360 MiB, 93 %, 44 %, 660 MHz, 5000 MHz, 66.22 W, 74, P0
2026/09/30 08:47:55.428, Tesla T4, 10067 MiB, 4846 MiB, 15360 MiB, 97 %, 39 %, 675 MHz, 5000 MHz, 66.71 W, 74, P0
2026/09/30 08:47:55.940, Tesla T4, 10067 MiB, 4846 MiB, 15360 MiB, 93 %, 38 %, 690 MHz, 5000 MHz, 64.00 W, 74, P0
2026/09/30 08:47:56.456, Tesla T4, 10067 MiB, 4846 MiB, 15360 MiB, 100 %, 29 %, 645 MHz, 5000 MHz, 65.24 W, 74, P0
2026/09/30 08:47:56.967, Tesla T4, 10067 MiB, 4846 MiB, 15360 MiB, 95 %, 31 %, 630 MHz, 5000 MHz, 75.78 W, 74, P0
2026/09/30 08:47:57.485, Tesla T4, 10067 MiB, 4846 MiB, 15360 MiB, 100 %, 29 %, 630 MHz, 5000 MHz, 67.00 W, 74, P0
2026/09/30 08:47:57.996, Tesla T4, 10067 MiB, 4846 MiB, 15360 MiB, 100 %, 26 %, 720 MHz, 5000 MHz, 65.67 W, 74, P0
2026/09/30 08:47:58.507, Tesla T4, 10067 MiB, 4846 MiB, 15360 MiB, 100 %, 34 %, 675 MHz, 5000 MHz, 65.18 W, 73, P0
2026/09/30 08:47:59.023, Tesla T4, 10067 MiB, 4846 MiB, 15360 MiB, 100 %, 26 %, 825 MHz, 5000 MHz, 66.42 W, 74, P0
2026/09/30 08:47:59.534, Tesla T4, 10067 MiB, 4846 MiB, 15360 MiB, 97 %, 31 %, 645 MHz, 5000 MHz, 65.98 W, 74, P0
2026/09/30 08:48:00.046, Tesla T4, 10067 MiB, 4846 MiB, 15360 MiB, 93 %, 37 %, 675 MHz, 5000 MHz, 68.53 W, 74, P0
2026/09/30 08:48:00.562, Tesla T4, 10067 MiB, 4846 MiB, 15360 MiB, 100 %, 37 %, 585 MHz, 5000 MHz, 66.65 W, 74, P0
2026/09/30 08:48:01.074, Tesla T4, 10067 MiB, 4846 MiB, 15360 MiB, 100 %, 36 %, 585 MHz, 5000 MHz, 66.42 W, 74, P0
2026/09/30 08:48:01.586, Tesla T4, 10067 MiB, 4846 MiB, 15360 MiB, 99 %, 38 %, 600 MHz, 5000 MHz, 65.93 W, 74, P0
2026/09/30 08:48:02.114, Tesla T4, 10067 MiB, 4846 MiB, 15360 MiB, 98 %, 44 %, 600 MHz, 5000 MHz, 65.73 W, 74, P0
2026/09/30 08:48:02.639, Tesla T4, 10067 MiB, 4846 MiB, 15360 MiB, 100 %, 24 %, 765 MHz, 5000 MHz, 66.06 W, 74, P0
2026/09/30 08:48:03.166, Tesla T4, 10067 MiB, 4846 MiB, 15360 MiB, 100 %, 22 %, 780 MHz, 5000 MHz, 66.61 W, 74, P0
2026/09/30 08:48:03.699, Tesla T4, 10067 MiB, 4846 MiB, 15360 MiB, 87 %, 28 %, 750 MHz, 5000 MHz, 68.28 W, 74, P0
2026/09/30 08:48:04.229, Tesla T4, 10067 MiB, 4846 MiB, 15360 MiB, 100 %, 23 %, 795 MHz, 5000 MHz, 66.22 W, 75, P0
2026/09/30 08:48:04.763, Tesla T4, 10067 MiB, 4846 MiB, 15360 MiB, 98 %, 31 %, 645 MHz, 5000 MHz, 66.02 W, 75, P0
2026/09/30 08:48:05.278, Tesla T4, 10067 MiB, 4846 MiB, 15360 MiB, 97 %, 42 %, 690 MHz, 5000 MHz, 59.96 W, 74, P0
2026/09/30 08:48:05.794, Tesla T4, 10067 MiB, 4846 MiB, 15360 MiB, 98 %, 43 %, 600 MHz, 5000 MHz, 68.38 W, 75, P0
2026/09/30 08:48:06.312, Tesla T4, 10067 MiB, 4846 MiB, 15360 MiB, 92 %, 43 %, 600 MHz, 5000 MHz, 63.08 W, 75, P0
2026/09/30 08:48:06.824, Tesla T4, 10067 MiB, 4846 MiB, 15360 MiB, 89 %, 54 %, 480 MHz, 5000 MHz, 57.90 W, 74, P0
2026/09/30 08:48:07.336, Tesla T4, 10067 MiB, 4846 MiB, 15360 MiB, 100 %, 30 %, 645 MHz, 5000 MHz, 67.00 W, 75, P0
2026/09/30 08:48:07.850, Tesla T4, 10067 MiB, 4846 MiB, 15360 MiB, 92 %, 43 %, 630 MHz, 5000 MHz, 66.81 W, 75, P0
2026/09/30 08:48:08.361, Tesla T4, 10067 MiB, 4846 MiB, 15360 MiB, 100 %, 25 %, 525 MHz, 5000 MHz, 63.42 W, 75, P0
2026/09/30 08:48:08.880, Tesla T4, 10067 MiB, 4846 MiB, 15360 MiB, 100 %, 36 %, 645 MHz, 5000 MHz, 60.90 W, 75, P0
2026/09/30 08:48:09.392, Tesla T4, 10067 MiB, 4846 MiB, 15360 MiB, 100 %, 30 %, 720 MHz, 5000 MHz, 66.51 W, 75, P0
2026/09/30 08:48:09.910, Tesla T4, 10067 MiB, 4846 MiB, 15360 MiB, 100 %, 34 %, 630 MHz, 5000 MHz, 67.00 W, 75, P0
2026/09/30 08:48:10.421, Tesla T4, 10067 MiB, 4846 MiB, 15360 MiB, 97 %, 31 %, 660 MHz, 5000 MHz, 67.94 W, 75, P0
2026/09/30 08:48:10.939, Tesla T4, 10067 MiB, 4846 MiB, 15360 MiB, 98 %, 31 %, 645 MHz, 5000 MHz, 65.97 W, 75, P0
2026/09/30 08:48:11.450, Tesla T4, 10067 MiB, 4846 MiB, 15360 MiB, 100 %, 32 %, 720 MHz, 5000 MHz, 63.81 W, 75, P0
2026/09/30 08:48:11.961, Tesla T4, 10067 MiB, 4846 MiB, 15360 MiB, 97 %, 36 %, 555 MHz, 5000 MHz, 66.61 W, 75, P0
2026/09/30 08:48:12.481, Tesla T4, 10067 MiB, 4846 MiB, 15360 MiB, 93 %, 37 %, 585 MHz, 5000 MHz, 66.22 W, 75, P0
2026/09/30 08:48:12.993, Tesla T4, 10067 MiB, 4846 MiB, 15360 MiB, 100 %, 27 %, 645 MHz, 5000 MHz, 66.22 W, 76, P0
2026/09/30 08:48:13.517, Tesla T4, 10067 MiB, 4846 MiB, 15360 MiB, 100 %, 27 %, 615 MHz, 5000 MHz, 66.32 W, 76, P0
2026/09/30 08:48:14.030, Tesla T4, 10067 MiB, 4846 MiB, 15360 MiB, 100 %, 23 %, 735 MHz, 5000 MHz, 65.38 W, 76, P0
2026/09/30 08:48:14.541, Tesla T4, 10067 MiB, 4846 MiB, 15360 MiB, 100 %, 23 %, 705 MHz, 5000 MHz, 66.22 W, 76, P0
2026/09/30 08:48:15.052, Tesla T4, 10067 MiB, 4846 MiB, 15360 MiB, 100 %, 26 %, 630 MHz, 5000 MHz, 66.02 W, 76, P0
2026/09/30 08:48:15.579, Tesla T4, 10067 MiB, 4846 MiB, 15360 MiB, 99 %, 26 %, 720 MHz, 5000 MHz, 66.22 W, 76, P0
2026/09/30 08:48:16.112, Tesla T4, 10067 MiB, 4846 MiB, 15360 MiB, 100 %, 23 %, 720 MHz, 5000 MHz, 64.46 W, 76, P0
2026/09/30 08:48:16.635, Tesla T4, 10067 MiB, 4846 MiB, 15360 MiB, 92 %, 43 %, 600 MHz, 5000 MHz, 65.77 W, 76, P0
2026/09/30 08:48:17.170, Tesla T4, 10067 MiB, 4846 MiB, 15360 MiB, 85 %, 39 %, 615 MHz, 5000 MHz, 67.04 W, 76, P0
2026/09/30 08:48:17.692, Tesla T4, 10067 MiB, 4846 MiB, 15360 MiB, 100 %, 32 %, 615 MHz, 5000 MHz, 65.28 W, 76, P0
2026/09/30 08:48:18.205, Tesla T4, 10067 MiB, 4846 MiB, 15360 MiB, 99 %, 32 %, 675 MHz, 5000 MHz, 53.05 W, 77, P0
2026/09/30 08:48:18.722, Tesla T4, 10067 MiB, 4846 MiB, 15360 MiB, 100 %, 29 %, 630 MHz, 5000 MHz, 67.10 W, 77, P0
2026/09/30 08:48:19.233, Tesla T4, 10067 MiB, 4846 MiB, 15360 MiB, 100 %, 38 %, 615 MHz, 5000 MHz, 68.53 W, 77, P0
2026/09/30 08:48:19.749, Tesla T4, 10067 MiB, 4846 MiB, 15360 MiB, 100 %, 29 %, 570 MHz, 5000 MHz, 67.30 W, 77, P0
2026/09/30 08:48:20.264, Tesla T4, 10067 MiB, 4846 MiB, 15360 MiB, 100 %, 37 %, 555 MHz, 5000 MHz, 61.20 W, 77, P0
2026/09/30 08:48:20.785, Tesla T4, 10067 MiB, 4846 MiB, 15360 MiB, 93 %, 36 %, 660 MHz, 5000 MHz, 64.87 W, 77, P0
2026/09/30 08:48:21.297, Tesla T4, 10067 MiB, 4846 MiB, 15360 MiB, 91 %, 57 %, 630 MHz, 5000 MHz, 60.77 W, 77, P0
2026/09/30 08:48:21.814, Tesla T4, 10067 MiB, 4846 MiB, 15360 MiB, 100 %, 30 %, 570 MHz, 5000 MHz, 68.53 W, 78, P0
2026/09/30 08:48:22.326, Tesla T4, 10067 MiB, 4846 MiB, 15360 MiB, 100 %, 25 %, 675 MHz, 5000 MHz, 65.63 W, 78, P0
2026/09/30 08:48:22.840, Tesla T4, 10067 MiB, 4846 MiB, 15360 MiB, 100 %, 29 %, 615 MHz, 5000 MHz, 64.79 W, 78, P0
2026/09/30 08:48:23.351, Tesla T4, 10067 MiB, 4846 MiB, 15360 MiB, 100 %, 24 %, 690 MHz, 5000 MHz, 66.12 W, 78, P0
2026/09/30 08:48:23.862, Tesla T4, 10067 MiB, 4846 MiB, 15360 MiB, 100 %, 32 %, 600 MHz, 5000 MHz, 64.59 W, 78, P0
2026/09/30 08:48:24.375, Tesla T4, 10067 MiB, 4846 MiB, 15360 MiB, 100 %, 32 %, 600 MHz, 5000 MHz, 65.18 W, 78, P0
2026/09/30 08:48:24.887, Tesla T4, 10067 MiB, 4846 MiB, 15360 MiB, 93 %, 30 %, 615 MHz, 5000 MHz, 65.83 W, 78, P0
2026/09/30 08:48:25.399, Tesla T4, 10067 MiB, 4846 MiB, 15360 MiB, 100 %, 32 %, 615 MHz, 5000 MHz, 66.56 W, 78, P0
2026/09/30 08:48:25.912, Tesla T4, 10067 MiB, 4846 MiB, 15360 MiB, 100 %, 34 %, 540 MHz, 5000 MHz, 65.67 W, 78, P0
2026/09/30 08:48:26.424, Tesla T4, 10067 MiB, 4846 MiB, 15360 MiB, 100 %, 22 %, 705 MHz, 5000 MHz, 64.69 W, 78, P0
2026/09/30 08:48:26.936, Tesla T4, 10067 MiB, 4846 MiB, 15360 MiB, 100 %, 22 %, 690 MHz, 5000 MHz, 66.51 W, 79, P0
2026/09/30 08:48:27.452, Tesla T4, 10067 MiB, 4846 MiB, 15360 MiB, 100 %, 33 %, 540 MHz, 5000 MHz, 66.06 W, 79, P0
2026/09/30 08:48:27.964, Tesla T4, 10067 MiB, 4846 MiB, 15360 MiB, 100 %, 22 %, 690 MHz, 5000 MHz, 66.32 W, 79, P0
2026/09/30 08:48:28.486, Tesla T4, 10067 MiB, 4846 MiB, 15360 MiB, 100 %, 21 %, 660 MHz, 5000 MHz, 66.32 W, 79, P0
2026/09/30 08:48:29.010, Tesla T4, 10067 MiB, 4846 MiB, 15360 MiB, 100 %, 33 %, 645 MHz, 5000 MHz, 65.53 W, 79, P0
2026/09/30 08:48:29.536, Tesla T4, 10067 MiB, 4846 MiB, 15360 MiB, 100 %, 27 %, 645 MHz, 5000 MHz, 66.91 W, 79, P0
2026/09/30 08:48:30.063, Tesla T4, 10067 MiB, 4846 MiB, 15360 MiB, 100 %, 35 %, 540 MHz, 5000 MHz, 65.24 W, 79, P0
2026/09/30 08:48:30.582, Tesla T4, 10067 MiB, 4846 MiB, 15360 MiB, 100 %, 26 %, 645 MHz, 5000 MHz, 65.14 W, 79, P0
2026/09/30 08:48:31.096, Tesla T4, 10067 MiB, 4846 MiB, 15360 MiB, 96 %, 31 %, 480 MHz, 5000 MHz, 66.02 W, 79, P0
2026/09/30 08:48:31.610, Tesla T4, 10067 MiB, 4846 MiB, 15360 MiB, 100 %, 27 %, 600 MHz, 5000 MHz, 67.89 W, 79, P0
2026/09/30 08:48:32.122, Tesla T4, 10067 MiB, 4846 MiB, 15360 MiB, 100 %, 26 %, 630 MHz, 5000 MHz, 71.62 W, 79, P0
2026/09/30 08:48:32.640, Tesla T4, 10067 MiB, 4846 MiB, 15360 MiB, 100 %, 26 %, 630 MHz, 5000 MHz, 65.24 W, 79, P0
2026/09/30 08:48:33.157, Tesla T4, 10067 MiB, 4846 MiB, 15360 MiB, 100 %, 26 %, 585 MHz, 5000 MHz, 65.48 W, 79, P0
2026/09/30 08:48:33.672, Tesla T4, 10067 MiB, 4846 MiB, 15360 MiB, 98 %, 32 %, 600 MHz, 5000 MHz, 61.46 W, 79, P0
2026/09/30 08:48:34.186, Tesla T4, 10067 MiB, 4846 MiB, 15360 MiB, 91 %, 27 %, 945 MHz, 5000 MHz, 66.61 W, 79, P0
2026/09/30 08:48:34.703, Tesla T4, 10067 MiB, 4846 MiB, 15360 MiB, 98 %, 32 %, 585 MHz, 5000 MHz, 65.38 W, 79, P0
2026/09/30 08:48:35.219, Tesla T4, 10067 MiB, 4846 MiB, 15360 MiB, 97 %, 33 %, 615 MHz, 5000 MHz, 66.92 W, 79, P0
2026/09/30 08:48:35.732, Tesla T4, 10067 MiB, 4846 MiB, 15360 MiB, 95 %, 45 %, 570 MHz, 5000 MHz, 66.42 W, 79, P0
2026/09/30 08:48:36.249, Tesla T4, 10067 MiB, 4846 MiB, 15360 MiB, 100 %, 24 %, 600 MHz, 5000 MHz, 65.44 W, 79, P0
2026/09/30 08:48:36.762, Tesla T4, 10067 MiB, 4846 MiB, 15360 MiB, 92 %, 40 %, 615 MHz, 5000 MHz, 65.18 W, 79, P0
2026/09/30 08:48:37.280, Tesla T4, 10067 MiB, 4846 MiB, 15360 MiB, 100 %, 23 %, 585 MHz, 5000 MHz, 64.40 W, 79, P0
2026/09/30 08:48:37.793, Tesla T4, 10067 MiB, 4846 MiB, 15360 MiB, 95 %, 41 %, 555 MHz, 5000 MHz, 63.87 W, 79, P0
2026/09/30 08:48:38.304, Tesla T4, 10067 MiB, 4846 MiB, 15360 MiB, 100 %, 35 %, 810 MHz, 5000 MHz, 68.24 W, 79, P0
2026/09/30 08:48:38.820, Tesla T4, 10067 MiB, 4846 MiB, 15360 MiB, 100 %, 33 %, 615 MHz, 5000 MHz, 64.95 W, 79, P0
2026/09/30 08:48:39.335, Tesla T4, 10067 MiB, 4846 MiB, 15360 MiB, 100 %, 24 %, 675 MHz, 5000 MHz, 64.89 W, 79, P0
2026/09/30 08:48:39.851, Tesla T4, 10067 MiB, 4846 MiB, 15360 MiB, 100 %, 24 %, 645 MHz, 5000 MHz, 65.63 W, 79, P0
2026/09/30 08:48:40.363, Tesla T4, 10067 MiB, 4846 MiB, 15360 MiB, 99 %, 28 %, 630 MHz, 5000 MHz, 69.21 W, 79, P0
2026/09/30 08:48:40.877, Tesla T4, 10067 MiB, 4846 MiB, 15360 MiB, 97 %, 29 %, 585 MHz, 5000 MHz, 66.26 W, 79, P0
2026/09/30 08:48:41.392, Tesla T4, 10067 MiB, 4846 MiB, 15360 MiB, 100 %, 28 %, 615 MHz, 5000 MHz, 66.51 W, 79, P0
2026/09/30 08:48:41.911, Tesla T4, 10067 MiB, 4846 MiB, 15360 MiB, 98 %, 30 %, 600 MHz, 5000 MHz, 65.93 W, 79, P0
2026/09/30 08:48:42.434, Tesla T4, 10067 MiB, 4846 MiB, 15360 MiB, 95 %, 29 %, 555 MHz, 5000 MHz, 65.24 W, 79, P0
2026/09/30 08:48:42.966, Tesla T4, 10067 MiB, 4846 MiB, 15360 MiB, 89 %, 43 %, 540 MHz, 5000 MHz, 65.14 W, 79, P0
2026/09/30 08:48:43.489, Tesla T4, 10067 MiB, 4846 MiB, 15360 MiB, 95 %, 28 %, 570 MHz, 5000 MHz, 65.63 W, 79, P0
2026/09/30 08:48:44.002, Tesla T4, 10067 MiB, 4846 MiB, 15360 MiB, 100 %, 27 %, 615 MHz, 5000 MHz, 65.24 W, 79, P0
2026/09/30 08:48:44.518, Tesla T4, 10067 MiB, 4846 MiB, 15360 MiB, 92 %, 29 %, 570 MHz, 5000 MHz, 65.24 W, 79, P0
2026/09/30 08:48:45.029, Tesla T4, 10067 MiB, 4846 MiB, 15360 MiB, 100 %, 28 %, 615 MHz, 5000 MHz, 63.97 W, 79, P0
2026/09/30 08:48:45.543, Tesla T4, 10067 MiB, 4846 MiB, 15360 MiB, 97 %, 31 %, 570 MHz, 5000 MHz, 65.24 W, 79, P0
2026/09/30 08:48:46.054, Tesla T4, 10067 MiB, 4846 MiB, 15360 MiB, 95 %, 34 %, 570 MHz, 5000 MHz, 65.67 W, 78, P0
2026/09/30 08:48:46.571, Tesla T4, 10067 MiB, 4846 MiB, 15360 MiB, 97 %, 39 %, 645 MHz, 5000 MHz, 65.83 W, 78, P0
2026/09/30 08:48:47.083, Tesla T4, 10067 MiB, 4846 MiB, 15360 MiB, 97 %, 39 %, 630 MHz, 5000 MHz, 57.15 W, 78, P0
2026/09/30 08:48:47.594, Tesla T4, 10067 MiB, 4846 MiB, 15360 MiB, 98 %, 31 %, 525 MHz, 5000 MHz, 68.82 W, 78, P0
2026/09/30 08:48:48.110, Tesla T4, 10067 MiB, 4846 MiB, 15360 MiB, 100 %, 32 %, 615 MHz, 5000 MHz, 64.93 W, 78, P0
2026/09/30 08:48:48.626, Tesla T4, 10067 MiB, 4846 MiB, 15360 MiB, 98 %, 33 %, 540 MHz, 5000 MHz, 66.42 W, 78, P0
2026/09/30 08:48:49.139, Tesla T4, 10067 MiB, 4846 MiB, 15360 MiB, 91 %, 54 %, 570 MHz, 5000 MHz, 64.75 W, 78, P0
2026/09/30 08:48:49.654, Tesla T4, 10067 MiB, 4846 MiB, 15360 MiB, 98 %, 32 %, 705 MHz, 5000 MHz, 66.12 W, 78, P0
2026/09/30 08:48:50.168, Tesla T4, 10067 MiB, 4846 MiB, 15360 MiB, 94 %, 31 %, 630 MHz, 5000 MHz, 63.38 W, 78, P0
2026/09/30 08:48:50.693, Tesla T4, 10067 MiB, 4846 MiB, 15360 MiB, 100 %, 24 %, 690 MHz, 5000 MHz, 65.63 W, 78, P0
2026/09/30 08:48:51.204, Tesla T4, 10067 MiB, 4846 MiB, 15360 MiB, 100 %, 25 %, 660 MHz, 5000 MHz, 65.59 W, 78, P0
2026/09/30 08:48:51.722, Tesla T4, 10067 MiB, 4846 MiB, 15360 MiB, 94 %, 37 %, 660 MHz, 5000 MHz, 66.02 W, 78, P0
2026/09/30 08:48:52.234, Tesla T4, 10067 MiB, 4846 MiB, 15360 MiB, 96 %, 44 %, 570 MHz, 5000 MHz, 66.32 W, 78, P0
2026/09/30 08:48:52.771, Tesla T4, 10067 MiB, 4846 MiB, 15360 MiB, 94 %, 34 %, 750 MHz, 5000 MHz, 66.67 W, 78, P0
2026/09/30 08:48:53.284, Tesla T4, 10067 MiB, 4846 MiB, 15360 MiB, 98 %, 34 %, 600 MHz, 5000 MHz, 64.06 W, 78, P0
2026/09/30 08:48:53.807, Tesla T4, 10067 MiB, 4846 MiB, 15360 MiB, 93 %, 43 %, 705 MHz, 5000 MHz, 54.36 W, 77, P0
2026/09/30 08:48:54.334, Tesla T4, 10067 MiB, 4846 MiB, 15360 MiB, 95 %, 44 %, 600 MHz, 5000 MHz, 64.36 W, 78, P0
2026/09/30 08:48:54.868, Tesla T4, 10067 MiB, 4846 MiB, 15360 MiB, 100 %, 30 %, 555 MHz, 5000 MHz, 66.32 W, 78, P0
2026/09/30 08:48:55.391, Tesla T4, 10067 MiB, 4846 MiB, 15360 MiB, 98 %, 30 %, 600 MHz, 5000 MHz, 65.53 W, 77, P0
2026/09/30 08:48:55.918, Tesla T4, 10067 MiB, 4846 MiB, 15360 MiB, 94 %, 27 %, 660 MHz, 5000 MHz, 65.93 W, 77, P0
2026/09/30 08:48:56.441, Tesla T4, 10067 MiB, 4846 MiB, 15360 MiB, 100 %, 27 %, 660 MHz, 5000 MHz, 64.30 W, 77, P0
2026/09/30 08:48:56.954, Tesla T4, 10067 MiB, 4846 MiB, 15360 MiB, 100 %, 25 %, 675 MHz, 5000 MHz, 66.22 W, 77, P0
2026/09/30 08:48:57.464, Tesla T4, 10067 MiB, 4846 MiB, 15360 MiB, 100 %, 27 %, 615 MHz, 5000 MHz, 65.93 W, 77, P0
2026/09/30 08:48:57.981, Tesla T4, 10067 MiB, 4846 MiB, 15360 MiB, 98 %, 26 %, 690 MHz, 5000 MHz, 66.22 W, 77, P0
2026/09/30 08:48:58.492, Tesla T4, 10067 MiB, 4846 MiB, 15360 MiB, 97 %, 35 %, 555 MHz, 5000 MHz, 65.38 W, 77, P0
2026/09/30 08:48:59.009, Tesla T4, 10067 MiB, 4846 MiB, 15360 MiB, 100 %, 39 %, 585 MHz, 5000 MHz, 65.83 W, 77, P0
2026/09/30 08:48:59.522, Tesla T4, 10067 MiB, 4846 MiB, 15360 MiB, 97 %, 27 %, 705 MHz, 5000 MHz, 66.02 W, 77, P0
2026/09/30 08:49:00.035, Tesla T4, 10067 MiB, 4846 MiB, 15360 MiB, 92 %, 40 %, 690 MHz, 5000 MHz, 66.81 W, 77, P0
2026/09/30 08:49:00.549, Tesla T4, 10067 MiB, 4846 MiB, 15360 MiB, 100 %, 23 %, 585 MHz, 5000 MHz, 71.42 W, 77, P0
2026/09/30 08:49:01.067, Tesla T4, 10067 MiB, 4846 MiB, 15360 MiB, 100 %, 29 %, 645 MHz, 5000 MHz, 67.45 W, 77, P0
2026/09/30 08:49:01.578, Tesla T4, 10067 MiB, 4846 MiB, 15360 MiB, 91 %, 38 %, 630 MHz, 5000 MHz, 66.51 W, 77, P0
2026/09/30 08:49:02.092, Tesla T4, 10067 MiB, 4846 MiB, 15360 MiB, 100 %, 25 %, 600 MHz, 5000 MHz, 65.93 W, 77, P0
2026/09/30 08:49:02.605, Tesla T4, 10067 MiB, 4846 MiB, 15360 MiB, 98 %, 38 %, 690 MHz, 5000 MHz, 65.24 W, 77, P0
2026/09/30 08:49:03.118, Tesla T4, 10067 MiB, 4846 MiB, 15360 MiB, 99 %, 40 %, 645 MHz, 5000 MHz, 66.02 W, 76, P0
2026/09/30 08:49:03.635, Tesla T4, 10067 MiB, 4846 MiB, 15360 MiB, 96 %, 37 %, 660 MHz, 5000 MHz, 63.81 W, 76, P0
2026/09/30 08:49:04.157, Tesla T4, 10067 MiB, 4846 MiB, 15360 MiB, 97 %, 36 %, 600 MHz, 5000 MHz, 67.00 W, 77, P0
2026/09/30 08:49:04.669, Tesla T4, 10067 MiB, 4846 MiB, 15360 MiB, 93 %, 33 %, 615 MHz, 5000 MHz, 67.40 W, 76, P0
2026/09/30 08:49:05.185, Tesla T4, 10067 MiB, 4846 MiB, 15360 MiB, 98 %, 35 %, 720 MHz, 5000 MHz, 66.42 W, 76, P0
2026/09/30 08:49:05.698, Tesla T4, 10067 MiB, 4846 MiB, 15360 MiB, 100 %, 23 %, 720 MHz, 5000 MHz, 66.32 W, 76, P0
2026/09/30 08:49:06.209, Tesla T4, 10067 MiB, 4846 MiB, 15360 MiB, 100 %, 20 %, 660 MHz, 5000 MHz, 66.91 W, 76, P0
2026/09/30 08:49:06.726, Tesla T4, 10067 MiB, 4846 MiB, 15360 MiB, 100 %, 26 %, 645 MHz, 5000 MHz, 66.77 W, 76, P0
2026/09/30 08:49:07.261, Tesla T4, 10067 MiB, 4846 MiB, 15360 MiB, 100 %, 26 %, 570 MHz, 5000 MHz, 66.91 W, 77, P0
2026/09/30 08:49:07.819, Tesla T4, 10067 MiB, 4846 MiB, 15360 MiB, 100 %, 22 %, 735 MHz, 5000 MHz, 65.93 W, 76, P0
2026/09/30 08:49:08.352, Tesla T4, 10067 MiB, 4846 MiB, 15360 MiB, 97 %, 23 %, 630 MHz, 5000 MHz, 72.50 W, 76, P0
2026/09/30 08:49:08.878, Tesla T4, 10067 MiB, 4846 MiB, 15360 MiB, 100 %, 26 %, 630 MHz, 5000 MHz, 67.40 W, 76, P0
2026/09/30 08:49:09.390, Tesla T4, 10067 MiB, 4846 MiB, 15360 MiB, 100 %, 23 %, 555 MHz, 5000 MHz, 66.81 W, 76, P0
2026/09/30 08:49:09.914, Tesla T4, 10067 MiB, 4846 MiB, 15360 MiB, 98 %, 44 %, 525 MHz, 5000 MHz, 61.69 W, 76, P0
2026/09/30 08:49:10.428, Tesla T4, 10067 MiB, 4846 MiB, 15360 MiB, 100 %, 34 %, 600 MHz, 5000 MHz, 63.32 W, 76, P0
2026/09/30 08:49:10.946, Tesla T4, 10067 MiB, 4846 MiB, 15360 MiB, 91 %, 36 %, 630 MHz, 5000 MHz, 68.63 W, 76, P0
2026/09/30 08:49:11.458, Tesla T4, 10067 MiB, 4846 MiB, 15360 MiB, 99 %, 36 %, 600 MHz, 5000 MHz, 66.02 W, 76, P0
2026/09/30 08:49:11.974, Tesla T4, 10067 MiB, 4846 MiB, 15360 MiB, 100 %, 31 %, 900 MHz, 5000 MHz, 56.17 W, 76, P0
2026/09/30 08:49:12.488, Tesla T4, 10067 MiB, 4846 MiB, 15360 MiB, 98 %, 32 %, 585 MHz, 5000 MHz, 66.02 W, 76, P0
2026/09/30 08:49:13.005, Tesla T4, 10067 MiB, 4846 MiB, 15360 MiB, 100 %, 29 %, 645 MHz, 5000 MHz, 66.38 W, 76, P0
2026/09/30 08:49:13.516, Tesla T4, 10067 MiB, 4846 MiB, 15360 MiB, 98 %, 32 %, 750 MHz, 5000 MHz, 66.42 W, 76, P0
2026/09/30 08:49:14.033, Tesla T4, 10067 MiB, 4846 MiB, 15360 MiB, 100 %, 29 %, 630 MHz, 5000 MHz, 66.51 W, 76, P0
2026/09/30 08:49:14.544, Tesla T4, 10067 MiB, 4846 MiB, 15360 MiB, 98 %, 39 %, 705 MHz, 5000 MHz, 67.69 W, 76, P0
2026/09/30 08:49:15.055, Tesla T4, 10067 MiB, 4846 MiB, 15360 MiB, 98 %, 24 %, 705 MHz, 5000 MHz, 66.18 W, 76, P0
2026/09/30 08:49:15.571, Tesla T4, 10067 MiB, 4846 MiB, 15360 MiB, 93 %, 24 %, 705 MHz, 5000 MHz, 74.70 W, 76, P0
2026/09/30 08:49:16.082, Tesla T4, 10067 MiB, 4846 MiB, 15360 MiB, 98 %, 24 %, 720 MHz, 5000 MHz, 67.10 W, 76, P0
2026/09/30 08:49:16.593, Tesla T4, 10067 MiB, 4846 MiB, 15360 MiB, 97 %, 36 %, 555 MHz, 5000 MHz, 69.02 W, 76, P0
2026/09/30 08:49:17.111, Tesla T4, 10067 MiB, 4846 MiB, 15360 MiB, 93 %, 39 %, 660 MHz, 5000 MHz, 67.00 W, 76, P0
2026/09/30 08:49:17.623, Tesla T4, 10067 MiB, 4846 MiB, 15360 MiB, 100 %, 26 %, 705 MHz, 5000 MHz, 66.57 W, 76, P0
2026/09/30 08:49:18.139, Tesla T4, 10067 MiB, 4846 MiB, 15360 MiB, 100 %, 31 %, 615 MHz, 5000 MHz, 64.69 W, 76, P0
2026/09/30 08:49:18.659, Tesla T4, 10067 MiB, 4846 MiB, 15360 MiB, 100 %, 25 %, 720 MHz, 5000 MHz, 66.22 W, 76, P0
2026/09/30 08:49:19.170, Tesla T4, 10067 MiB, 4846 MiB, 15360 MiB, 98 %, 33 %, 630 MHz, 5000 MHz, 65.44 W, 76, P0
2026/09/30 08:49:19.688, Tesla T4, 10067 MiB, 4846 MiB, 15360 MiB, 100 %, 32 %, 795 MHz, 5000 MHz, 65.53 W, 76, P0
2026/09/30 08:49:20.212, Tesla T4, 10067 MiB, 4846 MiB, 15360 MiB, 98 %, 35 %, 735 MHz, 5000 MHz, 66.38 W, 76, P0
2026/09/30 08:49:20.733, Tesla T4, 10067 MiB, 4846 MiB, 15360 MiB, 100 %, 33 %, 630 MHz, 5000 MHz, 64.79 W, 76, P0
2026/09/30 08:49:21.254, Tesla T4, 10067 MiB, 4846 MiB, 15360 MiB, 89 %, 34 %, 570 MHz, 5000 MHz, 64.95 W, 76, P0
2026/09/30 08:49:21.779, Tesla T4, 10067 MiB, 4846 MiB, 15360 MiB, 97 %, 33 %, 630 MHz, 5000 MHz, 66.91 W, 76, P0
2026/09/30 08:49:22.306, Tesla T4, 10067 MiB, 4846 MiB, 15360 MiB, 97 %, 37 %, 570 MHz, 5000 MHz, 66.67 W, 76, P0
2026/09/30 08:49:22.823, Tesla T4, 10067 MiB, 4846 MiB, 15360 MiB, 93 %, 34 %, 630 MHz, 5000 MHz, 67.00 W, 76, P0
2026/09/30 08:49:23.335, Tesla T4, 10067 MiB, 4846 MiB, 15360 MiB, 97 %, 35 %, 615 MHz, 5000 MHz, 68.24 W, 76, P0
2026/09/30 08:49:23.849, Tesla T4, 10067 MiB, 4846 MiB, 15360 MiB, 91 %, 38 %, 525 MHz, 5000 MHz, 65.79 W, 76, P0
2026/09/30 08:49:24.365, Tesla T4, 10067 MiB, 4846 MiB, 15360 MiB, 96 %, 30 %, 630 MHz, 5000 MHz, 67.40 W, 76, P0
2026/09/30 08:49:24.877, Tesla T4, 10067 MiB, 4846 MiB, 15360 MiB, 97 %, 28 %, 645 MHz, 5000 MHz, 65.24 W, 76, P0
2026/09/30 08:49:25.397, Tesla T4, 10067 MiB, 4846 MiB, 15360 MiB, 100 %, 27 %, 615 MHz, 5000 MHz, 66.61 W, 76, P0
2026/09/30 08:49:25.908, Tesla T4, 10067 MiB, 4846 MiB, 15360 MiB, 100 %, 30 %, 630 MHz, 5000 MHz, 67.06 W, 76, P0
2026/09/30 08:49:26.420, Tesla T4, 10067 MiB, 4846 MiB, 15360 MiB, 100 %, 27 %, 600 MHz, 5000 MHz, 65.73 W, 76, P0
2026/09/30 08:49:26.941, Tesla T4, 10067 MiB, 4846 MiB, 15360 MiB, 100 %, 23 %, 630 MHz, 5000 MHz, 66.12 W, 76, P0
2026/09/30 08:49:27.514, Tesla T4, 10067 MiB, 4846 MiB, 15360 MiB, 100 %, 25 %, 735 MHz, 5000 MHz, 66.32 W, 76, P0
2026/09/30 08:49:28.025, Tesla T4, 10067 MiB, 4846 MiB, 15360 MiB, 94 %, 33 %, 750 MHz, 5000 MHz, 68.24 W, 76, P0
2026/09/30 08:49:28.535, Tesla T4, 10067 MiB, 4846 MiB, 15360 MiB, 96 %, 25 %, 585 MHz, 5000 MHz, 69.31 W, 76, P0
2026/09/30 08:49:29.048, Tesla T4, 10067 MiB, 4846 MiB, 15360 MiB, 100 %, 30 %, 585 MHz, 5000 MHz, 64.65 W, 76, P0
2026/09/30 08:49:29.561, Tesla T4, 10067 MiB, 4846 MiB, 15360 MiB, 98 %, 28 %, 675 MHz, 5000 MHz, 65.38 W, 76, P0
2026/09/30 08:49:30.076, Tesla T4, 10067 MiB, 4846 MiB, 15360 MiB, 100 %, 28 %, 675 MHz, 5000 MHz, 65.93 W, 76, P0
2026/09/30 08:49:30.589, Tesla T4, 10067 MiB, 4846 MiB, 15360 MiB, 100 %, 29 %, 600 MHz, 5000 MHz, 64.26 W, 76, P0
2026/09/30 08:49:31.100, Tesla T4, 10067 MiB, 4846 MiB, 15360 MiB, 100 %, 28 %, 600 MHz, 5000 MHz, 65.63 W, 76, P0
2026/09/30 08:49:31.614, Tesla T4, 10067 MiB, 4846 MiB, 15360 MiB, 100 %, 28 %, 660 MHz, 5000 MHz, 66.22 W, 76, P0
2026/09/30 08:49:32.125, Tesla T4, 10067 MiB, 4846 MiB, 15360 MiB, 100 %, 29 %, 690 MHz, 5000 MHz, 65.93 W, 77, P0
2026/09/30 08:49:32.642, Tesla T4, 10067 MiB, 4846 MiB, 15360 MiB, 100 %, 26 %, 570 MHz, 5000 MHz, 65.67 W, 76, P0
2026/09/30 08:49:33.181, Tesla T4, 10067 MiB, 4846 MiB, 15360 MiB, 87 %, 27 %, 675 MHz, 5000 MHz, 66.02 W, 76, P0
2026/09/30 08:49:33.701, Tesla T4, 10067 MiB, 4846 MiB, 15360 MiB, 100 %, 27 %, 570 MHz, 5000 MHz, 70.25 W, 76, P0
2026/09/30 08:49:34.241, Tesla T4, 10067 MiB, 4846 MiB, 15360 MiB, 94 %, 27 %, 735 MHz, 5000 MHz, 65.63 W, 77, P0
2026/09/30 08:49:34.753, Tesla T4, 10067 MiB, 4846 MiB, 15360 MiB, 100 %, 23 %, 735 MHz, 5000 MHz, 67.00 W, 77, P0
2026/09/30 08:49:35.282, Tesla T4, 10067 MiB, 4846 MiB, 15360 MiB, 97 %, 32 %, 555 MHz, 5000 MHz, 67.75 W, 77, P0
2026/09/30 08:49:35.797, Tesla T4, 10067 MiB, 4846 MiB, 15360 MiB, 100 %, 22 %, 720 MHz, 5000 MHz, 66.12 W, 77, P0
2026/09/30 08:49:36.308, Tesla T4, 10067 MiB, 4846 MiB, 15360 MiB, 100 %, 22 %, 720 MHz, 5000 MHz, 65.83 W, 77, P0
2026/09/30 08:49:36.827, Tesla T4, 10067 MiB, 4846 MiB, 15360 MiB, 98 %, 31 %, 630 MHz, 5000 MHz, 65.83 W, 77, P0
2026/09/30 08:49:37.338, Tesla T4, 10067 MiB, 4846 MiB, 15360 MiB, 98 %, 30 %, 630 MHz, 5000 MHz, 65.93 W, 77, P0
2026/09/30 08:49:37.854, Tesla T4, 10067 MiB, 4846 MiB, 15360 MiB, 93 %, 31 %, 570 MHz, 5000 MHz, 65.69 W, 77, P0
2026/09/30 08:49:38.366, Tesla T4, 10067 MiB, 4846 MiB, 15360 MiB, 98 %, 29 %, 630 MHz, 5000 MHz, 65.77 W, 77, P0
2026/09/30 08:49:38.882, Tesla T4, 10067 MiB, 4846 MiB, 15360 MiB, 96 %, 23 %, 720 MHz, 5000 MHz, 66.02 W, 77, P0
2026/09/30 08:49:39.393, Tesla T4, 10067 MiB, 4846 MiB, 15360 MiB, 100 %, 23 %, 720 MHz, 5000 MHz, 66.22 W, 77, P0
2026/09/30 08:49:39.904, Tesla T4, 10067 MiB, 4846 MiB, 15360 MiB, 91 %, 40 %, 720 MHz, 5000 MHz, 68.14 W, 77, P0
2026/09/30 08:49:40.416, Tesla T4, 10067 MiB, 4846 MiB, 15360 MiB, 100 %, 22 %, 705 MHz, 5000 MHz, 65.18 W, 77, P0
2026/09/30 08:49:40.927, Tesla T4, 10067 MiB, 4846 MiB, 15360 MiB, 98 %, 26 %, 600 MHz, 5000 MHz, 65.93 W, 77, P0
2026/09/30 08:49:41.442, Tesla T4, 10067 MiB, 4846 MiB, 15360 MiB, 100 %, 29 %, 555 MHz, 5000 MHz, 66.42 W, 77, P0
2026/09/30 08:49:41.955, Tesla T4, 10067 MiB, 4846 MiB, 15360 MiB, 100 %, 32 %, 765 MHz, 5000 MHz, 66.02 W, 77, P0
2026/09/30 08:49:42.466, Tesla T4, 10067 MiB, 4846 MiB, 15360 MiB, 100 %, 29 %, 555 MHz, 5000 MHz, 66.91 W, 77, P0
2026/09/30 08:49:42.981, Tesla T4, 10067 MiB, 4846 MiB, 15360 MiB, 100 %, 32 %, 630 MHz, 5000 MHz, 60.51 W, 77, P0
2026/09/30 08:49:43.492, Tesla T4, 10067 MiB, 4846 MiB, 15360 MiB, 97 %, 32 %, 585 MHz, 5000 MHz, 65.34 W, 77, P0
2026/09/30 08:49:44.009, Tesla T4, 10067 MiB, 4846 MiB, 15360 MiB, 93 %, 33 %, 630 MHz, 5000 MHz, 66.81 W, 77, P0
2026/09/30 08:49:44.521, Tesla T4, 10067 MiB, 4846 MiB, 15360 MiB, 98 %, 35 %, 555 MHz, 5000 MHz, 66.22 W, 77, P0
2026/09/30 08:49:45.041, Tesla T4, 10067 MiB, 4846 MiB, 15360 MiB, 100 %, 34 %, 555 MHz, 5000 MHz, 65.63 W, 77, P0
2026/09/30 08:49:45.553, Tesla T4, 10067 MiB, 4846 MiB, 15360 MiB, 87 %, 34 %, 555 MHz, 5000 MHz, 65.57 W, 77, P0
2026/09/30 08:49:46.092, Tesla T4, 10067 MiB, 4846 MiB, 15360 MiB, 98 %, 38 %, 660 MHz, 5000 MHz, 65.79 W, 77, P0
2026/09/30 08:49:46.619, Tesla T4, 10067 MiB, 4846 MiB, 15360 MiB, 98 %, 40 %, 570 MHz, 5000 MHz, 67.00 W, 77, P0
2026/09/30 08:49:47.151, Tesla T4, 10067 MiB, 4846 MiB, 15360 MiB, 98 %, 37 %, 645 MHz, 5000 MHz, 67.84 W, 77, P0
2026/09/30 08:49:47.676, Tesla T4, 10067 MiB, 4846 MiB, 15360 MiB, 93 %, 42 %, 645 MHz, 5000 MHz, 53.68 W, 77, P0
2026/09/30 08:49:48.197, Tesla T4, 10067 MiB, 4846 MiB, 15360 MiB, 98 %, 45 %, 585 MHz, 5000 MHz, 66.38 W, 77, P0
2026/09/30 08:49:48.714, Tesla T4, 10067 MiB, 4846 MiB, 15360 MiB, 98 %, 40 %, 810 MHz, 5000 MHz, 44.41 W, 77, P0
2026/09/30 08:49:49.230, Tesla T4, 10067 MiB, 4846 MiB, 15360 MiB, 100 %, 32 %, 585 MHz, 5000 MHz, 65.28 W, 77, P0
2026/09/30 08:49:49.743, Tesla T4, 10067 MiB, 4846 MiB, 15360 MiB, 94 %, 36 %, 585 MHz, 5000 MHz, 67.49 W, 77, P0
2026/09/30 08:49:50.258, Tesla T4, 10067 MiB, 4846 MiB, 15360 MiB, 95 %, 36 %, 585 MHz, 5000 MHz, 66.08 W, 77, P0
2026/09/30 08:49:50.776, Tesla T4, 10067 MiB, 4846 MiB, 15360 MiB, 100 %, 37 %, 630 MHz, 5000 MHz, 68.14 W, 77, P0
2026/09/30 08:49:51.290, Tesla T4, 10067 MiB, 4846 MiB, 15360 MiB, 100 %, 33 %, 630 MHz, 5000 MHz, 67.10 W, 77, P0
2026/09/30 08:49:51.810, Tesla T4, 10067 MiB, 4846 MiB, 15360 MiB, 93 %, 54 %, 630 MHz, 5000 MHz, 63.49 W, 77, P0
2026/09/30 08:49:52.322, Tesla T4, 10067 MiB, 4846 MiB, 15360 MiB, 93 %, 34 %, 855 MHz, 5000 MHz, 67.26 W, 77, P0
2026/09/30 08:49:52.840, Tesla T4, 10067 MiB, 4846 MiB, 15360 MiB, 98 %, 36 %, 645 MHz, 5000 MHz, 67.79 W, 77, P0
2026/09/30 08:49:53.353, Tesla T4, 10067 MiB, 4846 MiB, 15360 MiB, 93 %, 37 %, 645 MHz, 5000 MHz, 64.65 W, 77, P0
2026/09/30 08:49:53.868, Tesla T4, 10067 MiB, 4846 MiB, 15360 MiB, 96 %, 24 %, 720 MHz, 5000 MHz, 66.51 W, 78, P0
2026/09/30 08:49:54.383, Tesla T4, 10067 MiB, 4846 MiB, 15360 MiB, 100 %, 23 %, 720 MHz, 5000 MHz, 66.61 W, 78, P0
2026/09/30 08:49:54.894, Tesla T4, 10067 MiB, 4846 MiB, 15360 MiB, 98 %, 31 %, 585 MHz, 5000 MHz, 65.44 W, 78, P0
2026/09/30 08:49:55.406, Tesla T4, 10067 MiB, 4846 MiB, 15360 MiB, 92 %, 25 %, 705 MHz, 5000 MHz, 67.10 W, 78, P0
2026/09/30 08:49:55.917, Tesla T4, 10067 MiB, 4846 MiB, 15360 MiB, 100 %, 22 %, 720 MHz, 5000 MHz, 66.22 W, 78, P0
2026/09/30 08:49:56.428, Tesla T4, 10067 MiB, 4846 MiB, 15360 MiB, 97 %, 23 %, 570 MHz, 5000 MHz, 67.84 W, 78, P0
2026/09/30 08:49:56.941, Tesla T4, 10067 MiB, 4846 MiB, 15360 MiB, 100 %, 28 %, 585 MHz, 5000 MHz, 66.61 W, 78, P0
2026/09/30 08:49:57.452, Tesla T4, 10067 MiB, 4846 MiB, 15360 MiB, 93 %, 53 %, 735 MHz, 5000 MHz, 65.44 W, 78, P0
2026/09/30 08:49:57.963, Tesla T4, 10067 MiB, 4846 MiB, 15360 MiB, 100 %, 23 %, 690 MHz, 5000 MHz, 66.06 W, 78, P0
2026/09/30 08:49:58.482, Tesla T4, 10067 MiB, 4846 MiB, 15360 MiB, 100 %, 21 %, 690 MHz, 5000 MHz, 66.22 W, 77, P0
2026/09/30 08:49:59.011, Tesla T4, 10067 MiB, 4846 MiB, 15360 MiB, 100 %, 23 %, 720 MHz, 5000 MHz, 66.02 W, 78, P0
2026/09/30 08:49:59.539, Tesla T4, 10067 MiB, 4846 MiB, 15360 MiB, 100 %, 23 %, 795 MHz, 5000 MHz, 66.12 W, 77, P0
2026/09/30 08:50:00.065, Tesla T4, 10067 MiB, 4846 MiB, 15360 MiB, 100 %, 22 %, 705 MHz, 5000 MHz, 66.22 W, 78, P0
2026/09/30 08:50:00.598, Tesla T4, 10067 MiB, 4846 MiB, 15360 MiB, 99 %, 22 %, 765 MHz, 5000 MHz, 67.00 W, 78, P0
2026/09/30 08:50:01.130, Tesla T4, 10067 MiB, 4846 MiB, 15360 MiB, 100 %, 22 %, 720 MHz, 5000 MHz, 66.02 W, 78, P0
2026/09/30 08:50:01.649, Tesla T4, 10067 MiB, 4846 MiB, 15360 MiB, 100 %, 18 %, 870 MHz, 5000 MHz, 64.69 W, 78, P0
2026/09/30 08:50:02.168, Tesla T4, 10067 MiB, 4846 MiB, 15360 MiB, 98 %, 32 %, 570 MHz, 5000 MHz, 72.55 W, 78, P0
2026/09/30 08:50:02.689, Tesla T4, 10067 MiB, 4846 MiB, 15360 MiB, 97 %, 37 %, 600 MHz, 5000 MHz, 65.63 W, 78, P0
2026/09/30 08:50:03.202, Tesla T4, 10067 MiB, 4846 MiB, 15360 MiB, 98 %, 25 %, 690 MHz, 5000 MHz, 66.12 W, 78, P0
2026/09/30 08:50:03.719, Tesla T4, 10067 MiB, 4846 MiB, 15360 MiB, 100 %, 30 %, 690 MHz, 5000 MHz, 64.79 W, 78, P0
2026/09/30 08:50:04.232, Tesla T4, 10067 MiB, 4846 MiB, 15360 MiB, 97 %, 24 %, 705 MHz, 5000 MHz, 69.27 W, 78, P0
2026/09/30 08:50:04.769, Tesla T4, 10067 MiB, 4846 MiB, 15360 MiB, 98 %, 33 %, 675 MHz, 5000 MHz, 66.32 W, 78, P0
2026/09/30 08:50:05.281, Tesla T4, 10067 MiB, 4846 MiB, 15360 MiB, 93 %, 28 %, 555 MHz, 5000 MHz, 65.63 W, 78, P0
2026/09/30 08:50:05.808, Tesla T4, 10067 MiB, 4846 MiB, 15360 MiB, 98 %, 30 %, 660 MHz, 5000 MHz, 66.46 W, 78, P0
2026/09/30 08:50:06.321, Tesla T4, 10067 MiB, 4846 MiB, 15360 MiB, 97 %, 31 %, 570 MHz, 5000 MHz, 61.55 W, 78, P0
2026/09/30 08:50:06.846, Tesla T4, 10067 MiB, 4846 MiB, 15360 MiB, 99 %, 35 %, 570 MHz, 5000 MHz, 67.10 W, 78, P0
2026/09/30 08:50:07.358, Tesla T4, 10067 MiB, 4846 MiB, 15360 MiB, 97 %, 31 %, 630 MHz, 5000 MHz, 64.42 W, 78, P0
2026/09/30 08:50:07.890, Tesla T4, 10067 MiB, 4846 MiB, 15360 MiB, 100 %, 30 %, 630 MHz, 5000 MHz, 65.08 W, 78, P0
2026/09/30 08:50:08.406, Tesla T4, 10067 MiB, 4846 MiB, 15360 MiB, 97 %, 31 %, 630 MHz, 5000 MHz, 67.06 W, 78, P0
2026/09/30 08:50:08.934, Tesla T4, 10067 MiB, 4846 MiB, 15360 MiB, 98 %, 28 %, 570 MHz, 5000 MHz, 67.20 W, 78, P0
2026/09/30 08:50:09.448, Tesla T4, 10067 MiB, 4846 MiB, 15360 MiB, 93 %, 28 %, 630 MHz, 5000 MHz, 66.42 W, 78, P0
2026/09/30 08:50:09.973, Tesla T4, 10067 MiB, 4846 MiB, 15360 MiB, 98 %, 28 %, 600 MHz, 5000 MHz, 65.93 W, 78, P0
2026/09/30 08:50:10.484, Tesla T4, 10067 MiB, 4846 MiB, 15360 MiB, 94 %, 43 %, 615 MHz, 5000 MHz, 56.36 W, 77, P0
2026/09/30 08:50:11.016, Tesla T4, 10067 MiB, 4846 MiB, 15360 MiB, 100 %, 37 %, 720 MHz, 5000 MHz, 66.61 W, 77, P0
2026/09/30 08:50:11.540, Tesla T4, 10067 MiB, 4846 MiB, 15360 MiB, 94 %, 37 %, 720 MHz, 5000 MHz, 66.92 W, 77, P0
2026/09/30 08:50:12.065, Tesla T4, 10067 MiB, 4846 MiB, 15360 MiB, 87 %, 37 %, 750 MHz, 5000 MHz, 67.79 W, 77, P0
2026/09/30 08:50:12.620, Tesla T4, 10067 MiB, 4846 MiB, 15360 MiB, 100 %, 25 %, 615 MHz, 5000 MHz, 67.49 W, 77, P0
2026/09/30 08:50:13.137, Tesla T4, 10067 MiB, 4846 MiB, 15360 MiB, 87 %, 25 %, 675 MHz, 5000 MHz, 66.81 W, 77, P0
2026/09/30 08:50:13.680, Tesla T4, 10067 MiB, 4846 MiB, 15360 MiB, 100 %, 24 %, 615 MHz, 5000 MHz, 66.12 W, 77, P0
2026/09/30 08:50:14.225, Tesla T4, 10067 MiB, 4846 MiB, 15360 MiB, 97 %, 27 %, 660 MHz, 5000 MHz, 67.00 W, 77, P0
2026/09/30 08:50:14.739, Tesla T4, 10067 MiB, 4846 MiB, 15360 MiB, 100 %, 26 %, 675 MHz, 5000 MHz, 67.79 W, 77, P0
2026/09/30 08:50:15.264, Tesla T4, 10067 MiB, 4846 MiB, 15360 MiB, 100 %, 32 %, 645 MHz, 5000 MHz, 67.40 W, 77, P0
2026/09/30 08:50:15.775, Tesla T4, 10067 MiB, 4846 MiB, 15360 MiB, 100 %, 27 %, 660 MHz, 5000 MHz, 67.26 W, 77, P0
2026/09/30 08:50:16.303, Tesla T4, 10067 MiB, 4846 MiB, 15360 MiB, 100 %, 32 %, 645 MHz, 5000 MHz, 66.81 W, 77, P0
2026/09/30 08:50:16.819, Tesla T4, 10067 MiB, 4846 MiB, 15360 MiB, 100 %, 32 %, 735 MHz, 5000 MHz, 65.18 W, 77, P0
2026/09/30 08:50:17.349, Tesla T4, 10067 MiB, 4846 MiB, 15360 MiB, 100 %, 31 %, 630 MHz, 5000 MHz, 64.30 W, 77, P0
2026/09/30 08:50:17.860, Tesla T4, 10067 MiB, 4846 MiB, 15360 MiB, 100 %, 25 %, 690 MHz, 5000 MHz, 66.22 W, 77, P0
2026/09/30 08:50:18.396, Tesla T4, 10067 MiB, 4846 MiB, 15360 MiB, 93 %, 31 %, 705 MHz, 5000 MHz, 66.32 W, 77, P0
2026/09/30 08:50:18.909, Tesla T4, 10067 MiB, 4846 MiB, 15360 MiB, 100 %, 23 %, 645 MHz, 5000 MHz, 67.40 W, 77, P0
2026/09/30 08:50:19.431, Tesla T4, 10067 MiB, 4846 MiB, 15360 MiB, 93 %, 40 %, 690 MHz, 5000 MHz, 67.75 W, 77, P0
2026/09/30 08:50:19.949, Tesla T4, 10067 MiB, 4846 MiB, 15360 MiB, 97 %, 34 %, 645 MHz, 5000 MHz, 65.14 W, 77, P0
2026/09/30 08:50:20.477, Tesla T4, 10067 MiB, 4846 MiB, 15360 MiB, 94 %, 35 %, 660 MHz, 5000 MHz, 66.22 W, 77, P0
2026/09/30 08:50:20.990, Tesla T4, 10067 MiB, 4846 MiB, 15360 MiB, 98 %, 38 %, 615 MHz, 5000 MHz, 66.65 W, 77, P0
2026/09/30 08:50:21.509, Tesla T4, 10067 MiB, 4846 MiB, 15360 MiB, 94 %, 36 %, 615 MHz, 5000 MHz, 66.32 W, 77, P0
2026/09/30 08:50:22.021, Tesla T4, 10067 MiB, 4846 MiB, 15360 MiB, 97 %, 30 %, 645 MHz, 5000 MHz, 66.32 W, 77, P0
2026/09/30 08:50:22.549, Tesla T4, 10067 MiB, 4846 MiB, 15360 MiB, 100 %, 30 %, 675 MHz, 5000 MHz, 67.00 W, 77, P0
2026/09/30 08:50:23.066, Tesla T4, 10067 MiB, 4846 MiB, 15360 MiB, 100 %, 29 %, 630 MHz, 5000 MHz, 66.42 W, 77, P0
2026/09/30 08:50:23.591, Tesla T4, 10067 MiB, 4846 MiB, 15360 MiB, 96 %, 41 %, 690 MHz, 5000 MHz, 66.02 W, 77, P0
2026/09/30 08:50:24.104, Tesla T4, 10067 MiB, 4846 MiB, 15360 MiB, 98 %, 28 %, 615 MHz, 5000 MHz, 65.24 W, 77, P0
2026/09/30 08:50:24.628, Tesla T4, 10067 MiB, 4846 MiB, 15360 MiB, 89 %, 25 %, 690 MHz, 5000 MHz, 65.83 W, 77, P0
2026/09/30 08:50:25.157, Tesla T4, 10067 MiB, 4846 MiB, 15360 MiB, 98 %, 25 %, 630 MHz, 5000 MHz, 65.44 W, 77, P0
2026/09/30 08:50:25.684, Tesla T4, 10067 MiB, 4846 MiB, 15360 MiB, 96 %, 36 %, 645 MHz, 5000 MHz, 69.02 W, 77, P0
2026/09/30 08:50:26.224, Tesla T4, 10067 MiB, 4846 MiB, 15360 MiB, 98 %, 37 %, 630 MHz, 5000 MHz, 63.81 W, 77, P0
2026/09/30 08:50:26.753, Tesla T4, 10067 MiB, 4846 MiB, 15360 MiB, 100 %, 32 %, 570 MHz, 5000 MHz, 69.31 W, 77, P0
2026/09/30 08:50:27.293, Tesla T4, 10067 MiB, 4846 MiB, 15360 MiB, 100 %, 32 %, 645 MHz, 5000 MHz, 66.71 W, 77, P0
2026/09/30 08:50:27.805, Tesla T4, 10067 MiB, 4846 MiB, 15360 MiB, 97 %, 40 %, 540 MHz, 5000 MHz, 69.21 W, 77, P0
2026/09/30 08:50:28.322, Tesla T4, 10067 MiB, 4846 MiB, 15360 MiB, 96 %, 37 %, 690 MHz, 5000 MHz, 69.56 W, 77, P0
2026/09/30 08:50:28.833, Tesla T4, 10067 MiB, 4846 MiB, 15360 MiB, 96 %, 27 %, 750 MHz, 5000 MHz, 66.65 W, 77, P0
2026/09/30 08:50:29.344, Tesla T4, 10067 MiB, 4846 MiB, 15360 MiB, 100 %, 23 %, 735 MHz, 5000 MHz, 65.28 W, 77, P0
2026/09/30 08:50:29.857, Tesla T4, 10067 MiB, 4846 MiB, 15360 MiB, 98 %, 30 %, 675 MHz, 5000 MHz, 66.22 W, 77, P0
2026/09/30 08:50:30.369, Tesla T4, 10067 MiB, 4846 MiB, 15360 MiB, 100 %, 23 %, 735 MHz, 5000 MHz, 66.32 W, 77, P0
2026/09/30 08:50:30.880, Tesla T4, 10067 MiB, 4846 MiB, 15360 MiB, 100 %, 22 %, 720 MHz, 5000 MHz, 65.87 W, 77, P0
2026/09/30 08:50:31.396, Tesla T4, 10067 MiB, 4846 MiB, 15360 MiB, 100 %, 32 %, 585 MHz, 5000 MHz, 66.12 W, 77, P0
2026/09/30 08:50:31.907, Tesla T4, 10067 MiB, 4846 MiB, 15360 MiB, 92 %, 46 %, 720 MHz, 5000 MHz, 61.98 W, 77, P0
2026/09/30 08:50:32.424, Tesla T4, 10067 MiB, 4846 MiB, 15360 MiB, 98 %, 35 %, 600 MHz, 5000 MHz, 65.73 W, 77, P0
2026/09/30 08:50:32.940, Tesla T4, 10067 MiB, 4846 MiB, 15360 MiB, 99 %, 36 %, 585 MHz, 5000 MHz, 66.22 W, 77, P0
2026/09/30 08:50:33.454, Tesla T4, 10067 MiB, 4846 MiB, 15360 MiB, 97 %, 36 %, 525 MHz, 5000 MHz, 66.57 W, 76, P0
2026/09/30 08:50:33.968, Tesla T4, 10067 MiB, 4846 MiB, 15360 MiB, 98 %, 27 %, 675 MHz, 5000 MHz, 66.32 W, 77, P0
2026/09/30 08:50:34.478, Tesla T4, 10067 MiB, 4846 MiB, 15360 MiB, 100 %, 28 %, 645 MHz, 5000 MHz, 68.57 W, 76, P0
2026/09/30 08:50:34.994, Tesla T4, 10067 MiB, 4846 MiB, 15360 MiB, 100 %, 28 %, 675 MHz, 5000 MHz, 64.59 W, 77, P0
2026/09/30 08:50:35.505, Tesla T4, 10067 MiB, 4846 MiB, 15360 MiB, 96 %, 46 %, 570 MHz, 5000 MHz, 65.63 W, 76, P0
2026/09/30 08:50:36.017, Tesla T4, 10067 MiB, 4846 MiB, 15360 MiB, 100 %, 31 %, 600 MHz, 5000 MHz, 65.93 W, 76, P0
2026/09/30 08:50:36.529, Tesla T4, 10067 MiB, 4846 MiB, 15360 MiB, 100 %, 35 %, 555 MHz, 5000 MHz, 65.83 W, 77, P0
2026/09/30 08:50:37.043, Tesla T4, 10067 MiB, 4846 MiB, 15360 MiB, 100 %, 30 %, 600 MHz, 5000 MHz, 65.20 W, 76, P0
2026/09/30 08:50:37.568, Tesla T4, 10067 MiB, 4846 MiB, 15360 MiB, 100 %, 33 %, 630 MHz, 5000 MHz, 64.85 W, 76, P0
2026/09/30 08:50:38.125, Tesla T4, 10067 MiB, 4846 MiB, 15360 MiB, 88 %, 32 %, 630 MHz, 5000 MHz, 65.73 W, 76, P0
2026/09/30 08:50:38.655, Tesla T4, 10067 MiB, 4846 MiB, 15360 MiB, 98 %, 37 %, 660 MHz, 5000 MHz, 67.30 W, 76, P0
2026/09/30 08:50:39.177, Tesla T4, 10067 MiB, 4846 MiB, 15360 MiB, 97 %, 35 %, 690 MHz, 5000 MHz, 64.00 W, 76, P0
2026/09/30 08:50:39.700, Tesla T4, 10067 MiB, 4846 MiB, 15360 MiB, 100 %, 34 %, 675 MHz, 5000 MHz, 66.86 W, 76, P0
2026/09/30 08:50:40.223, Tesla T4, 10067 MiB, 4846 MiB, 15360 MiB, 100 %, 27 %, 615 MHz, 5000 MHz, 65.14 W, 76, P0
2026/09/30 08:50:40.736, Tesla T4, 10067 MiB, 4846 MiB, 15360 MiB, 100 %, 24 %, 720 MHz, 5000 MHz, 66.22 W, 76, P0
2026/09/30 08:50:41.247, Tesla T4, 10067 MiB, 4846 MiB, 15360 MiB, 100 %, 23 %, 735 MHz, 5000 MHz, 65.57 W, 77, P0
2026/09/30 08:50:41.764, Tesla T4, 10067 MiB, 4846 MiB, 15360 MiB, 100 %, 20 %, 615 MHz, 5000 MHz, 67.79 W, 76, P0
2026/09/30 08:50:42.275, Tesla T4, 10067 MiB, 4846 MiB, 15360 MiB, 100 %, 26 %, 630 MHz, 5000 MHz, 67.75 W, 76, P0
2026/09/30 08:50:42.792, Tesla T4, 10067 MiB, 4846 MiB, 15360 MiB, 100 %, 22 %, 735 MHz, 5000 MHz, 66.57 W, 77, P0
2026/09/30 08:50:43.302, Tesla T4, 10067 MiB, 4846 MiB, 15360 MiB, 100 %, 22 %, 750 MHz, 5000 MHz, 64.69 W, 77, P0
2026/09/30 08:50:43.820, Tesla T4, 10067 MiB, 4846 MiB, 15360 MiB, 99 %, 38 %, 645 MHz, 5000 MHz, 67.16 W, 76, P0
2026/09/30 08:50:44.332, Tesla T4, 10067 MiB, 4846 MiB, 15360 MiB, 99 %, 37 %, 705 MHz, 5000 MHz, 66.77 W, 76, P0
2026/09/30 08:50:44.843, Tesla T4, 10067 MiB, 4846 MiB, 15360 MiB, 94 %, 32 %, 675 MHz, 5000 MHz, 66.86 W, 76, P0
2026/09/30 08:50:45.355, Tesla T4, 10067 MiB, 4846 MiB, 15360 MiB, 97 %, 29 %, 645 MHz, 5000 MHz, 66.51 W, 77, P0
2026/09/30 08:50:45.866, Tesla T4, 10067 MiB, 4846 MiB, 15360 MiB, 100 %, 27 %, 600 MHz, 5000 MHz, 65.73 W, 76, P0
2026/09/30 08:50:46.390, Tesla T4, 10067 MiB, 4846 MiB, 15360 MiB, 93 %, 29 %, 630 MHz, 5000 MHz, 65.14 W, 77, P0
2026/09/30 08:50:46.903, Tesla T4, 10067 MiB, 4846 MiB, 15360 MiB, 100 %, 26 %, 660 MHz, 5000 MHz, 64.20 W, 76, P0
2026/09/30 08:50:47.414, Tesla T4, 10067 MiB, 4846 MiB, 15360 MiB, 97 %, 34 %, 645 MHz, 5000 MHz, 67.00 W, 76, P0
2026/09/30 08:50:47.926, Tesla T4, 10067 MiB, 4846 MiB, 15360 MiB, 100 %, 39 %, 630 MHz, 5000 MHz, 61.98 W, 76, P0
2026/09/30 08:50:48.442, Tesla T4, 10067 MiB, 4846 MiB, 15360 MiB, 93 %, 54 %, 630 MHz, 5000 MHz, 71.17 W, 76, P0
2026/09/30 08:50:48.958, Tesla T4, 10067 MiB, 4846 MiB, 15360 MiB, 100 %, 30 %, 630 MHz, 5000 MHz, 66.02 W, 77, P0
2026/09/30 08:50:49.469, Tesla T4, 10067 MiB, 4846 MiB, 15360 MiB, 100 %, 25 %, 690 MHz, 5000 MHz, 65.63 W, 77, P0
2026/09/30 08:50:49.982, Tesla T4, 10067 MiB, 4846 MiB, 15360 MiB, 100 %, 30 %, 615 MHz, 5000 MHz, 65.44 W, 77, P0
2026/09/30 08:50:50.500, Tesla T4, 10067 MiB, 4846 MiB, 15360 MiB, 100 %, 25 %, 690 MHz, 5000 MHz, 65.93 W, 77, P0
2026/09/30 08:50:51.021, Tesla T4, 10067 MiB, 4846 MiB, 15360 MiB, 96 %, 25 %, 720 MHz, 5000 MHz, 65.83 W, 77, P0
2026/09/30 08:50:51.560, Tesla T4, 10067 MiB, 4846 MiB, 15360 MiB, 100 %, 30 %, 600 MHz, 5000 MHz, 64.95 W, 77, P0
2026/09/30 08:50:52.096, Tesla T4, 10067 MiB, 4846 MiB, 15360 MiB, 100 %, 25 %, 720 MHz, 5000 MHz, 65.93 W, 77, P0
2026/09/30 08:50:52.622, Tesla T4, 10067 MiB, 4846 MiB, 15360 MiB, 100 %, 30 %, 615 MHz, 5000 MHz, 65.63 W, 77, P0
2026/09/30 08:50:53.149, Tesla T4, 10067 MiB, 4846 MiB, 15360 MiB, 100 %, 35 %, 555 MHz, 5000 MHz, 66.32 W, 76, P0
2026/09/30 08:50:53.668, Tesla T4, 10067 MiB, 4846 MiB, 15360 MiB, 100 %, 23 %, 720 MHz, 5000 MHz, 63.81 W, 77, P0
2026/09/30 08:50:54.179, Tesla T4, 10067 MiB, 4846 MiB, 15360 MiB, 100 %, 22 %, 690 MHz, 5000 MHz, 66.22 W, 77, P0
2026/09/30 08:50:54.691, Tesla T4, 10067 MiB, 4846 MiB, 15360 MiB, 98 %, 29 %, 720 MHz, 5000 MHz, 57.90 W, 77, P0
2026/09/30 08:50:55.207, Tesla T4, 10067 MiB, 4846 MiB, 15360 MiB, 100 %, 23 %, 720 MHz, 5000 MHz, 65.53 W, 77, P0
2026/09/30 08:50:55.718, Tesla T4, 10067 MiB, 4846 MiB, 15360 MiB, 97 %, 28 %, 555 MHz, 5000 MHz, 64.59 W, 77, P0
2026/09/30 08:50:56.236, Tesla T4, 10067 MiB, 4846 MiB, 15360 MiB, 98 %, 32 %, 675 MHz, 5000 MHz, 65.77 W, 77, P0
2026/09/30 08:50:56.748, Tesla T4, 10067 MiB, 4846 MiB, 15360 MiB, 100 %, 25 %, 675 MHz, 5000 MHz, 69.80 W, 77, P0
2026/09/30 08:50:57.265, Tesla T4, 10067 MiB, 4846 MiB, 15360 MiB, 100 %, 34 %, 675 MHz, 5000 MHz, 67.40 W, 77, P0
2026/09/30 08:50:57.776, Tesla T4, 10067 MiB, 4846 MiB, 15360 MiB, 100 %, 28 %, 675 MHz, 5000 MHz, 67.26 W, 77, P0
2026/09/30 08:50:58.293, Tesla T4, 10067 MiB, 4846 MiB, 15360 MiB, 96 %, 47 %, 645 MHz, 5000 MHz, 69.66 W, 77, P0
2026/09/30 08:50:58.804, Tesla T4, 10067 MiB, 4846 MiB, 15360 MiB, 100 %, 26 %, 600 MHz, 5000 MHz, 67.00 W, 77, P0
2026/09/30 08:50:59.320, Tesla T4, 10067 MiB, 4846 MiB, 15360 MiB, 100 %, 24 %, 690 MHz, 5000 MHz, 65.93 W, 77, P0
2026/09/30 08:50:59.836, Tesla T4, 10067 MiB, 4846 MiB, 15360 MiB, 100 %, 26 %, 615 MHz, 5000 MHz, 66.91 W, 77, P0
2026/09/30 08:51:00.349, Tesla T4, 10067 MiB, 4846 MiB, 15360 MiB, 95 %, 38 %, 645 MHz, 5000 MHz, 65.69 W, 77, P0
2026/09/30 08:51:00.864, Tesla T4, 10067 MiB, 4846 MiB, 15360 MiB, 99 %, 35 %, 615 MHz, 5000 MHz, 66.12 W, 77, P0
2026/09/30 08:51:01.381, Tesla T4, 10067 MiB, 4846 MiB, 15360 MiB, 93 %, 31 %, 555 MHz, 5000 MHz, 66.61 W, 77, P0
2026/09/30 08:51:01.894, Tesla T4, 10067 MiB, 4846 MiB, 15360 MiB, 98 %, 33 %, 615 MHz, 5000 MHz, 65.93 W, 77, P0
2026/09/30 08:51:02.409, Tesla T4, 10067 MiB, 4846 MiB, 15360 MiB, 97 %, 39 %, 615 MHz, 5000 MHz, 62.57 W, 77, P0
2026/09/30 08:51:02.924, Tesla T4, 10067 MiB, 4846 MiB, 15360 MiB, 95 %, 42 %, 630 MHz, 5000 MHz, 64.50 W, 77, P0
2026/09/30 08:51:03.445, Tesla T4, 10067 MiB, 4846 MiB, 15360 MiB, 100 %, 25 %, 630 MHz, 5000 MHz, 64.85 W, 77, P0
2026/09/30 08:51:03.975, Tesla T4, 10067 MiB, 4846 MiB, 15360 MiB, 100 %, 24 %, 615 MHz, 5000 MHz, 66.51 W, 77, P0
2026/09/30 08:51:04.505, Tesla T4, 10067 MiB, 4846 MiB, 15360 MiB, 100 %, 25 %, 675 MHz, 5000 MHz, 66.02 W, 77, P0
2026/09/30 08:51:05.026, Tesla T4, 10067 MiB, 4846 MiB, 15360 MiB, 100 %, 35 %, 555 MHz, 5000 MHz, 66.22 W, 77, P0
2026/09/30 08:51:05.546, Tesla T4, 10067 MiB, 4846 MiB, 15360 MiB, 88 %, 36 %, 555 MHz, 5000 MHz, 66.51 W, 77, P0
2026/09/30 08:51:06.069, Tesla T4, 10067 MiB, 4846 MiB, 15360 MiB, 97 %, 33 %, 660 MHz, 5000 MHz, 66.51 W, 77, P0
2026/09/30 08:51:06.582, Tesla T4, 10067 MiB, 4846 MiB, 15360 MiB, 100 %, 25 %, 660 MHz, 5000 MHz, 67.84 W, 77, P0
2026/09/30 08:51:07.095, Tesla T4, 10067 MiB, 4846 MiB, 15360 MiB, 100 %, 25 %, 675 MHz, 5000 MHz, 65.79 W, 77, P0
2026/09/30 08:51:07.608, Tesla T4, 10067 MiB, 4846 MiB, 15360 MiB, 100 %, 32 %, 615 MHz, 5000 MHz, 64.46 W, 77, P0
2026/09/30 08:51:08.120, Tesla T4, 10067 MiB, 4846 MiB, 15360 MiB, 100 %, 33 %, 630 MHz, 5000 MHz, 67.35 W, 77, P0
2026/09/30 08:51:08.638, Tesla T4, 10067 MiB, 4846 MiB, 15360 MiB, 100 %, 32 %, 615 MHz, 5000 MHz, 66.81 W, 77, P0
2026/09/30 08:51:09.149, Tesla T4, 10067 MiB, 4846 MiB, 15360 MiB, 100 %, 32 %, 645 MHz, 5000 MHz, 66.36 W, 77, P0
2026/09/30 08:51:09.667, Tesla T4, 10067 MiB, 4846 MiB, 15360 MiB, 98 %, 34 %, 735 MHz, 5000 MHz, 66.42 W, 77, P0
2026/09/30 08:51:10.179, Tesla T4, 10067 MiB, 4846 MiB, 15360 MiB, 100 %, 35 %, 690 MHz, 5000 MHz, 64.16 W, 77, P0
2026/09/30 08:51:10.695, Tesla T4, 10067 MiB, 4846 MiB, 15360 MiB, 100 %, 25 %, 705 MHz, 5000 MHz, 66.61 W, 77, P0
2026/09/30 08:51:11.207, Tesla T4, 10067 MiB, 4846 MiB, 15360 MiB, 100 %, 32 %, 570 MHz, 5000 MHz, 66.91 W, 77, P0
2026/09/30 08:51:11.718, Tesla T4, 10067 MiB, 4846 MiB, 15360 MiB, 100 %, 24 %, 705 MHz, 5000 MHz, 66.51 W, 77, P0
2026/09/30 08:51:12.229, Tesla T4, 10067 MiB, 4846 MiB, 15360 MiB, 100 %, 32 %, 645 MHz, 5000 MHz, 67.45 W, 77, P0
2026/09/30 08:51:12.742, Tesla T4, 10067 MiB, 4846 MiB, 15360 MiB, 99 %, 36 %, 660 MHz, 5000 MHz, 58.23 W, 77, P0
2026/09/30 08:51:13.259, Tesla T4, 10067 MiB, 4846 MiB, 15360 MiB, 99 %, 32 %, 630 MHz, 5000 MHz, 61.95 W, 77, P0
2026/09/30 08:51:13.771, Tesla T4, 10067 MiB, 4846 MiB, 15360 MiB, 93 %, 38 %, 660 MHz, 5000 MHz, 65.08 W, 77, P0
2026/09/30 08:51:14.285, Tesla T4, 10067 MiB, 4846 MiB, 15360 MiB, 100 %, 32 %, 630 MHz, 5000 MHz, 66.02 W, 77, P0
2026/09/30 08:51:14.800, Tesla T4, 10067 MiB, 4846 MiB, 15360 MiB, 100 %, 35 %, 555 MHz, 5000 MHz, 66.71 W, 77, P0
2026/09/30 08:51:15.315, Tesla T4, 10067 MiB, 4846 MiB, 15360 MiB, 100 %, 29 %, 600 MHz, 5000 MHz, 71.52 W, 77, P0
2026/09/30 08:51:15.833, Tesla T4, 10067 MiB, 4846 MiB, 15360 MiB, 100 %, 32 %, 660 MHz, 5000 MHz, 64.54 W, 77, P0
2026/09/30 08:51:16.362, Tesla T4, 10067 MiB, 4846 MiB, 15360 MiB, 95 %, 34 %, 630 MHz, 5000 MHz, 65.73 W, 77, P0
2026/09/30 08:51:16.885, Tesla T4, 10067 MiB, 4846 MiB, 15360 MiB, 100 %, 25 %, 690 MHz, 5000 MHz, 66.51 W, 77, P0
2026/09/30 08:51:17.405, Tesla T4, 10067 MiB, 4846 MiB, 15360 MiB, 97 %, 28 %, 690 MHz, 5000 MHz, 65.93 W, 77, P0
2026/09/30 08:51:17.927, Tesla T4, 10067 MiB, 4846 MiB, 15360 MiB, 95 %, 27 %, 630 MHz, 5000 MHz, 67.65 W, 77, P0
2026/09/30 08:51:18.440, Tesla T4, 10067 MiB, 4846 MiB, 15360 MiB, 100 %, 29 %, 780 MHz, 5000 MHz, 59.73 W, 77, P0
2026/09/30 08:51:18.975, Tesla T4, 10067 MiB, 4846 MiB, 15360 MiB, 100 %, 28 %, 615 MHz, 5000 MHz, 66.22 W, 77, P0
2026/09/30 08:51:19.486, Tesla T4, 10067 MiB, 4846 MiB, 15360 MiB, 99 %, 30 %, 525 MHz, 5000 MHz, 71.03 W, 77, P0
2026/09/30 08:51:20.002, Tesla T4, 10067 MiB, 4846 MiB, 15360 MiB, 98 %, 35 %, 615 MHz, 5000 MHz, 64.75 W, 77, P0
2026/09/30 08:51:20.514, Tesla T4, 10067 MiB, 4846 MiB, 15360 MiB, 100 %, 35 %, 585 MHz, 5000 MHz, 65.83 W, 77, P0
2026/09/30 08:51:21.032, Tesla T4, 10067 MiB, 4846 MiB, 15360 MiB, 97 %, 36 %, 630 MHz, 5000 MHz, 68.43 W, 77, P0
2026/09/30 08:51:21.544, Tesla T4, 10067 MiB, 4846 MiB, 15360 MiB, 96 %, 42 %, 600 MHz, 5000 MHz, 67.59 W, 77, P0
2026/09/30 08:51:22.056, Tesla T4, 10067 MiB, 4846 MiB, 15360 MiB, 98 %, 31 %, 600 MHz, 5000 MHz, 65.89 W, 77, P0
2026/09/30 08:51:22.572, Tesla T4, 10067 MiB, 4846 MiB, 15360 MiB, 100 %, 31 %, 615 MHz, 5000 MHz, 66.61 W, 77, P0
2026/09/30 08:51:23.084, Tesla T4, 10067 MiB, 4846 MiB, 15360 MiB, 100 %, 30 %, 600 MHz, 5000 MHz, 66.38 W, 77, P0
2026/09/30 08:51:23.603, Tesla T4, 10067 MiB, 4846 MiB, 15360 MiB, 100 %, 28 %, 645 MHz, 5000 MHz, 66.71 W, 77, P0
2026/09/30 08:51:24.121, Tesla T4, 10067 MiB, 4846 MiB, 15360 MiB, 97 %, 26 %, 690 MHz, 5000 MHz, 65.53 W, 77, P0
2026/09/30 08:51:24.632, Tesla T4, 10067 MiB, 4846 MiB, 15360 MiB, 93 %, 25 %, 660 MHz, 5000 MHz, 66.22 W, 77, P0
2026/09/30 08:51:25.145, Tesla T4, 10067 MiB, 4846 MiB, 15360 MiB, 100 %, 27 %, 675 MHz, 5000 MHz, 65.34 W, 77, P0
2026/09/30 08:51:25.661, Tesla T4, 10067 MiB, 4846 MiB, 15360 MiB, 100 %, 25 %, 675 MHz, 5000 MHz, 66.02 W, 77, P0
2026/09/30 08:51:26.174, Tesla T4, 10067 MiB, 4846 MiB, 15360 MiB, 100 %, 31 %, 615 MHz, 5000 MHz, 66.42 W, 77, P0
2026/09/30 08:51:26.687, Tesla T4, 10067 MiB, 4846 MiB, 15360 MiB, 99 %, 32 %, 615 MHz, 5000 MHz, 66.71 W, 77, P0
2026/09/30 08:51:27.198, Tesla T4, 10067 MiB, 4846 MiB, 15360 MiB, 100 %, 25 %, 690 MHz, 5000 MHz, 66.16 W, 77, P0
2026/09/30 08:51:27.720, Tesla T4, 10067 MiB, 4846 MiB, 15360 MiB, 93 %, 26 %, 675 MHz, 5000 MHz, 65.63 W, 77, P0
2026/09/30 08:51:28.231, Tesla T4, 10067 MiB, 4846 MiB, 15360 MiB, 97 %, 33 %, 660 MHz, 5000 MHz, 66.71 W, 77, P0
2026/09/30 08:51:28.745, Tesla T4, 10067 MiB, 4846 MiB, 15360 MiB, 100 %, 28 %, 645 MHz, 5000 MHz, 56.82 W, 77, P0
2026/09/30 08:51:29.275, Tesla T4, 10067 MiB, 4846 MiB, 15360 MiB, 100 %, 27 %, 660 MHz, 5000 MHz, 65.73 W, 77, P0
2026/09/30 08:51:29.799, Tesla T4, 10067 MiB, 4846 MiB, 15360 MiB, 98 %, 26 %, 765 MHz, 5000 MHz, 68.14 W, 77, P0
2026/09/30 08:51:30.332, Tesla T4, 10067 MiB, 4846 MiB, 15360 MiB, 90 %, 37 %, 645 MHz, 5000 MHz, 62.18 W, 77, P0
2026/09/30 08:51:30.854, Tesla T4, 10067 MiB, 4846 MiB, 15360 MiB, 89 %, 37 %, 630 MHz, 5000 MHz, 69.47 W, 77, P0
2026/09/30 08:51:31.390, Tesla T4, 10067 MiB, 4846 MiB, 15360 MiB, 93 %, 41 %, 630 MHz, 5000 MHz, 67.16 W, 77, P0
2026/09/30 08:51:31.920, Tesla T4, 10067 MiB, 4846 MiB, 15360 MiB, 100 %, 32 %, 615 MHz, 5000 MHz, 66.38 W, 77, P0
2026/09/30 08:51:32.435, Tesla T4, 10067 MiB, 4846 MiB, 15360 MiB, 93 %, 37 %, 630 MHz, 5000 MHz, 67.00 W, 77, P0
2026/09/30 08:51:32.954, Tesla T4, 10067 MiB, 4846 MiB, 15360 MiB, 96 %, 35 %, 720 MHz, 5000 MHz, 66.12 W, 77, P0
2026/09/30 08:51:33.468, Tesla T4, 10067 MiB, 4846 MiB, 15360 MiB, 100 %, 23 %, 720 MHz, 5000 MHz, 66.22 W, 77, P0
2026/09/30 08:51:33.984, Tesla T4, 10067 MiB, 4846 MiB, 15360 MiB, 98 %, 23 %, 600 MHz, 5000 MHz, 66.32 W, 77, P0
2026/09/30 08:51:34.512, Tesla T4, 10067 MiB, 4846 MiB, 15360 MiB, 100 %, 26 %, 630 MHz, 5000 MHz, 67.00 W, 77, P0
2026/09/30 08:51:35.023, Tesla T4, 10067 MiB, 4846 MiB, 15360 MiB, 100 %, 25 %, 810 MHz, 5000 MHz, 42.04 W, 77, P0
2026/09/30 08:51:35.544, Tesla T4, 10067 MiB, 4846 MiB, 15360 MiB, 100 %, 22 %, 705 MHz, 5000 MHz, 65.53 W, 77, P0
2026/09/30 08:51:36.055, Tesla T4, 10067 MiB, 4846 MiB, 15360 MiB, 100 %, 22 %, 840 MHz, 5000 MHz, 66.12 W, 77, P0
2026/09/30 08:51:36.578, Tesla T4, 10067 MiB, 4846 MiB, 15360 MiB, 100 %, 26 %, 615 MHz, 5000 MHz, 64.95 W, 78, P0
2026/09/30 08:51:37.097, Tesla T4, 10067 MiB, 4846 MiB, 15360 MiB, 100 %, 24 %, 600 MHz, 5000 MHz, 67.65 W, 78, P0
2026/09/30 08:51:37.613, Tesla T4, 10067 MiB, 4846 MiB, 15360 MiB, 100 %, 34 %, 555 MHz, 5000 MHz, 65.79 W, 77, P0
2026/09/30 08:51:38.132, Tesla T4, 10067 MiB, 4846 MiB, 15360 MiB, 100 %, 34 %, 540 MHz, 5000 MHz, 66.32 W, 77, P0
2026/09/30 08:51:38.649, Tesla T4, 10067 MiB, 4846 MiB, 15360 MiB, 97 %, 33 %, 585 MHz, 5000 MHz, 64.20 W, 77, P0
2026/09/30 08:51:39.167, Tesla T4, 10067 MiB, 4846 MiB, 15360 MiB, 93 %, 30 %, 570 MHz, 5000 MHz, 66.12 W, 77, P0
2026/09/30 08:51:39.688, Tesla T4, 10067 MiB, 4846 MiB, 15360 MiB, 100 %, 31 %, 585 MHz, 5000 MHz, 71.23 W, 77, P0
2026/09/30 08:51:40.199, Tesla T4, 10067 MiB, 4846 MiB, 15360 MiB, 100 %, 26 %, 585 MHz, 5000 MHz, 65.57 W, 77, P0
2026/09/30 08:51:40.727, Tesla T4, 10067 MiB, 4846 MiB, 15360 MiB, 100 %, 22 %, 570 MHz, 5000 MHz, 66.02 W, 77, P0
2026/09/30 08:51:41.240, Tesla T4, 10067 MiB, 4846 MiB, 15360 MiB, 93 %, 28 %, 600 MHz, 5000 MHz, 68.63 W, 77, P0
2026/09/30 08:51:41.772, Tesla T4, 10067 MiB, 4846 MiB, 15360 MiB, 100 %, 26 %, 615 MHz, 5000 MHz, 65.08 W, 77, P0
2026/09/30 08:51:42.310, Tesla T4, 10067 MiB, 4846 MiB, 15360 MiB, 100 %, 24 %, 615 MHz, 5000 MHz, 61.10 W, 77, P0
2026/09/30 08:51:42.846, Tesla T4, 10067 MiB, 4846 MiB, 15360 MiB, 95 %, 27 %, 645 MHz, 5000 MHz, 66.71 W, 77, P0
2026/09/30 08:51:43.372, Tesla T4, 10067 MiB, 4846 MiB, 15360 MiB, 98 %, 31 %, 705 MHz, 5000 MHz, 60.90 W, 77, P0
2026/09/30 08:51:43.898, Tesla T4, 10067 MiB, 4846 MiB, 15360 MiB, 100 %, 28 %, 585 MHz, 5000 MHz, 64.40 W, 77, P0
2026/09/30 08:51:44.419, Tesla T4, 10067 MiB, 4846 MiB, 15360 MiB, 96 %, 39 %, 645 MHz, 5000 MHz, 65.04 W, 77, P0
2026/09/30 08:51:44.943, Tesla T4, 10067 MiB, 4846 MiB, 15360 MiB, 94 %, 42 %, 600 MHz, 5000 MHz, 67.00 W, 77, P0
2026/09/30 08:51:45.457, Tesla T4, 10067 MiB, 4846 MiB, 15360 MiB, 100 %, 25 %, 690 MHz, 5000 MHz, 66.22 W, 78, P0
2026/09/30 08:51:45.977, Tesla T4, 10067 MiB, 4846 MiB, 15360 MiB, 100 %, 24 %, 690 MHz, 5000 MHz, 65.14 W, 77, P0
2026/09/30 08:51:46.492, Tesla T4, 10067 MiB, 4846 MiB, 15360 MiB, 96 %, 39 %, 660 MHz, 5000 MHz, 65.83 W, 77, P0
2026/09/30 08:51:47.021, Tesla T4, 10067 MiB, 4846 MiB, 15360 MiB, 97 %, 37 %, 630 MHz, 5000 MHz, 65.69 W, 77, P0
2026/09/30 08:51:47.534, Tesla T4, 10067 MiB, 4846 MiB, 15360 MiB, 100 %, 35 %, 675 MHz, 5000 MHz, 68.63 W, 77, P0
2026/09/30 08:51:48.065, Tesla T4, 10067 MiB, 4846 MiB, 15360 MiB, 100 %, 35 %, 600 MHz, 5000 MHz, 65.53 W, 77, P0
2026/09/30 08:51:48.582, Tesla T4, 10067 MiB, 4846 MiB, 15360 MiB, 98 %, 28 %, 675 MHz, 5000 MHz, 66.02 W, 77, P0
2026/09/30 08:51:49.111, Tesla T4, 10067 MiB, 4846 MiB, 15360 MiB, 93 %, 40 %, 660 MHz, 5000 MHz, 67.10 W, 77, P0
2026/09/30 08:51:49.628, Tesla T4, 10067 MiB, 4846 MiB, 15360 MiB, 100 %, 27 %, 660 MHz, 5000 MHz, 66.12 W, 77, P0
2026/09/30 08:51:50.154, Tesla T4, 10067 MiB, 4846 MiB, 15360 MiB, 99 %, 31 %, 585 MHz, 5000 MHz, 66.77 W, 77, P0
2026/09/30 08:51:50.666, Tesla T4, 10067 MiB, 4846 MiB, 15360 MiB, 99 %, 35 %, 555 MHz, 5000 MHz, 68.08 W, 77, P0
2026/09/30 08:51:51.203, Tesla T4, 10067 MiB, 4846 MiB, 15360 MiB, 100 %, 39 %, 615 MHz, 5000 MHz, 66.02 W, 77, P0
2026/09/30 08:51:51.715, Tesla T4, 10067 MiB, 4846 MiB, 15360 MiB, 99 %, 36 %, 630 MHz, 5000 MHz, 63.77 W, 77, P0
2026/09/30 08:51:52.237, Tesla T4, 10067 MiB, 4846 MiB, 15360 MiB, 100 %, 32 %, 555 MHz, 5000 MHz, 65.93 W, 77, P0
2026/09/30 08:51:52.759, Tesla T4, 10067 MiB, 4846 MiB, 15360 MiB, 100 %, 30 %, 570 MHz, 5000 MHz, 66.51 W, 77, P0
2026/09/30 08:51:53.273, Tesla T4, 10067 MiB, 4846 MiB, 15360 MiB, 98 %, 33 %, 600 MHz, 5000 MHz, 66.12 W, 77, P0
2026/09/30 08:51:53.787, Tesla T4, 10067 MiB, 4846 MiB, 15360 MiB, 100 %, 30 %, 765 MHz, 5000 MHz, 61.40 W, 77, P0
2026/09/30 08:51:54.311, Tesla T4, 10067 MiB, 4846 MiB, 15360 MiB, 98 %, 30 %, 615 MHz, 5000 MHz, 64.89 W, 77, P0
2026/09/30 08:51:54.826, Tesla T4, 10067 MiB, 4846 MiB, 15360 MiB, 100 %, 31 %, 585 MHz, 5000 MHz, 65.34 W, 77, P0
2026/09/30 08:51:55.374, Tesla T4, 10067 MiB, 4846 MiB, 15360 MiB, 98 %, 30 %, 615 MHz, 5000 MHz, 64.46 W, 77, P0
2026/09/30 08:51:55.908, Tesla T4, 10067 MiB, 4846 MiB, 15360 MiB, 100 %, 32 %, 630 MHz, 5000 MHz, 66.71 W, 77, P0
2026/09/30 08:51:56.444, Tesla T4, 10067 MiB, 4846 MiB, 15360 MiB, 89 %, 36 %, 615 MHz, 5000 MHz, 64.65 W, 77, P0
2026/09/30 08:51:56.996, Tesla T4, 10067 MiB, 4846 MiB, 15360 MiB, 95 %, 38 %, 645 MHz, 5000 MHz, 64.46 W, 77, P0
2026/09/30 08:51:57.521, Tesla T4, 10067 MiB, 4846 MiB, 15360 MiB, 99 %, 36 %, 645 MHz, 5000 MHz, 64.85 W, 77, P0
2026/09/30 08:51:58.033, Tesla T4, 10067 MiB, 4846 MiB, 15360 MiB, 100 %, 32 %, 615 MHz, 5000 MHz, 65.63 W, 77, P0
2026/09/30 08:51:58.546, Tesla T4, 10067 MiB, 4846 MiB, 15360 MiB, 100 %, 30 %, 600 MHz, 5000 MHz, 65.04 W, 77, P0
2026/09/30 08:51:59.062, Tesla T4, 10067 MiB, 4846 MiB, 15360 MiB, 100 %, 33 %, 615 MHz, 5000 MHz, 65.44 W, 77, P0
2026/09/30 08:51:59.573, Tesla T4, 10067 MiB, 4846 MiB, 15360 MiB, 100 %, 30 %, 600 MHz, 5000 MHz, 66.81 W, 77, P0
2026/09/30 08:52:00.089, Tesla T4, 10067 MiB, 4846 MiB, 15360 MiB, 100 %, 30 %, 630 MHz, 5000 MHz, 67.26 W, 77, P0
2026/09/30 08:52:00.600, Tesla T4, 10067 MiB, 4846 MiB, 15360 MiB, 98 %, 39 %, 585 MHz, 5000 MHz, 66.42 W, 77, P0
2026/09/30 08:52:01.111, Tesla T4, 10067 MiB, 4846 MiB, 15360 MiB, 100 %, 28 %, 600 MHz, 5000 MHz, 65.04 W, 77, P0
2026/09/30 08:52:01.627, Tesla T4, 10067 MiB, 4846 MiB, 15360 MiB, 99 %, 48 %, 735 MHz, 5000 MHz, 66.71 W, 77, P0
2026/09/30 08:52:02.139, Tesla T4, 10067 MiB, 4846 MiB, 15360 MiB, 98 %, 32 %, 630 MHz, 5000 MHz, 66.02 W, 77, P0
2026/09/30 08:52:02.655, Tesla T4, 10067 MiB, 4846 MiB, 15360 MiB, 93 %, 31 %, 570 MHz, 5000 MHz, 66.61 W, 77, P0
2026/09/30 08:52:03.167, Tesla T4, 10067 MiB, 4846 MiB, 15360 MiB, 100 %, 32 %, 615 MHz, 5000 MHz, 65.67 W, 77, P0
2026/09/30 08:52:03.678, Tesla T4, 10067 MiB, 4846 MiB, 15360 MiB, 100 %, 31 %, 600 MHz, 5000 MHz, 66.56 W, 77, P0
2026/09/30 08:52:04.196, Tesla T4, 10067 MiB, 4846 MiB, 15360 MiB, 93 %, 34 %, 645 MHz, 5000 MHz, 67.26 W, 77, P0
2026/09/30 08:52:04.708, Tesla T4, 10067 MiB, 4846 MiB, 15360 MiB, 100 %, 30 %, 690 MHz, 5000 MHz, 64.99 W, 77, P0
2026/09/30 08:52:05.224, Tesla T4, 10067 MiB, 4846 MiB, 15360 MiB, 100 %, 31 %, 630 MHz, 5000 MHz, 65.34 W, 77, P0
2026/09/30 08:52:05.735, Tesla T4, 10067 MiB, 4846 MiB, 15360 MiB, 100 %, 26 %, 600 MHz, 5000 MHz, 66.02 W, 77, P0
2026/09/30 08:52:06.252, Tesla T4, 10067 MiB, 4846 MiB, 15360 MiB, 93 %, 28 %, 615 MHz, 5000 MHz, 66.91 W, 77, P0
2026/09/30 08:52:06.763, Tesla T4, 10067 MiB, 4846 MiB, 15360 MiB, 98 %, 26 %, 615 MHz, 5000 MHz, 67.10 W, 77, P0
2026/09/30 08:52:07.285, Tesla T4, 10067 MiB, 4846 MiB, 15360 MiB, 100 %, 23 %, 540 MHz, 5000 MHz, 66.51 W, 77, P0
2026/09/30 08:52:07.807, Tesla T4, 10067 MiB, 4846 MiB, 15360 MiB, 98 %, 44 %, 585 MHz, 5000 MHz, 67.30 W, 77, P0
2026/09/30 08:52:08.339, Tesla T4, 10067 MiB, 4846 MiB, 15360 MiB, 100 %, 34 %, 570 MHz, 5000 MHz, 63.22 W, 77, P0
2026/09/30 08:52:08.869, Tesla T4, 10067 MiB, 4846 MiB, 15360 MiB, 87 %, 55 %, 675 MHz, 5000 MHz, 72.51 W, 77, P0
2026/09/30 08:52:09.412, Tesla T4, 10067 MiB, 4846 MiB, 15360 MiB, 98 %, 46 %, 510 MHz, 5000 MHz, 65.44 W, 77, P0
2026/09/30 08:52:09.957, Tesla T4, 10067 MiB, 4846 MiB, 15360 MiB, 97 %, 31 %, 855 MHz, 5000 MHz, 83.54 W, 77, P0
2026/09/30 08:52:10.497, Tesla T4, 10067 MiB, 4846 MiB, 15360 MiB, 95 %, 36 %, 600 MHz, 5000 MHz, 66.22 W, 77, P0
2026/09/30 08:52:11.008, Tesla T4, 10067 MiB, 4846 MiB, 15360 MiB, 100 %, 30 %, 645 MHz, 5000 MHz, 64.63 W, 77, P0
2026/09/30 08:52:11.529, Tesla T4, 10067 MiB, 4846 MiB, 15360 MiB, 100 %, 30 %, 600 MHz, 5000 MHz, 64.55 W, 77, P0
2026/09/30 08:52:12.040, Tesla T4, 10067 MiB, 4846 MiB, 15360 MiB, 100 %, 26 %, 615 MHz, 5000 MHz, 64.69 W, 77, P0
2026/09/30 08:52:12.554, Tesla T4, 10067 MiB, 4846 MiB, 15360 MiB, 100 %, 26 %, 555 MHz, 5000 MHz, 66.12 W, 77, P0
2026/09/30 08:52:13.069, Tesla T4, 10067 MiB, 4846 MiB, 15360 MiB, 100 %, 26 %, 645 MHz, 5000 MHz, 66.32 W, 77, P0
2026/09/30 08:52:13.585, Tesla T4, 10067 MiB, 4846 MiB, 15360 MiB, 92 %, 25 %, 615 MHz, 5000 MHz, 64.10 W, 77, P0
2026/09/30 08:52:14.097, Tesla T4, 10067 MiB, 4846 MiB, 15360 MiB, 100 %, 26 %, 630 MHz, 5000 MHz, 66.12 W, 77, P0
2026/09/30 08:52:14.614, Tesla T4, 10067 MiB, 4846 MiB, 15360 MiB, 98 %, 25 %, 645 MHz, 5000 MHz, 65.83 W, 77, P0
2026/09/30 08:52:15.126, Tesla T4, 10067 MiB, 4846 MiB, 15360 MiB, 100 %, 23 %, 690 MHz, 5000 MHz, 63.00 W, 77, P0
2026/09/30 08:52:15.637, Tesla T4, 10067 MiB, 4846 MiB, 15360 MiB, 92 %, 47 %, 735 MHz, 5000 MHz, 60.71 W, 77, P0
2026/09/30 08:52:16.154, Tesla T4, 10067 MiB, 4846 MiB, 15360 MiB, 98 %, 38 %, 735 MHz, 5000 MHz, 68.82 W, 77, P0
2026/09/30 08:52:16.664, Tesla T4, 10067 MiB, 4846 MiB, 15360 MiB, 100 %, 34 %, 660 MHz, 5000 MHz, 71.62 W, 77, P0
2026/09/30 08:52:17.184, Tesla T4, 10067 MiB, 4846 MiB, 15360 MiB, 98 %, 28 %, 645 MHz, 5000 MHz, 67.00 W, 77, P0
2026/09/30 08:52:17.695, Tesla T4, 10067 MiB, 4846 MiB, 15360 MiB, 93 %, 34 %, 585 MHz, 5000 MHz, 68.86 W, 77, P0
2026/09/30 08:52:18.212, Tesla T4, 10067 MiB, 4846 MiB, 15360 MiB, 100 %, 28 %, 630 MHz, 5000 MHz, 67.10 W, 77, P0
2026/09/30 08:52:18.724, Tesla T4, 10067 MiB, 4846 MiB, 15360 MiB, 99 %, 31 %, 615 MHz, 5000 MHz, 65.63 W, 77, P0
2026/09/30 08:52:19.237, Tesla T4, 10067 MiB, 4846 MiB, 15360 MiB, 93 %, 34 %, 600 MHz, 5000 MHz, 66.16 W, 77, P0
2026/09/30 08:52:19.749, Tesla T4, 10067 MiB, 4846 MiB, 15360 MiB, 97 %, 35 %, 555 MHz, 5000 MHz, 65.73 W, 77, P0
2026/09/30 08:52:20.265, Tesla T4, 10067 MiB, 4846 MiB, 15360 MiB, 98 %, 32 %, 630 MHz, 5000 MHz, 65.73 W, 77, P0
2026/09/30 08:52:20.782, Tesla T4, 10067 MiB, 4846 MiB, 15360 MiB, 100 %, 35 %, 555 MHz, 5000 MHz, 66.32 W, 77, P0
2026/09/30 08:52:21.311, Tesla T4, 10067 MiB, 4846 MiB, 15360 MiB, 100 %, 30 %, 570 MHz, 5000 MHz, 65.08 W, 77, P0
2026/09/30 08:52:21.834, Tesla T4, 10067 MiB, 4846 MiB, 15360 MiB, 100 %, 27 %, 585 MHz, 5000 MHz, 66.12 W, 77, P0
2026/09/30 08:52:22.355, Tesla T4, 10067 MiB, 4846 MiB, 15360 MiB, 100 %, 24 %, 675 MHz, 5000 MHz, 66.32 W, 77, P0
2026/09/30 08:52:22.871, Tesla T4, 10067 MiB, 4846 MiB, 15360 MiB, 100 %, 25 %, 630 MHz, 5000 MHz, 65.93 W, 77, P0
2026/09/30 08:52:23.397, Tesla T4, 10067 MiB, 4846 MiB, 15360 MiB, 93 %, 23 %, 600 MHz, 5000 MHz, 72.89 W, 77, P0
2026/09/30 08:52:23.910, Tesla T4, 10067 MiB, 4846 MiB, 15360 MiB, 100 %, 26 %, 600 MHz, 5000 MHz, 64.20 W, 77, P0
2026/09/30 08:52:24.421, Tesla T4, 10067 MiB, 4846 MiB, 15360 MiB, 100 %, 22 %, 705 MHz, 5000 MHz, 55.67 W, 77, P0
2026/09/30 08:52:24.938, Tesla T4, 10067 MiB, 4846 MiB, 15360 MiB, 100 %, 25 %, 615 MHz, 5000 MHz, 65.77 W, 77, P0
2026/09/30 08:52:25.450, Tesla T4, 10067 MiB, 4846 MiB, 15360 MiB, 97 %, 28 %, 735 MHz, 5000 MHz, 66.02 W, 77, P0
2026/09/30 08:52:25.967, Tesla T4, 10067 MiB, 4846 MiB, 15360 MiB, 94 %, 35 %, 660 MHz, 5000 MHz, 69.02 W, 77, P0
2026/09/30 08:52:26.478, Tesla T4, 10067 MiB, 4846 MiB, 15360 MiB, 100 %, 35 %, 600 MHz, 5000 MHz, 70.00 W, 77, P0
2026/09/30 08:52:26.995, Tesla T4, 10067 MiB, 4846 MiB, 15360 MiB, 100 %, 28 %, 555 MHz, 5000 MHz, 67.55 W, 77, P0
2026/09/30 08:52:27.533, Tesla T4, 10067 MiB, 4846 MiB, 15360 MiB, 100 %, 32 %, 570 MHz, 5000 MHz, 80.52 W, 77, P0
2026/09/30 08:52:28.084, Tesla T4, 10067 MiB, 4846 MiB, 15360 MiB, 100 %, 29 %, 645 MHz, 5000 MHz, 67.00 W, 77, P0
2026/09/30 08:52:28.599, Tesla T4, 10067 MiB, 4846 MiB, 15360 MiB, 97 %, 34 %, 585 MHz, 5000 MHz, 71.96 W, 77, P0
2026/09/30 08:52:29.119, Tesla T4, 10067 MiB, 4846 MiB, 15360 MiB, 99 %, 46 %, 480 MHz, 5000 MHz, 62.40 W, 77, P0
2026/09/30 08:52:29.631, Tesla T4, 10067 MiB, 4846 MiB, 15360 MiB, 97 %, 37 %, 675 MHz, 5000 MHz, 68.04 W, 77, P0
2026/09/30 08:52:30.149, Tesla T4, 10067 MiB, 4846 MiB, 15360 MiB, 100 %, 25 %, 600 MHz, 5000 MHz, 66.38 W, 77, P0
2026/09/30 08:52:30.661, Tesla T4, 10067 MiB, 4846 MiB, 15360 MiB, 100 %, 29 %, 600 MHz, 5000 MHz, 66.42 W, 77, P0
2026/09/30 08:52:31.175, Tesla T4, 10067 MiB, 4846 MiB, 15360 MiB, 100 %, 25 %, 690 MHz, 5000 MHz, 65.93 W, 77, P0
2026/09/30 08:52:31.686, Tesla T4, 10067 MiB, 4846 MiB, 15360 MiB, 100 %, 29 %, 615 MHz, 5000 MHz, 66.51 W, 77, P0
2026/09/30 08:52:32.198, Tesla T4, 10067 MiB, 4846 MiB, 15360 MiB, 97 %, 28 %, 570 MHz, 5000 MHz, 66.91 W, 77, P0
2026/09/30 08:52:32.710, Tesla T4, 10067 MiB, 4846 MiB, 15360 MiB, 100 %, 31 %, 600 MHz, 5000 MHz, 67.20 W, 77, P0
2026/09/30 08:52:33.223, Tesla T4, 10067 MiB, 4846 MiB, 15360 MiB, 100 %, 35 %, 555 MHz, 5000 MHz, 66.61 W, 77, P0
2026/09/30 08:52:33.747, Tesla T4, 10067 MiB, 4846 MiB, 15360 MiB, 100 %, 32 %, 630 MHz, 5000 MHz, 65.18 W, 77, P0
2026/09/30 08:52:34.278, Tesla T4, 10067 MiB, 4846 MiB, 15360 MiB, 98 %, 31 %, 645 MHz, 5000 MHz, 66.22 W, 77, P0
2026/09/30 08:52:34.801, Tesla T4, 10067 MiB, 4846 MiB, 15360 MiB, 100 %, 32 %, 555 MHz, 5000 MHz, 60.06 W, 77, P0
2026/09/30 08:52:35.350, Tesla T4, 10067 MiB, 4846 MiB, 15360 MiB, 98 %, 39 %, 645 MHz, 5000 MHz, 52.30 W, 77, P0
2026/09/30 08:52:35.900, Tesla T4, 10067 MiB, 4846 MiB, 15360 MiB, 94 %, 33 %, 600 MHz, 5000 MHz, 66.12 W, 77, P0
2026/09/30 08:52:36.435, Tesla T4, 10067 MiB, 4846 MiB, 15360 MiB, 100 %, 29 %, 630 MHz, 5000 MHz, 66.32 W, 77, P0
2026/09/30 08:52:36.947, Tesla T4, 10067 MiB, 4846 MiB, 15360 MiB, 100 %, 29 %, 585 MHz, 5000 MHz, 67.16 W, 77, P0
2026/09/30 08:52:37.458, Tesla T4, 10067 MiB, 4846 MiB, 15360 MiB, 99 %, 36 %, 660 MHz, 5000 MHz, 66.51 W, 77, P0
2026/09/30 08:52:37.976, Tesla T4, 10067 MiB, 4846 MiB, 15360 MiB, 100 %, 28 %, 660 MHz, 5000 MHz, 64.85 W, 77, P0
2026/09/30 08:52:38.487, Tesla T4, 10067 MiB, 4846 MiB, 15360 MiB, 100 %, 29 %, 585 MHz, 5000 MHz, 66.51 W, 77, P0
2026/09/30 08:52:39.000, Tesla T4, 10067 MiB, 4846 MiB, 15360 MiB, 93 %, 29 %, 675 MHz, 5000 MHz, 66.81 W, 77, P0
2026/09/30 08:52:39.511, Tesla T4, 10067 MiB, 4846 MiB, 15360 MiB, 98 %, 28 %, 615 MHz, 5000 MHz, 61.36 W, 77, P0
2026/09/30 08:52:40.022, Tesla T4, 10067 MiB, 4846 MiB, 15360 MiB, 100 %, 28 %, 630 MHz, 5000 MHz, 66.22 W, 77, P0
2026/09/30 08:52:40.539, Tesla T4, 10067 MiB, 4846 MiB, 15360 MiB, 100 %, 30 %, 615 MHz, 5000 MHz, 66.22 W, 77, P0
2026/09/30 08:52:41.050, Tesla T4, 10067 MiB, 4846 MiB, 15360 MiB, 100 %, 31 %, 675 MHz, 5000 MHz, 69.70 W, 77, P0
2026/09/30 08:52:41.562, Tesla T4, 10067 MiB, 4846 MiB, 15360 MiB, 100 %, 29 %, 645 MHz, 5000 MHz, 62.14 W, 77, P0
2026/09/30 08:52:42.080, Tesla T4, 10067 MiB, 4846 MiB, 15360 MiB, 97 %, 30 %, 645 MHz, 5000 MHz, 65.44 W, 77, P0
2026/09/30 08:52:42.595, Tesla T4, 10067 MiB, 4846 MiB, 15360 MiB, 98 %, 33 %, 615 MHz, 5000 MHz, 66.46 W, 77, P0
2026/09/30 08:52:43.108, Tesla T4, 10067 MiB, 4846 MiB, 15360 MiB, 93 %, 29 %, 615 MHz, 5000 MHz, 66.61 W, 77, P0
2026/09/30 08:52:43.619, Tesla T4, 10067 MiB, 4846 MiB, 15360 MiB, 100 %, 32 %, 585 MHz, 5000 MHz, 66.51 W, 77, P0
2026/09/30 08:52:44.135, Tesla T4, 10067 MiB, 4846 MiB, 15360 MiB, 94 %, 38 %, 645 MHz, 5000 MHz, 67.26 W, 77, P0
2026/09/30 08:52:44.647, Tesla T4, 10067 MiB, 4846 MiB, 15360 MiB, 100 %, 27 %, 600 MHz, 5000 MHz, 66.42 W, 77, P0
2026/09/30 08:52:45.167, Tesla T4, 10067 MiB, 4846 MiB, 15360 MiB, 100 %, 27 %, 600 MHz, 5000 MHz, 64.75 W, 77, P0
2026/09/30 08:52:45.679, Tesla T4, 10067 MiB, 4846 MiB, 15360 MiB, 98 %, 28 %, 690 MHz, 5000 MHz, 66.57 W, 77, P0
2026/09/30 08:52:46.193, Tesla T4, 10067 MiB, 4846 MiB, 15360 MiB, 100 %, 26 %, 600 MHz, 5000 MHz, 65.83 W, 77, P0
2026/09/30 08:52:46.716, Tesla T4, 10067 MiB, 4846 MiB, 15360 MiB, 100 %, 26 %, 630 MHz, 5000 MHz, 65.73 W, 77, P0
2026/09/30 08:52:47.246, Tesla T4, 10067 MiB, 4846 MiB, 15360 MiB, 100 %, 25 %, 690 MHz, 5000 MHz, 65.67 W, 77, P0
2026/09/30 08:52:47.769, Tesla T4, 10067 MiB, 4846 MiB, 15360 MiB, 96 %, 32 %, 600 MHz, 5000 MHz, 66.91 W, 77, P0
2026/09/30 08:52:48.308, Tesla T4, 10067 MiB, 4846 MiB, 15360 MiB, 96 %, 39 %, 540 MHz, 5000 MHz, 66.42 W, 77, P0
2026/09/30 08:52:48.838, Tesla T4, 10067 MiB, 4846 MiB, 15360 MiB, 100 %, 31 %, 570 MHz, 5000 MHz, 65.73 W, 77, P0
2026/09/30 08:52:49.357, Tesla T4, 10067 MiB, 4846 MiB, 15360 MiB, 100 %, 34 %, 585 MHz, 5000 MHz, 67.26 W, 77, P0
2026/09/30 08:52:49.869, Tesla T4, 10067 MiB, 4846 MiB, 15360 MiB, 96 %, 50 %, 675 MHz, 5000 MHz, 68.04 W, 77, P0
2026/09/30 08:52:50.388, Tesla T4, 10067 MiB, 4846 MiB, 15360 MiB, 97 %, 28 %, 690 MHz, 5000 MHz, 66.02 W, 77, P0
2026/09/30 08:52:50.905, Tesla T4, 10067 MiB, 4846 MiB, 15360 MiB, 100 %, 29 %, 645 MHz, 5000 MHz, 66.42 W, 77, P0
2026/09/30 08:52:51.417, Tesla T4, 10067 MiB, 4846 MiB, 15360 MiB, 93 %, 28 %, 690 MHz, 5000 MHz, 65.73 W, 77, P0
2026/09/30 08:52:51.934, Tesla T4, 10067 MiB, 4846 MiB, 15360 MiB, 98 %, 25 %, 615 MHz, 5000 MHz, 65.44 W, 77, P0
2026/09/30 08:52:52.445, Tesla T4, 10067 MiB, 4846 MiB, 15360 MiB, 100 %, 26 %, 765 MHz, 5000 MHz, 66.12 W, 77, P0
2026/09/30 08:52:52.962, Tesla T4, 10067 MiB, 4846 MiB, 15360 MiB, 100 %, 30 %, 555 MHz, 5000 MHz, 67.20 W, 77, P0
2026/09/30 08:52:53.474, Tesla T4, 10067 MiB, 4846 MiB, 15360 MiB, 100 %, 29 %, 615 MHz, 5000 MHz, 65.93 W, 77, P0
2026/09/30 08:52:53.988, Tesla T4, 10067 MiB, 4846 MiB, 15360 MiB, 95 %, 42 %, 615 MHz, 5000 MHz, 64.55 W, 77, P0
2026/09/30 08:52:54.502, Tesla T4, 10067 MiB, 4846 MiB, 15360 MiB, 98 %, 33 %, 570 MHz, 5000 MHz, 65.63 W, 77, P0
2026/09/30 08:52:55.017, Tesla T4, 10067 MiB, 4846 MiB, 15360 MiB, 93 %, 32 %, 615 MHz, 5000 MHz, 65.73 W, 77, P0
2026/09/30 08:52:55.528, Tesla T4, 10067 MiB, 4846 MiB, 15360 MiB, 98 %, 33 %, 555 MHz, 5000 MHz, 66.91 W, 77, P0
2026/09/30 08:52:56.039, Tesla T4, 10067 MiB, 4846 MiB, 15360 MiB, 97 %, 33 %, 585 MHz, 5000 MHz, 66.22 W, 77, P0
2026/09/30 08:52:56.557, Tesla T4, 10067 MiB, 4846 MiB, 15360 MiB, 94 %, 36 %, 570 MHz, 5000 MHz, 66.12 W, 77, P0
2026/09/30 08:52:57.068, Tesla T4, 10067 MiB, 4846 MiB, 15360 MiB, 97 %, 37 %, 645 MHz, 5000 MHz, 64.36 W, 77, P0
2026/09/30 08:52:57.585, Tesla T4, 10067 MiB, 4846 MiB, 15360 MiB, 86 %, 27 %, 615 MHz, 5000 MHz, 64.36 W, 77, P0
2026/09/30 08:52:58.097, Tesla T4, 10067 MiB, 4846 MiB, 15360 MiB, 97 %, 30 %, 630 MHz, 5000 MHz, 69.02 W, 77, P0
2026/09/30 08:52:58.613, Tesla T4, 10067 MiB, 4846 MiB, 15360 MiB, 99 %, 38 %, 585 MHz, 5000 MHz, 64.85 W, 77, P0
2026/09/30 08:52:59.124, Tesla T4, 10067 MiB, 4846 MiB, 15360 MiB, 95 %, 36 %, 585 MHz, 5000 MHz, 65.44 W, 77, P0
2026/09/30 08:52:59.655, Tesla T4, 10067 MiB, 4846 MiB, 15360 MiB, 98 %, 37 %, 585 MHz, 5000 MHz, 66.12 W, 77, P0
2026/09/30 08:53:00.180, Tesla T4, 10067 MiB, 4846 MiB, 15360 MiB, 96 %, 38 %, 600 MHz, 5000 MHz, 64.85 W, 77, P0
2026/09/30 08:53:00.706, Tesla T4, 10067 MiB, 4846 MiB, 15360 MiB, 98 %, 43 %, 570 MHz, 5000 MHz, 66.65 W, 77, P0
2026/09/30 08:53:01.245, Tesla T4, 10067 MiB, 4846 MiB, 15360 MiB, 99 %, 37 %, 600 MHz, 5000 MHz, 69.21 W, 77, P0
2026/09/30 08:53:01.781, Tesla T4, 10067 MiB, 4846 MiB, 15360 MiB, 97 %, 28 %, 630 MHz, 5000 MHz, 66.16 W, 77, P0
2026/09/30 08:53:02.297, Tesla T4, 10067 MiB, 4846 MiB, 15360 MiB, 100 %, 28 %, 645 MHz, 5000 MHz, 65.48 W, 77, P0
2026/09/30 08:53:02.816, Tesla T4, 10067 MiB, 4846 MiB, 15360 MiB, 100 %, 29 %, 600 MHz, 5000 MHz, 66.51 W, 77, P0
2026/09/30 08:53:03.333, Tesla T4, 10067 MiB, 4846 MiB, 15360 MiB, 100 %, 25 %, 690 MHz, 5000 MHz, 65.93 W, 77, P0
2026/09/30 08:53:03.844, Tesla T4, 10067 MiB, 4846 MiB, 15360 MiB, 93 %, 35 %, 690 MHz, 5000 MHz, 66.02 W, 77, P0
2026/09/30 08:53:04.369, Tesla T4, 10067 MiB, 4846 MiB, 15360 MiB, 99 %, 38 %, 630 MHz, 5000 MHz, 65.04 W, 77, P0
2026/09/30 08:53:04.883, Tesla T4, 10067 MiB, 4846 MiB, 15360 MiB, 97 %, 53 %, 570 MHz, 5000 MHz, 65.44 W, 77, P0
2026/09/30 08:53:05.410, Tesla T4, 10067 MiB, 4846 MiB, 15360 MiB, 100 %, 32 %, 975 MHz, 5000 MHz, 50.63 W, 77, P0
2026/09/30 08:53:05.926, Tesla T4, 10067 MiB, 4846 MiB, 15360 MiB, 100 %, 34 %, 585 MHz, 5000 MHz, 65.93 W, 77, P0
2026/09/30 08:53:06.451, Tesla T4, 10067 MiB, 4846 MiB, 15360 MiB, 100 %, 31 %, 720 MHz, 5000 MHz, 65.24 W, 77, P0
2026/09/30 08:53:06.964, Tesla T4, 10067 MiB, 4846 MiB, 15360 MiB, 93 %, 23 %, 915 MHz, 5000 MHz, 66.42 W, 77, P0
2026/09/30 08:53:07.482, Tesla T4, 10067 MiB, 4846 MiB, 15360 MiB, 98 %, 26 %, 690 MHz, 5000 MHz, 66.02 W, 77, P0
2026/09/30 08:53:07.999, Tesla T4, 10067 MiB, 4846 MiB, 15360 MiB, 100 %, 36 %, 570 MHz, 5000 MHz, 66.81 W, 77, P0
2026/09/30 08:53:08.527, Tesla T4, 10067 MiB, 4846 MiB, 15360 MiB, 93 %, 39 %, 555 MHz, 5000 MHz, 66.12 W, 77, P0
2026/09/30 08:53:09.039, Tesla T4, 10067 MiB, 4846 MiB, 15360 MiB, 97 %, 36 %, 585 MHz, 5000 MHz, 66.26 W, 77, P0
2026/09/30 08:53:09.563, Tesla T4, 10067 MiB, 4846 MiB, 15360 MiB, 100 %, 33 %, 555 MHz, 5000 MHz, 65.83 W, 77, P0
2026/09/30 08:53:10.081, Tesla T4, 10067 MiB, 4846 MiB, 15360 MiB, 98 %, 31 %, 570 MHz, 5000 MHz, 66.42 W, 77, P0
2026/09/30 08:53:10.609, Tesla T4, 10067 MiB, 4846 MiB, 15360 MiB, 100 %, 25 %, 705 MHz, 5000 MHz, 66.46 W, 77, P0
2026/09/30 08:53:11.122, Tesla T4, 10067 MiB, 4846 MiB, 15360 MiB, 98 %, 28 %, 645 MHz, 5000 MHz, 66.12 W, 77, P0
2026/09/30 08:53:11.652, Tesla T4, 10067 MiB, 4846 MiB, 15360 MiB, 100 %, 24 %, 705 MHz, 5000 MHz, 65.83 W, 77, P0
2026/09/30 08:53:12.181, Tesla T4, 10067 MiB, 4846 MiB, 15360 MiB, 98 %, 31 %, 615 MHz, 5000 MHz, 65.67 W, 77, P0
2026/09/30 08:53:12.705, Tesla T4, 10067 MiB, 4846 MiB, 15360 MiB, 98 %, 36 %, 1170 MHz, 5000 MHz, 65.93 W, 77, P0
2026/09/30 08:53:13.237, Tesla T4, 10067 MiB, 4846 MiB, 15360 MiB, 94 %, 29 %, 720 MHz, 5000 MHz, 66.32 W, 77, P0
2026/09/30 08:53:13.784, Tesla T4, 10067 MiB, 4846 MiB, 15360 MiB, 100 %, 23 %, 705 MHz, 5000 MHz, 66.22 W, 77, P0
2026/09/30 08:53:14.305, Tesla T4, 10067 MiB, 4846 MiB, 15360 MiB, 96 %, 24 %, 720 MHz, 5000 MHz, 66.51 W, 77, P0
2026/09/30 08:53:14.823, Tesla T4, 10067 MiB, 4846 MiB, 15360 MiB, 100 %, 23 %, 720 MHz, 5000 MHz, 67.10 W, 77, P0
2026/09/30 08:53:15.334, Tesla T4, 10067 MiB, 4846 MiB, 15360 MiB, 92 %, 23 %, 720 MHz, 5000 MHz, 65.77 W, 77, P0
2026/09/30 08:53:15.846, Tesla T4, 10067 MiB, 4846 MiB, 15360 MiB, 100 %, 22 %, 720 MHz, 5000 MHz, 65.63 W, 77, P0
2026/09/30 08:53:16.357, Tesla T4, 10067 MiB, 4846 MiB, 15360 MiB, 97 %, 22 %, 720 MHz, 5000 MHz, 65.93 W, 77, P0
2026/09/30 08:53:16.868, Tesla T4, 10067 MiB, 4846 MiB, 15360 MiB, 100 %, 22 %, 720 MHz, 5000 MHz, 65.83 W, 77, P0
2026/09/30 08:53:17.381, Tesla T4, 10067 MiB, 4846 MiB, 15360 MiB, 97 %, 24 %, 615 MHz, 5000 MHz, 66.02 W, 77, P0
2026/09/30 08:53:17.892, Tesla T4, 10067 MiB, 4846 MiB, 15360 MiB, 94 %, 36 %, 615 MHz, 5000 MHz, 65.67 W, 77, P0
2026/09/30 08:53:18.403, Tesla T4, 10067 MiB, 4846 MiB, 15360 MiB, 97 %, 34 %, 645 MHz, 5000 MHz, 64.99 W, 77, P0
2026/09/30 08:53:18.920, Tesla T4, 10067 MiB, 4846 MiB, 15360 MiB, 98 %, 37 %, 570 MHz, 5000 MHz, 67.65 W, 77, P0
2026/09/30 08:53:19.430, Tesla T4, 10067 MiB, 4846 MiB, 15360 MiB, 100 %, 31 %, 630 MHz, 5000 MHz, 63.32 W, 77, P0
2026/09/30 08:53:19.946, Tesla T4, 10067 MiB, 4846 MiB, 15360 MiB, 100 %, 33 %, 630 MHz, 5000 MHz, 65.08 W, 77, P0
2026/09/30 08:53:20.460, Tesla T4, 10067 MiB, 4846 MiB, 15360 MiB, 93 %, 30 %, 615 MHz, 5000 MHz, 69.31 W, 77, P0
2026/09/30 08:53:20.972, Tesla T4, 10067 MiB, 4846 MiB, 15360 MiB, 98 %, 29 %, 615 MHz, 5000 MHz, 65.63 W, 77, P0
2026/09/30 08:53:21.485, Tesla T4, 10067 MiB, 4846 MiB, 15360 MiB, 100 %, 25 %, 675 MHz, 5000 MHz, 66.22 W, 77, P0
2026/09/30 08:53:21.996, Tesla T4, 10067 MiB, 4846 MiB, 15360 MiB, 91 %, 37 %, 675 MHz, 5000 MHz, 66.16 W, 77, P0
2026/09/30 08:53:22.514, Tesla T4, 10067 MiB, 4846 MiB, 15360 MiB, 98 %, 35 %, 540 MHz, 5000 MHz, 65.97 W, 77, P0
2026/09/30 08:53:23.025, Tesla T4, 10067 MiB, 4846 MiB, 15360 MiB, 100 %, 30 %, 570 MHz, 5000 MHz, 64.36 W, 77, P0
2026/09/30 08:53:23.536, Tesla T4, 10067 MiB, 4846 MiB, 15360 MiB, 100 %, 31 %, 600 MHz, 5000 MHz, 66.12 W, 77, P0
2026/09/30 08:53:24.053, Tesla T4, 10067 MiB, 4846 MiB, 15360 MiB, 99 %, 32 %, 645 MHz, 5000 MHz, 66.22 W, 77, P0
2026/09/30 08:53:24.564, Tesla T4, 10067 MiB, 4846 MiB, 15360 MiB, 93 %, 35 %, 630 MHz, 5000 MHz, 65.69 W, 77, P0
2026/09/30 08:53:25.096, Tesla T4, 10067 MiB, 4846 MiB, 15360 MiB, 96 %, 35 %, 615 MHz, 5000 MHz, 65.24 W, 77, P0
2026/09/30 08:53:25.632, Tesla T4, 10067 MiB, 4846 MiB, 15360 MiB, 91 %, 27 %, 615 MHz, 5000 MHz, 70.98 W, 77, P0
2026/09/30 08:53:26.153, Tesla T4, 10067 MiB, 4846 MiB, 15360 MiB, 95 %, 29 %, 585 MHz, 5000 MHz, 63.42 W, 77, P0
2026/09/30 08:53:26.667, Tesla T4, 10067 MiB, 4846 MiB, 15360 MiB, 100 %, 30 %, 765 MHz, 5000 MHz, 67.06 W, 77, P0
2026/09/30 08:53:27.185, Tesla T4, 10067 MiB, 4846 MiB, 15360 MiB, 100 %, 23 %, 975 MHz, 5000 MHz, 82.52 W, 77, P0
2026/09/30 08:53:27.713, Tesla T4, 10067 MiB, 4846 MiB, 15360 MiB, 98 %, 28 %, 720 MHz, 5000 MHz, 66.42 W, 77, P0
2026/09/30 08:53:28.318, Tesla T4, 10067 MiB, 4846 MiB, 15360 MiB, 100 %, 24 %, 600 MHz, 5000 MHz, 67.49 W, 77, P0
2026/09/30 08:53:28.835, Tesla T4, 10067 MiB, 4846 MiB, 15360 MiB, 100 %, 29 %, 585 MHz, 5000 MHz, 63.51 W, 77, P0
2026/09/30 08:53:29.348, Tesla T4, 10067 MiB, 4846 MiB, 15360 MiB, 93 %, 31 %, 600 MHz, 5000 MHz, 65.93 W, 77, P0
2026/09/30 08:53:29.865, Tesla T4, 10067 MiB, 4846 MiB, 15360 MiB, 100 %, 28 %, 555 MHz, 5000 MHz, 66.61 W, 77, P0
2026/09/30 08:53:30.377, Tesla T4, 10067 MiB, 4846 MiB, 15360 MiB, 96 %, 25 %, 690 MHz, 5000 MHz, 64.75 W, 77, P0
2026/09/30 08:53:30.894, Tesla T4, 10067 MiB, 4846 MiB, 15360 MiB, 100 %, 23 %, 720 MHz, 5000 MHz, 65.61 W, 77, P0
2026/09/30 08:53:31.406, Tesla T4, 10067 MiB, 4846 MiB, 15360 MiB, 97 %, 29 %, 600 MHz, 5000 MHz, 65.73 W, 77, P0
2026/09/30 08:53:31.923, Tesla T4, 10067 MiB, 4846 MiB, 15360 MiB, 100 %, 27 %, 615 MHz, 5000 MHz, 65.44 W, 77, P0
2026/09/30 08:53:32.436, Tesla T4, 10067 MiB, 4846 MiB, 15360 MiB, 92 %, 23 %, 720 MHz, 5000 MHz, 65.63 W, 77, P0
2026/09/30 08:53:32.947, Tesla T4, 10067 MiB, 4846 MiB, 15360 MiB, 100 %, 22 %, 720 MHz, 5000 MHz, 66.32 W, 77, P0
2026/09/30 08:53:33.459, Tesla T4, 10067 MiB, 4846 MiB, 15360 MiB, 97 %, 25 %, 630 MHz, 5000 MHz, 66.42 W, 77, P0
2026/09/30 08:53:33.971, Tesla T4, 10067 MiB, 4846 MiB, 15360 MiB, 100 %, 26 %, 615 MHz, 5000 MHz, 64.59 W, 77, P0
2026/09/30 08:53:34.490, Tesla T4, 10067 MiB, 4846 MiB, 15360 MiB, 97 %, 24 %, 570 MHz, 5000 MHz, 65.69 W, 77, P0
2026/09/30 08:53:35.002, Tesla T4, 10067 MiB, 4846 MiB, 15360 MiB, 94 %, 39 %, 615 MHz, 5000 MHz, 47.31 W, 77, P0
2026/09/30 08:53:35.520, Tesla T4, 10067 MiB, 4846 MiB, 15360 MiB, 99 %, 36 %, 630 MHz, 5000 MHz, 65.63 W, 77, P0
2026/09/30 08:53:36.033, Tesla T4, 10067 MiB, 4846 MiB, 15360 MiB, 100 %, 28 %, 660 MHz, 5000 MHz, 66.32 W, 77, P0
2026/09/30 08:53:36.546, Tesla T4, 10067 MiB, 4846 MiB, 15360 MiB, 92 %, 42 %, 630 MHz, 5000 MHz, 65.44 W, 77, P0
2026/09/30 08:53:37.061, Tesla T4, 10067 MiB, 4846 MiB, 15360 MiB, 100 %, 24 %, 675 MHz, 5000 MHz, 64.69 W, 77, P0
2026/09/30 08:53:37.580, Tesla T4, 10067 MiB, 4846 MiB, 15360 MiB, 100 %, 34 %, 675 MHz, 5000 MHz, 62.47 W, 77, P0
2026/09/30 08:53:38.145, Tesla T4, 10067 MiB, 4846 MiB, 15360 MiB, 100 %, 34 %, 690 MHz, 5000 MHz, 65.73 W, 77, P0
2026/09/30 08:53:38.680, Tesla T4, 10067 MiB, 4846 MiB, 15360 MiB, 100 %, 33 %, 750 MHz, 5000 MHz, 69.76 W, 77, P0
2026/09/30 08:53:39.223, Tesla T4, 10067 MiB, 4846 MiB, 15360 MiB, 100 %, 30 %, 540 MHz, 5000 MHz, 67.00 W, 76, P0
2026/09/30 08:53:39.757, Tesla T4, 10067 MiB, 4846 MiB, 15360 MiB, 100 %, 34 %, 600 MHz, 5000 MHz, 65.63 W, 77, P0
2026/09/30 08:53:40.281, Tesla T4, 10067 MiB, 4846 MiB, 15360 MiB, 97 %, 28 %, 660 MHz, 5000 MHz, 66.42 W, 77, P0
2026/09/30 08:53:40.799, Tesla T4, 10067 MiB, 4846 MiB, 15360 MiB, 100 %, 29 %, 600 MHz, 5000 MHz, 67.10 W, 77, P0
2026/09/30 08:53:41.311, Tesla T4, 10067 MiB, 4846 MiB, 15360 MiB, 97 %, 28 %, 615 MHz, 5000 MHz, 66.91 W, 77, P0
2026/09/30 08:53:41.824, Tesla T4, 10067 MiB, 4846 MiB, 15360 MiB, 100 %, 27 %, 585 MHz, 5000 MHz, 66.12 W, 77, P0
2026/09/30 08:53:42.340, Tesla T4, 10067 MiB, 4846 MiB, 15360 MiB, 100 %, 32 %, 645 MHz, 5000 MHz, 65.04 W, 77, P0
2026/09/30 08:53:42.854, Tesla T4, 10067 MiB, 4846 MiB, 15360 MiB, 100 %, 30 %, 570 MHz, 5000 MHz, 65.53 W, 77, P0
2026/09/30 08:53:43.365, Tesla T4, 10067 MiB, 4846 MiB, 15360 MiB, 100 %, 32 %, 645 MHz, 5000 MHz, 65.63 W, 77, P0
2026/09/30 08:53:43.879, Tesla T4, 10067 MiB, 4846 MiB, 15360 MiB, 100 %, 29 %, 570 MHz, 5000 MHz, 66.08 W, 77, P0
2026/09/30 08:53:44.394, Tesla T4, 10067 MiB, 4846 MiB, 15360 MiB, 100 %, 29 %, 615 MHz, 5000 MHz, 66.02 W, 77, P0
2026/09/30 08:53:44.908, Tesla T4, 10067 MiB, 4846 MiB, 15360 MiB, 100 %, 27 %, 630 MHz, 5000 MHz, 65.24 W, 77, P0
2026/09/30 08:53:45.424, Tesla T4, 10067 MiB, 4846 MiB, 15360 MiB, 100 %, 26 %, 600 MHz, 5000 MHz, 65.53 W, 77, P0
2026/09/30 08:53:45.935, Tesla T4, 10067 MiB, 4846 MiB, 15360 MiB, 100 %, 28 %, 600 MHz, 5000 MHz, 65.73 W, 77, P0
2026/09/30 08:53:46.449, Tesla T4, 10067 MiB, 4846 MiB, 15360 MiB, 98 %, 27 %, 600 MHz, 5000 MHz, 64.95 W, 77, P0
2026/09/30 08:53:46.961, Tesla T4, 10067 MiB, 4846 MiB, 15360 MiB, 100 %, 26 %, 600 MHz, 5000 MHz, 66.02 W, 77, P0
2026/09/30 08:53:47.477, Tesla T4, 10067 MiB, 4846 MiB, 15360 MiB, 100 %, 32 %, 570 MHz, 5000 MHz, 66.81 W, 77, P0
2026/09/30 08:53:47.989, Tesla T4, 10067 MiB, 4846 MiB, 15360 MiB, 93 %, 30 %, 615 MHz, 5000 MHz, 65.14 W, 77, P0
2026/09/30 08:53:48.501, Tesla T4, 10067 MiB, 4846 MiB, 15360 MiB, 98 %, 31 %, 570 MHz, 5000 MHz, 64.95 W, 77, P0
2026/09/30 08:53:49.013, Tesla T4, 10067 MiB, 4846 MiB, 15360 MiB, 100 %, 25 %, 630 MHz, 5000 MHz, 66.22 W, 77, P0
2026/09/30 08:53:49.529, Tesla T4, 10067 MiB, 4846 MiB, 15360 MiB, 100 %, 25 %, 735 MHz, 5000 MHz, 66.16 W, 77, P0
2026/09/30 08:53:50.043, Tesla T4, 10067 MiB, 4846 MiB, 15360 MiB, 100 %, 25 %, 615 MHz, 5000 MHz, 65.48 W, 77, P0
2026/09/30 08:53:50.557, Tesla T4, 10067 MiB, 4846 MiB, 15360 MiB, 98 %, 31 %, 615 MHz, 5000 MHz, 63.67 W, 77, P0
2026/09/30 08:53:51.089, Tesla T4, 10067 MiB, 4846 MiB, 15360 MiB, 100 %, 32 %, 720 MHz, 5000 MHz, 63.91 W, 77, P0
2026/09/30 08:53:51.614, Tesla T4, 10067 MiB, 4846 MiB, 15360 MiB, 100 %, 31 %, 615 MHz, 5000 MHz, 66.91 W, 77, P0
2026/09/30 08:53:52.140, Tesla T4, 10067 MiB, 4846 MiB, 15360 MiB, 98 %, 37 %, 645 MHz, 5000 MHz, 66.42 W, 77, P0
2026/09/30 08:53:52.666, Tesla T4, 10067 MiB, 4846 MiB, 15360 MiB, 100 %, 27 %, 660 MHz, 5000 MHz, 65.08 W, 77, P0
2026/09/30 08:53:53.188, Tesla T4, 10067 MiB, 4846 MiB, 15360 MiB, 94 %, 28 %, 1035 MHz, 5000 MHz, 64.85 W, 77, P0
2026/09/30 08:53:53.703, Tesla T4, 10067 MiB, 4846 MiB, 15360 MiB, 100 %, 27 %, 660 MHz, 5000 MHz, 65.93 W, 77, P0
2026/09/30 08:53:54.219, Tesla T4, 10067 MiB, 4846 MiB, 15360 MiB, 100 %, 32 %, 630 MHz, 5000 MHz, 65.14 W, 77, P0
2026/09/30 08:53:54.731, Tesla T4, 10067 MiB, 4846 MiB, 15360 MiB, 99 %, 41 %, 600 MHz, 5000 MHz, 51.61 W, 77, P0
2026/09/30 08:53:55.247, Tesla T4, 10067 MiB, 4846 MiB, 15360 MiB, 97 %, 31 %, 600 MHz, 5000 MHz, 66.91 W, 77, P0
2026/09/30 08:53:55.759, Tesla T4, 10067 MiB, 4846 MiB, 15360 MiB, 100 %, 28 %, 660 MHz, 5000 MHz, 66.12 W, 77, P0
2026/09/30 08:53:56.274, Tesla T4, 10067 MiB, 4846 MiB, 15360 MiB, 92 %, 34 %, 585 MHz, 5000 MHz, 65.20 W, 77, P0
2026/09/30 08:53:56.786, Tesla T4, 10067 MiB, 4846 MiB, 15360 MiB, 100 %, 27 %, 675 MHz, 5000 MHz, 65.63 W, 77, P0
2026/09/30 08:53:57.297, Tesla T4, 10067 MiB, 4846 MiB, 15360 MiB, 95 %, 31 %, 600 MHz, 5000 MHz, 64.26 W, 77, P0
2026/09/30 08:53:57.809, Tesla T4, 10067 MiB, 4846 MiB, 15360 MiB, 100 %, 29 %, 585 MHz, 5000 MHz, 64.46 W, 77, P0
2026/09/30 08:53:58.326, Tesla T4, 10067 MiB, 4846 MiB, 15360 MiB, 98 %, 35 %, 585 MHz, 5000 MHz, 66.22 W, 77, P0
2026/09/30 08:53:58.841, Tesla T4, 10067 MiB, 4846 MiB, 15360 MiB, 100 %, 28 %, 600 MHz, 5000 MHz, 65.63 W, 77, P0
2026/09/30 08:53:59.353, Tesla T4, 10067 MiB, 4846 MiB, 15360 MiB, 100 %, 28 %, 600 MHz, 5000 MHz, 65.24 W, 77, P0
2026/09/30 08:53:59.864, Tesla T4, 10067 MiB, 4846 MiB, 15360 MiB, 97 %, 34 %, 615 MHz, 5000 MHz, 67.10 W, 77, P0
2026/09/30 08:54:00.382, Tesla T4, 10067 MiB, 4846 MiB, 15360 MiB, 93 %, 31 %, 585 MHz, 5000 MHz, 65.93 W, 77, P0
2026/09/30 08:54:00.894, Tesla T4, 10067 MiB, 4846 MiB, 15360 MiB, 97 %, 32 %, 630 MHz, 5000 MHz, 65.44 W, 77, P0
2026/09/30 08:54:01.410, Tesla T4, 10067 MiB, 4846 MiB, 15360 MiB, 96 %, 34 %, 570 MHz, 5000 MHz, 66.71 W, 77, P0
2026/09/30 08:54:01.921, Tesla T4, 10067 MiB, 4846 MiB, 15360 MiB, 100 %, 32 %, 615 MHz, 5000 MHz, 68.24 W, 77, P0
2026/09/30 08:54:02.433, Tesla T4, 10067 MiB, 4846 MiB, 15360 MiB, 100 %, 34 %, 630 MHz, 5000 MHz, 66.47 W, 77, P0
2026/09/30 08:54:02.950, Tesla T4, 10067 MiB, 4846 MiB, 15360 MiB, 92 %, 40 %, 675 MHz, 5000 MHz, 66.26 W, 77, P0
2026/09/30 08:54:03.461, Tesla T4, 10067 MiB, 4846 MiB, 15360 MiB, 100 %, 34 %, 660 MHz, 5000 MHz, 62.93 W, 77, P0
2026/09/30 08:54:03.990, Tesla T4, 10067 MiB, 4846 MiB, 15360 MiB, 88 %, 33 %, 570 MHz, 5000 MHz, 65.93 W, 77, P0
2026/09/30 08:54:04.515, Tesla T4, 10067 MiB, 4846 MiB, 15360 MiB, 95 %, 32 %, 540 MHz, 5000 MHz, 70.69 W, 77, P0
2026/09/30 08:54:05.039, Tesla T4, 10067 MiB, 4846 MiB, 15360 MiB, 97 %, 37 %, 555 MHz, 5000 MHz, 66.32 W, 77, P0
2026/09/30 08:54:05.575, Tesla T4, 10067 MiB, 4846 MiB, 15360 MiB, 94 %, 42 %, 630 MHz, 5000 MHz, 66.81 W, 77, P0
2026/09/30 08:54:06.099, Tesla T4, 10067 MiB, 4846 MiB, 15360 MiB, 98 %, 38 %, 690 MHz, 5000 MHz, 63.55 W, 77, P0
2026/09/30 08:54:06.620, Tesla T4, 10067 MiB, 4846 MiB, 15360 MiB, 100 %, 28 %, 675 MHz, 5000 MHz, 65.73 W, 77, P0
2026/09/30 08:54:07.130, Tesla T4, 10067 MiB, 4846 MiB, 15360 MiB, 100 %, 30 %, 615 MHz, 5000 MHz, 66.32 W, 77, P0
2026/09/30 08:54:07.648, Tesla T4, 10067 MiB, 4846 MiB, 15360 MiB, 100 %, 27 %, 675 MHz, 5000 MHz, 66.22 W, 77, P0
2026/09/30 08:54:08.160, Tesla T4, 10067 MiB, 4846 MiB, 15360 MiB, 100 %, 29 %, 720 MHz, 5000 MHz, 65.34 W, 77, P0
2026/09/30 08:54:08.677, Tesla T4, 10067 MiB, 4846 MiB, 15360 MiB, 100 %, 33 %, 630 MHz, 5000 MHz, 67.44 W, 77, P0
2026/09/30 08:54:09.188, Tesla T4, 10067 MiB, 4846 MiB, 15360 MiB, 100 %, 34 %, 555 MHz, 5000 MHz, 67.16 W, 77, P0
2026/09/30 08:54:09.706, Tesla T4, 10067 MiB, 4846 MiB, 15360 MiB, 63 %, 25 %, 570 MHz, 5000 MHz, 65.48 W, 77, P0
2026/09/30 08:54:10.218, Tesla T4, 10067 MiB, 4846 MiB, 15360 MiB, 100 %, 34 %, 570 MHz, 5000 MHz, 65.28 W, 77, P0
2026/09/30 08:54:10.731, Tesla T4, 10067 MiB, 4846 MiB, 15360 MiB, 34 %, 19 %, 585 MHz, 5000 MHz, 65.83 W, 77, P0
2026/09/30 08:54:11.248, Tesla T4, 10067 MiB, 4846 MiB, 15360 MiB, 92 %, 35 %, 570 MHz, 5000 MHz, 66.61 W, 77, P0
2026/09/30 08:54:11.760, Tesla T4, 10067 MiB, 4846 MiB, 15360 MiB, 100 %, 30 %, 660 MHz, 5000 MHz, 66.81 W, 77, P0
2026/09/30 08:54:12.276, Tesla T4, 10067 MiB, 4846 MiB, 15360 MiB, 100 %, 31 %, 735 MHz, 5000 MHz, 61.00 W, 77, P0
2026/09/30 08:54:12.789, Tesla T4, 10067 MiB, 4846 MiB, 15360 MiB, 98 %, 31 %, 600 MHz, 5000 MHz, 66.71 W, 77, P0
2026/09/30 08:54:13.300, Tesla T4, 10067 MiB, 4846 MiB, 15360 MiB, 92 %, 32 %, 660 MHz, 5000 MHz, 66.12 W, 77, P0
2026/09/30 08:54:13.811, Tesla T4, 10067 MiB, 4846 MiB, 15360 MiB, 97 %, 29 %, 645 MHz, 5000 MHz, 66.06 W, 77, P0
2026/09/30 08:54:14.328, Tesla T4, 10067 MiB, 4846 MiB, 15360 MiB, 100 %, 29 %, 615 MHz, 5000 MHz, 66.12 W, 77, P0
2026/09/30 08:54:14.840, Tesla T4, 10067 MiB, 4846 MiB, 15360 MiB, 100 %, 28 %, 615 MHz, 5000 MHz, 65.24 W, 77, P0
2026/09/30 08:54:15.353, Tesla T4, 10067 MiB, 4846 MiB, 15360 MiB, 100 %, 29 %, 645 MHz, 5000 MHz, 65.08 W, 77, P0
2026/09/30 08:54:15.864, Tesla T4, 10067 MiB, 4846 MiB, 15360 MiB, 100 %, 25 %, 675 MHz, 5000 MHz, 65.93 W, 77, P0
2026/09/30 08:54:16.378, Tesla T4, 10067 MiB, 4846 MiB, 15360 MiB, 100 %, 30 %, 570 MHz, 5000 MHz, 64.50 W, 77, P0
2026/09/30 08:54:16.906, Tesla T4, 10067 MiB, 4846 MiB, 15360 MiB, 100 %, 25 %, 690 MHz, 5000 MHz, 66.32 W, 77, P0
2026/09/30 08:54:17.427, Tesla T4, 10067 MiB, 4846 MiB, 15360 MiB, 100 %, 30 %, 585 MHz, 5000 MHz, 66.26 W, 77, P0
2026/09/30 08:54:17.949, Tesla T4, 10067 MiB, 4846 MiB, 15360 MiB, 93 %, 37 %, 525 MHz, 5000 MHz, 38.84 W, 76, P0
2026/09/30 08:54:18.475, Tesla T4, 10067 MiB, 4846 MiB, 15360 MiB, 95 %, 31 %, 705 MHz, 5000 MHz, 65.73 W, 77, P0
2026/09/30 08:54:18.996, Tesla T4, 10067 MiB, 4846 MiB, 15360 MiB, 97 %, 23 %, 615 MHz, 5000 MHz, 65.83 W, 77, P0
2026/09/30 08:54:19.515, Tesla T4, 10067 MiB, 4846 MiB, 15360 MiB, 92 %, 27 %, 720 MHz, 5000 MHz, 66.16 W, 77, P0
2026/09/30 08:54:20.026, Tesla T4, 10067 MiB, 4846 MiB, 15360 MiB, 98 %, 29 %, 630 MHz, 5000 MHz, 65.34 W, 77, P0
2026/09/30 08:54:20.544, Tesla T4, 10067 MiB, 4846 MiB, 15360 MiB, 98 %, 29 %, 615 MHz, 5000 MHz, 66.71 W, 77, P0
2026/09/30 08:54:21.059, Tesla T4, 10067 MiB, 4846 MiB, 15360 MiB, 93 %, 30 %, 600 MHz, 5000 MHz, 66.61 W, 77, P0
2026/09/30 08:54:21.570, Tesla T4, 10067 MiB, 4846 MiB, 15360 MiB, 98 %, 35 %, 570 MHz, 5000 MHz, 65.34 W, 77, P0
2026/09/30 08:54:22.081, Tesla T4, 10067 MiB, 4846 MiB, 15360 MiB, 100 %, 32 %, 570 MHz, 5000 MHz, 65.44 W, 77, P0
2026/09/30 08:54:22.598, Tesla T4, 10067 MiB, 4846 MiB, 15360 MiB, 100 %, 35 %, 630 MHz, 5000 MHz, 65.93 W, 77, P0
2026/09/30 08:54:23.110, Tesla T4, 10067 MiB, 4846 MiB, 15360 MiB, 97 %, 37 %, 615 MHz, 5000 MHz, 66.42 W, 77, P0
2026/09/30 08:54:23.629, Tesla T4, 10067 MiB, 4846 MiB, 15360 MiB, 100 %, 35 %, 780 MHz, 5000 MHz, 67.65 W, 77, P0
2026/09/30 08:54:24.142, Tesla T4, 10067 MiB, 4846 MiB, 15360 MiB, 99 %, 34 %, 570 MHz, 5000 MHz, 66.02 W, 77, P0
2026/09/30 08:54:24.656, Tesla T4, 10067 MiB, 4846 MiB, 15360 MiB, 100 %, 37 %, 630 MHz, 5000 MHz, 66.81 W, 77, P0
2026/09/30 08:54:25.168, Tesla T4, 10067 MiB, 4846 MiB, 15360 MiB, 100 %, 38 %, 660 MHz, 5000 MHz, 60.22 W, 77, P0
2026/09/30 08:54:25.679, Tesla T4, 10067 MiB, 4846 MiB, 15360 MiB, 98 %, 27 %, 615 MHz, 5000 MHz, 67.26 W, 77, P0
2026/09/30 08:54:26.193, Tesla T4, 10067 MiB, 4846 MiB, 15360 MiB, 100 %, 26 %, 615 MHz, 5000 MHz, 66.67 W, 77, P0
2026/09/30 08:54:26.705, Tesla T4, 10067 MiB, 4846 MiB, 15360 MiB, 100 %, 33 %, 585 MHz, 5000 MHz, 67.69 W, 77, P0
2026/09/30 08:54:27.220, Tesla T4, 10067 MiB, 4846 MiB, 15360 MiB, 98 %, 26 %, 615 MHz, 5000 MHz, 65.67 W, 77, P0
2026/09/30 08:54:27.735, Tesla T4, 10067 MiB, 4846 MiB, 15360 MiB, 100 %, 23 %, 570 MHz, 5000 MHz, 65.93 W, 77, P0
2026/09/30 08:54:28.255, Tesla T4, 10067 MiB, 4846 MiB, 15360 MiB, 98 %, 33 %, 630 MHz, 5000 MHz, 66.22 W, 77, P0
2026/09/30 08:54:28.767, Tesla T4, 10067 MiB, 4846 MiB, 15360 MiB, 92 %, 34 %, 630 MHz, 5000 MHz, 67.40 W, 77, P0
2026/09/30 08:54:29.284, Tesla T4, 10067 MiB, 4846 MiB, 15360 MiB, 100 %, 30 %, 600 MHz, 5000 MHz, 65.93 W, 77, P0
2026/09/30 08:54:29.813, Tesla T4, 10075 MiB, 4838 MiB, 15360 MiB, 100 %, 28 %, 585 MHz, 5000 MHz, 65.93 W, 77, P0
2026/09/30 08:54:30.368, Tesla T4, 10075 MiB, 4838 MiB, 15360 MiB, 100 %, 26 %, 570 MHz, 5000 MHz, 66.81 W, 77, P0
2026/09/30 08:54:30.913, Tesla T4, 10075 MiB, 4838 MiB, 15360 MiB, 100 %, 28 %, 675 MHz, 5000 MHz, 66.22 W, 77, P0
2026/09/30 08:54:31.435, Tesla T4, 10075 MiB, 4838 MiB, 15360 MiB, 97 %, 30 %, 630 MHz, 5000 MHz, 64.99 W, 77, P0
2026/09/30 08:54:31.960, Tesla T4, 10075 MiB, 4838 MiB, 15360 MiB, 100 %, 28 %, 570 MHz, 5000 MHz, 65.93 W, 77, P0
2026/09/30 08:54:32.477, Tesla T4, 10075 MiB, 4838 MiB, 15360 MiB, 100 %, 27 %, 675 MHz, 5000 MHz, 66.26 W, 77, P0
2026/09/30 08:54:33.000, Tesla T4, 10075 MiB, 4838 MiB, 15360 MiB, 96 %, 29 %, 675 MHz, 5000 MHz, 66.12 W, 77, P0
2026/09/30 08:54:33.513, Tesla T4, 10075 MiB, 4838 MiB, 15360 MiB, 100 %, 28 %, 675 MHz, 5000 MHz, 66.81 W, 77, P0
2026/09/30 08:54:34.039, Tesla T4, 10075 MiB, 4838 MiB, 15360 MiB, 90 %, 31 %, 660 MHz, 5000 MHz, 65.34 W, 77, P0
2026/09/30 08:54:34.552, Tesla T4, 10075 MiB, 4838 MiB, 15360 MiB, 100 %, 24 %, 675 MHz, 5000 MHz, 65.44 W, 77, P0
2026/09/30 08:54:35.099, Tesla T4, 10075 MiB, 4838 MiB, 15360 MiB, 100 %, 33 %, 735 MHz, 5000 MHz, 65.83 W, 77, P0
2026/09/30 08:54:35.610, Tesla T4, 10077 MiB, 4836 MiB, 15360 MiB, 100 %, 23 %, 735 MHz, 5000 MHz, 65.63 W, 77, P0
2026/09/30 08:54:36.143, Tesla T4, 10077 MiB, 4836 MiB, 15360 MiB, 100 %, 20 %, 645 MHz, 5000 MHz, 66.32 W, 77, P0
2026/09/30 08:54:36.658, Tesla T4, 10077 MiB, 4836 MiB, 15360 MiB, 100 %, 22 %, 735 MHz, 5000 MHz, 66.22 W, 77, P0
2026/09/30 08:54:37.188, Tesla T4, 10077 MiB, 4836 MiB, 15360 MiB, 100 %, 21 %, 690 MHz, 5000 MHz, 66.22 W, 77, P0
2026/09/30 08:54:37.702, Tesla T4, 10077 MiB, 4836 MiB, 15360 MiB, 97 %, 34 %, 570 MHz, 5000 MHz, 67.40 W, 77, P0
2026/09/30 08:54:38.234, Tesla T4, 10077 MiB, 4836 MiB, 15360 MiB, 98 %, 30 %, 645 MHz, 5000 MHz, 65.83 W, 77, P0
2026/09/30 08:54:38.752, Tesla T4, 10077 MiB, 4836 MiB, 15360 MiB, 92 %, 27 %, 615 MHz, 5000 MHz, 67.40 W, 77, P0
2026/09/30 08:54:39.281, Tesla T4, 10077 MiB, 4836 MiB, 15360 MiB, 98 %, 30 %, 645 MHz, 5000 MHz, 65.38 W, 77, P0
2026/09/30 08:54:39.801, Tesla T4, 10077 MiB, 4836 MiB, 15360 MiB, 100 %, 24 %, 720 MHz, 5000 MHz, 65.34 W, 77, P0
2026/09/30 08:54:40.323, Tesla T4, 10077 MiB, 4836 MiB, 15360 MiB, 100 %, 23 %, 720 MHz, 5000 MHz, 65.57 W, 77, P0
2026/09/30 08:54:40.834, Tesla T4, 10077 MiB, 4836 MiB, 15360 MiB, 91 %, 37 %, 705 MHz, 5000 MHz, 67.00 W, 77, P0
2026/09/30 08:54:41.359, Tesla T4, 10077 MiB, 4836 MiB, 15360 MiB, 100 %, 22 %, 720 MHz, 5000 MHz, 65.53 W, 77, P0
2026/09/30 08:54:41.870, Tesla T4, 10077 MiB, 4836 MiB, 15360 MiB, 98 %, 40 %, 615 MHz, 5000 MHz, 66.61 W, 77, P0
2026/09/30 08:54:42.399, Tesla T4, 10077 MiB, 4836 MiB, 15360 MiB, 100 %, 30 %, 660 MHz, 5000 MHz, 60.71 W, 77, P0
2026/09/30 08:54:42.939, Tesla T4, 10077 MiB, 4836 MiB, 15360 MiB, 100 %, 28 %, 570 MHz, 5000 MHz, 81.15 W, 77, P0
2026/09/30 08:54:43.471, Tesla T4, 10077 MiB, 4836 MiB, 15360 MiB, 98 %, 29 %, 600 MHz, 5000 MHz, 59.17 W, 77, P0
2026/09/30 08:54:44.014, Tesla T4, 10077 MiB, 4836 MiB, 15360 MiB, 100 %, 29 %, 585 MHz, 5000 MHz, 64.75 W, 77, P0
2026/09/30 08:54:44.559, Tesla T4, 10077 MiB, 4836 MiB, 15360 MiB, 98 %, 33 %, 570 MHz, 5000 MHz, 65.83 W, 77, P0
2026/09/30 08:54:45.076, Tesla T4, 10077 MiB, 4836 MiB, 15360 MiB, 98 %, 34 %, 585 MHz, 5000 MHz, 65.63 W, 77, P0
2026/09/30 08:54:45.588, Tesla T4, 10077 MiB, 4836 MiB, 15360 MiB, 97 %, 32 %, 555 MHz, 5000 MHz, 66.51 W, 77, P0
2026/09/30 08:54:46.104, Tesla T4, 10077 MiB, 4836 MiB, 15360 MiB, 92 %, 37 %, 555 MHz, 5000 MHz, 66.61 W, 77, P0
2026/09/30 08:54:46.615, Tesla T4, 10077 MiB, 4836 MiB, 15360 MiB, 98 %, 35 %, 705 MHz, 5000 MHz, 64.30 W, 77, P0
2026/09/30 08:54:47.129, Tesla T4, 10077 MiB, 4836 MiB, 15360 MiB, 99 %, 41 %, 690 MHz, 5000 MHz, 57.51 W, 77, P0
2026/09/30 08:54:47.648, Tesla T4, 10077 MiB, 4836 MiB, 15360 MiB, 99 %, 42 %, 900 MHz, 5000 MHz, 56.85 W, 77, P0
2026/09/30 08:54:48.166, Tesla T4, 10077 MiB, 4836 MiB, 15360 MiB, 100 %, 48 %, 660 MHz, 5000 MHz, 66.42 W, 77, P0
2026/09/30 08:54:48.678, Tesla T4, 10077 MiB, 4836 MiB, 15360 MiB, 97 %, 38 %, 570 MHz, 5000 MHz, 70.78 W, 77, P0
2026/09/30 08:54:49.192, Tesla T4, 10077 MiB, 4836 MiB, 15360 MiB, 99 %, 37 %, 840 MHz, 5000 MHz, 68.72 W, 77, P0
2026/09/30 08:54:49.708, Tesla T4, 10077 MiB, 4836 MiB, 15360 MiB, 99 %, 38 %, 600 MHz, 5000 MHz, 66.42 W, 77, P0
2026/09/30 08:54:50.219, Tesla T4, 10077 MiB, 4836 MiB, 15360 MiB, 91 %, 42 %, 600 MHz, 5000 MHz, 66.71 W, 77, P0
2026/09/30 08:54:50.737, Tesla T4, 10077 MiB, 4836 MiB, 15360 MiB, 100 %, 31 %, 600 MHz, 5000 MHz, 65.77 W, 77, P0
2026/09/30 08:54:51.249, Tesla T4, 10077 MiB, 4836 MiB, 15360 MiB, 92 %, 33 %, 570 MHz, 5000 MHz, 65.63 W, 77, P0
2026/09/30 08:54:51.761, Tesla T4, 10077 MiB, 4836 MiB, 15360 MiB, 96 %, 50 %, 930 MHz, 5000 MHz, 63.91 W, 77, P0
2026/09/30 08:54:52.278, Tesla T4, 10077 MiB, 4836 MiB, 15360 MiB, 96 %, 40 %, 660 MHz, 5000 MHz, 66.22 W, 77, P0
2026/09/30 08:54:52.796, Tesla T4, 10077 MiB, 4836 MiB, 15360 MiB, 100 %, 36 %, 660 MHz, 5000 MHz, 68.53 W, 77, P0
2026/09/30 08:54:53.314, Tesla T4, 10077 MiB, 4836 MiB, 15360 MiB, 92 %, 38 %, 690 MHz, 5000 MHz, 63.91 W, 77, P0
2026/09/30 08:54:53.828, Tesla T4, 10077 MiB, 4836 MiB, 15360 MiB, 100 %, 23 %, 720 MHz, 5000 MHz, 66.61 W, 77, P0
2026/09/30 08:54:54.339, Tesla T4, 10077 MiB, 4836 MiB, 15360 MiB, 100 %, 21 %, 690 MHz, 5000 MHz, 66.61 W, 77, P0
2026/09/30 08:54:54.850, Tesla T4, 10077 MiB, 4836 MiB, 15360 MiB, 100 %, 28 %, 630 MHz, 5000 MHz, 66.61 W, 77, P0
2026/09/30 08:54:55.366, Tesla T4, 10077 MiB, 4836 MiB, 15360 MiB, 100 %, 24 %, 735 MHz, 5000 MHz, 65.44 W, 77, P0
2026/09/30 08:54:55.900, Tesla T4, 10077 MiB, 4836 MiB, 15360 MiB, 100 %, 22 %, 720 MHz, 5000 MHz, 65.57 W, 77, P0
2026/09/30 08:54:56.442, Tesla T4, 10077 MiB, 4836 MiB, 15360 MiB, 99 %, 29 %, 630 MHz, 5000 MHz, 66.57 W, 77, P0
2026/09/30 08:54:56.965, Tesla T4, 10077 MiB, 4836 MiB, 15360 MiB, 93 %, 46 %, 780 MHz, 5000 MHz, 64.16 W, 77, P0
2026/09/30 08:54:57.496, Tesla T4, 10077 MiB, 4836 MiB, 15360 MiB, 99 %, 24 %, 750 MHz, 5000 MHz, 65.63 W, 77, P0
2026/09/30 08:54:58.020, Tesla T4, 10077 MiB, 4836 MiB, 15360 MiB, 100 %, 23 %, 705 MHz, 5000 MHz, 64.50 W, 77, P0
2026/09/30 08:54:58.533, Tesla T4, 10077 MiB, 4836 MiB, 15360 MiB, 96 %, 27 %, 705 MHz, 5000 MHz, 64.55 W, 77, P0
2026/09/30 08:54:59.045, Tesla T4, 10077 MiB, 4836 MiB, 15360 MiB, 100 %, 23 %, 720 MHz, 5000 MHz, 64.16 W, 77, P0
2026/09/30 08:54:59.556, Tesla T4, 10077 MiB, 4836 MiB, 15360 MiB, 90 %, 25 %, 720 MHz, 5000 MHz, 66.32 W, 77, P0
2026/09/30 08:55:00.068, Tesla T4, 10077 MiB, 4836 MiB, 15360 MiB, 100 %, 22 %, 720 MHz, 5000 MHz, 66.71 W, 77, P0
2026/09/30 08:55:00.584, Tesla T4, 10077 MiB, 4836 MiB, 15360 MiB, 97 %, 25 %, 720 MHz, 5000 MHz, 65.48 W, 77, P0
2026/09/30 08:55:01.098, Tesla T4, 10077 MiB, 4836 MiB, 15360 MiB, 100 %, 22 %, 705 MHz, 5000 MHz, 65.73 W, 77, P0
2026/09/30 08:55:01.611, Tesla T4, 10077 MiB, 4836 MiB, 15360 MiB, 98 %, 34 %, 660 MHz, 5000 MHz, 62.24 W, 77, P0
2026/09/30 08:55:02.130, Tesla T4, 10077 MiB, 4836 MiB, 15360 MiB, 99 %, 34 %, 615 MHz, 5000 MHz, 60.41 W, 77, P0
2026/09/30 08:55:02.641, Tesla T4, 10077 MiB, 4836 MiB, 15360 MiB, 100 %, 25 %, 690 MHz, 5000 MHz, 65.83 W, 77, P0
2026/09/30 08:55:03.160, Tesla T4, 10077 MiB, 4836 MiB, 15360 MiB, 90 %, 27 %, 615 MHz, 5000 MHz, 65.93 W, 77, P0
2026/09/30 08:55:03.671, Tesla T4, 10077 MiB, 4836 MiB, 15360 MiB, 100 %, 24 %, 690 MHz, 5000 MHz, 66.71 W, 77, P0
2026/09/30 08:55:04.182, Tesla T4, 10077 MiB, 4836 MiB, 15360 MiB, 100 %, 35 %, 690 MHz, 5000 MHz, 59.17 W, 77, P0
2026/09/30 08:55:04.694, Tesla T4, 10077 MiB, 4836 MiB, 15360 MiB, 96 %, 23 %, 600 MHz, 5000 MHz, 65.63 W, 77, P0
2026/09/30 08:55:05.206, Tesla T4, 10077 MiB, 4836 MiB, 15360 MiB, 98 %, 34 %, 675 MHz, 5000 MHz, 65.83 W, 77, P0
2026/09/30 08:55:05.722, Tesla T4, 10077 MiB, 4836 MiB, 15360 MiB, 96 %, 37 %, 585 MHz, 5000 MHz, 65.63 W, 77, P0
2026/09/30 08:55:06.233, Tesla T4, 10077 MiB, 4836 MiB, 15360 MiB, 92 %, 39 %, 570 MHz, 5000 MHz, 66.51 W, 77, P0
2026/09/30 08:55:06.745, Tesla T4, 10077 MiB, 4836 MiB, 15360 MiB, 99 %, 35 %, 600 MHz, 5000 MHz, 66.08 W, 77, P0
2026/09/30 08:55:07.262, Tesla T4, 10077 MiB, 4836 MiB, 15360 MiB, 96 %, 38 %, 675 MHz, 5000 MHz, 58.68 W, 77, P0
2026/09/30 08:55:07.776, Tesla T4, 10077 MiB, 4836 MiB, 15360 MiB, 100 %, 29 %, 630 MHz, 5000 MHz, 65.53 W, 77, P0
2026/09/30 08:55:08.301, Tesla T4, 10077 MiB, 4836 MiB, 15360 MiB, 86 %, 27 %, 585 MHz, 5000 MHz, 40.39 W, 77, P0
2026/09/30 08:55:08.825, Tesla T4, 10077 MiB, 4836 MiB, 15360 MiB, 100 %, 29 %, 600 MHz, 5000 MHz, 66.12 W, 77, P0
2026/09/30 08:55:09.347, Tesla T4, 10077 MiB, 4836 MiB, 15360 MiB, 93 %, 41 %, 630 MHz, 5000 MHz, 65.93 W, 77, P0
2026/09/30 08:55:09.875, Tesla T4, 10077 MiB, 4836 MiB, 15360 MiB, 95 %, 44 %, 645 MHz, 5000 MHz, 65.98 W, 77, P0
2026/09/30 08:55:10.407, Tesla T4, 10077 MiB, 4836 MiB, 15360 MiB, 92 %, 44 %, 690 MHz, 5000 MHz, 66.51 W, 77, P0
2026/09/30 08:55:10.928, Tesla T4, 10077 MiB, 4836 MiB, 15360 MiB, 97 %, 30 %, 690 MHz, 5000 MHz, 66.32 W, 77, P0
2026/09/30 08:55:11.439, Tesla T4, 10077 MiB, 4836 MiB, 15360 MiB, 100 %, 22 %, 615 MHz, 5000 MHz, 64.95 W, 77, P0
2026/09/30 08:55:11.951, Tesla T4, 10077 MiB, 4836 MiB, 15360 MiB, 92 %, 26 %, 705 MHz, 5000 MHz, 66.12 W, 77, P0
2026/09/30 08:55:12.463, Tesla T4, 10077 MiB, 4836 MiB, 15360 MiB, 98 %, 26 %, 615 MHz, 5000 MHz, 66.91 W, 77, P0
2026/09/30 08:55:12.975, Tesla T4, 10077 MiB, 4836 MiB, 15360 MiB, 96 %, 28 %, 675 MHz, 5000 MHz, 66.42 W, 77, P0
2026/09/30 08:55:13.487, Tesla T4, 10077 MiB, 4836 MiB, 15360 MiB, 100 %, 27 %, 630 MHz, 5000 MHz, 66.32 W, 77, P0
2026/09/30 08:55:14.004, Tesla T4, 10077 MiB, 4836 MiB, 15360 MiB, 92 %, 29 %, 645 MHz, 5000 MHz, 65.73 W, 77, P0
2026/09/30 08:55:14.515, Tesla T4, 10077 MiB, 4836 MiB, 15360 MiB, 100 %, 25 %, 660 MHz, 5000 MHz, 65.14 W, 77, P0
2026/09/30 08:55:15.033, Tesla T4, 10077 MiB, 4836 MiB, 15360 MiB, 100 %, 32 %, 525 MHz, 5000 MHz, 66.91 W, 77, P0
2026/09/30 08:55:15.544, Tesla T4, 10077 MiB, 4836 MiB, 15360 MiB, 98 %, 35 %, 660 MHz, 5000 MHz, 66.51 W, 77, P0
2026/09/30 08:55:16.060, Tesla T4, 10077 MiB, 4836 MiB, 15360 MiB, 100 %, 32 %, 690 MHz, 5000 MHz, 64.50 W, 77, P0
2026/09/30 08:55:16.573, Tesla T4, 10077 MiB, 4836 MiB, 15360 MiB, 100 %, 25 %, 705 MHz, 5000 MHz, 66.61 W, 77, P0
2026/09/30 08:55:17.086, Tesla T4, 10077 MiB, 4836 MiB, 15360 MiB, 92 %, 28 %, 720 MHz, 5000 MHz, 66.32 W, 77, P0
2026/09/30 08:55:17.597, Tesla T4, 10077 MiB, 4836 MiB, 15360 MiB, 97 %, 39 %, 720 MHz, 5000 MHz, 65.28 W, 77, P0
2026/09/30 08:55:18.108, Tesla T4, 10077 MiB, 4836 MiB, 15360 MiB, 91 %, 38 %, 705 MHz, 5000 MHz, 66.42 W, 77, P0
2026/09/30 08:55:18.626, Tesla T4, 10077 MiB, 4836 MiB, 15360 MiB, 99 %, 34 %, 600 MHz, 5000 MHz, 59.96 W, 77, P0
2026/09/30 08:55:19.136, Tesla T4, 10077 MiB, 4836 MiB, 15360 MiB, 100 %, 31 %, 630 MHz, 5000 MHz, 66.91 W, 77, P0
2026/09/30 08:55:19.653, Tesla T4, 10077 MiB, 4836 MiB, 15360 MiB, 99 %, 36 %, 630 MHz, 5000 MHz, 65.93 W, 77, P0
2026/09/30 08:55:20.164, Tesla T4, 10077 MiB, 4836 MiB, 15360 MiB, 99 %, 36 %, 570 MHz, 5000 MHz, 67.94 W, 77, P0
2026/09/30 08:55:20.683, Tesla T4, 10077 MiB, 4836 MiB, 15360 MiB, 100 %, 29 %, 630 MHz, 5000 MHz, 66.02 W, 77, P0
2026/09/30 08:55:21.209, Tesla T4, 10077 MiB, 4836 MiB, 15360 MiB, 100 %, 28 %, 645 MHz, 5000 MHz, 67.49 W, 77, P0
2026/09/30 08:55:21.732, Tesla T4, 10077 MiB, 4836 MiB, 15360 MiB, 98 %, 29 %, 705 MHz, 5000 MHz, 65.44 W, 77, P0
2026/09/30 08:55:22.244, Tesla T4, 10077 MiB, 4836 MiB, 15360 MiB, 97 %, 25 %, 645 MHz, 5000 MHz, 56.36 W, 77, P0
2026/09/30 08:55:22.761, Tesla T4, 10077 MiB, 4836 MiB, 15360 MiB, 100 %, 30 %, 675 MHz, 5000 MHz, 65.87 W, 77, P0
2026/09/30 08:55:23.300, Tesla T4, 10077 MiB, 4836 MiB, 15360 MiB, 98 %, 26 %, 600 MHz, 5000 MHz, 64.89 W, 77, P0
2026/09/30 08:55:23.836, Tesla T4, 10077 MiB, 4836 MiB, 15360 MiB, 93 %, 40 %, 645 MHz, 5000 MHz, 60.22 W, 77, P0
2026/09/30 08:55:24.353, Tesla T4, 10077 MiB, 4836 MiB, 15360 MiB, 91 %, 39 %, 585 MHz, 5000 MHz, 65.14 W, 77, P0
2026/09/30 08:55:24.865, Tesla T4, 10077 MiB, 4836 MiB, 15360 MiB, 100 %, 34 %, 450 MHz, 5000 MHz, 65.24 W, 77, P0
2026/09/30 08:55:25.385, Tesla T4, 10077 MiB, 4836 MiB, 15360 MiB, 100 %, 35 %, 435 MHz, 5000 MHz, 61.06 W, 77, P0
2026/09/30 08:55:25.897, Tesla T4, 10077 MiB, 4836 MiB, 15360 MiB, 99 %, 40 %, 585 MHz, 5000 MHz, 65.38 W, 77, P0
2026/09/30 08:55:26.411, Tesla T4, 10077 MiB, 4836 MiB, 15360 MiB, 100 %, 39 %, 585 MHz, 5000 MHz, 67.00 W, 77, P0
2026/09/30 08:55:26.923, Tesla T4, 10077 MiB, 4836 MiB, 15360 MiB, 100 %, 23 %, 705 MHz, 5000 MHz, 66.02 W, 77, P0
2026/09/30 08:55:27.434, Tesla T4, 10077 MiB, 4836 MiB, 15360 MiB, 100 %, 21 %, 705 MHz, 5000 MHz, 66.32 W, 77, P0
2026/09/30 08:55:27.946, Tesla T4, 10077 MiB, 4836 MiB, 15360 MiB, 100 %, 32 %, 570 MHz, 5000 MHz, 67.20 W, 77, P0
2026/09/30 08:55:28.459, Tesla T4, 10077 MiB, 4836 MiB, 15360 MiB, 100 %, 22 %, 720 MHz, 5000 MHz, 66.71 W, 77, P0
2026/09/30 08:55:28.970, Tesla T4, 10077 MiB, 4836 MiB, 15360 MiB, 100 %, 22 %, 705 MHz, 5000 MHz, 66.32 W, 77, P0
2026/09/30 08:55:29.481, Tesla T4, 10077 MiB, 4836 MiB, 15360 MiB, 100 %, 32 %, 705 MHz, 5000 MHz, 66.91 W, 77, P0
2026/09/30 08:55:29.996, Tesla T4, 10077 MiB, 4836 MiB, 15360 MiB, 90 %, 53 %, 585 MHz, 5000 MHz, 66.61 W, 77, P0
2026/09/30 08:55:30.513, Tesla T4, 10077 MiB, 4836 MiB, 15360 MiB, 92 %, 29 %, 570 MHz, 5000 MHz, 51.12 W, 77, P0
2026/09/30 08:55:31.026, Tesla T4, 10077 MiB, 4836 MiB, 15360 MiB, 99 %, 31 %, 615 MHz, 5000 MHz, 66.42 W, 77, P0
2026/09/30 08:55:31.544, Tesla T4, 10077 MiB, 4836 MiB, 15360 MiB, 96 %, 46 %, 630 MHz, 5000 MHz, 67.84 W, 77, P0
2026/09/30 08:55:32.056, Tesla T4, 10077 MiB, 4836 MiB, 15360 MiB, 100 %, 29 %, 600 MHz, 5000 MHz, 66.02 W, 77, P0
2026/09/30 08:55:32.568, Tesla T4, 10077 MiB, 4836 MiB, 15360 MiB, 100 %, 29 %, 630 MHz, 5000 MHz, 66.96 W, 77, P0
2026/09/30 08:55:33.080, Tesla T4, 10077 MiB, 4836 MiB, 15360 MiB, 100 %, 24 %, 570 MHz, 5000 MHz, 65.93 W, 77, P0
2026/09/30 08:55:33.594, Tesla T4, 10077 MiB, 4836 MiB, 15360 MiB, 98 %, 32 %, 615 MHz, 5000 MHz, 65.63 W, 77, P0
2026/09/30 08:55:34.119, Tesla T4, 10077 MiB, 4836 MiB, 15360 MiB, 86 %, 32 %, 555 MHz, 5000 MHz, 65.44 W, 77, P0
2026/09/30 08:55:34.651, Tesla T4, 10077 MiB, 4836 MiB, 15360 MiB, 98 %, 30 %, 600 MHz, 5000 MHz, 66.02 W, 77, P0
2026/09/30 08:55:35.187, Tesla T4, 10077 MiB, 4836 MiB, 15360 MiB, 95 %, 33 %, 630 MHz, 5000 MHz, 63.81 W, 77, P0
2026/09/30 08:55:35.707, Tesla T4, 10077 MiB, 4836 MiB, 15360 MiB, 86 %, 33 %, 630 MHz, 5000 MHz, 79.79 W, 77, P0
2026/09/30 08:55:36.232, Tesla T4, 10077 MiB, 4836 MiB, 15360 MiB, 98 %, 30 %, 615 MHz, 5000 MHz, 66.02 W, 77, P0
2026/09/30 08:55:36.763, Tesla T4, 10077 MiB, 4836 MiB, 15360 MiB, 100 %, 33 %, 585 MHz, 5000 MHz, 66.81 W, 77, P0
2026/09/30 08:55:37.279, Tesla T4, 10077 MiB, 4836 MiB, 15360 MiB, 100 %, 36 %, 555 MHz, 5000 MHz, 66.32 W, 77, P0
2026/09/30 08:55:37.791, Tesla T4, 10077 MiB, 4836 MiB, 15360 MiB, 100 %, 26 %, 630 MHz, 5000 MHz, 65.34 W, 77, P0
2026/09/30 08:55:38.308, Tesla T4, 10077 MiB, 4836 MiB, 15360 MiB, 100 %, 26 %, 585 MHz, 5000 MHz, 54.40 W, 77, P0
2026/09/30 08:55:38.821, Tesla T4, 10077 MiB, 4836 MiB, 15360 MiB, 100 %, 23 %, 720 MHz, 5000 MHz, 66.12 W, 77, P0
2026/09/30 08:55:39.334, Tesla T4, 10077 MiB, 4836 MiB, 15360 MiB, 100 %, 23 %, 690 MHz, 5000 MHz, 65.93 W, 77, P0
2026/09/30 08:55:39.850, Tesla T4, 10077 MiB, 4836 MiB, 15360 MiB, 100 %, 26 %, 645 MHz, 5000 MHz, 66.71 W, 77, P0
2026/09/30 08:55:40.366, Tesla T4, 10077 MiB, 4836 MiB, 15360 MiB, 97 %, 25 %, 705 MHz, 5000 MHz, 66.61 W, 77, P0
2026/09/30 08:55:40.878, Tesla T4, 10077 MiB, 4836 MiB, 15360 MiB, 100 %, 22 %, 720 MHz, 5000 MHz, 65.83 W, 77, P0
2026/09/30 08:55:41.390, Tesla T4, 10077 MiB, 4836 MiB, 15360 MiB, 96 %, 39 %, 570 MHz, 5000 MHz, 69.02 W, 77, P0
2026/09/30 08:55:41.902, Tesla T4, 10077 MiB, 4836 MiB, 15360 MiB, 91 %, 37 %, 585 MHz, 5000 MHz, 65.53 W, 77, P0
2026/09/30 08:55:42.414, Tesla T4, 10077 MiB, 4836 MiB, 15360 MiB, 100 %, 32 %, 570 MHz, 5000 MHz, 66.22 W, 77, P0
2026/09/30 08:55:42.927, Tesla T4, 10077 MiB, 4836 MiB, 15360 MiB, 99 %, 34 %, 600 MHz, 5000 MHz, 65.93 W, 77, P0
2026/09/30 08:55:43.439, Tesla T4, 10077 MiB, 4836 MiB, 15360 MiB, 100 %, 29 %, 645 MHz, 5000 MHz, 66.96 W, 77, P0
2026/09/30 08:55:43.952, Tesla T4, 10077 MiB, 4836 MiB, 15360 MiB, 99 %, 40 %, 615 MHz, 5000 MHz, 67.06 W, 77, P0
2026/09/30 08:55:44.465, Tesla T4, 10077 MiB, 4836 MiB, 15360 MiB, 100 %, 29 %, 600 MHz, 5000 MHz, 66.12 W, 77, P0
2026/09/30 08:55:44.976, Tesla T4, 10077 MiB, 4836 MiB, 15360 MiB, 97 %, 35 %, 645 MHz, 5000 MHz, 66.12 W, 77, P0
2026/09/30 08:55:45.496, Tesla T4, 10077 MiB, 4836 MiB, 15360 MiB, 92 %, 36 %, 615 MHz, 5000 MHz, 67.00 W, 77, P0
2026/09/30 08:55:46.007, Tesla T4, 10077 MiB, 4836 MiB, 15360 MiB, 91 %, 58 %, 660 MHz, 5000 MHz, 71.28 W, 77, P0
2026/09/30 08:55:46.525, Tesla T4, 10077 MiB, 4836 MiB, 15360 MiB, 100 %, 30 %, 630 MHz, 5000 MHz, 65.08 W, 77, P0
2026/09/30 08:55:47.049, Tesla T4, 10077 MiB, 4836 MiB, 15360 MiB, 100 %, 25 %, 690 MHz, 5000 MHz, 66.26 W, 77, P0
2026/09/30 08:55:47.578, Tesla T4, 10077 MiB, 4836 MiB, 15360 MiB, 100 %, 30 %, 615 MHz, 5000 MHz, 65.53 W, 77, P0
2026/09/30 08:55:48.104, Tesla T4, 10077 MiB, 4836 MiB, 15360 MiB, 100 %, 25 %, 690 MHz, 5000 MHz, 65.38 W, 77, P0
2026/09/30 08:55:48.622, Tesla T4, 10077 MiB, 4836 MiB, 15360 MiB, 100 %, 30 %, 600 MHz, 5000 MHz, 66.16 W, 77, P0
2026/09/30 08:55:49.150, Tesla T4, 10077 MiB, 4836 MiB, 15360 MiB, 100 %, 33 %, 615 MHz, 5000 MHz, 66.22 W, 77, P0
2026/09/30 08:55:49.661, Tesla T4, 10077 MiB, 4836 MiB, 15360 MiB, 100 %, 30 %, 585 MHz, 5000 MHz, 65.44 W, 77, P0
2026/09/30 08:55:50.177, Tesla T4, 10077 MiB, 4836 MiB, 15360 MiB, 100 %, 32 %, 630 MHz, 5000 MHz, 66.22 W, 77, P0
2026/09/30 08:55:50.688, Tesla T4, 10077 MiB, 4836 MiB, 15360 MiB, 100 %, 35 %, 555 MHz, 5000 MHz, 67.00 W, 77, P0
2026/09/30 08:55:51.203, Tesla T4, 10077 MiB, 4836 MiB, 15360 MiB, 100 %, 23 %, 720 MHz, 5000 MHz, 66.02 W, 77, P0
2026/09/30 08:55:51.717, Tesla T4, 10077 MiB, 4836 MiB, 15360 MiB, 100 %, 22 %, 690 MHz, 5000 MHz, 67.00 W, 77, P0
2026/09/30 08:55:52.231, Tesla T4, 10077 MiB, 4836 MiB, 15360 MiB, 100 %, 34 %, 720 MHz, 5000 MHz, 64.75 W, 77, P0
2026/09/30 08:55:52.750, Tesla T4, 10077 MiB, 4836 MiB, 15360 MiB, 100 %, 22 %, 720 MHz, 5000 MHz, 66.91 W, 77, P0
2026/09/30 08:55:53.261, Tesla T4, 10077 MiB, 4836 MiB, 15360 MiB, 97 %, 27 %, 585 MHz, 5000 MHz, 75.24 W, 77, P0
2026/09/30 08:55:53.777, Tesla T4, 10077 MiB, 4836 MiB, 15360 MiB, 98 %, 32 %, 660 MHz, 5000 MHz, 66.32 W, 77, P0
2026/09/30 08:55:54.292, Tesla T4, 10077 MiB, 4836 MiB, 15360 MiB, 100 %, 24 %, 675 MHz, 5000 MHz, 65.34 W, 77, P0
2026/09/30 08:55:54.805, Tesla T4, 10077 MiB, 4836 MiB, 15360 MiB, 100 %, 34 %, 630 MHz, 5000 MHz, 64.65 W, 77, P0
2026/09/30 08:55:55.319, Tesla T4, 10077 MiB, 4836 MiB, 15360 MiB, 100 %, 27 %, 645 MHz, 5000 MHz, 65.67 W, 77, P0
2026/09/30 08:55:55.834, Tesla T4, 10077 MiB, 4836 MiB, 15360 MiB, 92 %, 45 %, 660 MHz, 5000 MHz, 66.42 W, 77, P0
2026/09/30 08:55:56.346, Tesla T4, 10077 MiB, 4836 MiB, 15360 MiB, 100 %, 28 %, 660 MHz, 5000 MHz, 66.91 W, 77, P0
2026/09/30 08:55:56.858, Tesla T4, 10077 MiB, 4836 MiB, 15360 MiB, 98 %, 31 %, 645 MHz, 5000 MHz, 52.49 W, 77, P0
2026/09/30 08:55:57.369, Tesla T4, 10077 MiB, 4836 MiB, 15360 MiB, 100 %, 27 %, 660 MHz, 5000 MHz, 66.51 W, 77, P0
2026/09/30 08:55:57.886, Tesla T4, 10077 MiB, 4836 MiB, 15360 MiB, 97 %, 38 %, 570 MHz, 5000 MHz, 66.61 W, 77, P0
2026/09/30 08:55:58.398, Tesla T4, 10077 MiB, 4836 MiB, 15360 MiB, 100 %, 30 %, 615 MHz, 5000 MHz, 66.26 W, 77, P0
2026/09/30 08:55:58.910, Tesla T4, 10077 MiB, 4836 MiB, 15360 MiB, 92 %, 32 %, 540 MHz, 5000 MHz, 66.42 W, 77, P0
2026/09/30 08:55:59.432, Tesla T4, 10077 MiB, 4836 MiB, 15360 MiB, 100 %, 30 %, 615 MHz, 5000 MHz, 65.83 W, 77, P0
2026/09/30 08:55:59.959, Tesla T4, 10077 MiB, 4836 MiB, 15360 MiB, 86 %, 55 %, 960 MHz, 5000 MHz, 66.56 W, 77, P0
2026/09/30 08:56:00.485, Tesla T4, 10077 MiB, 4836 MiB, 15360 MiB, 100 %, 25 %, 615 MHz, 5000 MHz, 64.95 W, 77, P0
2026/09/30 08:56:01.016, Tesla T4, 10077 MiB, 4836 MiB, 15360 MiB, 85 %, 38 %, 585 MHz, 5000 MHz, 65.44 W, 77, P0
2026/09/30 08:56:01.565, Tesla T4, 10077 MiB, 4836 MiB, 15360 MiB, 100 %, 25 %, 615 MHz, 5000 MHz, 65.57 W, 77, P0
2026/09/30 08:56:02.094, Tesla T4, 10077 MiB, 4836 MiB, 15360 MiB, 92 %, 44 %, 570 MHz, 5000 MHz, 65.87 W, 77, P0
2026/09/30 08:56:02.614, Tesla T4, 10077 MiB, 4836 MiB, 15360 MiB, 92 %, 34 %, 600 MHz, 5000 MHz, 57.93 W, 77, P0
2026/09/30 08:56:03.131, Tesla T4, 10077 MiB, 4836 MiB, 15360 MiB, 99 %, 34 %, 630 MHz, 5000 MHz, 65.63 W, 77, P0
2026/09/30 08:56:03.659, Tesla T4, 10077 MiB, 4836 MiB, 15360 MiB, 100 %, 25 %, 690 MHz, 5000 MHz, 66.71 W, 77, P0
2026/09/30 08:56:04.171, Tesla T4, 10077 MiB, 4836 MiB, 15360 MiB, 92 %, 30 %, 690 MHz, 5000 MHz, 66.02 W, 77, P0
2026/09/30 08:56:04.697, Tesla T4, 10077 MiB, 4836 MiB, 15360 MiB, 95 %, 38 %, 615 MHz, 5000 MHz, 66.61 W, 77, P0
2026/09/30 08:56:05.213, Tesla T4, 10077 MiB, 4836 MiB, 15360 MiB, 98 %, 33 %, 615 MHz, 5000 MHz, 65.28 W, 77, P0
2026/09/30 08:56:05.741, Tesla T4, 10077 MiB, 4836 MiB, 15360 MiB, 92 %, 30 %, 630 MHz, 5000 MHz, 65.73 W, 77, P0
2026/09/30 08:56:06.252, Tesla T4, 10077 MiB, 4836 MiB, 15360 MiB, 100 %, 32 %, 615 MHz, 5000 MHz, 65.34 W, 77, P0
2026/09/30 08:56:06.790, Tesla T4, 10077 MiB, 4836 MiB, 15360 MiB, 100 %, 35 %, 570 MHz, 5000 MHz, 64.40 W, 77, P0
2026/09/30 08:56:07.302, Tesla T4, 10077 MiB, 4836 MiB, 15360 MiB, 100 %, 35 %, 600 MHz, 5000 MHz, 67.24 W, 77, P0
2026/09/30 08:56:07.828, Tesla T4, 10077 MiB, 4836 MiB, 15360 MiB, 100 %, 30 %, 585 MHz, 5000 MHz, 67.10 W, 77, P0
2026/09/30 08:56:08.344, Tesla T4, 10077 MiB, 4836 MiB, 15360 MiB, 100 %, 32 %, 570 MHz, 5000 MHz, 66.61 W, 77, P0
2026/09/30 08:56:08.877, Tesla T4, 10077 MiB, 4836 MiB, 15360 MiB, 100 %, 30 %, 570 MHz, 5000 MHz, 66.42 W, 77, P0
2026/09/30 08:56:09.389, Tesla T4, 10077 MiB, 4836 MiB, 15360 MiB, 100 %, 32 %, 570 MHz, 5000 MHz, 65.14 W, 77, P0
2026/09/30 08:56:09.917, Tesla T4, 10077 MiB, 4836 MiB, 15360 MiB, 99 %, 34 %, 930 MHz, 5000 MHz, 73.73 W, 77, P0
2026/09/30 08:56:10.437, Tesla T4, 10077 MiB, 4836 MiB, 15360 MiB, 97 %, 39 %, 585 MHz, 5000 MHz, 67.30 W, 77, P0
2026/09/30 08:56:10.964, Tesla T4, 10077 MiB, 4836 MiB, 15360 MiB, 92 %, 41 %, 690 MHz, 5000 MHz, 65.93 W, 77, P0
2026/09/30 08:56:11.480, Tesla T4, 10077 MiB, 4836 MiB, 15360 MiB, 99 %, 32 %, 585 MHz, 5000 MHz, 59.17 W, 77, P0
2026/09/30 08:56:12.004, Tesla T4, 10077 MiB, 4836 MiB, 15360 MiB, 100 %, 34 %, 630 MHz, 5000 MHz, 68.08 W, 77, P0
2026/09/30 08:56:12.529, Tesla T4, 10077 MiB, 4836 MiB, 15360 MiB, 98 %, 35 %, 570 MHz, 5000 MHz, 66.81 W, 77, P0
2026/09/30 08:56:13.055, Tesla T4, 10077 MiB, 4836 MiB, 15360 MiB, 94 %, 44 %, 570 MHz, 5000 MHz, 63.22 W, 77, P0
2026/09/30 08:56:13.590, Tesla T4, 10077 MiB, 4836 MiB, 15360 MiB, 98 %, 31 %, 720 MHz, 5000 MHz, 66.32 W, 77, P0
2026/09/30 08:56:14.115, Tesla T4, 10077 MiB, 4836 MiB, 15360 MiB, 86 %, 32 %, 600 MHz, 5000 MHz, 65.12 W, 77, P0
2026/09/30 08:56:14.641, Tesla T4, 10077 MiB, 4836 MiB, 15360 MiB, 100 %, 24 %, 705 MHz, 5000 MHz, 66.06 W, 77, P0
2026/09/30 08:56:15.164, Tesla T4, 10077 MiB, 4836 MiB, 15360 MiB, 100 %, 25 %, 675 MHz, 5000 MHz, 65.83 W, 77, P0
2026/09/30 08:56:15.675, Tesla T4, 10077 MiB, 4836 MiB, 15360 MiB, 92 %, 28 %, 690 MHz, 5000 MHz, 66.02 W, 77, P0
2026/09/30 08:56:16.187, Tesla T4, 10077 MiB, 4836 MiB, 15360 MiB, 97 %, 41 %, 585 MHz, 5000 MHz, 66.22 W, 77, P0
2026/09/30 08:56:16.699, Tesla T4, 10077 MiB, 4836 MiB, 15360 MiB, 91 %, 35 %, 555 MHz, 5000 MHz, 68.14 W, 77, P0
2026/09/30 08:56:17.218, Tesla T4, 10077 MiB, 4836 MiB, 15360 MiB, 99 %, 35 %, 615 MHz, 5000 MHz, 66.02 W, 77, P0
2026/09/30 08:56:17.729, Tesla T4, 10077 MiB, 4836 MiB, 15360 MiB, 93 %, 44 %, 615 MHz, 5000 MHz, 67.14 W, 77, P0
2026/09/30 08:56:18.248, Tesla T4, 10077 MiB, 4836 MiB, 15360 MiB, 97 %, 39 %, 615 MHz, 5000 MHz, 67.30 W, 77, P0
2026/09/30 08:56:18.760, Tesla T4, 10077 MiB, 4836 MiB, 15360 MiB, 100 %, 29 %, 555 MHz, 5000 MHz, 67.84 W, 77, P0
2026/09/30 08:56:19.275, Tesla T4, 10077 MiB, 4836 MiB, 15360 MiB, 99 %, 32 %, 615 MHz, 5000 MHz, 65.34 W, 77, P0
2026/09/30 08:56:19.789, Tesla T4, 10077 MiB, 4836 MiB, 15360 MiB, 96 %, 28 %, 675 MHz, 5000 MHz, 66.16 W, 77, P0
2026/09/30 08:56:20.300, Tesla T4, 10077 MiB, 4836 MiB, 15360 MiB, 100 %, 28 %, 630 MHz, 5000 MHz, 64.69 W, 77, P0
2026/09/30 08:56:20.817, Tesla T4, 10077 MiB, 4836 MiB, 15360 MiB, 100 %, 25 %, 690 MHz, 5000 MHz, 66.22 W, 77, P0
2026/09/30 08:56:21.331, Tesla T4, 10077 MiB, 4836 MiB, 15360 MiB, 100 %, 27 %, 660 MHz, 5000 MHz, 67.30 W, 77, P0
2026/09/30 08:56:21.845, Tesla T4, 10077 MiB, 4836 MiB, 15360 MiB, 100 %, 25 %, 705 MHz, 5000 MHz, 66.22 W, 77, P0
2026/09/30 08:56:22.355, Tesla T4, 10077 MiB, 4836 MiB, 15360 MiB, 99 %, 34 %, 630 MHz, 5000 MHz, 65.44 W, 77, P0
2026/09/30 08:56:22.868, Tesla T4, 10077 MiB, 4836 MiB, 15360 MiB, 93 %, 36 %, 630 MHz, 5000 MHz, 60.71 W, 77, P0
2026/09/30 08:56:23.380, Tesla T4, 10077 MiB, 4836 MiB, 15360 MiB, 100 %, 25 %, 705 MHz, 5000 MHz, 65.44 W, 77, P0
2026/09/30 08:56:23.891, Tesla T4, 10077 MiB, 4836 MiB, 15360 MiB, 91 %, 37 %, 705 MHz, 5000 MHz, 66.12 W, 77, P0
2026/09/30 08:56:24.404, Tesla T4, 10077 MiB, 4836 MiB, 15360 MiB, 95 %, 39 %, 630 MHz, 5000 MHz, 56.56 W, 77, P0
2026/09/30 08:56:24.916, Tesla T4, 10077 MiB, 4836 MiB, 15360 MiB, 100 %, 29 %, 630 MHz, 5000 MHz, 66.02 W, 77, P0
2026/09/30 08:56:25.436, Tesla T4, 10077 MiB, 4836 MiB, 15360 MiB, 86 %, 28 %, 585 MHz, 5000 MHz, 65.44 W, 77, P0
2026/09/30 08:56:25.975, Tesla T4, 10077 MiB, 4836 MiB, 15360 MiB, 98 %, 31 %, 690 MHz, 5000 MHz, 65.57 W, 77, P0
2026/09/30 08:56:26.511, Tesla T4, 10077 MiB, 4836 MiB, 15360 MiB, 85 %, 35 %, 795 MHz, 5000 MHz, 66.22 W, 77, P0
2026/09/30 08:56:27.043, Tesla T4, 10077 MiB, 4836 MiB, 15360 MiB, 87 %, 36 %, 630 MHz, 5000 MHz, 72.79 W, 77, P0
2026/09/30 08:56:27.568, Tesla T4, 10077 MiB, 4836 MiB, 15360 MiB, 92 %, 40 %, 690 MHz, 5000 MHz, 46.75 W, 77, P0
2026/09/30 08:56:28.086, Tesla T4, 10077 MiB, 4836 MiB, 15360 MiB, 100 %, 32 %, 645 MHz, 5000 MHz, 65.44 W, 77, P0
2026/09/30 08:56:28.603, Tesla T4, 10077 MiB, 4836 MiB, 15360 MiB, 82 %, 35 %, 615 MHz, 5000 MHz, 65.63 W, 77, P0
2026/09/30 08:56:29.118, Tesla T4, 10077 MiB, 4836 MiB, 15360 MiB, 96 %, 33 %, 720 MHz, 5000 MHz, 66.51 W, 77, P0
2026/09/30 08:56:29.632, Tesla T4, 10077 MiB, 4836 MiB, 15360 MiB, 100 %, 23 %, 720 MHz, 5000 MHz, 67.20 W, 77, P0
2026/09/30 08:56:30.146, Tesla T4, 10077 MiB, 4836 MiB, 15360 MiB, 98 %, 24 %, 630 MHz, 5000 MHz, 66.61 W, 77, P0
2026/09/30 08:56:30.657, Tesla T4, 10077 MiB, 4836 MiB, 15360 MiB, 100 %, 26 %, 615 MHz, 5000 MHz, 66.12 W, 77, P0
2026/09/30 08:56:31.171, Tesla T4, 10077 MiB, 4836 MiB, 15360 MiB, 100 %, 23 %, 930 MHz, 5000 MHz, 66.51 W, 77, P0
2026/09/30 08:56:31.682, Tesla T4, 10077 MiB, 4836 MiB, 15360 MiB, 100 %, 22 %, 705 MHz, 5000 MHz, 65.34 W, 77, P0
2026/09/30 08:56:32.200, Tesla T4, 10077 MiB, 4836 MiB, 15360 MiB, 100 %, 21 %, 645 MHz, 5000 MHz, 66.02 W, 77, P0
2026/09/30 08:56:32.712, Tesla T4, 10077 MiB, 4836 MiB, 15360 MiB, 100 %, 26 %, 615 MHz, 5000 MHz, 66.42 W, 77, P0
2026/09/30 08:56:33.226, Tesla T4, 10077 MiB, 4836 MiB, 15360 MiB, 100 %, 26 %, 600 MHz, 5000 MHz, 66.32 W, 77, P0
2026/09/30 08:56:33.738, Tesla T4, 10077 MiB, 4836 MiB, 15360 MiB, 100 %, 35 %, 615 MHz, 5000 MHz, 61.62 W, 77, P0
2026/09/30 08:56:34.250, Tesla T4, 10077 MiB, 4836 MiB, 15360 MiB, 100 %, 36 %, 615 MHz, 5000 MHz, 64.36 W, 77, P0
2026/09/30 08:56:34.763, Tesla T4, 10077 MiB, 4836 MiB, 15360 MiB, 99 %, 30 %, 720 MHz, 5000 MHz, 65.73 W, 77, P0
2026/09/30 08:56:35.275, Tesla T4, 10077 MiB, 4836 MiB, 15360 MiB, 96 %, 35 %, 720 MHz, 5000 MHz, 56.66 W, 77, P0
2026/09/30 08:56:35.795, Tesla T4, 10077 MiB, 4836 MiB, 15360 MiB, 97 %, 30 %, 570 MHz, 5000 MHz, 65.28 W, 77, P0
2026/09/30 08:56:36.306, Tesla T4, 10077 MiB, 4836 MiB, 15360 MiB, 99 %, 30 %, 570 MHz, 5000 MHz, 67.40 W, 77, P0
2026/09/30 08:56:36.818, Tesla T4, 10077 MiB, 4836 MiB, 15360 MiB, 97 %, 28 %, 630 MHz, 5000 MHz, 66.91 W, 77, P0
2026/09/30 08:56:37.330, Tesla T4, 10077 MiB, 4836 MiB, 15360 MiB, 99 %, 32 %, 645 MHz, 5000 MHz, 66.56 W, 77, P0
2026/09/30 08:56:37.842, Tesla T4, 10077 MiB, 4836 MiB, 15360 MiB, 100 %, 30 %, 630 MHz, 5000 MHz, 67.49 W, 77, P0
2026/09/30 08:56:38.360, Tesla T4, 10077 MiB, 4836 MiB, 15360 MiB, 98 %, 36 %, 645 MHz, 5000 MHz, 68.82 W, 77, P0
2026/09/30 08:56:38.893, Tesla T4, 10077 MiB, 4836 MiB, 15360 MiB, 100 %, 23 %, 675 MHz, 5000 MHz, 65.73 W, 77, P0
2026/09/30 08:56:39.412, Tesla T4, 10077 MiB, 4836 MiB, 15360 MiB, 100 %, 25 %, 705 MHz, 5000 MHz, 66.32 W, 77, P0
2026/09/30 08:56:39.937, Tesla T4, 10077 MiB, 4836 MiB, 15360 MiB, 100 %, 24 %, 690 MHz, 5000 MHz, 66.42 W, 77, P0
2026/09/30 08:56:40.466, Tesla T4, 10077 MiB, 4836 MiB, 15360 MiB, 100 %, 24 %, 705 MHz, 5000 MHz, 66.71 W, 77, P0
2026/09/30 08:56:40.989, Tesla T4, 10077 MiB, 4836 MiB, 15360 MiB, 92 %, 36 %, 585 MHz, 5000 MHz, 65.57 W, 77, P0
2026/09/30 08:56:41.508, Tesla T4, 10077 MiB, 4836 MiB, 15360 MiB, 97 %, 33 %, 705 MHz, 5000 MHz, 66.56 W, 77, P0
2026/09/30 08:56:42.019, Tesla T4, 10077 MiB, 4836 MiB, 15360 MiB, 98 %, 27 %, 615 MHz, 5000 MHz, 65.53 W, 77, P0
2026/09/30 08:56:42.536, Tesla T4, 10077 MiB, 4836 MiB, 15360 MiB, 91 %, 25 %, 690 MHz, 5000 MHz, 66.32 W, 77, P0
2026/09/30 08:56:43.047, Tesla T4, 10077 MiB, 4836 MiB, 15360 MiB, 97 %, 25 %, 600 MHz, 5000 MHz, 66.12 W, 77, P0
2026/09/30 08:56:43.560, Tesla T4, 10077 MiB, 4836 MiB, 15360 MiB, 97 %, 29 %, 600 MHz, 5000 MHz, 65.93 W, 77, P0
2026/09/30 08:56:44.072, Tesla T4, 10077 MiB, 4836 MiB, 15360 MiB, 84 %, 33 %, 585 MHz, 5000 MHz, 65.77 W, 77, P0
2026/09/30 08:56:44.584, Tesla T4, 10077 MiB, 4836 MiB, 15360 MiB, 97 %, 37 %, 570 MHz, 5000 MHz, 64.51 W, 77, P0
2026/09/30 08:56:45.100, Tesla T4, 10077 MiB, 4836 MiB, 15360 MiB, 98 %, 34 %, 660 MHz, 5000 MHz, 67.00 W, 77, P0
2026/09/30 08:56:45.611, Tesla T4, 10077 MiB, 4836 MiB, 15360 MiB, 100 %, 34 %, 555 MHz, 5000 MHz, 65.24 W, 77, P0
2026/09/30 08:56:46.124, Tesla T4, 10077 MiB, 4836 MiB, 15360 MiB, 100 %, 32 %, 720 MHz, 5000 MHz, 67.75 W, 77, P0
2026/09/30 08:56:46.638, Tesla T4, 10077 MiB, 4836 MiB, 15360 MiB, 100 %, 35 %, 570 MHz, 5000 MHz, 66.61 W, 77, P0
2026/09/30 08:56:47.149, Tesla T4, 10077 MiB, 4836 MiB, 15360 MiB, 100 %, 39 %, 570 MHz, 5000 MHz, 65.73 W, 77, P0
2026/09/30 08:56:47.662, Tesla T4, 10077 MiB, 4836 MiB, 15360 MiB, 96 %, 41 %, 615 MHz, 5000 MHz, 66.22 W, 77, P0
2026/09/30 08:56:48.174, Tesla T4, 10077 MiB, 4836 MiB, 15360 MiB, 92 %, 36 %, 600 MHz, 5000 MHz, 66.02 W, 77, P0
2026/09/30 08:56:48.694, Tesla T4, 10077 MiB, 4836 MiB, 15360 MiB, 100 %, 31 %, 630 MHz, 5000 MHz, 65.18 W, 77, P0
2026/09/30 08:56:49.206, Tesla T4, 10077 MiB, 4836 MiB, 15360 MiB, 100 %, 26 %, 600 MHz, 5000 MHz, 66.16 W, 77, P0
2026/09/30 08:56:49.723, Tesla T4, 10077 MiB, 4836 MiB, 15360 MiB, 100 %, 26 %, 540 MHz, 5000 MHz, 65.53 W, 77, P0
2026/09/30 08:56:50.238, Tesla T4, 10077 MiB, 4836 MiB, 15360 MiB, 100 %, 30 %, 570 MHz, 5000 MHz, 66.51 W, 77, P0
2026/09/30 08:56:50.751, Tesla T4, 10077 MiB, 4836 MiB, 15360 MiB, 100 %, 26 %, 615 MHz, 5000 MHz, 65.63 W, 77, P0
2026/09/30 08:56:51.282, Tesla T4, 10077 MiB, 4836 MiB, 15360 MiB, 94 %, 27 %, 630 MHz, 5000 MHz, 69.76 W, 77, P0
2026/09/30 08:56:51.804, Tesla T4, 10077 MiB, 4836 MiB, 15360 MiB, 98 %, 25 %, 705 MHz, 5000 MHz, 66.26 W, 77, P0
2026/09/30 08:56:52.345, Tesla T4, 10077 MiB, 4836 MiB, 15360 MiB, 100 %, 30 %, 705 MHz, 5000 MHz, 67.79 W, 77, P0
2026/09/30 08:56:52.862, Tesla T4, 10077 MiB, 4836 MiB, 15360 MiB, 94 %, 26 %, 615 MHz, 5000 MHz, 67.84 W, 77, P0
2026/09/30 08:56:53.380, Tesla T4, 10077 MiB, 4836 MiB, 15360 MiB, 100 %, 29 %, 570 MHz, 5000 MHz, 64.50 W, 77, P0
2026/09/30 08:56:53.903, Tesla T4, 10077 MiB, 4836 MiB, 15360 MiB, 98 %, 27 %, 690 MHz, 5000 MHz, 63.71 W, 77, P0
2026/09/30 08:56:54.416, Tesla T4, 10077 MiB, 4836 MiB, 15360 MiB, 100 %, 28 %, 645 MHz, 5000 MHz, 66.22 W, 77, P0
2026/09/30 08:56:54.934, Tesla T4, 10077 MiB, 4836 MiB, 15360 MiB, 100 %, 28 %, 600 MHz, 5000 MHz, 65.44 W, 77, P0
2026/09/30 08:56:55.448, Tesla T4, 10077 MiB, 4836 MiB, 15360 MiB, 100 %, 28 %, 600 MHz, 5000 MHz, 65.83 W, 77, P0
2026/09/30 08:56:55.967, Tesla T4, 10077 MiB, 4836 MiB, 15360 MiB, 100 %, 28 %, 675 MHz, 5000 MHz, 65.73 W, 77, P0
2026/09/30 08:56:56.478, Tesla T4, 10077 MiB, 4836 MiB, 15360 MiB, 100 %, 28 %, 675 MHz, 5000 MHz, 66.32 W, 77, P0
2026/09/30 08:56:56.990, Tesla T4, 10077 MiB, 4836 MiB, 15360 MiB, 100 %, 24 %, 570 MHz, 5000 MHz, 65.83 W, 77, P0
2026/09/30 08:56:57.501, Tesla T4, 10077 MiB, 4836 MiB, 15360 MiB, 92 %, 29 %, 660 MHz, 5000 MHz, 64.89 W, 77, P0
2026/09/30 08:56:58.012, Tesla T4, 10077 MiB, 4836 MiB, 15360 MiB, 100 %, 27 %, 720 MHz, 5000 MHz, 65.73 W, 77, P0
2026/09/30 08:56:58.529, Tesla T4, 10077 MiB, 4836 MiB, 15360 MiB, 96 %, 29 %, 705 MHz, 5000 MHz, 65.73 W, 77, P0
2026/09/30 08:56:59.042, Tesla T4, 10077 MiB, 4836 MiB, 15360 MiB, 100 %, 23 %, 705 MHz, 5000 MHz, 64.46 W, 77, P0
2026/09/30 08:56:59.566, Tesla T4, 10077 MiB, 4836 MiB, 15360 MiB, 98 %, 27 %, 630 MHz, 5000 MHz, 67.55 W, 77, P0
2026/09/30 08:57:00.082, Tesla T4, 10077 MiB, 4836 MiB, 15360 MiB, 97 %, 22 %, 735 MHz, 5000 MHz, 66.81 W, 77, P0
2026/09/30 08:57:00.600, Tesla T4, 10077 MiB, 4836 MiB, 15360 MiB, 100 %, 22 %, 690 MHz, 5000 MHz, 66.51 W, 77, P0
2026/09/30 08:57:01.112, Tesla T4, 10077 MiB, 4836 MiB, 15360 MiB, 97 %, 31 %, 600 MHz, 5000 MHz, 66.32 W, 77, P0
2026/09/30 08:57:01.623, Tesla T4, 10077 MiB, 4836 MiB, 15360 MiB, 100 %, 28 %, 615 MHz, 5000 MHz, 67.10 W, 77, P0
2026/09/30 08:57:02.134, Tesla T4, 10077 MiB, 4836 MiB, 15360 MiB, 92 %, 28 %, 615 MHz, 5000 MHz, 65.53 W, 77, P0
2026/09/30 08:57:02.651, Tesla T4, 10077 MiB, 4836 MiB, 15360 MiB, 100 %, 29 %, 615 MHz, 5000 MHz, 67.00 W, 77, P0
2026/09/30 08:57:03.162, Tesla T4, 10077 MiB, 4836 MiB, 15360 MiB, 96 %, 24 %, 750 MHz, 5000 MHz, 65.14 W, 77, P0
2026/09/30 08:57:03.674, Tesla T4, 10077 MiB, 4836 MiB, 15360 MiB, 100 %, 23 %, 690 MHz, 5000 MHz, 64.16 W, 77, P0
2026/09/30 08:57:04.215, Tesla T4, 10077 MiB, 4836 MiB, 15360 MiB, 98 %, 37 %, 810 MHz, 5000 MHz, 67.35 W, 77, P0
2026/09/30 08:57:04.733, Tesla T4, 10077 MiB, 4836 MiB, 15360 MiB, 100 %, 22 %, 735 MHz, 5000 MHz, 65.93 W, 77, P0
2026/09/30 08:57:05.265, Tesla T4, 10077 MiB, 4836 MiB, 15360 MiB, 100 %, 19 %, 600 MHz, 5000 MHz, 68.78 W, 77, P0
2026/09/30 08:57:05.796, Tesla T4, 10077 MiB, 4836 MiB, 15360 MiB, 100 %, 30 %, 570 MHz, 5000 MHz, 66.56 W, 77, P0
2026/09/30 08:57:06.321, Tesla T4, 10077 MiB, 4836 MiB, 15360 MiB, 100 %, 32 %, 645 MHz, 5000 MHz, 66.75 W, 77, P0
2026/09/30 08:57:06.842, Tesla T4, 10077 MiB, 4836 MiB, 15360 MiB, 100 %, 30 %, 570 MHz, 5000 MHz, 64.55 W, 77, P0
2026/09/30 08:57:07.371, Tesla T4, 10077 MiB, 4836 MiB, 15360 MiB, 97 %, 28 %, 795 MHz, 5000 MHz, 60.41 W, 77, P0
2026/09/30 08:57:07.890, Tesla T4, 10077 MiB, 4836 MiB, 15360 MiB, 100 %, 31 %, 585 MHz, 5000 MHz, 65.67 W, 77, P0
2026/09/30 08:57:08.407, Tesla T4, 10077 MiB, 4836 MiB, 15360 MiB, 92 %, 34 %, 645 MHz, 5000 MHz, 66.61 W, 77, P0
2026/09/30 08:57:08.923, Tesla T4, 10077 MiB, 4836 MiB, 15360 MiB, 98 %, 34 %, 585 MHz, 5000 MHz, 66.02 W, 77, P0
2026/09/30 08:57:09.440, Tesla T4, 10077 MiB, 4836 MiB, 15360 MiB, 100 %, 35 %, 540 MHz, 5000 MHz, 66.81 W, 77, P0
2026/09/30 08:57:09.953, Tesla T4, 10077 MiB, 4836 MiB, 15360 MiB, 92 %, 36 %, 555 MHz, 5000 MHz, 66.22 W, 77, P0
2026/09/30 08:57:10.474, Tesla T4, 10077 MiB, 4836 MiB, 15360 MiB, 96 %, 39 %, 630 MHz, 5000 MHz, 67.35 W, 77, P0
2026/09/30 08:57:10.990, Tesla T4, 10077 MiB, 4836 MiB, 15360 MiB, 94 %, 39 %, 570 MHz, 5000 MHz, 59.53 W, 77, P0
2026/09/30 08:57:11.526, Tesla T4, 10077 MiB, 4836 MiB, 15360 MiB, 99 %, 36 %, 705 MHz, 5000 MHz, 72.65 W, 77, P0
2026/09/30 08:57:12.043, Tesla T4, 10077 MiB, 4836 MiB, 15360 MiB, 97 %, 43 %, 600 MHz, 5000 MHz, 66.77 W, 77, P0
2026/09/30 08:57:12.574, Tesla T4, 10077 MiB, 4836 MiB, 15360 MiB, 99 %, 44 %, 555 MHz, 5000 MHz, 68.67 W, 77, P0
2026/09/30 08:57:13.086, Tesla T4, 10077 MiB, 4836 MiB, 15360 MiB, 99 %, 39 %, 855 MHz, 5000 MHz, 68.14 W, 77, P0
2026/09/30 08:57:13.622, Tesla T4, 10077 MiB, 4836 MiB, 15360 MiB, 100 %, 32 %, 570 MHz, 5000 MHz, 64.85 W, 77, P0
2026/09/30 08:57:14.133, Tesla T4, 10077 MiB, 4836 MiB, 15360 MiB, 91 %, 34 %, 615 MHz, 5000 MHz, 66.51 W, 77, P0
2026/09/30 08:57:14.670, Tesla T4, 10077 MiB, 4836 MiB, 15360 MiB, 100 %, 36 %, 585 MHz, 5000 MHz, 66.12 W, 77, P0
2026/09/30 08:57:15.184, Tesla T4, 10077 MiB, 4836 MiB, 15360 MiB, 100 %, 36 %, 555 MHz, 5000 MHz, 67.49 W, 77, P0
2026/09/30 08:57:15.706, Tesla T4, 10077 MiB, 4836 MiB, 15360 MiB, 99 %, 39 %, 570 MHz, 5000 MHz, 66.12 W, 77, P0
2026/09/30 08:57:16.217, Tesla T4, 10077 MiB, 4836 MiB, 15360 MiB, 92 %, 53 %, 675 MHz, 5000 MHz, 64.50 W, 77, P0
2026/09/30 08:57:16.740, Tesla T4, 10077 MiB, 4836 MiB, 15360 MiB, 85 %, 34 %, 630 MHz, 5000 MHz, 78.96 W, 77, P0
2026/09/30 08:57:17.266, Tesla T4, 10077 MiB, 4836 MiB, 15360 MiB, 100 %, 37 %, 660 MHz, 5000 MHz, 64.22 W, 77, P0
2026/09/30 08:57:17.808, Tesla T4, 10077 MiB, 4836 MiB, 15360 MiB, 93 %, 38 %, 690 MHz, 5000 MHz, 66.32 W, 77, P0
2026/09/30 08:57:18.363, Tesla T4, 10077 MiB, 4836 MiB, 15360 MiB, 100 %, 23 %, 750 MHz, 5000 MHz, 66.12 W, 77, P0
2026/09/30 08:57:18.892, Tesla T4, 10077 MiB, 4836 MiB, 15360 MiB, 100 %, 23 %, 690 MHz, 5000 MHz, 58.10 W, 77, P0
2026/09/30 08:57:19.423, Tesla T4, 10077 MiB, 4836 MiB, 15360 MiB, 100 %, 28 %, 630 MHz, 5000 MHz, 66.02 W, 77, P0
2026/09/30 08:57:19.960, Tesla T4, 10077 MiB, 4836 MiB, 15360 MiB, 100 %, 22 %, 735 MHz, 5000 MHz, 65.48 W, 77, P0
2026/09/30 08:57:20.475, Tesla T4, 10077 MiB, 4836 MiB, 15360 MiB, 100 %, 22 %, 705 MHz, 5000 MHz, 65.28 W, 77, P0
2026/09/30 08:57:20.999, Tesla T4, 10077 MiB, 4836 MiB, 15360 MiB, 100 %, 28 %, 630 MHz, 5000 MHz, 66.22 W, 77, P0
2026/09/30 08:57:21.511, Tesla T4, 10077 MiB, 4836 MiB, 15360 MiB, 97 %, 28 %, 495 MHz, 5000 MHz, 42.93 W, 77, P0
2026/09/30 08:57:22.047, Tesla T4, 10077 MiB, 4836 MiB, 15360 MiB, 100 %, 23 %, 735 MHz, 5000 MHz, 65.93 W, 77, P0
2026/09/30 08:57:22.559, Tesla T4, 10077 MiB, 4836 MiB, 15360 MiB, 100 %, 23 %, 735 MHz, 5000 MHz, 66.42 W, 77, P0
2026/09/30 08:57:23.094, Tesla T4, 10077 MiB, 4836 MiB, 15360 MiB, 97 %, 27 %, 720 MHz, 5000 MHz, 66.42 W, 77, P0
2026/09/30 08:57:23.610, Tesla T4, 10077 MiB, 4836 MiB, 15360 MiB, 100 %, 23 %, 720 MHz, 5000 MHz, 65.93 W, 77, P0
2026/09/30 08:57:24.133, Tesla T4, 10077 MiB, 4836 MiB, 15360 MiB, 91 %, 25 %, 705 MHz, 5000 MHz, 65.34 W, 77, P0
2026/09/30 08:57:24.645, Tesla T4, 10077 MiB, 4836 MiB, 15360 MiB, 100 %, 22 %, 720 MHz, 5000 MHz, 66.02 W, 77, P0
2026/09/30 08:57:25.172, Tesla T4, 10077 MiB, 4836 MiB, 15360 MiB, 100 %, 22 %, 720 MHz, 5000 MHz, 66.38 W, 77, P0
2026/09/30 08:57:25.688, Tesla T4, 10077 MiB, 4836 MiB, 15360 MiB, 100 %, 22 %, 720 MHz, 5000 MHz, 64.50 W, 77, P0
2026/09/30 08:57:26.214, Tesla T4, 10077 MiB, 4836 MiB, 15360 MiB, 99 %, 31 %, 720 MHz, 5000 MHz, 64.79 W, 77, P0
2026/09/30 08:57:26.728, Tesla T4, 10077 MiB, 4836 MiB, 15360 MiB, 100 %, 30 %, 810 MHz, 5000 MHz, 66.42 W, 77, P0
2026/09/30 08:57:27.243, Tesla T4, 10077 MiB, 4836 MiB, 15360 MiB, 98 %, 26 %, 705 MHz, 5000 MHz, 64.99 W, 77, P0
2026/09/30 08:57:27.757, Tesla T4, 10077 MiB, 4836 MiB, 15360 MiB, 92 %, 24 %, 615 MHz, 5000 MHz, 65.14 W, 77, P0
2026/09/30 08:57:28.279, Tesla T4, 10077 MiB, 4836 MiB, 15360 MiB, 100 %, 24 %, 690 MHz, 5000 MHz, 65.77 W, 77, P0
2026/09/30 08:57:28.791, Tesla T4, 10077 MiB, 4836 MiB, 15360 MiB, 98 %, 33 %, 645 MHz, 5000 MHz, 61.00 W, 77, P0
2026/09/30 08:57:29.309, Tesla T4, 10077 MiB, 4836 MiB, 15360 MiB, 100 %, 25 %, 840 MHz, 5000 MHz, 65.34 W, 77, P0
2026/09/30 08:57:29.835, Tesla T4, 10077 MiB, 4836 MiB, 15360 MiB, 98 %, 31 %, 675 MHz, 5000 MHz, 67.16 W, 77, P0
2026/09/30 08:57:30.360, Tesla T4, 10077 MiB, 4836 MiB, 15360 MiB, 100 %, 24 %, 720 MHz, 5000 MHz, 68.14 W, 77, P0
2026/09/30 08:57:30.887, Tesla T4, 10077 MiB, 4836 MiB, 15360 MiB, 87 %, 32 %, 630 MHz, 5000 MHz, 70.01 W, 77, P0
2026/09/30 08:57:31.417, Tesla T4, 10077 MiB, 4836 MiB, 15360 MiB, 100 %, 32 %, 630 MHz, 5000 MHz, 66.12 W, 77, P0
2026/09/30 08:57:31.945, Tesla T4, 10077 MiB, 4836 MiB, 15360 MiB, 86 %, 32 %, 600 MHz, 5000 MHz, 66.22 W, 77, P0
2026/09/30 08:57:32.473, Tesla T4, 10077 MiB, 4836 MiB, 15360 MiB, 97 %, 28 %, 645 MHz, 5000 MHz, 64.06 W, 77, P0
2026/09/30 08:57:32.985, Tesla T4, 10077 MiB, 4836 MiB, 15360 MiB, 100 %, 29 %, 630 MHz, 5000 MHz, 69.96 W, 77, P0
2026/09/30 08:57:33.497, Tesla T4, 10077 MiB, 4836 MiB, 15360 MiB, 92 %, 28 %, 600 MHz, 5000 MHz, 65.83 W, 77, P0
2026/09/30 08:57:34.009, Tesla T4, 10077 MiB, 4836 MiB, 15360 MiB, 100 %, 29 %, 585 MHz, 5000 MHz, 63.81 W, 77, P0
2026/09/30 08:57:34.526, Tesla T4, 10077 MiB, 4836 MiB, 15360 MiB, 96 %, 47 %, 735 MHz, 5000 MHz, 71.42 W, 77, P0
2026/09/30 08:57:35.038, Tesla T4, 10077 MiB, 4836 MiB, 15360 MiB, 99 %, 36 %, 750 MHz, 5000 MHz, 66.71 W, 77, P0
2026/09/30 08:57:35.554, Tesla T4, 10077 MiB, 4836 MiB, 15360 MiB, 99 %, 36 %, 735 MHz, 5000 MHz, 68.08 W, 77, P0
2026/09/30 08:57:36.065, Tesla T4, 10077 MiB, 4836 MiB, 15360 MiB, 99 %, 39 %, 645 MHz, 5000 MHz, 65.59 W, 77, P0
2026/09/30 08:57:36.583, Tesla T4, 10077 MiB, 4836 MiB, 15360 MiB, 100 %, 25 %, 690 MHz, 5000 MHz, 66.91 W, 77, P0
2026/09/30 08:57:37.094, Tesla T4, 10077 MiB, 4836 MiB, 15360 MiB, 100 %, 29 %, 810 MHz, 5000 MHz, 64.50 W, 77, P0
2026/09/30 08:57:37.611, Tesla T4, 10077 MiB, 4836 MiB, 15360 MiB, 100 %, 25 %, 825 MHz, 5000 MHz, 66.02 W, 77, P0
2026/09/30 08:57:38.123, Tesla T4, 10077 MiB, 4836 MiB, 15360 MiB, 96 %, 28 %, 675 MHz, 5000 MHz, 55.97 W, 77, P0
2026/09/30 08:57:38.640, Tesla T4, 10077 MiB, 4836 MiB, 15360 MiB, 100 %, 28 %, 645 MHz, 5000 MHz, 67.30 W, 77, P0
2026/09/30 08:57:39.152, Tesla T4, 10077 MiB, 4836 MiB, 15360 MiB, 100 %, 32 %, 615 MHz, 5000 MHz, 66.71 W, 77, P0
2026/09/30 08:57:39.669, Tesla T4, 10077 MiB, 4836 MiB, 15360 MiB, 100 %, 27 %, 660 MHz, 5000 MHz, 66.02 W, 77, P0
2026/09/30 08:57:40.181, Tesla T4, 10077 MiB, 4836 MiB, 15360 MiB, 98 %, 35 %, 630 MHz, 5000 MHz, 66.32 W, 77, P0
2026/09/30 08:57:40.700, Tesla T4, 10077 MiB, 4836 MiB, 15360 MiB, 100 %, 33 %, 615 MHz, 5000 MHz, 66.28 W, 77, P0
2026/09/30 08:57:41.212, Tesla T4, 10077 MiB, 4836 MiB, 15360 MiB, 92 %, 35 %, 615 MHz, 5000 MHz, 65.73 W, 77, P0
2026/09/30 08:57:41.723, Tesla T4, 10077 MiB, 4836 MiB, 15360 MiB, 97 %, 29 %, 705 MHz, 5000 MHz, 65.93 W, 77, P0
2026/09/30 08:57:42.236, Tesla T4, 10077 MiB, 4836 MiB, 15360 MiB, 97 %, 26 %, 615 MHz, 5000 MHz, 65.73 W, 77, P0
2026/09/30 08:57:42.771, Tesla T4, 10077 MiB, 4836 MiB, 15360 MiB, 100 %, 25 %, 705 MHz, 5000 MHz, 66.26 W, 77, P0
2026/09/30 08:57:43.292, Tesla T4, 10077 MiB, 4836 MiB, 15360 MiB, 95 %, 36 %, 600 MHz, 5000 MHz, 65.59 W, 77, P0
2026/09/30 08:57:43.816, Tesla T4, 10077 MiB, 4836 MiB, 15360 MiB, 94 %, 39 %, 615 MHz, 5000 MHz, 64.00 W, 77, P0
2026/09/30 08:57:44.347, Tesla T4, 10077 MiB, 4836 MiB, 15360 MiB, 85 %, 35 %, 615 MHz, 5000 MHz, 72.75 W, 77, P0
2026/09/30 08:57:44.876, Tesla T4, 10077 MiB, 4836 MiB, 15360 MiB, 100 %, 31 %, 585 MHz, 5000 MHz, 66.42 W, 77, P0
2026/09/30 08:57:45.392, Tesla T4, 10077 MiB, 4836 MiB, 15360 MiB, 100 %, 37 %, 750 MHz, 5000 MHz, 66.12 W, 77, P0
2026/09/30 08:57:45.903, Tesla T4, 10077 MiB, 4836 MiB, 15360 MiB, 99 %, 35 %, 750 MHz, 5000 MHz, 66.12 W, 77, P0
2026/09/30 08:57:46.420, Tesla T4, 10077 MiB, 4836 MiB, 15360 MiB, 100 %, 29 %, 630 MHz, 5000 MHz, 68.04 W, 77, P0
2026/09/30 08:57:46.931, Tesla T4, 10077 MiB, 4836 MiB, 15360 MiB, 91 %, 41 %, 630 MHz, 5000 MHz, 67.30 W, 77, P0
2026/09/30 08:57:47.445, Tesla T4, 10077 MiB, 4836 MiB, 15360 MiB, 99 %, 33 %, 690 MHz, 5000 MHz, 64.89 W, 77, P0
2026/09/30 08:57:47.957, Tesla T4, 10077 MiB, 4836 MiB, 15360 MiB, 98 %, 25 %, 825 MHz, 5000 MHz, 66.32 W, 77, P0
2026/09/30 08:57:48.474, Tesla T4, 10077 MiB, 4836 MiB, 15360 MiB, 100 %, 30 %, 570 MHz, 5000 MHz, 65.93 W, 77, P0
2026/09/30 08:57:48.986, Tesla T4, 10077 MiB, 4836 MiB, 15360 MiB, 100 %, 23 %, 675 MHz, 5000 MHz, 65.93 W, 77, P0
2026/09/30 08:57:49.499, Tesla T4, 10077 MiB, 4836 MiB, 15360 MiB, 100 %, 30 %, 570 MHz, 5000 MHz, 66.86 W, 77, P0
2026/09/30 08:57:50.014, Tesla T4, 10077 MiB, 4836 MiB, 15360 MiB, 99 %, 36 %, 840 MHz, 5000 MHz, 61.00 W, 77, P0
2026/09/30 08:57:50.524, Tesla T4, 10077 MiB, 4836 MiB, 15360 MiB, 100 %, 36 %, 630 MHz, 5000 MHz, 67.20 W, 77, P0
2026/09/30 08:57:51.038, Tesla T4, 10077 MiB, 4836 MiB, 15360 MiB, 99 %, 35 %, 750 MHz, 5000 MHz, 67.40 W, 77, P0
2026/09/30 08:57:51.553, Tesla T4, 10077 MiB, 4836 MiB, 15360 MiB, 100 %, 32 %, 705 MHz, 5000 MHz, 65.08 W, 77, P0
2026/09/30 08:57:52.070, Tesla T4, 10077 MiB, 4836 MiB, 15360 MiB, 99 %, 36 %, 615 MHz, 5000 MHz, 65.97 W, 77, P0
2026/09/30 08:57:52.582, Tesla T4, 10077 MiB, 4836 MiB, 15360 MiB, 99 %, 34 %, 600 MHz, 5000 MHz, 65.24 W, 77, P0
2026/09/30 08:57:53.101, Tesla T4, 10077 MiB, 4836 MiB, 15360 MiB, 100 %, 23 %, 735 MHz, 5000 MHz, 65.87 W, 77, P0
2026/09/30 08:57:53.613, Tesla T4, 10077 MiB, 4836 MiB, 15360 MiB, 100 %, 19 %, 705 MHz, 5000 MHz, 66.32 W, 77, P0
2026/09/30 08:57:54.133, Tesla T4, 10077 MiB, 4836 MiB, 15360 MiB, 100 %, 32 %, 810 MHz, 5000 MHz, 68.92 W, 77, P0
2026/09/30 08:57:54.643, Tesla T4, 10077 MiB, 4836 MiB, 15360 MiB, 100 %, 22 %, 735 MHz, 5000 MHz, 66.32 W, 77, P0
2026/09/30 08:57:55.157, Tesla T4, 10077 MiB, 4836 MiB, 15360 MiB, 100 %, 20 %, 615 MHz, 5000 MHz, 68.33 W, 77, P0
2026/09/30 08:57:55.681, Tesla T4, 10077 MiB, 4836 MiB, 15360 MiB, 95 %, 40 %, 660 MHz, 5000 MHz, 67.83 W, 77, P0
2026/09/30 08:57:56.206, Tesla T4, 10077 MiB, 4836 MiB, 15360 MiB, 98 %, 47 %, 630 MHz, 5000 MHz, 66.38 W, 77, P0
2026/09/30 08:57:56.731, Tesla T4, 10077 MiB, 4836 MiB, 15360 MiB, 100 %, 35 %, 1065 MHz, 5000 MHz, 78.18 W, 77, P0
2026/09/30 08:57:57.272, Tesla T4, 10077 MiB, 4836 MiB, 15360 MiB, 100 %, 35 %, 570 MHz, 5000 MHz, 66.22 W, 77, P0
2026/09/30 08:57:57.799, Tesla T4, 10077 MiB, 4836 MiB, 15360 MiB, 84 %, 44 %, 600 MHz, 5000 MHz, 67.20 W, 77, P0
2026/09/30 08:57:58.318, Tesla T4, 10077 MiB, 4836 MiB, 15360 MiB, 100 %, 28 %, 675 MHz, 5000 MHz, 67.10 W, 77, P0
2026/09/30 08:57:58.828, Tesla T4, 10077 MiB, 4836 MiB, 15360 MiB, 90 %, 41 %, 660 MHz, 5000 MHz, 66.02 W, 77, P0
2026/09/30 08:57:59.341, Tesla T4, 10077 MiB, 4836 MiB, 15360 MiB, 100 %, 25 %, 615 MHz, 5000 MHz, 65.44 W, 77, P0
2026/09/30 08:57:59.854, Tesla T4, 10077 MiB, 4836 MiB, 15360 MiB, 100 %, 35 %, 585 MHz, 5000 MHz, 66.71 W, 77, P0
2026/09/30 08:58:00.373, Tesla T4, 10077 MiB, 4836 MiB, 15360 MiB, 100 %, 30 %, 570 MHz, 5000 MHz, 66.81 W, 77, P0
2026/09/30 08:58:00.885, Tesla T4, 10077 MiB, 4836 MiB, 15360 MiB, 98 %, 32 %, 615 MHz, 5000 MHz, 65.14 W, 77, P0
2026/09/30 08:58:01.402, Tesla T4, 10077 MiB, 4836 MiB, 15360 MiB, 100 %, 30 %, 690 MHz, 5000 MHz, 55.08 W, 77, P0
2026/09/30 08:58:01.916, Tesla T4, 10077 MiB, 4836 MiB, 15360 MiB, 99 %, 31 %, 630 MHz, 5000 MHz, 69.31 W, 77, P0
2026/09/30 08:58:02.432, Tesla T4, 10077 MiB, 4836 MiB, 15360 MiB, 95 %, 31 %, 630 MHz, 5000 MHz, 66.65 W, 77, P0
2026/09/30 08:58:02.945, Tesla T4, 10077 MiB, 4836 MiB, 15360 MiB, 97 %, 35 %, 555 MHz, 5000 MHz, 65.83 W, 77, P0
2026/09/30 08:58:03.456, Tesla T4, 10077 MiB, 4836 MiB, 15360 MiB, 99 %, 34 %, 540 MHz, 5000 MHz, 66.81 W, 77, P0
2026/09/30 08:58:03.975, Tesla T4, 10077 MiB, 4836 MiB, 15360 MiB, 99 %, 35 %, 690 MHz, 5000 MHz, 65.83 W, 77, P0
2026/09/30 08:58:04.486, Tesla T4, 10077 MiB, 4836 MiB, 15360 MiB, 100 %, 26 %, 630 MHz, 5000 MHz, 66.32 W, 77, P0
2026/09/30 08:58:05.002, Tesla T4, 10077 MiB, 4836 MiB, 15360 MiB, 97 %, 25 %, 735 MHz, 5000 MHz, 67.00 W, 77, P0
2026/09/30 08:58:05.513, Tesla T4, 10077 MiB, 4836 MiB, 15360 MiB, 100 %, 23 %, 720 MHz, 5000 MHz, 67.10 W, 77, P0
2026/09/30 08:58:06.032, Tesla T4, 10077 MiB, 4836 MiB, 15360 MiB, 91 %, 25 %, 615 MHz, 5000 MHz, 65.83 W, 77, P0
2026/09/30 08:58:06.545, Tesla T4, 10077 MiB, 4836 MiB, 15360 MiB, 100 %, 26 %, 615 MHz, 5000 MHz, 65.63 W, 77, P0
2026/09/30 08:58:07.061, Tesla T4, 10077 MiB, 4836 MiB, 15360 MiB, 100 %, 22 %, 720 MHz, 5000 MHz, 66.02 W, 77, P0
2026/09/30 08:58:07.572, Tesla T4, 10077 MiB, 4836 MiB, 15360 MiB, 100 %, 22 %, 705 MHz, 5000 MHz, 66.71 W, 77, P0
2026/09/30 08:58:08.090, Tesla T4, 10077 MiB, 4836 MiB, 15360 MiB, 98 %, 39 %, 570 MHz, 5000 MHz, 67.30 W, 76, P0
2026/09/30 08:58:08.627, Tesla T4, 10077 MiB, 4836 MiB, 15360 MiB, 95 %, 35 %, 705 MHz, 5000 MHz, 65.81 W, 77, P0
2026/09/30 08:58:09.181, Tesla T4, 10077 MiB, 4836 MiB, 15360 MiB, 85 %, 35 %, 570 MHz, 5000 MHz, 69.76 W, 77, P0
2026/09/30 08:58:09.710, Tesla T4, 10077 MiB, 4836 MiB, 15360 MiB, 92 %, 28 %, 630 MHz, 5000 MHz, 66.42 W, 77, P0
2026/09/30 08:58:10.231, Tesla T4, 10077 MiB, 4836 MiB, 15360 MiB, 98 %, 29 %, 615 MHz, 5000 MHz, 70.10 W, 77, P0
2026/09/30 08:58:10.760, Tesla T4, 10077 MiB, 4836 MiB, 15360 MiB, 86 %, 27 %, 630 MHz, 5000 MHz, 66.71 W, 77, P0
2026/09/30 08:58:11.271, Tesla T4, 10077 MiB, 4836 MiB, 15360 MiB, 99 %, 28 %, 615 MHz, 5000 MHz, 66.51 W, 77, P0
2026/09/30 08:58:11.786, Tesla T4, 10077 MiB, 4836 MiB, 15360 MiB, 99 %, 36 %, 615 MHz, 5000 MHz, 65.04 W, 77, P0
2026/09/30 08:58:12.297, Tesla T4, 10077 MiB, 4836 MiB, 15360 MiB, 99 %, 36 %, 615 MHz, 5000 MHz, 66.02 W, 77, P0
2026/09/30 08:58:12.808, Tesla T4, 10077 MiB, 4836 MiB, 15360 MiB, 91 %, 55 %, 525 MHz, 5000 MHz, 61.30 W, 77, P0
2026/09/30 08:58:13.325, Tesla T4, 10077 MiB, 4836 MiB, 15360 MiB, 100 %, 30 %, 570 MHz, 5000 MHz, 67.10 W, 77, P0
2026/09/30 08:58:13.836, Tesla T4, 10077 MiB, 4836 MiB, 15360 MiB, 100 %, 25 %, 675 MHz, 5000 MHz, 66.02 W, 77, P0
2026/09/30 08:58:14.348, Tesla T4, 10077 MiB, 4836 MiB, 15360 MiB, 100 %, 30 %, 615 MHz, 5000 MHz, 65.34 W, 77, P0
2026/09/30 08:58:14.862, Tesla T4, 10077 MiB, 4836 MiB, 15360 MiB, 100 %, 25 %, 690 MHz, 5000 MHz, 65.93 W, 77, P0
2026/09/30 08:58:15.380, Tesla T4, 10077 MiB, 4836 MiB, 15360 MiB, 100 %, 25 %, 720 MHz, 5000 MHz, 66.91 W, 77, P0
2026/09/30 08:58:15.891, Tesla T4, 10077 MiB, 4836 MiB, 15360 MiB, 100 %, 30 %, 615 MHz, 5000 MHz, 65.73 W, 77, P0
2026/09/30 08:58:16.409, Tesla T4, 10077 MiB, 4836 MiB, 15360 MiB, 94 %, 24 %, 705 MHz, 5000 MHz, 66.12 W, 77, P0
2026/09/30 08:58:16.921, Tesla T4, 10077 MiB, 4836 MiB, 15360 MiB, 100 %, 30 %, 630 MHz, 5000 MHz, 65.77 W, 77, P0
2026/09/30 08:58:17.433, Tesla T4, 10077 MiB, 4836 MiB, 15360 MiB, 97 %, 34 %, 555 MHz, 5000 MHz, 66.22 W, 77, P0
2026/09/30 08:58:17.955, Tesla T4, 10077 MiB, 4836 MiB, 15360 MiB, 100 %, 23 %, 720 MHz, 5000 MHz, 66.42 W, 77, P0
2026/09/30 08:58:18.472, Tesla T4, 10077 MiB, 4836 MiB, 15360 MiB, 100 %, 21 %, 690 MHz, 5000 MHz, 66.12 W, 77, P0
2026/09/30 08:58:18.982, Tesla T4, 10077 MiB, 4836 MiB, 15360 MiB, 100 %, 34 %, 675 MHz, 5000 MHz, 70.15 W, 77, P0
2026/09/30 08:58:19.493, Tesla T4, 10077 MiB, 4836 MiB, 15360 MiB, 100 %, 22 %, 720 MHz, 5000 MHz, 65.63 W, 77, P0
2026/09/30 08:58:20.009, Tesla T4, 10077 MiB, 4836 MiB, 15360 MiB, 100 %, 22 %, 915 MHz, 5000 MHz, 66.02 W, 77, P0
2026/09/30 08:58:20.521, Tesla T4, 10077 MiB, 4836 MiB, 15360 MiB, 98 %, 31 %, 675 MHz, 5000 MHz, 66.42 W, 77, P0
2026/09/30 08:58:21.035, Tesla T4, 10077 MiB, 4836 MiB, 15360 MiB, 100 %, 27 %, 660 MHz, 5000 MHz, 65.93 W, 77, P0
2026/09/30 08:58:21.558, Tesla T4, 10077 MiB, 4836 MiB, 15360 MiB, 100 %, 34 %, 675 MHz, 5000 MHz, 66.02 W, 77, P0
2026/09/30 08:58:22.085, Tesla T4, 10077 MiB, 4836 MiB, 15360 MiB, 100 %, 28 %, 630 MHz, 5000 MHz, 64.65 W, 77, P0
2026/09/30 08:58:22.607, Tesla T4, 10077 MiB, 4836 MiB, 15360 MiB, 93 %, 46 %, 675 MHz, 5000 MHz, 65.89 W, 77, P0
2026/09/30 08:58:23.131, Tesla T4, 10077 MiB, 4836 MiB, 15360 MiB, 100 %, 26 %, 645 MHz, 5000 MHz, 66.02 W, 77, P0
2026/09/30 08:58:23.677, Tesla T4, 10077 MiB, 4836 MiB, 15360 MiB, 100 %, 25 %, 690 MHz, 5000 MHz, 63.42 W, 77, P0
2026/09/30 08:58:24.190, Tesla T4, 10077 MiB, 4836 MiB, 15360 MiB, 100 %, 26 %, 600 MHz, 5000 MHz, 67.00 W, 77, P0
2026/09/30 08:58:24.704, Tesla T4, 10077 MiB, 4836 MiB, 15360 MiB, 100 %, 23 %, 675 MHz, 5000 MHz, 54.33 W, 77, P0
2026/09/30 08:58:25.225, Tesla T4, 10077 MiB, 4836 MiB, 15360 MiB, 100 %, 33 %, 600 MHz, 5000 MHz, 65.73 W, 77, P0
2026/09/30 08:58:25.737, Tesla T4, 10077 MiB, 4836 MiB, 15360 MiB, 93 %, 28 %, 915 MHz, 5000 MHz, 58.65 W, 77, P0
2026/09/30 08:58:26.256, Tesla T4, 10077 MiB, 4836 MiB, 15360 MiB, 100 %, 33 %, 630 MHz, 5000 MHz, 66.32 W, 77, P0
2026/09/30 08:58:26.767, Tesla T4, 10077 MiB, 4836 MiB, 15360 MiB, 97 %, 33 %, 555 MHz, 5000 MHz, 69.20 W, 77, P0
2026/09/30 08:58:27.284, Tesla T4, 10077 MiB, 4836 MiB, 15360 MiB, 96 %, 50 %, 600 MHz, 5000 MHz, 65.73 W, 77, P0
2026/09/30 08:58:27.797, Tesla T4, 10077 MiB, 4836 MiB, 15360 MiB, 100 %, 25 %, 645 MHz, 5000 MHz, 67.00 W, 77, P0
2026/09/30 08:58:28.308, Tesla T4, 10077 MiB, 4836 MiB, 15360 MiB, 90 %, 42 %, 615 MHz, 5000 MHz, 65.18 W, 77, P0
2026/09/30 08:58:28.824, Tesla T4, 10077 MiB, 4836 MiB, 15360 MiB, 100 %, 24 %, 600 MHz, 5000 MHz, 65.87 W, 77, P0
2026/09/30 08:58:29.336, Tesla T4, 10077 MiB, 4836 MiB, 15360 MiB, 96 %, 46 %, 585 MHz, 5000 MHz, 66.12 W, 77, P0
2026/09/30 08:58:29.855, Tesla T4, 10077 MiB, 4836 MiB, 15360 MiB, 91 %, 35 %, 570 MHz, 5000 MHz, 66.42 W, 77, P0
2026/09/30 08:58:30.379, Tesla T4, 10077 MiB, 4836 MiB, 15360 MiB, 100 %, 36 %, 630 MHz, 5000 MHz, 64.89 W, 77, P0
2026/09/30 08:58:30.893, Tesla T4, 10077 MiB, 4836 MiB, 15360 MiB, 100 %, 25 %, 660 MHz, 5000 MHz, 65.38 W, 77, P0
2026/09/30 08:58:31.411, Tesla T4, 10077 MiB, 4836 MiB, 15360 MiB, 100 %, 25 %, 675 MHz, 5000 MHz, 66.16 W, 77, P0
2026/09/30 08:58:31.922, Tesla T4, 10077 MiB, 4836 MiB, 15360 MiB, 95 %, 37 %, 630 MHz, 5000 MHz, 66.81 W, 77, P0
2026/09/30 08:58:32.435, Tesla T4, 10077 MiB, 4836 MiB, 15360 MiB, 98 %, 33 %, 645 MHz, 5000 MHz, 62.89 W, 77, P0
2026/09/30 08:58:32.952, Tesla T4, 10077 MiB, 4836 MiB, 15360 MiB, 92 %, 29 %, 615 MHz, 5000 MHz, 66.51 W, 77, P0
2026/09/30 08:58:33.463, Tesla T4, 10077 MiB, 4836 MiB, 15360 MiB, 100 %, 32 %, 585 MHz, 5000 MHz, 66.42 W, 77, P0
2026/09/30 08:58:33.982, Tesla T4, 10077 MiB, 4836 MiB, 15360 MiB, 100 %, 36 %, 555 MHz, 5000 MHz, 62.57 W, 77, P0
2026/09/30 08:58:34.522, Tesla T4, 10077 MiB, 4836 MiB, 15360 MiB, 100 %, 34 %, 555 MHz, 5000 MHz, 65.73 W, 77, P0
2026/09/30 08:58:35.048, Tesla T4, 10077 MiB, 4836 MiB, 15360 MiB, 100 %, 25 %, 720 MHz, 5000 MHz, 66.65 W, 77, P0
2026/09/30 08:58:35.570, Tesla T4, 10077 MiB, 4836 MiB, 15360 MiB, 100 %, 33 %, 645 MHz, 5000 MHz, 65.24 W, 77, P0
2026/09/30 08:58:36.094, Tesla T4, 10077 MiB, 4836 MiB, 15360 MiB, 100 %, 24 %, 705 MHz, 5000 MHz, 66.42 W, 77, P0
2026/09/30 08:58:36.616, Tesla T4, 10077 MiB, 4836 MiB, 15360 MiB, 100 %, 32 %, 570 MHz, 5000 MHz, 64.50 W, 77, P0
2026/09/30 08:58:37.138, Tesla T4, 10077 MiB, 4836 MiB, 15360 MiB, 99 %, 34 %, 885 MHz, 5000 MHz, 66.42 W, 77, P0
2026/09/30 08:58:37.656, Tesla T4, 10077 MiB, 4836 MiB, 15360 MiB, 97 %, 39 %, 660 MHz, 5000 MHz, 67.00 W, 77, P0
2026/09/30 08:58:38.167, Tesla T4, 10077 MiB, 4836 MiB, 15360 MiB, 92 %, 38 %, 630 MHz, 5000 MHz, 67.49 W, 77, P0
2026/09/30 08:58:38.683, Tesla T4, 10077 MiB, 4836 MiB, 15360 MiB, 100 %, 32 %, 630 MHz, 5000 MHz, 66.22 W, 77, P0
2026/09/30 08:58:39.196, Tesla T4, 10077 MiB, 4836 MiB, 15360 MiB, 100 %, 35 %, 555 MHz, 5000 MHz, 66.81 W, 77, P0
2026/09/30 08:58:39.709, Tesla T4, 10077 MiB, 4836 MiB, 15360 MiB, 100 %, 31 %, 690 MHz, 5000 MHz, 64.10 W, 77, P0
2026/09/30 08:58:40.226, Tesla T4, 10077 MiB, 4836 MiB, 15360 MiB, 100 %, 35 %, 570 MHz, 5000 MHz, 68.77 W, 77, P0
2026/09/30 08:58:40.744, Tesla T4, 10077 MiB, 4836 MiB, 15360 MiB, 97 %, 38 %, 630 MHz, 5000 MHz, 65.97 W, 77, P0
2026/09/30 08:58:41.257, Tesla T4, 10077 MiB, 4836 MiB, 15360 MiB, 100 %, 25 %, 675 MHz, 5000 MHz, 66.42 W, 77, P0
2026/09/30 08:58:41.774, Tesla T4, 10077 MiB, 4836 MiB, 15360 MiB, 98 %, 28 %, 705 MHz, 5000 MHz, 66.71 W, 77, P0
2026/09/30 08:58:42.285, Tesla T4, 10077 MiB, 4836 MiB, 15360 MiB, 96 %, 27 %, 615 MHz, 5000 MHz, 65.18 W, 77, P0
2026/09/30 08:58:42.799, Tesla T4, 10077 MiB, 4836 MiB, 15360 MiB, 100 %, 29 %, 600 MHz, 5000 MHz, 65.93 W, 77, P0
2026/09/30 08:58:43.313, Tesla T4, 10077 MiB, 4836 MiB, 15360 MiB, 100 %, 29 %, 630 MHz, 5000 MHz, 67.20 W, 77, P0
2026/09/30 08:58:43.829, Tesla T4, 10077 MiB, 4836 MiB, 15360 MiB, 99 %, 30 %, 570 MHz, 5000 MHz, 68.18 W, 77, P0
2026/09/30 08:58:44.340, Tesla T4, 10077 MiB, 4836 MiB, 15360 MiB, 99 %, 35 %, 615 MHz, 5000 MHz, 65.14 W, 77, P0
2026/09/30 08:58:44.857, Tesla T4, 10077 MiB, 4836 MiB, 15360 MiB, 100 %, 35 %, 630 MHz, 5000 MHz, 65.83 W, 77, P0
2026/09/30 08:58:45.371, Tesla T4, 10077 MiB, 4836 MiB, 15360 MiB, 97 %, 36 %, 570 MHz, 5000 MHz, 66.61 W, 77, P0
2026/09/30 08:58:45.888, Tesla T4, 10077 MiB, 4836 MiB, 15360 MiB, 99 %, 38 %, 615 MHz, 5000 MHz, 65.63 W, 77, P0
2026/09/30 08:58:46.399, Tesla T4, 10077 MiB, 4836 MiB, 15360 MiB, 100 %, 31 %, 630 MHz, 5000 MHz, 66.71 W, 77, P0
2026/09/30 08:58:46.943, Tesla T4, 10077 MiB, 4836 MiB, 15360 MiB, 100 %, 31 %, 615 MHz, 5000 MHz, 66.32 W, 77, P0
2026/09/30 08:58:47.465, Tesla T4, 10077 MiB, 4836 MiB, 15360 MiB, 100 %, 30 %, 570 MHz, 5000 MHz, 65.57 W, 77, P0
2026/09/30 08:58:47.986, Tesla T4, 10077 MiB, 4836 MiB, 15360 MiB, 100 %, 28 %, 660 MHz, 5000 MHz, 64.69 W, 77, P0
2026/09/30 08:58:48.507, Tesla T4, 10077 MiB, 4836 MiB, 15360 MiB, 97 %, 26 %, 690 MHz, 5000 MHz, 65.93 W, 77, P0
2026/09/30 08:58:49.030, Tesla T4, 10077 MiB, 4836 MiB, 15360 MiB, 84 %, 26 %, 660 MHz, 5000 MHz, 66.22 W, 77, P0
2026/09/30 08:58:49.554, Tesla T4, 10077 MiB, 4836 MiB, 15360 MiB, 98 %, 26 %, 675 MHz, 5000 MHz, 65.44 W, 77, P0
2026/09/30 08:58:50.066, Tesla T4, 10077 MiB, 4836 MiB, 15360 MiB, 100 %, 25 %, 705 MHz, 5000 MHz, 67.76 W, 77, P0
2026/09/30 08:58:50.587, Tesla T4, 10077 MiB, 4836 MiB, 15360 MiB, 100 %, 30 %, 960 MHz, 5000 MHz, 65.34 W, 77, P0
2026/09/30 08:58:51.098, Tesla T4, 10077 MiB, 4836 MiB, 15360 MiB, 99 %, 31 %, 630 MHz, 5000 MHz, 66.71 W, 77, P0
2026/09/30 08:58:51.610, Tesla T4, 10077 MiB, 4836 MiB, 15360 MiB, 100 %, 25 %, 675 MHz, 5000 MHz, 67.10 W, 77, P0
2026/09/30 08:58:52.123, Tesla T4, 10077 MiB, 4836 MiB, 15360 MiB, 100 %, 25 %, 690 MHz, 5000 MHz, 65.44 W, 77, P0
2026/09/30 08:58:52.634, Tesla T4, 10077 MiB, 4836 MiB, 15360 MiB, 97 %, 26 %, 675 MHz, 5000 MHz, 64.46 W, 77, P0
2026/09/30 08:58:53.146, Tesla T4, 10077 MiB, 4836 MiB, 15360 MiB, 100 %, 28 %, 585 MHz, 5000 MHz, 65.73 W, 77, P0
2026/09/30 08:58:53.661, Tesla T4, 10077 MiB, 4836 MiB, 15360 MiB, 100 %, 28 %, 675 MHz, 5000 MHz, 66.18 W, 77, P0
2026/09/30 08:58:54.176, Tesla T4, 10077 MiB, 4836 MiB, 15360 MiB, 97 %, 38 %, 660 MHz, 5000 MHz, 66.12 W, 77, P0
2026/09/30 08:58:54.689, Tesla T4, 10077 MiB, 4836 MiB, 15360 MiB, 93 %, 37 %, 585 MHz, 5000 MHz, 69.12 W, 77, P0
2026/09/30 08:58:55.209, Tesla T4, 10077 MiB, 4836 MiB, 15360 MiB, 91 %, 38 %, 645 MHz, 5000 MHz, 65.38 W, 77, P0
2026/09/30 08:58:55.721, Tesla T4, 10077 MiB, 4836 MiB, 15360 MiB, 92 %, 43 %, 660 MHz, 5000 MHz, 66.91 W, 77, P0
2026/09/30 08:58:56.238, Tesla T4, 10077 MiB, 4836 MiB, 15360 MiB, 100 %, 33 %, 570 MHz, 5000 MHz, 66.12 W, 77, P0
2026/09/30 08:58:56.750, Tesla T4, 10077 MiB, 4836 MiB, 15360 MiB, 93 %, 34 %, 630 MHz, 5000 MHz, 66.12 W, 77, P0
2026/09/30 08:58:57.268, Tesla T4, 10077 MiB, 4836 MiB, 15360 MiB, 96 %, 27 %, 720 MHz, 5000 MHz, 65.04 W, 77, P0
2026/09/30 08:58:57.779, Tesla T4, 10077 MiB, 4836 MiB, 15360 MiB, 100 %, 23 %, 705 MHz, 5000 MHz, 65.57 W, 77, P0
2026/09/30 08:58:58.290, Tesla T4, 10077 MiB, 4836 MiB, 15360 MiB, 98 %, 27 %, 630 MHz, 5000 MHz, 64.69 W, 77, P0
2026/09/30 08:58:58.802, Tesla T4, 10077 MiB, 4836 MiB, 15360 MiB, 100 %, 26 %, 615 MHz, 5000 MHz, 66.42 W, 77, P0
2026/09/30 08:58:59.316, Tesla T4, 10077 MiB, 4836 MiB, 15360 MiB, 100 %, 22 %, 1080 MHz, 5000 MHz, 77.39 W, 77, P0
2026/09/30 08:58:59.853, Tesla T4, 10077 MiB, 4836 MiB, 15360 MiB, 100 %, 22 %, 735 MHz, 5000 MHz, 66.42 W, 77, P0
2026/09/30 08:59:00.395, Tesla T4, 10077 MiB, 4836 MiB, 15360 MiB, 100 %, 20 %, 615 MHz, 5000 MHz, 72.79 W, 77, P0
2026/09/30 08:59:00.913, Tesla T4, 10077 MiB, 4836 MiB, 15360 MiB, 100 %, 25 %, 600 MHz, 5000 MHz, 66.61 W, 77, P0
2026/09/30 08:59:01.440, Tesla T4, 10077 MiB, 4836 MiB, 15360 MiB, 100 %, 22 %, 540 MHz, 5000 MHz, 61.20 W, 77, P0
2026/09/30 08:59:01.972, Tesla T4, 10077 MiB, 4836 MiB, 15360 MiB, 100 %, 33 %, 690 MHz, 5000 MHz, 65.67 W, 77, P0
2026/09/30 08:59:02.494, Tesla T4, 10077 MiB, 4836 MiB, 15360 MiB, 99 %, 34 %, 705 MHz, 5000 MHz, 61.79 W, 77, P0
2026/09/30 08:59:03.009, Tesla T4, 10077 MiB, 4836 MiB, 15360 MiB, 100 %, 32 %, 600 MHz, 5000 MHz, 66.91 W, 77, P0
2026/09/30 08:59:03.521, Tesla T4, 10077 MiB, 4836 MiB, 15360 MiB, 100 %, 31 %, 600 MHz, 5000 MHz, 65.93 W, 77, P0
2026/09/30 08:59:04.036, Tesla T4, 10077 MiB, 4836 MiB, 15360 MiB, 96 %, 29 %, 630 MHz, 5000 MHz, 66.32 W, 77, P0
2026/09/30 08:59:04.548, Tesla T4, 10077 MiB, 4836 MiB, 15360 MiB, 100 %, 26 %, 615 MHz, 5000 MHz, 64.69 W, 77, P0
2026/09/30 08:59:05.064, Tesla T4, 10077 MiB, 4836 MiB, 15360 MiB, 100 %, 25 %, 615 MHz, 5000 MHz, 67.40 W, 77, P0
2026/09/30 08:59:05.578, Tesla T4, 10077 MiB, 4836 MiB, 15360 MiB, 91 %, 25 %, 630 MHz, 5000 MHz, 65.24 W, 77, P0
2026/09/30 08:59:06.096, Tesla T4, 10077 MiB, 4836 MiB, 15360 MiB, 100 %, 25 %, 600 MHz, 5000 MHz, 66.42 W, 77, P0
2026/09/30 08:59:06.607, Tesla T4, 10077 MiB, 4836 MiB, 15360 MiB, 99 %, 26 %, 585 MHz, 5000 MHz, 66.51 W, 77, P0
2026/09/30 08:59:07.119, Tesla T4, 10077 MiB, 4836 MiB, 15360 MiB, 100 %, 29 %, 645 MHz, 5000 MHz, 67.10 W, 77, P0
2026/09/30 08:59:07.631, Tesla T4, 10077 MiB, 4836 MiB, 15360 MiB, 99 %, 28 %, 705 MHz, 5000 MHz, 65.73 W, 77, P0
2026/09/30 08:59:08.141, Tesla T4, 10077 MiB, 4836 MiB, 15360 MiB, 100 %, 29 %, 630 MHz, 5000 MHz, 67.00 W, 77, P0
2026/09/30 08:59:08.654, Tesla T4, 10077 MiB, 4836 MiB, 15360 MiB, 96 %, 40 %, 645 MHz, 5000 MHz, 65.20 W, 77, P0
2026/09/30 08:59:09.170, Tesla T4, 10077 MiB, 4836 MiB, 15360 MiB, 99 %, 41 %, 750 MHz, 5000 MHz, 65.83 W, 77, P0
2026/09/30 08:59:09.681, Tesla T4, 10077 MiB, 4836 MiB, 15360 MiB, 100 %, 25 %, 675 MHz, 5000 MHz, 65.63 W, 77, P0
2026/09/30 08:59:10.197, Tesla T4, 10077 MiB, 4836 MiB, 15360 MiB, 100 %, 24 %, 690 MHz, 5000 MHz, 65.83 W, 77, P0
2026/09/30 08:59:10.708, Tesla T4, 10077 MiB, 4836 MiB, 15360 MiB, 97 %, 45 %, 750 MHz, 5000 MHz, 65.93 W, 77, P0
2026/09/30 08:59:11.227, Tesla T4, 10077 MiB, 4836 MiB, 15360 MiB, 97 %, 38 %, 570 MHz, 5000 MHz, 66.71 W, 77, P0
2026/09/30 08:59:11.738, Tesla T4, 10077 MiB, 4836 MiB, 15360 MiB, 92 %, 35 %, 615 MHz, 5000 MHz, 51.25 W, 77, P0
2026/09/30 08:59:12.255, Tesla T4, 10077 MiB, 4836 MiB, 15360 MiB, 100 %, 35 %, 570 MHz, 5000 MHz, 66.81 W, 77, P0
2026/09/30 08:59:12.779, Tesla T4, 10077 MiB, 4836 MiB, 15360 MiB, 100 %, 28 %, 675 MHz, 5000 MHz, 66.32 W, 77, P0
2026/09/30 08:59:13.307, Tesla T4, 10077 MiB, 4836 MiB, 15360 MiB, 86 %, 34 %, 675 MHz, 5000 MHz, 66.12 W, 77, P0
2026/09/30 08:59:13.830, Tesla T4, 10077 MiB, 4836 MiB, 15360 MiB, 100 %, 27 %, 675 MHz, 5000 MHz, 66.02 W, 77, P0
2026/09/30 08:59:14.359, Tesla T4, 10077 MiB, 4836 MiB, 15360 MiB, 99 %, 48 %, 585 MHz, 5000 MHz, 66.61 W, 77, P0
2026/09/30 08:59:14.884, Tesla T4, 10077 MiB, 4836 MiB, 15360 MiB, 98 %, 34 %, 585 MHz, 5000 MHz, 66.12 W, 77, P0
2026/09/30 08:59:15.400, Tesla T4, 10077 MiB, 4836 MiB, 15360 MiB, 99 %, 36 %, 645 MHz, 5000 MHz, 67.10 W, 77, P0
2026/09/30 08:59:15.914, Tesla T4, 10077 MiB, 4836 MiB, 15360 MiB, 99 %, 36 %, 630 MHz, 5000 MHz, 64.36 W, 77, P0
2026/09/30 08:59:16.432, Tesla T4, 10077 MiB, 4836 MiB, 15360 MiB, 100 %, 32 %, 570 MHz, 5000 MHz, 65.73 W, 77, P0
2026/09/30 08:59:16.946, Tesla T4, 10077 MiB, 4836 MiB, 15360 MiB, 100 %, 30 %, 570 MHz, 5000 MHz, 68.92 W, 77, P0
2026/09/30 08:59:17.462, Tesla T4, 10077 MiB, 4836 MiB, 15360 MiB, 98 %, 34 %, 645 MHz, 5000 MHz, 60.22 W, 77, P0
2026/09/30 08:59:17.976, Tesla T4, 10077 MiB, 4836 MiB, 15360 MiB, 100 %, 29 %, 630 MHz, 5000 MHz, 65.93 W, 77, P0
2026/09/30 08:59:18.495, Tesla T4, 10077 MiB, 4836 MiB, 15360 MiB, 98 %, 29 %, 600 MHz, 5000 MHz, 68.38 W, 77, P0
2026/09/30 08:59:19.008, Tesla T4, 10077 MiB, 4836 MiB, 15360 MiB, 91 %, 32 %, 600 MHz, 5000 MHz, 67.84 W, 77, P0
2026/09/30 08:59:19.520, Tesla T4, 10077 MiB, 4836 MiB, 15360 MiB, 98 %, 30 %, 660 MHz, 5000 MHz, 65.93 W, 77, P0
2026/09/30 08:59:20.039, Tesla T4, 10077 MiB, 4836 MiB, 15360 MiB, 100 %, 33 %, 630 MHz, 5000 MHz, 65.63 W, 77, P0
2026/09/30 08:59:20.552, Tesla T4, 10077 MiB, 4836 MiB, 15360 MiB, 91 %, 37 %, 630 MHz, 5000 MHz, 66.02 W, 77, P0
2026/09/30 08:59:21.065, Tesla T4, 10077 MiB, 4836 MiB, 15360 MiB, 97 %, 38 %, 645 MHz, 5000 MHz, 65.44 W, 77, P0
2026/09/30 08:59:21.581, Tesla T4, 10077 MiB, 4836 MiB, 15360 MiB, 92 %, 37 %, 600 MHz, 5000 MHz, 66.06 W, 77, P0
2026/09/30 08:59:22.092, Tesla T4, 10077 MiB, 4836 MiB, 15360 MiB, 100 %, 32 %, 630 MHz, 5000 MHz, 66.26 W, 77, P0
2026/09/30 08:59:22.609, Tesla T4, 10077 MiB, 4836 MiB, 15360 MiB, 100 %, 30 %, 615 MHz, 5000 MHz, 66.81 W, 77, P0
2026/09/30 08:59:23.121, Tesla T4, 10077 MiB, 4836 MiB, 15360 MiB, 100 %, 32 %, 615 MHz, 5000 MHz, 64.30 W, 77, P0
2026/09/30 08:59:23.637, Tesla T4, 10077 MiB, 4836 MiB, 15360 MiB, 100 %, 30 %, 600 MHz, 5000 MHz, 66.91 W, 77, P0
2026/09/30 08:59:24.150, Tesla T4, 10077 MiB, 4836 MiB, 15360 MiB, 100 %, 29 %, 600 MHz, 5000 MHz, 66.02 W, 77, P0
2026/09/30 08:59:24.667, Tesla T4, 10077 MiB, 4836 MiB, 15360 MiB, 100 %, 26 %, 585 MHz, 5000 MHz, 66.51 W, 77, P0
2026/09/30 08:59:25.180, Tesla T4, 10077 MiB, 4836 MiB, 15360 MiB, 100 %, 28 %, 615 MHz, 5000 MHz, 66.22 W, 77, P0
2026/09/30 08:59:25.699, Tesla T4, 10077 MiB, 4836 MiB, 15360 MiB, 100 %, 48 %, 585 MHz, 5000 MHz, 65.24 W, 77, P0
2026/09/30 08:59:26.235, Tesla T4, 10077 MiB, 4836 MiB, 15360 MiB, 100 %, 34 %, 630 MHz, 5000 MHz, 66.56 W, 77, P0
2026/09/30 08:59:26.768, Tesla T4, 10077 MiB, 4836 MiB, 15360 MiB, 86 %, 30 %, 585 MHz, 5000 MHz, 64.69 W, 77, P0
2026/09/30 08:59:27.289, Tesla T4, 10077 MiB, 4836 MiB, 15360 MiB, 98 %, 33 %, 615 MHz, 5000 MHz, 64.65 W, 77, P0
2026/09/30 08:59:27.821, Tesla T4, 10077 MiB, 4836 MiB, 15360 MiB, 100 %, 31 %, 630 MHz, 5000 MHz, 67.16 W, 77, P0
2026/09/30 08:59:28.336, Tesla T4, 10077 MiB, 4836 MiB, 15360 MiB, 91 %, 33 %, 600 MHz, 5000 MHz, 65.73 W, 77, P0
2026/09/30 08:59:28.860, Tesla T4, 10077 MiB, 4836 MiB, 15360 MiB, 100 %, 29 %, 630 MHz, 5000 MHz, 65.98 W, 77, P0
2026/09/30 08:59:29.429, Tesla T4, 10077 MiB, 4836 MiB, 15360 MiB, 100 %, 30 %, 615 MHz, 5000 MHz, 64.75 W, 77, P0
2026/09/30 08:59:29.949, Tesla T4, 10077 MiB, 4836 MiB, 15360 MiB, 100 %, 26 %, 630 MHz, 5000 MHz, 65.87 W, 77, P0
2026/09/30 08:59:30.461, Tesla T4, 10077 MiB, 4836 MiB, 15360 MiB, 92 %, 33 %, 630 MHz, 5000 MHz, 64.30 W, 77, P0
2026/09/30 08:59:30.977, Tesla T4, 10077 MiB, 4836 MiB, 15360 MiB, 100 %, 26 %, 615 MHz, 5000 MHz, 66.75 W, 77, P0
2026/09/30 08:59:31.488, Tesla T4, 10077 MiB, 4836 MiB, 15360 MiB, 96 %, 28 %, 555 MHz, 5000 MHz, 65.93 W, 77, P0
2026/09/30 08:59:32.002, Tesla T4, 10077 MiB, 4836 MiB, 15360 MiB, 100 %, 45 %, 990 MHz, 5000 MHz, 63.46 W, 77, P0
2026/09/30 08:59:32.520, Tesla T4, 10077 MiB, 4836 MiB, 15360 MiB, 100 %, 33 %, 585 MHz, 5000 MHz, 67.04 W, 77, P0
2026/09/30 08:59:33.032, Tesla T4, 10077 MiB, 4836 MiB, 15360 MiB, 89 %, 60 %, 645 MHz, 5000 MHz, 61.59 W, 77, P0
2026/09/30 08:59:33.549, Tesla T4, 10077 MiB, 4836 MiB, 15360 MiB, 93 %, 42 %, 570 MHz, 5000 MHz, 56.95 W, 77, P0
2026/09/30 08:59:34.061, Tesla T4, 10077 MiB, 4836 MiB, 15360 MiB, 90 %, 34 %, 540 MHz, 5000 MHz, 75.93 W, 77, P0
2026/09/30 08:59:34.581, Tesla T4, 10077 MiB, 4836 MiB, 15360 MiB, 96 %, 33 %, 600 MHz, 5000 MHz, 66.26 W, 77, P0
2026/09/30 08:59:35.097, Tesla T4, 10077 MiB, 4836 MiB, 15360 MiB, 98 %, 30 %, 945 MHz, 5000 MHz, 60.12 W, 77, P0
2026/09/30 08:59:35.616, Tesla T4, 10077 MiB, 4836 MiB, 15360 MiB, 100 %, 29 %, 570 MHz, 5000 MHz, 66.32 W, 77, P0
2026/09/30 08:59:36.133, Tesla T4, 10077 MiB, 4836 MiB, 15360 MiB, 100 %, 27 %, 630 MHz, 5000 MHz, 65.04 W, 77, P0
2026/09/30 08:59:36.644, Tesla T4, 10077 MiB, 4836 MiB, 15360 MiB, 100 %, 25 %, 675 MHz, 5000 MHz, 59.24 W, 77, P0
2026/09/30 08:59:37.160, Tesla T4, 10077 MiB, 4836 MiB, 15360 MiB, 100 %, 26 %, 630 MHz, 5000 MHz, 66.12 W, 77, P0
2026/09/30 08:59:37.671, Tesla T4, 10077 MiB, 4836 MiB, 15360 MiB, 91 %, 28 %, 630 MHz, 5000 MHz, 66.81 W, 77, P0
2026/09/30 08:59:38.186, Tesla T4, 10077 MiB, 4836 MiB, 15360 MiB, 100 %, 26 %, 600 MHz, 5000 MHz, 65.04 W, 77, P0
2026/09/30 08:59:38.708, Tesla T4, 10077 MiB, 4836 MiB, 15360 MiB, 100 %, 26 %, 615 MHz, 5000 MHz, 66.36 W, 77, P0
2026/09/30 08:59:39.232, Tesla T4, 10077 MiB, 4836 MiB, 15360 MiB, 92 %, 40 %, 645 MHz, 5000 MHz, 66.96 W, 77, P0
2026/09/30 08:59:39.761, Tesla T4, 10077 MiB, 4836 MiB, 15360 MiB, 98 %, 48 %, 585 MHz, 5000 MHz, 65.73 W, 77, P0
2026/09/30 08:59:40.297, Tesla T4, 10077 MiB, 4836 MiB, 15360 MiB, 82 %, 47 %, 570 MHz, 5000 MHz, 65.87 W, 77, P0
2026/09/30 08:59:40.824, Tesla T4, 10077 MiB, 4836 MiB, 15360 MiB, 99 %, 41 %, 630 MHz, 5000 MHz, 65.28 W, 77, P0
2026/09/30 08:59:41.345, Tesla T4, 10077 MiB, 4836 MiB, 15360 MiB, 100 %, 29 %, 645 MHz, 5000 MHz, 66.61 W, 77, P0
2026/09/30 08:59:41.862, Tesla T4, 10077 MiB, 4836 MiB, 15360 MiB, 98 %, 36 %, 645 MHz, 5000 MHz, 62.73 W, 77, P0
2026/09/30 08:59:42.374, Tesla T4, 10077 MiB, 4836 MiB, 15360 MiB, 100 %, 28 %, 630 MHz, 5000 MHz, 65.53 W, 77, P0
2026/09/30 08:59:42.888, Tesla T4, 10077 MiB, 4836 MiB, 15360 MiB, 99 %, 31 %, 675 MHz, 5000 MHz, 66.61 W, 77, P0
2026/09/30 08:59:43.399, Tesla T4, 10077 MiB, 4836 MiB, 15360 MiB, 92 %, 30 %, 675 MHz, 5000 MHz, 61.55 W, 77, P0
2026/09/30 08:59:43.910, Tesla T4, 10077 MiB, 4836 MiB, 15360 MiB, 100 %, 34 %, 570 MHz, 5000 MHz, 66.81 W, 77, P0
2026/09/30 08:59:44.426, Tesla T4, 10077 MiB, 4836 MiB, 15360 MiB, 100 %, 32 %, 570 MHz, 5000 MHz, 64.89 W, 77, P0
2026/09/30 08:59:44.938, Tesla T4, 10077 MiB, 4836 MiB, 15360 MiB, 100 %, 33 %, 660 MHz, 5000 MHz, 65.44 W, 77, P0
2026/09/30 08:59:45.455, Tesla T4, 10077 MiB, 4836 MiB, 15360 MiB, 100 %, 32 %, 600 MHz, 5000 MHz, 67.10 W, 77, P0
2026/09/30 08:59:45.967, Tesla T4, 10077 MiB, 4836 MiB, 15360 MiB, 100 %, 27 %, 615 MHz, 5000 MHz, 64.36 W, 77, P0
2026/09/30 08:59:46.478, Tesla T4, 10077 MiB, 4836 MiB, 15360 MiB, 100 %, 27 %, 675 MHz, 5000 MHz, 66.51 W, 77, P0
2026/09/30 08:59:46.997, Tesla T4, 10077 MiB, 4836 MiB, 15360 MiB, 100 %, 25 %, 645 MHz, 5000 MHz, 66.91 W, 77, P0
2026/09/30 08:59:47.508, Tesla T4, 10077 MiB, 4836 MiB, 15360 MiB, 88 %, 28 %, 600 MHz, 5000 MHz, 65.63 W, 77, P0
2026/09/30 08:59:48.022, Tesla T4, 10077 MiB, 4836 MiB, 15360 MiB, 100 %, 26 %, 600 MHz, 5000 MHz, 66.81 W, 77, P0
2026/09/30 08:59:48.536, Tesla T4, 10077 MiB, 4836 MiB, 15360 MiB, 98 %, 26 %, 615 MHz, 5000 MHz, 66.91 W, 77, P0
2026/09/30 08:59:49.047, Tesla T4, 10077 MiB, 4836 MiB, 15360 MiB, 100 %, 24 %, 615 MHz, 5000 MHz, 67.30 W, 77, P0
2026/09/30 08:59:49.564, Tesla T4, 10077 MiB, 4836 MiB, 15360 MiB, 99 %, 39 %, 540 MHz, 5000 MHz, 65.93 W, 77, P0
2026/09/30 08:59:50.075, Tesla T4, 10077 MiB, 4836 MiB, 15360 MiB, 92 %, 34 %, 555 MHz, 5000 MHz, 66.61 W, 77, P0
2026/09/30 08:59:50.589, Tesla T4, 10077 MiB, 4836 MiB, 15360 MiB, 94 %, 32 %, 600 MHz, 5000 MHz, 64.06 W, 77, P0
2026/09/30 08:59:51.109, Tesla T4, 10077 MiB, 4836 MiB, 15360 MiB, 100 %, 30 %, 630 MHz, 5000 MHz, 67.59 W, 77, P0
2026/09/30 08:59:51.639, Tesla T4, 10077 MiB, 4836 MiB, 15360 MiB, 86 %, 28 %, 615 MHz, 5000 MHz, 66.91 W, 77, P0
2026/09/30 08:59:52.161, Tesla T4, 10077 MiB, 4836 MiB, 15360 MiB, 98 %, 30 %, 585 MHz, 5000 MHz, 65.28 W, 77, P0
2026/09/30 08:59:52.684, Tesla T4, 10077 MiB, 4836 MiB, 15360 MiB, 92 %, 29 %, 510 MHz, 5000 MHz, 69.31 W, 77, P0
2026/09/30 08:59:53.212, Tesla T4, 10077 MiB, 4836 MiB, 15360 MiB, 92 %, 54 %, 615 MHz, 5000 MHz, 63.97 W, 77, P0
2026/09/30 08:59:53.732, Tesla T4, 10077 MiB, 4836 MiB, 15360 MiB, 99 %, 48 %, 675 MHz, 5000 MHz, 66.12 W, 77, P0
2026/09/30 08:59:54.249, Tesla T4, 10077 MiB, 4836 MiB, 15360 MiB, 98 %, 25 %, 600 MHz, 5000 MHz, 65.53 W, 77, P0
2026/09/30 08:59:54.761, Tesla T4, 10077 MiB, 4836 MiB, 15360 MiB, 100 %, 25 %, 585 MHz, 5000 MHz, 67.00 W, 77, P0
2026/09/30 08:59:55.279, Tesla T4, 10077 MiB, 4836 MiB, 15360 MiB, 100 %, 25 %, 675 MHz, 5000 MHz, 65.53 W, 77, P0
2026/09/30 08:59:55.790, Tesla T4, 10077 MiB, 4836 MiB, 15360 MiB, 100 %, 29 %, 615 MHz, 5000 MHz, 66.81 W, 77, P0
2026/09/30 08:59:56.302, Tesla T4, 10077 MiB, 4836 MiB, 15360 MiB, 97 %, 37 %, 585 MHz, 5000 MHz, 66.51 W, 77, P0
2026/09/30 08:59:56.814, Tesla T4, 10077 MiB, 4836 MiB, 15360 MiB, 100 %, 32 %, 630 MHz, 5000 MHz, 64.59 W, 77, P0
2026/09/30 08:59:57.332, Tesla T4, 10077 MiB, 4836 MiB, 15360 MiB, 100 %, 35 %, 600 MHz, 5000 MHz, 58.19 W, 77, P0
2026/09/30 08:59:57.845, Tesla T4, 10077 MiB, 4836 MiB, 15360 MiB, 96 %, 29 %, 600 MHz, 5000 MHz, 71.13 W, 77, P0
2026/09/30 08:59:58.363, Tesla T4, 10077 MiB, 4836 MiB, 15360 MiB, 100 %, 31 %, 675 MHz, 5000 MHz, 67.06 W, 77, P0
2026/09/30 08:59:58.878, Tesla T4, 10077 MiB, 4836 MiB, 15360 MiB, 99 %, 32 %, 615 MHz, 5000 MHz, 64.59 W, 77, P0
2026/09/30 08:59:59.395, Tesla T4, 10077 MiB, 4836 MiB, 15360 MiB, 99 %, 37 %, 615 MHz, 5000 MHz, 54.85 W, 77, P0
2026/09/30 08:59:59.907, Tesla T4, 10077 MiB, 4836 MiB, 15360 MiB, 96 %, 36 %, 615 MHz, 5000 MHz, 65.53 W, 77, P0
2026/09/30 09:00:00.419, Tesla T4, 10077 MiB, 4836 MiB, 15360 MiB, 99 %, 34 %, 660 MHz, 5000 MHz, 66.85 W, 77, P0
2026/09/30 09:00:00.935, Tesla T4, 10077 MiB, 4836 MiB, 15360 MiB, 100 %, 30 %, 600 MHz, 5000 MHz, 65.93 W, 77, P0
2026/09/30 09:00:01.453, Tesla T4, 10077 MiB, 4836 MiB, 15360 MiB, 97 %, 32 %, 660 MHz, 5000 MHz, 66.12 W, 77, P0
2026/09/30 09:00:01.964, Tesla T4, 10077 MiB, 4836 MiB, 15360 MiB, 100 %, 28 %, 660 MHz, 5000 MHz, 65.34 W, 77, P0
2026/09/30 09:00:02.475, Tesla T4, 10077 MiB, 4836 MiB, 15360 MiB, 100 %, 28 %, 630 MHz, 5000 MHz, 68.08 W, 77, P0
2026/09/30 09:00:02.987, Tesla T4, 10077 MiB, 4836 MiB, 15360 MiB, 91 %, 28 %, 675 MHz, 5000 MHz, 67.40 W, 77, P0
2026/09/30 09:00:03.499, Tesla T4, 10077 MiB, 4836 MiB, 15360 MiB, 97 %, 27 %, 615 MHz, 5000 MHz, 67.75 W, 77, P0
2026/09/30 09:00:04.029, Tesla T4, 10077 MiB, 4836 MiB, 15360 MiB, 100 %, 28 %, 600 MHz, 5000 MHz, 65.03 W, 77, P0
2026/09/30 09:00:04.555, Tesla T4, 10077 MiB, 4836 MiB, 15360 MiB, 100 %, 30 %, 615 MHz, 5000 MHz, 66.16 W, 77, P0
2026/09/30 09:00:05.094, Tesla T4, 10077 MiB, 4836 MiB, 15360 MiB, 85 %, 28 %, 570 MHz, 5000 MHz, 71.42 W, 77, P0
2026/09/30 09:00:05.621, Tesla T4, 10077 MiB, 4836 MiB, 15360 MiB, 100 %, 30 %, 570 MHz, 5000 MHz, 65.53 W, 77, P0
2026/09/30 09:00:06.149, Tesla T4, 10077 MiB, 4836 MiB, 15360 MiB, 96 %, 32 %, 660 MHz, 5000 MHz, 65.14 W, 77, P0
2026/09/30 09:00:06.691, Tesla T4, 10077 MiB, 4836 MiB, 15360 MiB, 100 %, 32 %, 615 MHz, 5000 MHz, 64.26 W, 77, P0
2026/09/30 09:00:07.204, Tesla T4, 10077 MiB, 4836 MiB, 15360 MiB, 100 %, 31 %, 570 MHz, 5000 MHz, 67.45 W, 77, P0
2026/09/30 09:00:07.716, Tesla T4, 10077 MiB, 4836 MiB, 15360 MiB, 100 %, 30 %, 660 MHz, 5000 MHz, 64.50 W, 77, P0
2026/09/30 09:00:08.228, Tesla T4, 10077 MiB, 4836 MiB, 15360 MiB, 92 %, 38 %, 675 MHz, 5000 MHz, 64.20 W, 77, P0
2026/09/30 09:00:08.744, Tesla T4, 10077 MiB, 4836 MiB, 15360 MiB, 100 %, 27 %, 615 MHz, 5000 MHz, 63.81 W, 77, P0
2026/09/30 09:00:09.255, Tesla T4, 10077 MiB, 4836 MiB, 15360 MiB, 100 %, 27 %, 630 MHz, 5000 MHz, 65.53 W, 77, P0
2026/09/30 09:00:09.773, Tesla T4, 10077 MiB, 4836 MiB, 15360 MiB, 100 %, 25 %, 675 MHz, 5000 MHz, 65.73 W, 77, P0
2026/09/30 09:00:10.284, Tesla T4, 10077 MiB, 4836 MiB, 15360 MiB, 95 %, 27 %, 600 MHz, 5000 MHz, 67.00 W, 77, P0
2026/09/30 09:00:10.800, Tesla T4, 10077 MiB, 4836 MiB, 15360 MiB, 100 %, 26 %, 600 MHz, 5000 MHz, 66.12 W, 77, P0
2026/09/30 09:00:11.312, Tesla T4, 10077 MiB, 4836 MiB, 15360 MiB, 100 %, 24 %, 690 MHz, 5000 MHz, 66.06 W, 77, P0
2026/09/30 09:00:11.823, Tesla T4, 10077 MiB, 4836 MiB, 15360 MiB, 99 %, 39 %, 645 MHz, 5000 MHz, 66.02 W, 77, P0
2026/09/30 09:00:12.339, Tesla T4, 10077 MiB, 4836 MiB, 15360 MiB, 97 %, 36 %, 585 MHz, 5000 MHz, 66.46 W, 77, P0
2026/09/30 09:00:12.851, Tesla T4, 10077 MiB, 4836 MiB, 15360 MiB, 98 %, 33 %, 570 MHz, 5000 MHz, 65.83 W, 77, P0
2026/09/30 09:00:13.367, Tesla T4, 10077 MiB, 4836 MiB, 15360 MiB, 98 %, 33 %, 570 MHz, 5000 MHz, 64.36 W, 77, P0
2026/09/30 09:00:13.878, Tesla T4, 10077 MiB, 4836 MiB, 15360 MiB, 95 %, 42 %, 765 MHz, 5000 MHz, 57.18 W, 77, P0
2026/09/30 09:00:14.394, Tesla T4, 10077 MiB, 4836 MiB, 15360 MiB, 100 %, 25 %, 690 MHz, 5000 MHz, 65.87 W, 77, P0
2026/09/30 09:00:14.906, Tesla T4, 10077 MiB, 4836 MiB, 15360 MiB, 98 %, 30 %, 645 MHz, 5000 MHz, 67.40 W, 77, P0
2026/09/30 09:00:15.423, Tesla T4, 10077 MiB, 4836 MiB, 15360 MiB, 91 %, 26 %, 705 MHz, 5000 MHz, 65.38 W, 77, P0
2026/09/30 09:00:15.934, Tesla T4, 10077 MiB, 4836 MiB, 15360 MiB, 100 %, 22 %, 630 MHz, 5000 MHz, 66.12 W, 77, P0
2026/09/30 09:00:16.446, Tesla T4, 10077 MiB, 4836 MiB, 15360 MiB, 100 %, 28 %, 750 MHz, 5000 MHz, 66.12 W, 77, P0
2026/09/30 09:00:16.982, Tesla T4, 10077 MiB, 4836 MiB, 15360 MiB, 100 %, 28 %, 540 MHz, 5000 MHz, 66.71 W, 77, P0
2026/09/30 09:00:17.513, Tesla T4, 10077 MiB, 4836 MiB, 15360 MiB, 100 %, 30 %, 600 MHz, 5000 MHz, 64.85 W, 77, P0
2026/09/30 09:00:18.037, Tesla T4, 10077 MiB, 4836 MiB, 15360 MiB, 97 %, 29 %, 600 MHz, 5000 MHz, 65.73 W, 77, P0
2026/09/30 09:00:18.566, Tesla T4, 10077 MiB, 4836 MiB, 15360 MiB, 98 %, 30 %, 585 MHz, 5000 MHz, 65.53 W, 77, P0
2026/09/30 09:00:19.092, Tesla T4, 10077 MiB, 4836 MiB, 15360 MiB, 96 %, 31 %, 600 MHz, 5000 MHz, 65.53 W, 77, P0
2026/09/30 09:00:19.607, Tesla T4, 10077 MiB, 4836 MiB, 15360 MiB, 100 %, 35 %, 555 MHz, 5000 MHz, 66.71 W, 77, P0
2026/09/30 09:00:20.138, Tesla T4, 10077 MiB, 4836 MiB, 15360 MiB, 100 %, 35 %, 555 MHz, 5000 MHz, 66.22 W, 77, P0
2026/09/30 09:00:20.654, Tesla T4, 10077 MiB, 4836 MiB, 15360 MiB, 100 %, 34 %, 570 MHz, 5000 MHz, 66.22 W, 77, P0
2026/09/30 09:00:21.184, Tesla T4, 10077 MiB, 4836 MiB, 15360 MiB, 97 %, 37 %, 630 MHz, 5000 MHz, 69.02 W, 77, P0
2026/09/30 09:00:21.701, Tesla T4, 10077 MiB, 4836 MiB, 15360 MiB, 92 %, 34 %, 675 MHz, 5000 MHz, 65.83 W, 77, P0
2026/09/30 09:00:22.229, Tesla T4, 10077 MiB, 4836 MiB, 15360 MiB, 100 %, 32 %, 630 MHz, 5000 MHz, 65.93 W, 77, P0
2026/09/30 09:00:22.740, Tesla T4, 10077 MiB, 4836 MiB, 15360 MiB, 92 %, 33 %, 615 MHz, 5000 MHz, 65.24 W, 77, P0
2026/09/30 09:00:23.267, Tesla T4, 10077 MiB, 4836 MiB, 15360 MiB, 97 %, 31 %, 585 MHz, 5000 MHz, 66.12 W, 77, P0
2026/09/30 09:00:23.784, Tesla T4, 10077 MiB, 4836 MiB, 15360 MiB, 92 %, 36 %, 570 MHz, 5000 MHz, 66.36 W, 77, P0
2026/09/30 09:00:24.310, Tesla T4, 10077 MiB, 4836 MiB, 15360 MiB, 100 %, 37 %, 645 MHz, 5000 MHz, 58.52 W, 77, P0
2026/09/30 09:00:24.824, Tesla T4, 10077 MiB, 4836 MiB, 15360 MiB, 99 %, 37 %, 660 MHz, 5000 MHz, 66.32 W, 77, P0
2026/09/30 09:00:25.342, Tesla T4, 10077 MiB, 4836 MiB, 15360 MiB, 92 %, 36 %, 645 MHz, 5000 MHz, 62.67 W, 77, P0
2026/09/30 09:00:25.855, Tesla T4, 10077 MiB, 4836 MiB, 15360 MiB, 100 %, 29 %, 645 MHz, 5000 MHz, 67.10 W, 77, P0
2026/09/30 09:00:26.379, Tesla T4, 10077 MiB, 4836 MiB, 15360 MiB, 94 %, 38 %, 630 MHz, 5000 MHz, 66.02 W, 77, P0
2026/09/30 09:00:26.892, Tesla T4, 10077 MiB, 4836 MiB, 15360 MiB, 100 %, 26 %, 570 MHz, 5000 MHz, 66.12 W, 77, P0
2026/09/30 09:00:27.429, Tesla T4, 10077 MiB, 4836 MiB, 15360 MiB, 100 %, 25 %, 690 MHz, 5000 MHz, 65.87 W, 77, P0
2026/09/30 09:00:27.941, Tesla T4, 10077 MiB, 4836 MiB, 15360 MiB, 100 %, 26 %, 690 MHz, 5000 MHz, 66.22 W, 77, P0
2026/09/30 09:00:28.465, Tesla T4, 10077 MiB, 4836 MiB, 15360 MiB, 96 %, 48 %, 660 MHz, 5000 MHz, 66.85 W, 77, P0
2026/09/30 09:00:29.027, Tesla T4, 10077 MiB, 4836 MiB, 15360 MiB, 99 %, 35 %, 585 MHz, 5000 MHz, 62.08 W, 77, P0
2026/09/30 09:00:29.654, Tesla T4, 10077 MiB, 4836 MiB, 15360 MiB, 86 %, 31 %, 555 MHz, 5000 MHz, 66.61 W, 77, P0
2026/09/30 09:00:30.197, Tesla T4, 10077 MiB, 4836 MiB, 15360 MiB, 100 %, 31 %, 615 MHz, 5000 MHz, 66.32 W, 77, P0
2026/09/30 09:00:30.730, Tesla T4, 10077 MiB, 4836 MiB, 15360 MiB, 100 %, 25 %, 690 MHz, 5000 MHz, 65.97 W, 77, P0
2026/09/30 09:00:31.253, Tesla T4, 10077 MiB, 4836 MiB, 15360 MiB, 86 %, 28 %, 645 MHz, 5000 MHz, 65.63 W, 77, P0
2026/09/30 09:00:31.778, Tesla T4, 10077 MiB, 4836 MiB, 15360 MiB, 100 %, 24 %, 915 MHz, 5000 MHz, 66.12 W, 77, P0
2026/09/30 09:00:32.311, Tesla T4, 10077 MiB, 4836 MiB, 15360 MiB, 98 %, 38 %, 615 MHz, 5000 MHz, 68.38 W, 77, P0
2026/09/30 09:00:32.822, Tesla T4, 10077 MiB, 4836 MiB, 15360 MiB, 100 %, 34 %, 600 MHz, 5000 MHz, 65.83 W, 77, P0
2026/09/30 09:00:33.339, Tesla T4, 10077 MiB, 4836 MiB, 15360 MiB, 98 %, 32 %, 555 MHz, 5000 MHz, 66.38 W, 77, P0
2026/09/30 09:00:33.853, Tesla T4, 10077 MiB, 4836 MiB, 15360 MiB, 91 %, 32 %, 570 MHz, 5000 MHz, 64.95 W, 77, P0
2026/09/30 09:00:34.367, Tesla T4, 10077 MiB, 4836 MiB, 15360 MiB, 100 %, 34 %, 555 MHz, 5000 MHz, 66.12 W, 77, P0
2026/09/30 09:00:34.879, Tesla T4, 10077 MiB, 4836 MiB, 15360 MiB, 100 %, 25 %, 690 MHz, 5000 MHz, 66.42 W, 77, P0
2026/09/30 09:00:35.390, Tesla T4, 10077 MiB, 4836 MiB, 15360 MiB, 100 %, 31 %, 795 MHz, 5000 MHz, 64.30 W, 77, P0
2026/09/30 09:00:35.907, Tesla T4, 10077 MiB, 4836 MiB, 15360 MiB, 100 %, 24 %, 735 MHz, 5000 MHz, 65.63 W, 77, P0
2026/09/30 09:00:36.419, Tesla T4, 10077 MiB, 4836 MiB, 15360 MiB, 100 %, 30 %, 630 MHz, 5000 MHz, 68.24 W, 77, P0
2026/09/30 09:00:36.940, Tesla T4, 10077 MiB, 4836 MiB, 15360 MiB, 90 %, 35 %, 630 MHz, 5000 MHz, 65.83 W, 77, P0
2026/09/30 09:00:37.451, Tesla T4, 10077 MiB, 4836 MiB, 15360 MiB, 100 %, 23 %, 720 MHz, 5000 MHz, 64.69 W, 77, P0
2026/09/30 09:00:37.964, Tesla T4, 10077 MiB, 4836 MiB, 15360 MiB, 100 %, 23 %, 720 MHz, 5000 MHz, 65.28 W, 77, P0
2026/09/30 09:00:38.475, Tesla T4, 10077 MiB, 4836 MiB, 15360 MiB, 100 %, 23 %, 690 MHz, 5000 MHz, 66.12 W, 77, P0
2026/09/30 09:00:38.986, Tesla T4, 10077 MiB, 4836 MiB, 15360 MiB, 100 %, 23 %, 690 MHz, 5000 MHz, 66.16 W, 77, P0
2026/09/30 09:00:39.503, Tesla T4, 10077 MiB, 4836 MiB, 15360 MiB, 91 %, 25 %, 720 MHz, 5000 MHz, 66.32 W, 77, P0
2026/09/30 09:00:40.013, Tesla T4, 10077 MiB, 4836 MiB, 15360 MiB, 100 %, 22 %, 690 MHz, 5000 MHz, 66.32 W, 77, P0
2026/09/30 09:00:40.524, Tesla T4, 10077 MiB, 4836 MiB, 15360 MiB, 97 %, 26 %, 720 MHz, 5000 MHz, 65.93 W, 77, P0
2026/09/30 09:00:41.039, Tesla T4, 10077 MiB, 4836 MiB, 15360 MiB, 100 %, 22 %, 705 MHz, 5000 MHz, 65.63 W, 78, P0
2026/09/30 09:00:41.551, Tesla T4, 10077 MiB, 4836 MiB, 15360 MiB, 96 %, 37 %, 615 MHz, 5000 MHz, 65.97 W, 77, P0
2026/09/30 09:00:42.066, Tesla T4, 10077 MiB, 4836 MiB, 15360 MiB, 100 %, 36 %, 660 MHz, 5000 MHz, 63.83 W, 77, P0
2026/09/30 09:00:42.581, Tesla T4, 10077 MiB, 4836 MiB, 15360 MiB, 95 %, 32 %, 615 MHz, 5000 MHz, 66.85 W, 77, P0
2026/09/30 09:00:43.108, Tesla T4, 10077 MiB, 4836 MiB, 15360 MiB, 86 %, 33 %, 615 MHz, 5000 MHz, 69.61 W, 77, P0
2026/09/30 09:00:43.639, Tesla T4, 10077 MiB, 4836 MiB, 15360 MiB, 98 %, 37 %, 660 MHz, 5000 MHz, 69.21 W, 77, P0
2026/09/30 09:00:44.165, Tesla T4, 10077 MiB, 4836 MiB, 15360 MiB, 100 %, 32 %, 675 MHz, 5000 MHz, 64.10 W, 77, P0
2026/09/30 09:00:44.697, Tesla T4, 10077 MiB, 4836 MiB, 15360 MiB, 86 %, 31 %, 630 MHz, 5000 MHz, 65.44 W, 77, P0
2026/09/30 09:00:45.233, Tesla T4, 10077 MiB, 4836 MiB, 15360 MiB, 97 %, 28 %, 750 MHz, 5000 MHz, 64.99 W, 77, P0
2026/09/30 09:00:45.750, Tesla T4, 10077 MiB, 4836 MiB, 15360 MiB, 100 %, 25 %, 660 MHz, 5000 MHz, 65.67 W, 77, P0
2026/09/30 09:00:46.262, Tesla T4, 10077 MiB, 4836 MiB, 15360 MiB, 100 %, 24 %, 690 MHz, 5000 MHz, 66.22 W, 77, P0
2026/09/30 09:00:46.779, Tesla T4, 10077 MiB, 4836 MiB, 15360 MiB, 96 %, 36 %, 630 MHz, 5000 MHz, 64.65 W, 77, P0
2026/09/30 09:00:47.291, Tesla T4, 10077 MiB, 4836 MiB, 15360 MiB, 98 %, 35 %, 615 MHz, 5000 MHz, 66.12 W, 77, P0
2026/09/30 09:00:47.808, Tesla T4, 10077 MiB, 4836 MiB, 15360 MiB, 100 %, 30 %, 585 MHz, 5000 MHz, 66.51 W, 77, P0
2026/09/30 09:00:48.320, Tesla T4, 10077 MiB, 4836 MiB, 15360 MiB, 100 %, 37 %, 630 MHz, 5000 MHz, 61.30 W, 77, P0
2026/09/30 09:00:48.836, Tesla T4, 10077 MiB, 4836 MiB, 15360 MiB, 92 %, 35 %, 660 MHz, 5000 MHz, 64.59 W, 77, P0
2026/09/30 09:00:49.350, Tesla T4, 10077 MiB, 4836 MiB, 15360 MiB, 98 %, 34 %, 615 MHz, 5000 MHz, 65.67 W, 77, P0
2026/09/30 09:00:49.862, Tesla T4, 10077 MiB, 4836 MiB, 15360 MiB, 92 %, 33 %, 615 MHz, 5000 MHz, 59.73 W, 77, P0
2026/09/30 09:00:50.382, Tesla T4, 10077 MiB, 4836 MiB, 15360 MiB, 96 %, 31 %, 600 MHz, 5000 MHz, 64.55 W, 77, P0
2026/09/30 09:00:50.899, Tesla T4, 10077 MiB, 4836 MiB, 15360 MiB, 100 %, 25 %, 705 MHz, 5000 MHz, 66.51 W, 77, P0
2026/09/30 09:00:51.411, Tesla T4, 10077 MiB, 4836 MiB, 15360 MiB, 92 %, 27 %, 600 MHz, 5000 MHz, 66.95 W, 77, P0
2026/09/30 09:00:51.924, Tesla T4, 10077 MiB, 4836 MiB, 15360 MiB, 98 %, 25 %, 705 MHz, 5000 MHz, 65.67 W, 77, P0
2026/09/30 09:00:52.435, Tesla T4, 10077 MiB, 4836 MiB, 15360 MiB, 96 %, 24 %, 645 MHz, 5000 MHz, 64.16 W, 77, P0
2026/09/30 09:00:52.946, Tesla T4, 10077 MiB, 4836 MiB, 15360 MiB, 98 %, 31 %, 555 MHz, 5000 MHz, 66.42 W, 77, P0
2026/09/30 09:00:53.463, Tesla T4, 10077 MiB, 4836 MiB, 15360 MiB, 91 %, 33 %, 615 MHz, 5000 MHz, 65.57 W, 77, P0
2026/09/30 09:00:53.975, Tesla T4, 10077 MiB, 4836 MiB, 15360 MiB, 98 %, 31 %, 570 MHz, 5000 MHz, 66.12 W, 77, P0
2026/09/30 09:00:54.489, Tesla T4, 10077 MiB, 4836 MiB, 15360 MiB, 96 %, 28 %, 720 MHz, 5000 MHz, 65.53 W, 77, P0
2026/09/30 09:00:55.004, Tesla T4, 10077 MiB, 4836 MiB, 15360 MiB, 100 %, 23 %, 720 MHz, 5000 MHz, 65.73 W, 77, P0
2026/09/30 09:00:55.520, Tesla T4, 10077 MiB, 4836 MiB, 15360 MiB, 96 %, 25 %, 585 MHz, 5000 MHz, 67.30 W, 77, P0
2026/09/30 09:00:56.040, Tesla T4, 10077 MiB, 4836 MiB, 15360 MiB, 100 %, 27 %, 600 MHz, 5000 MHz, 65.04 W, 77, P0
2026/09/30 09:00:56.563, Tesla T4, 10077 MiB, 4836 MiB, 15360 MiB, 87 %, 21 %, 720 MHz, 5000 MHz, 65.77 W, 77, P0
2026/09/30 09:00:57.093, Tesla T4, 10077 MiB, 4836 MiB, 15360 MiB, 100 %, 22 %, 690 MHz, 5000 MHz, 64.95 W, 77, P0
2026/09/30 09:00:57.635, Tesla T4, 10077 MiB, 4836 MiB, 15360 MiB, 96 %, 30 %, 630 MHz, 5000 MHz, 64.20 W, 78, P0
2026/09/30 09:00:58.175, Tesla T4, 10077 MiB, 4836 MiB, 15360 MiB, 100 %, 26 %, 600 MHz, 5000 MHz, 65.83 W, 77, P0
2026/09/30 09:00:58.691, Tesla T4, 10077 MiB, 4836 MiB, 15360 MiB, 97 %, 33 %, 585 MHz, 5000 MHz, 65.73 W, 77, P0
2026/09/30 09:00:59.202, Tesla T4, 10077 MiB, 4836 MiB, 15360 MiB, 92 %, 36 %, 570 MHz, 5000 MHz, 65.73 W, 77, P0
2026/09/30 09:00:59.714, Tesla T4, 10077 MiB, 4836 MiB, 15360 MiB, 98 %, 40 %, 660 MHz, 5000 MHz, 65.97 W, 77, P0
2026/09/30 09:01:00.226, Tesla T4, 10077 MiB, 4836 MiB, 15360 MiB, 100 %, 28 %, 660 MHz, 5000 MHz, 65.34 W, 77, P0
2026/09/30 09:01:00.738, Tesla T4, 10077 MiB, 4836 MiB, 15360 MiB, 92 %, 27 %, 660 MHz, 5000 MHz, 67.35 W, 77, P0
2026/09/30 09:01:01.250, Tesla T4, 10077 MiB, 4836 MiB, 15360 MiB, 99 %, 40 %, 570 MHz, 5000 MHz, 66.02 W, 77, P0
2026/09/30 09:01:01.763, Tesla T4, 10077 MiB, 4836 MiB, 15360 MiB, 100 %, 32 %, 900 MHz, 5000 MHz, 66.22 W, 77, P0
2026/09/30 09:01:02.275, Tesla T4, 10077 MiB, 4836 MiB, 15360 MiB, 98 %, 33 %, 705 MHz, 5000 MHz, 63.22 W, 77, P0
2026/09/30 09:01:02.787, Tesla T4, 10077 MiB, 4836 MiB, 15360 MiB, 100 %, 35 %, 600 MHz, 5000 MHz, 61.98 W, 77, P0
2026/09/30 09:01:03.304, Tesla T4, 10077 MiB, 4836 MiB, 15360 MiB, 100 %, 30 %, 600 MHz, 5000 MHz, 66.81 W, 77, P0
2026/09/30 09:01:03.825, Tesla T4, 10077 MiB, 4836 MiB, 15360 MiB, 98 %, 32 %, 615 MHz, 5000 MHz, 65.93 W, 77, P0
2026/09/30 09:01:04.337, Tesla T4, 10077 MiB, 4836 MiB, 15360 MiB, 100 %, 30 %, 675 MHz, 5000 MHz, 69.70 W, 77, P0
2026/09/30 09:01:04.853, Tesla T4, 10077 MiB, 4836 MiB, 15360 MiB, 100 %, 29 %, 600 MHz, 5000 MHz, 67.84 W, 77, P0
2026/09/30 09:01:05.364, Tesla T4, 10077 MiB, 4836 MiB, 15360 MiB, 92 %, 33 %, 615 MHz, 5000 MHz, 65.18 W, 77, P0
2026/09/30 09:01:05.881, Tesla T4, 10077 MiB, 4836 MiB, 15360 MiB, 99 %, 30 %, 585 MHz, 5000 MHz, 66.81 W, 77, P0
2026/09/30 09:01:06.393, Tesla T4, 10077 MiB, 4836 MiB, 15360 MiB, 100 %, 32 %, 645 MHz, 5000 MHz, 66.32 W, 77, P0
2026/09/30 09:01:06.908, Tesla T4, 10077 MiB, 4836 MiB, 15360 MiB, 100 %, 30 %, 555 MHz, 5000 MHz, 65.34 W, 77, P0
2026/09/30 09:01:07.420, Tesla T4, 10077 MiB, 4836 MiB, 15360 MiB, 100 %, 32 %, 645 MHz, 5000 MHz, 65.63 W, 77, P0
2026/09/30 09:01:07.943, Tesla T4, 10077 MiB, 4836 MiB, 15360 MiB, 100 %, 30 %, 570 MHz, 5000 MHz, 65.34 W, 77, P0
2026/09/30 09:01:08.467, Tesla T4, 10077 MiB, 4836 MiB, 15360 MiB, 100 %, 29 %, 600 MHz, 5000 MHz, 64.16 W, 77, P0
2026/09/30 09:01:09.002, Tesla T4, 10077 MiB, 4836 MiB, 15360 MiB, 96 %, 29 %, 600 MHz, 5000 MHz, 66.32 W, 77, P0
2026/09/30 09:01:09.524, Tesla T4, 10077 MiB, 4836 MiB, 15360 MiB, 100 %, 25 %, 555 MHz, 5000 MHz, 66.02 W, 77, P0
2026/09/30 09:01:10.051, Tesla T4, 10077 MiB, 4836 MiB, 15360 MiB, 100 %, 28 %, 630 MHz, 5000 MHz, 67.10 W, 77, P0
2026/09/30 09:01:10.588, Tesla T4, 10077 MiB, 4836 MiB, 15360 MiB, 100 %, 26 %, 615 MHz, 5000 MHz, 66.12 W, 77, P0
2026/09/30 09:01:11.124, Tesla T4, 10077 MiB, 4836 MiB, 15360 MiB, 100 %, 23 %, 720 MHz, 5000 MHz, 67.00 W, 77, P0
2026/09/30 09:01:11.640, Tesla T4, 10077 MiB, 4836 MiB, 15360 MiB, 100 %, 32 %, 570 MHz, 5000 MHz, 66.81 W, 77, P0
2026/09/30 09:01:12.151, Tesla T4, 10077 MiB, 4836 MiB, 15360 MiB, 89 %, 31 %, 645 MHz, 5000 MHz, 65.24 W, 77, P0
2026/09/30 09:01:12.664, Tesla T4, 10077 MiB, 4836 MiB, 15360 MiB, 98 %, 31 %, 585 MHz, 5000 MHz, 66.32 W, 77, P0
2026/09/30 09:01:13.177, Tesla T4, 10077 MiB, 4836 MiB, 15360 MiB, 100 %, 25 %, 615 MHz, 5000 MHz, 66.61 W, 77, P0
2026/09/30 09:01:13.693, Tesla T4, 10077 MiB, 4836 MiB, 15360 MiB, 90 %, 40 %, 900 MHz, 5000 MHz, 67.12 W, 77, P0
2026/09/30 09:01:14.209, Tesla T4, 10077 MiB, 4836 MiB, 15360 MiB, 100 %, 24 %, 630 MHz, 5000 MHz, 65.93 W, 77, P0
2026/09/30 09:01:14.725, Tesla T4, 10077 MiB, 4836 MiB, 15360 MiB, 94 %, 43 %, 600 MHz, 5000 MHz, 67.20 W, 77, P0
2026/09/30 09:01:15.239, Tesla T4, 10077 MiB, 4836 MiB, 15360 MiB, 100 %, 28 %, 630 MHz, 5000 MHz, 66.65 W, 77, P0
2026/09/30 09:01:15.757, Tesla T4, 10077 MiB, 4836 MiB, 15360 MiB, 100 %, 32 %, 630 MHz, 5000 MHz, 67.49 W, 77, P0
2026/09/30 09:01:16.268, Tesla T4, 10077 MiB, 4836 MiB, 15360 MiB, 96 %, 32 %, 660 MHz, 5000 MHz, 64.46 W, 77, P0
2026/09/30 09:01:16.779, Tesla T4, 10077 MiB, 4836 MiB, 15360 MiB, 100 %, 24 %, 645 MHz, 5000 MHz, 62.08 W, 77, P0
2026/09/30 09:01:17.295, Tesla T4, 10077 MiB, 4836 MiB, 15360 MiB, 100 %, 32 %, 645 MHz, 5000 MHz, 72.69 W, 77, P0
2026/09/30 09:01:17.806, Tesla T4, 10077 MiB, 4836 MiB, 15360 MiB, 100 %, 28 %, 630 MHz, 5000 MHz, 66.51 W, 77, P0
2026/09/30 09:01:18.319, Tesla T4, 10077 MiB, 4836 MiB, 15360 MiB, 100 %, 32 %, 630 MHz, 5000 MHz, 66.67 W, 77, P0
2026/09/30 09:01:18.834, Tesla T4, 10077 MiB, 4836 MiB, 15360 MiB, 92 %, 38 %, 570 MHz, 5000 MHz, 69.94 W, 77, P0
2026/09/30 09:01:19.353, Tesla T4, 10077 MiB, 4836 MiB, 15360 MiB, 100 %, 30 %, 615 MHz, 5000 MHz, 65.44 W, 77, P0
2026/09/30 09:01:19.866, Tesla T4, 10077 MiB, 4836 MiB, 15360 MiB, 100 %, 28 %, 660 MHz, 5000 MHz, 64.75 W, 77, P0
2026/09/30 09:01:20.378, Tesla T4, 10077 MiB, 4836 MiB, 15360 MiB, 100 %, 30 %, 645 MHz, 5000 MHz, 55.48 W, 77, P0
2026/09/30 09:01:20.894, Tesla T4, 10077 MiB, 4836 MiB, 15360 MiB, 100 %, 28 %, 660 MHz, 5000 MHz, 67.59 W, 77, P0
2026/09/30 09:01:21.416, Tesla T4, 10077 MiB, 4836 MiB, 15360 MiB, 100 %, 29 %, 600 MHz, 5000 MHz, 64.36 W, 77, P0
2026/09/30 09:01:21.942, Tesla T4, 10077 MiB, 4836 MiB, 15360 MiB, 100 %, 29 %, 570 MHz, 5000 MHz, 67.00 W, 77, P0
2026/09/30 09:01:22.476, Tesla T4, 10077 MiB, 4836 MiB, 15360 MiB, 100 %, 31 %, 1230 MHz, 5000 MHz, 65.24 W, 77, P0
2026/09/30 09:01:22.999, Tesla T4, 10077 MiB, 4836 MiB, 15360 MiB, 100 %, 28 %, 615 MHz, 5000 MHz, 65.24 W, 77, P0
2026/09/30 09:01:23.527, Tesla T4, 10077 MiB, 4836 MiB, 15360 MiB, 100 %, 24 %, 585 MHz, 5000 MHz, 65.34 W, 77, P0
2026/09/30 09:01:24.045, Tesla T4, 10077 MiB, 4836 MiB, 15360 MiB, 99 %, 38 %, 555 MHz, 5000 MHz, 65.73 W, 77, P0
2026/09/30 09:01:24.559, Tesla T4, 10077 MiB, 4836 MiB, 15360 MiB, 92 %, 34 %, 570 MHz, 5000 MHz, 66.06 W, 77, P0
2026/09/30 09:01:25.070, Tesla T4, 10077 MiB, 4836 MiB, 15360 MiB, 100 %, 32 %, 630 MHz, 5000 MHz, 65.73 W, 77, P0
2026/09/30 09:01:25.582, Tesla T4, 10077 MiB, 4836 MiB, 15360 MiB, 100 %, 36 %, 540 MHz, 5000 MHz, 66.32 W, 76, P0
2026/09/30 09:01:26.101, Tesla T4, 10077 MiB, 4836 MiB, 15360 MiB, 100 %, 30 %, 585 MHz, 5000 MHz, 57.93 W, 77, P0
2026/09/30 09:01:26.612, Tesla T4, 10077 MiB, 4836 MiB, 15360 MiB, 96 %, 41 %, 540 MHz, 5000 MHz, 66.22 W, 77, P0
2026/09/30 09:01:27.130, Tesla T4, 10077 MiB, 4836 MiB, 15360 MiB, 99 %, 39 %, 585 MHz, 5000 MHz, 65.53 W, 77, P0
2026/09/30 09:01:27.642, Tesla T4, 10077 MiB, 4836 MiB, 15360 MiB, 99 %, 32 %, 615 MHz, 5000 MHz, 66.71 W, 77, P0
2026/09/30 09:01:28.155, Tesla T4, 10077 MiB, 4836 MiB, 15360 MiB, 100 %, 35 %, 570 MHz, 5000 MHz, 66.32 W, 77, P0
2026/09/30 09:01:28.667, Tesla T4, 10077 MiB, 4836 MiB, 15360 MiB, 97 %, 34 %, 570 MHz, 5000 MHz, 66.81 W, 77, P0
2026/09/30 09:01:29.179, Tesla T4, 10077 MiB, 4836 MiB, 15360 MiB, 100 %, 35 %, 555 MHz, 5000 MHz, 66.71 W, 77, P0
2026/09/30 09:01:29.841, Tesla T4, 10077 MiB, 4836 MiB, 15360 MiB, 94 %, 44 %, 570 MHz, 5000 MHz, 65.34 W, 76, P0
2026/09/30 09:01:30.364, Tesla T4, 10077 MiB, 4836 MiB, 15360 MiB, 95 %, 41 %, 645 MHz, 5000 MHz, 66.71 W, 77, P0
2026/09/30 09:01:30.875, Tesla T4, 10077 MiB, 4836 MiB, 15360 MiB, 100 %, 24 %, 615 MHz, 5000 MHz, 63.81 W, 77, P0
2026/09/30 09:01:31.395, Tesla T4, 10077 MiB, 4836 MiB, 15360 MiB, 91 %, 28 %, 660 MHz, 5000 MHz, 65.77 W, 77, P0
2026/09/30 09:01:31.906, Tesla T4, 10077 MiB, 4836 MiB, 15360 MiB, 98 %, 27 %, 645 MHz, 5000 MHz, 68.04 W, 77, P0
2026/09/30 09:01:32.423, Tesla T4, 10077 MiB, 4836 MiB, 15360 MiB, 97 %, 32 %, 570 MHz, 5000 MHz, 65.93 W, 77, P0
2026/09/30 09:01:32.934, Tesla T4, 10077 MiB, 4836 MiB, 15360 MiB, 92 %, 36 %, 555 MHz, 5000 MHz, 67.16 W, 77, P0
2026/09/30 09:01:33.446, Tesla T4, 10077 MiB, 4836 MiB, 15360 MiB, 98 %, 35 %, 585 MHz, 5000 MHz, 65.53 W, 77, P0
2026/09/30 09:01:33.964, Tesla T4, 10077 MiB, 4836 MiB, 15360 MiB, 100 %, 34 %, 570 MHz, 5000 MHz, 66.61 W, 77, P0
2026/09/30 09:01:34.488, Tesla T4, 10077 MiB, 4836 MiB, 15360 MiB, 14 %, 10 %, 1440 MHz, 5000 MHz, 40.49 W, 76, P0
2026/09/30 09:01:35.004, Tesla T4, 10077 MiB, 4836 MiB, 15360 MiB, 100 %, 34 %, 630 MHz, 5000 MHz, 68.67 W, 76, P0
2026/09/30 09:01:35.540, Tesla T4, 10077 MiB, 4836 MiB, 15360 MiB, 98 %, 40 %, 540 MHz, 5000 MHz, 72.79 W, 77, P0
2026/09/30 09:01:36.072, Tesla T4, 10077 MiB, 4836 MiB, 15360 MiB, 98 %, 33 %, 540 MHz, 5000 MHz, 97.52 W, 77, P0
2026/09/30 09:01:36.584, Tesla T4, 10077 MiB, 4836 MiB, 15360 MiB, 97 %, 38 %, 585 MHz, 5000 MHz, 64.79 W, 77, P0
2026/09/30 09:01:37.096, Tesla T4, 10077 MiB, 4836 MiB, 15360 MiB, 99 %, 31 %, 765 MHz, 5000 MHz, 62.28 W, 77, P0
2026/09/30 09:01:37.612, Tesla T4, 10077 MiB, 4836 MiB, 15360 MiB, 99 %, 31 %, 600 MHz, 5000 MHz, 65.48 W, 77, P0
2026/09/30 09:01:38.123, Tesla T4, 10077 MiB, 4836 MiB, 15360 MiB, 100 %, 29 %, 630 MHz, 5000 MHz, 66.42 W, 77, P0
2026/09/30 09:01:38.638, Tesla T4, 10077 MiB, 4836 MiB, 15360 MiB, 99 %, 41 %, 675 MHz, 5000 MHz, 68.63 W, 77, P0
2026/09/30 09:01:39.152, Tesla T4, 10077 MiB, 4836 MiB, 15360 MiB, 100 %, 29 %, 645 MHz, 5000 MHz, 66.22 W, 77, P0
2026/09/30 09:01:39.669, Tesla T4, 10077 MiB, 4836 MiB, 15360 MiB, 96 %, 33 %, 705 MHz, 5000 MHz, 66.42 W, 77, P0
2026/09/30 09:01:40.180, Tesla T4, 10077 MiB, 4836 MiB, 15360 MiB, 98 %, 28 %, 600 MHz, 5000 MHz, 65.48 W, 77, P0
2026/09/30 09:01:40.699, Tesla T4, 10077 MiB, 4836 MiB, 15360 MiB, 100 %, 29 %, 690 MHz, 5000 MHz, 66.22 W, 77, P0
2026/09/30 09:01:41.210, Tesla T4, 10077 MiB, 4836 MiB, 15360 MiB, 98 %, 26 %, 600 MHz, 5000 MHz, 66.51 W, 77, P0
2026/09/30 09:01:41.722, Tesla T4, 10077 MiB, 4836 MiB, 15360 MiB, 100 %, 30 %, 690 MHz, 5000 MHz, 59.57 W, 77, P0
2026/09/30 09:01:42.236, Tesla T4, 10077 MiB, 4836 MiB, 15360 MiB, 87 %, 37 %, 600 MHz, 5000 MHz, 65.24 W, 77, P0
2026/09/30 09:01:42.747, Tesla T4, 10077 MiB, 4836 MiB, 15360 MiB, 100 %, 25 %, 705 MHz, 5000 MHz, 65.87 W, 77, P0
2026/09/30 09:01:43.261, Tesla T4, 10077 MiB, 4836 MiB, 15360 MiB, 100 %, 30 %, 630 MHz, 5000 MHz, 65.08 W, 77, P0
2026/09/30 09:01:43.772, Tesla T4, 10077 MiB, 4836 MiB, 15360 MiB, 100 %, 25 %, 705 MHz, 5000 MHz, 66.26 W, 77, P0
2026/09/30 09:01:44.283, Tesla T4, 10077 MiB, 4836 MiB, 15360 MiB, 100 %, 30 %, 615 MHz, 5000 MHz, 64.89 W, 77, P0
2026/09/30 09:01:44.800, Tesla T4, 10077 MiB, 4836 MiB, 15360 MiB, 98 %, 34 %, 660 MHz, 5000 MHz, 65.53 W, 77, P0
2026/09/30 09:01:45.322, Tesla T4, 10077 MiB, 4836 MiB, 15360 MiB, 99 %, 34 %, 585 MHz, 5000 MHz, 67.49 W, 77, P0
2026/09/30 09:01:45.838, Tesla T4, 10077 MiB, 4836 MiB, 15360 MiB, 98 %, 32 %, 630 MHz, 5000 MHz, 65.53 W, 77, P0
2026/09/30 09:01:46.350, Tesla T4, 10077 MiB, 4836 MiB, 15360 MiB, 86 %, 32 %, 570 MHz, 5000 MHz, 65.93 W, 77, P0
2026/09/30 09:01:46.870, Tesla T4, 10077 MiB, 4836 MiB, 15360 MiB, 100 %, 32 %, 615 MHz, 5000 MHz, 66.12 W, 77, P0
2026/09/30 09:01:47.412, Tesla T4, 10077 MiB, 4836 MiB, 15360 MiB, 98 %, 35 %, 570 MHz, 5000 MHz, 66.71 W, 77, P0
2026/09/30 09:01:47.937, Tesla T4, 10077 MiB, 4836 MiB, 15360 MiB, 84 %, 44 %, 615 MHz, 5000 MHz, 68.08 W, 77, P0
2026/09/30 09:01:48.478, Tesla T4, 10077 MiB, 4836 MiB, 15360 MiB, 93 %, 36 %, 675 MHz, 5000 MHz, 63.71 W, 77, P0
2026/09/30 09:01:49.004, Tesla T4, 10077 MiB, 4836 MiB, 15360 MiB, 82 %, 34 %, 585 MHz, 5000 MHz, 65.73 W, 77, P0
2026/09/30 09:01:49.533, Tesla T4, 10077 MiB, 4836 MiB, 15360 MiB, 100 %, 32 %, 645 MHz, 5000 MHz, 65.48 W, 77, P0
2026/09/30 09:01:50.044, Tesla T4, 10077 MiB, 4836 MiB, 15360 MiB, 100 %, 26 %, 615 MHz, 5000 MHz, 65.04 W, 77, P0
2026/09/30 09:01:50.557, Tesla T4, 10077 MiB, 4836 MiB, 15360 MiB, 100 %, 24 %, 585 MHz, 5000 MHz, 61.10 W, 77, P0
2026/09/30 09:01:51.069, Tesla T4, 10077 MiB, 4836 MiB, 15360 MiB, 98 %, 26 %, 645 MHz, 5000 MHz, 68.33 W, 77, P0
2026/09/30 09:01:51.580, Tesla T4, 10077 MiB, 4836 MiB, 15360 MiB, 100 %, 26 %, 615 MHz, 5000 MHz, 65.04 W, 77, P0
2026/09/30 09:01:52.098, Tesla T4, 10077 MiB, 4836 MiB, 15360 MiB, 98 %, 35 %, 600 MHz, 5000 MHz, 66.40 W, 77, P0
2026/09/30 09:01:52.610, Tesla T4, 10077 MiB, 4836 MiB, 15360 MiB, 100 %, 31 %, 855 MHz, 5000 MHz, 62.44 W, 77, P0
2026/09/30 09:01:53.127, Tesla T4, 10077 MiB, 4836 MiB, 15360 MiB, 100 %, 30 %, 615 MHz, 5000 MHz, 66.81 W, 77, P0
2026/09/30 09:01:53.639, Tesla T4, 10083 MiB, 4830 MiB, 15360 MiB, 93 %, 28 %, 600 MHz, 5000 MHz, 66.71 W, 77, P0
2026/09/30 09:01:54.156, Tesla T4, 10083 MiB, 4830 MiB, 15360 MiB, 100 %, 29 %, 615 MHz, 5000 MHz, 67.65 W, 77, P0
2026/09/30 09:01:54.669, Tesla T4, 10083 MiB, 4830 MiB, 15360 MiB, 97 %, 27 %, 675 MHz, 5000 MHz, 65.97 W, 77, P0
2026/09/30 09:01:55.191, Tesla T4, 10083 MiB, 4830 MiB, 15360 MiB, 100 %, 24 %, 585 MHz, 5000 MHz, 40.98 W, 77, P0
2026/09/30 09:01:55.702, Tesla T4, 10083 MiB, 4830 MiB, 15360 MiB, 100 %, 29 %, 600 MHz, 5000 MHz, 66.42 W, 77, P0
2026/09/30 09:01:56.218, Tesla T4, 10083 MiB, 4830 MiB, 15360 MiB, 100 %, 23 %, 645 MHz, 5000 MHz, 57.31 W, 77, P0
2026/09/30 09:01:56.729, Tesla T4, 10083 MiB, 4830 MiB, 15360 MiB, 100 %, 28 %, 660 MHz, 5000 MHz, 65.53 W, 77, P0
2026/09/30 09:01:57.247, Tesla T4, 10083 MiB, 4830 MiB, 15360 MiB, 100 %, 28 %, 675 MHz, 5000 MHz, 65.73 W, 77, P0
2026/09/30 09:01:57.758, Tesla T4, 10083 MiB, 4830 MiB, 15360 MiB, 100 %, 36 %, 570 MHz, 5000 MHz, 66.32 W, 77, P0
2026/09/30 09:01:58.273, Tesla T4, 10083 MiB, 4830 MiB, 15360 MiB, 97 %, 28 %, 675 MHz, 5000 MHz, 66.32 W, 77, P0
2026/09/30 09:01:58.784, Tesla T4, 10083 MiB, 4830 MiB, 15360 MiB, 98 %, 34 %, 570 MHz, 5000 MHz, 66.12 W, 77, P0
2026/09/30 09:01:59.297, Tesla T4, 10085 MiB, 4828 MiB, 15360 MiB, 96 %, 26 %, 705 MHz, 5000 MHz, 65.38 W, 77, P0
2026/09/30 09:01:59.824, Tesla T4, 10085 MiB, 4828 MiB, 15360 MiB, 100 %, 23 %, 720 MHz, 5000 MHz, 66.12 W, 77, P0
2026/09/30 09:02:00.363, Tesla T4, 10085 MiB, 4828 MiB, 15360 MiB, 82 %, 29 %, 690 MHz, 5000 MHz, 63.32 W, 77, P0
2026/09/30 09:02:00.906, Tesla T4, 10085 MiB, 4828 MiB, 15360 MiB, 100 %, 22 %, 720 MHz, 5000 MHz, 64.75 W, 77, P0
2026/09/30 09:02:01.426, Tesla T4, 10085 MiB, 4828 MiB, 15360 MiB, 98 %, 27 %, 615 MHz, 5000 MHz, 66.16 W, 77, P0
2026/09/30 09:02:01.951, Tesla T4, 10085 MiB, 4828 MiB, 15360 MiB, 100 %, 30 %, 600 MHz, 5000 MHz, 64.65 W, 77, P0
2026/09/30 09:02:02.472, Tesla T4, 10085 MiB, 4828 MiB, 15360 MiB, 100 %, 33 %, 630 MHz, 5000 MHz, 67.00 W, 77, P0
2026/09/30 09:02:02.983, Tesla T4, 10085 MiB, 4828 MiB, 15360 MiB, 100 %, 30 %, 615 MHz, 5000 MHz, 66.02 W, 77, P0
2026/09/30 09:02:03.494, Tesla T4, 10085 MiB, 4828 MiB, 15360 MiB, 100 %, 33 %, 660 MHz, 5000 MHz, 66.61 W, 77, P0
2026/09/30 09:02:04.006, Tesla T4, 10085 MiB, 4828 MiB, 15360 MiB, 100 %, 23 %, 735 MHz, 5000 MHz, 64.99 W, 77, P0
2026/09/30 09:02:04.519, Tesla T4, 10085 MiB, 4828 MiB, 15360 MiB, 100 %, 23 %, 690 MHz, 5000 MHz, 65.93 W, 77, P0
2026/09/30 09:02:05.029, Tesla T4, 10085 MiB, 4828 MiB, 15360 MiB, 100 %, 22 %, 735 MHz, 5000 MHz, 66.71 W, 77, P0
2026/09/30 09:02:05.541, Tesla T4, 10085 MiB, 4828 MiB, 15360 MiB, 100 %, 22 %, 720 MHz, 5000 MHz, 67.30 W, 77, P0
2026/09/30 09:02:06.053, Tesla T4, 10085 MiB, 4828 MiB, 15360 MiB, 96 %, 29 %, 630 MHz, 5000 MHz, 65.04 W, 77, P0
2026/09/30 09:02:06.569, Tesla T4, 10085 MiB, 4828 MiB, 15360 MiB, 98 %, 29 %, 630 MHz, 5000 MHz, 63.97 W, 77, P0
2026/09/30 09:02:07.082, Tesla T4, 10085 MiB, 4828 MiB, 15360 MiB, 91 %, 31 %, 615 MHz, 5000 MHz, 66.32 W, 77, P0
2026/09/30 09:02:07.597, Tesla T4, 10085 MiB, 4828 MiB, 15360 MiB, 100 %, 32 %, 630 MHz, 5000 MHz, 64.50 W, 77, P0
2026/09/30 09:02:08.112, Tesla T4, 10085 MiB, 4828 MiB, 15360 MiB, 96 %, 36 %, 570 MHz, 5000 MHz, 65.28 W, 77, P0
2026/09/30 09:02:08.630, Tesla T4, 10085 MiB, 4828 MiB, 15360 MiB, 90 %, 30 %, 525 MHz, 5000 MHz, 67.34 W, 77, P0
2026/09/30 09:02:09.144, Tesla T4, 10085 MiB, 4828 MiB, 15360 MiB, 99 %, 34 %, 570 MHz, 5000 MHz, 65.34 W, 77, P0
2026/09/30 09:02:09.657, Tesla T4, 10085 MiB, 4828 MiB, 15360 MiB, 100 %, 35 %, 555 MHz, 5000 MHz, 65.04 W, 77, P0
2026/09/30 09:02:10.168, Tesla T4, 10085 MiB, 4828 MiB, 15360 MiB, 91 %, 37 %, 555 MHz, 5000 MHz, 65.93 W, 77, P0
2026/09/30 09:02:10.679, Tesla T4, 10085 MiB, 4828 MiB, 15360 MiB, 96 %, 41 %, 600 MHz, 5000 MHz, 66.46 W, 77, P0
2026/09/30 09:02:11.192, Tesla T4, 10085 MiB, 4828 MiB, 15360 MiB, 99 %, 40 %, 660 MHz, 5000 MHz, 66.06 W, 77, P0
2026/09/30 09:02:11.706, Tesla T4, 10085 MiB, 4828 MiB, 15360 MiB, 90 %, 40 %, 645 MHz, 5000 MHz, 65.57 W, 76, P0
2026/09/30 09:02:12.218, Tesla T4, 10085 MiB, 4828 MiB, 15360 MiB, 100 %, 45 %, 720 MHz, 5000 MHz, 64.26 W, 76, P0
2026/09/30 09:02:12.736, Tesla T4, 10085 MiB, 4828 MiB, 15360 MiB, 94 %, 38 %, 585 MHz, 5000 MHz, 66.91 W, 77, P0
2026/09/30 09:02:13.262, Tesla T4, 10085 MiB, 4828 MiB, 15360 MiB, 84 %, 35 %, 555 MHz, 5000 MHz, 72.55 W, 77, P0
2026/09/30 09:02:13.786, Tesla T4, 10085 MiB, 4828 MiB, 15360 MiB, 98 %, 39 %, 645 MHz, 5000 MHz, 66.12 W, 77, P0
2026/09/30 09:02:14.314, Tesla T4, 10085 MiB, 4828 MiB, 15360 MiB, 100 %, 39 %, 645 MHz, 5000 MHz, 64.95 W, 77, P0
2026/09/30 09:02:14.839, Tesla T4, 10085 MiB, 4828 MiB, 15360 MiB, 100 %, 31 %, 660 MHz, 5000 MHz, 64.85 W, 76, P0
2026/09/30 09:02:15.366, Tesla T4, 10085 MiB, 4828 MiB, 15360 MiB, 100 %, 29 %, 615 MHz, 5000 MHz, 66.86 W, 76, P0
2026/09/30 09:02:15.881, Tesla T4, 10085 MiB, 4828 MiB, 15360 MiB, 90 %, 56 %, 540 MHz, 5000 MHz, 67.40 W, 76, P0
2026/09/30 09:02:16.394, Tesla T4, 10085 MiB, 4828 MiB, 15360 MiB, 100 %, 37 %, 570 MHz, 5000 MHz, 40.29 W, 76, P0
2026/09/30 09:02:16.907, Tesla T4, 10085 MiB, 4828 MiB, 15360 MiB, 95 %, 39 %, 675 MHz, 5000 MHz, 63.51 W, 76, P0
2026/09/30 09:02:17.424, Tesla T4, 10085 MiB, 4828 MiB, 15360 MiB, 99 %, 38 %, 750 MHz, 5000 MHz, 67.98 W, 77, P0
2026/09/30 09:02:17.935, Tesla T4, 10085 MiB, 4828 MiB, 15360 MiB, 100 %, 23 %, 750 MHz, 5000 MHz, 66.36 W, 77, P0
2026/09/30 09:02:18.450, Tesla T4, 10085 MiB, 4828 MiB, 15360 MiB, 100 %, 21 %, 600 MHz, 5000 MHz, 66.32 W, 77, P0
2026/09/30 09:02:18.961, Tesla T4, 10085 MiB, 4828 MiB, 15360 MiB, 100 %, 30 %, 600 MHz, 5000 MHz, 67.30 W, 77, P0
2026/09/30 09:02:19.473, Tesla T4, 10085 MiB, 4828 MiB, 15360 MiB, 100 %, 22 %, 735 MHz, 5000 MHz, 66.26 W, 77, P0
2026/09/30 09:02:19.986, Tesla T4, 10085 MiB, 4828 MiB, 15360 MiB, 100 %, 22 %, 705 MHz, 5000 MHz, 66.51 W, 77, P0
2026/09/30 09:02:20.501, Tesla T4, 10085 MiB, 4828 MiB, 15360 MiB, 100 %, 29 %, 630 MHz, 5000 MHz, 67.40 W, 77, P0
2026/09/30 09:02:21.015, Tesla T4, 10085 MiB, 4828 MiB, 15360 MiB, 85 %, 53 %, 630 MHz, 5000 MHz, 75.19 W, 76, P0
2026/09/30 09:02:21.533, Tesla T4, 10085 MiB, 4828 MiB, 15360 MiB, 100 %, 23 %, 720 MHz, 5000 MHz, 66.51 W, 77, P0
2026/09/30 09:02:22.044, Tesla T4, 10085 MiB, 4828 MiB, 15360 MiB, 100 %, 23 %, 705 MHz, 5000 MHz, 66.42 W, 77, P0
2026/09/30 09:02:22.555, Tesla T4, 10085 MiB, 4828 MiB, 15360 MiB, 100 %, 23 %, 720 MHz, 5000 MHz, 66.12 W, 77, P0
2026/09/30 09:02:23.072, Tesla T4, 10085 MiB, 4828 MiB, 15360 MiB, 100 %, 23 %, 690 MHz, 5000 MHz, 65.77 W, 77, P0
2026/09/30 09:02:23.583, Tesla T4, 10085 MiB, 4828 MiB, 15360 MiB, 100 %, 22 %, 720 MHz, 5000 MHz, 66.42 W, 77, P0
2026/09/30 09:02:24.098, Tesla T4, 10085 MiB, 4828 MiB, 15360 MiB, 100 %, 22 %, 690 MHz, 5000 MHz, 65.97 W, 77, P0
2026/09/30 09:02:24.609, Tesla T4, 10085 MiB, 4828 MiB, 15360 MiB, 100 %, 22 %, 720 MHz, 5000 MHz, 65.97 W, 77, P0
2026/09/30 09:02:25.127, Tesla T4, 10085 MiB, 4828 MiB, 15360 MiB, 100 %, 22 %, 705 MHz, 5000 MHz, 65.73 W, 77, P0
2026/09/30 09:02:25.655, Tesla T4, 10085 MiB, 4828 MiB, 15360 MiB, 95 %, 41 %, 555 MHz, 5000 MHz, 65.67 W, 77, P0
2026/09/30 09:02:26.184, Tesla T4, 10085 MiB, 4828 MiB, 15360 MiB, 96 %, 30 %, 615 MHz, 5000 MHz, 64.79 W, 77, P0
2026/09/30 09:02:26.707, Tesla T4, 10085 MiB, 4828 MiB, 15360 MiB, 100 %, 25 %, 705 MHz, 5000 MHz, 66.61 W, 77, P0
2026/09/30 09:02:27.231, Tesla T4, 10085 MiB, 4828 MiB, 15360 MiB, 98 %, 27 %, 705 MHz, 5000 MHz, 65.44 W, 77, P0
2026/09/30 09:02:27.753, Tesla T4, 10085 MiB, 4828 MiB, 15360 MiB, 100 %, 22 %, 585 MHz, 5000 MHz, 64.40 W, 77, P0
2026/09/30 09:02:28.283, Tesla T4, 10085 MiB, 4828 MiB, 15360 MiB, 98 %, 27 %, 690 MHz, 5000 MHz, 66.75 W, 77, P0
2026/09/30 09:02:28.798, Tesla T4, 10085 MiB, 4828 MiB, 15360 MiB, 100 %, 34 %, 570 MHz, 5000 MHz, 65.34 W, 77, P0
2026/09/30 09:02:29.310, Tesla T4, 10085 MiB, 4828 MiB, 15360 MiB, 100 %, 24 %, 705 MHz, 5000 MHz, 65.48 W, 77, P0
2026/09/30 09:02:29.821, Tesla T4, 10085 MiB, 4828 MiB, 15360 MiB, 100 %, 32 %, 600 MHz, 5000 MHz, 65.87 W, 77, P0
2026/09/30 09:02:30.334, Tesla T4, 10085 MiB, 4828 MiB, 15360 MiB, 100 %, 31 %, 645 MHz, 5000 MHz, 68.14 W, 77, P0
2026/09/30 09:02:30.848, Tesla T4, 10085 MiB, 4828 MiB, 15360 MiB, 91 %, 38 %, 600 MHz, 5000 MHz, 64.99 W, 77, P0
2026/09/30 09:02:31.365, Tesla T4, 10085 MiB, 4828 MiB, 15360 MiB, 96 %, 36 %, 630 MHz, 5000 MHz, 66.71 W, 77, P0
2026/09/30 09:02:31.877, Tesla T4, 10085 MiB, 4828 MiB, 15360 MiB, 100 %, 27 %, 630 MHz, 5000 MHz, 66.42 W, 77, P0
2026/09/30 09:02:32.388, Tesla T4, 10085 MiB, 4828 MiB, 15360 MiB, 90 %, 28 %, 630 MHz, 5000 MHz, 66.71 W, 77, P0
2026/09/30 09:02:32.900, Tesla T4, 10085 MiB, 4828 MiB, 15360 MiB, 98 %, 29 %, 600 MHz, 5000 MHz, 66.12 W, 77, P0
2026/09/30 09:02:33.412, Tesla T4, 10085 MiB, 4828 MiB, 15360 MiB, 95 %, 47 %, 615 MHz, 5000 MHz, 72.65 W, 77, P0
2026/09/30 09:02:33.933, Tesla T4, 10085 MiB, 4828 MiB, 15360 MiB, 90 %, 43 %, 630 MHz, 5000 MHz, 74.21 W, 77, P0
2026/09/30 09:02:34.444, Tesla T4, 10085 MiB, 4828 MiB, 15360 MiB, 90 %, 38 %, 1020 MHz, 5000 MHz, 66.38 W, 77, P0
2026/09/30 09:02:34.962, Tesla T4, 10085 MiB, 4828 MiB, 15360 MiB, 96 %, 27 %, 705 MHz, 5000 MHz, 65.53 W, 77, P0
2026/09/30 09:02:35.473, Tesla T4, 10085 MiB, 4828 MiB, 15360 MiB, 100 %, 32 %, 630 MHz, 5000 MHz, 66.71 W, 77, P0
2026/09/30 09:02:35.988, Tesla T4, 10085 MiB, 4828 MiB, 15360 MiB, 96 %, 25 %, 690 MHz, 5000 MHz, 65.48 W, 77, P0
2026/09/30 09:02:36.499, Tesla T4, 10085 MiB, 4828 MiB, 15360 MiB, 100 %, 32 %, 615 MHz, 5000 MHz, 65.44 W, 77, P0
2026/09/30 09:02:37.010, Tesla T4, 10085 MiB, 4828 MiB, 15360 MiB, 100 %, 27 %, 630 MHz, 5000 MHz, 65.18 W, 77, P0
2026/09/30 09:02:37.522, Tesla T4, 10085 MiB, 4828 MiB, 15360 MiB, 98 %, 33 %, 660 MHz, 5000 MHz, 65.77 W, 77, P0
2026/09/30 09:02:38.035, Tesla T4, 10085 MiB, 4828 MiB, 15360 MiB, 90 %, 28 %, 645 MHz, 5000 MHz, 65.97 W, 77, P0
2026/09/30 09:02:38.581, Tesla T4, 10085 MiB, 4828 MiB, 15360 MiB, 98 %, 27 %, 615 MHz, 5000 MHz, 67.14 W, 77, P0
2026/09/30 09:02:39.115, Tesla T4, 10085 MiB, 4828 MiB, 15360 MiB, 94 %, 32 %, 645 MHz, 5000 MHz, 66.12 W, 77, P0
2026/09/30 09:02:39.652, Tesla T4, 10085 MiB, 4828 MiB, 15360 MiB, 89 %, 38 %, 600 MHz, 5000 MHz, 66.81 W, 77, P0
2026/09/30 09:02:40.178, Tesla T4, 10085 MiB, 4828 MiB, 15360 MiB, 92 %, 38 %, 720 MHz, 5000 MHz, 66.57 W, 77, P0
2026/09/30 09:02:40.709, Tesla T4, 10085 MiB, 4828 MiB, 15360 MiB, 97 %, 37 %, 540 MHz, 5000 MHz, 66.06 W, 77, P0
2026/09/30 09:02:41.233, Tesla T4, 10085 MiB, 4828 MiB, 15360 MiB, 100 %, 24 %, 720 MHz, 5000 MHz, 64.99 W, 77, P0
2026/09/30 09:02:41.753, Tesla T4, 10085 MiB, 4828 MiB, 15360 MiB, 91 %, 37 %, 780 MHz, 5000 MHz, 71.32 W, 77, P0
2026/09/30 09:02:42.264, Tesla T4, 10085 MiB, 4828 MiB, 15360 MiB, 96 %, 34 %, 600 MHz, 5000 MHz, 66.26 W, 77, P0
2026/09/30 09:02:42.780, Tesla T4, 10085 MiB, 4828 MiB, 15360 MiB, 90 %, 36 %, 600 MHz, 5000 MHz, 66.06 W, 77, P0
2026/09/30 09:02:43.292, Tesla T4, 10085 MiB, 4828 MiB, 15360 MiB, 99 %, 41 %, 615 MHz, 5000 MHz, 66.81 W, 77, P0
2026/09/30 09:02:43.803, Tesla T4, 10085 MiB, 4828 MiB, 15360 MiB, 91 %, 36 %, 645 MHz, 5000 MHz, 65.67 W, 77, P0
2026/09/30 09:02:44.320, Tesla T4, 10085 MiB, 4828 MiB, 15360 MiB, 96 %, 35 %, 660 MHz, 5000 MHz, 66.42 W, 77, P0
2026/09/30 09:02:44.831, Tesla T4, 10085 MiB, 4828 MiB, 15360 MiB, 100 %, 26 %, 735 MHz, 5000 MHz, 60.32 W, 77, P0
2026/09/30 09:02:45.348, Tesla T4, 10085 MiB, 4828 MiB, 15360 MiB, 100 %, 28 %, 630 MHz, 5000 MHz, 66.71 W, 77, P0
2026/09/30 09:02:45.859, Tesla T4, 10085 MiB, 4828 MiB, 15360 MiB, 96 %, 32 %, 690 MHz, 5000 MHz, 65.04 W, 77, P0
2026/09/30 09:02:46.372, Tesla T4, 10085 MiB, 4828 MiB, 15360 MiB, 100 %, 32 %, 630 MHz, 5000 MHz, 66.12 W, 77, P0
2026/09/30 09:02:46.886, Tesla T4, 10085 MiB, 4828 MiB, 15360 MiB, 90 %, 25 %, 690 MHz, 5000 MHz, 66.51 W, 77, P0
2026/09/30 09:02:47.397, Tesla T4, 10085 MiB, 4828 MiB, 15360 MiB, 100 %, 32 %, 615 MHz, 5000 MHz, 66.32 W, 77, P0
2026/09/30 09:02:47.912, Tesla T4, 10085 MiB, 4828 MiB, 15360 MiB, 99 %, 41 %, 630 MHz, 5000 MHz, 66.91 W, 77, P0
2026/09/30 09:02:48.423, Tesla T4, 10085 MiB, 4828 MiB, 15360 MiB, 100 %, 36 %, 570 MHz, 5000 MHz, 67.55 W, 77, P0
2026/09/30 09:02:48.935, Tesla T4, 10085 MiB, 4828 MiB, 15360 MiB, 100 %, 32 %, 840 MHz, 5000 MHz, 42.76 W, 77, P0
2026/09/30 09:02:49.450, Tesla T4, 10085 MiB, 4828 MiB, 15360 MiB, 99 %, 38 %, 690 MHz, 5000 MHz, 72.11 W, 77, P0
2026/09/30 09:02:49.963, Tesla T4, 10085 MiB, 4828 MiB, 15360 MiB, 98 %, 41 %, 855 MHz, 5000 MHz, 67.20 W, 77, P0
2026/09/30 09:02:50.473, Tesla T4, 10085 MiB, 4828 MiB, 15360 MiB, 99 %, 48 %, 810 MHz, 5000 MHz, 65.97 W, 77, P0
2026/09/30 09:02:50.990, Tesla T4, 10085 MiB, 4828 MiB, 15360 MiB, 100 %, 23 %, 735 MHz, 5000 MHz, 66.16 W, 77, P0
2026/09/30 09:02:51.519, Tesla T4, 10085 MiB, 4828 MiB, 15360 MiB, 100 %, 20 %, 585 MHz, 5000 MHz, 66.32 W, 77, P0
2026/09/30 09:02:52.062, Tesla T4, 10085 MiB, 4828 MiB, 15360 MiB, 83 %, 26 %, 705 MHz, 5000 MHz, 65.28 W, 77, P0
2026/09/30 09:02:52.592, Tesla T4, 10085 MiB, 4828 MiB, 15360 MiB, 100 %, 22 %, 720 MHz, 5000 MHz, 64.75 W, 77, P0
2026/09/30 09:02:53.116, Tesla T4, 10085 MiB, 4828 MiB, 15360 MiB, 98 %, 27 %, 615 MHz, 5000 MHz, 66.51 W, 77, P0
2026/09/30 09:02:53.672, Tesla T4, 10085 MiB, 4828 MiB, 15360 MiB, 85 %, 50 %, 690 MHz, 5000 MHz, 78.22 W, 77, P0
2026/09/30 09:02:54.192, Tesla T4, 10085 MiB, 4828 MiB, 15360 MiB, 100 %, 48 %, 570 MHz, 5000 MHz, 65.38 W, 77, P0
2026/09/30 09:02:54.705, Tesla T4, 10085 MiB, 4828 MiB, 15360 MiB, 100 %, 47 %, 570 MHz, 5000 MHz, 68.38 W, 77, P0
2026/09/30 09:02:55.218, Tesla T4, 10085 MiB, 4828 MiB, 15360 MiB, 96 %, 36 %, 810 MHz, 5000 MHz, 50.56 W, 77, P0
2026/09/30 09:02:55.729, Tesla T4, 10085 MiB, 4828 MiB, 15360 MiB, 100 %, 29 %, 600 MHz, 5000 MHz, 65.34 W, 77, P0
2026/09/30 09:02:56.243, Tesla T4, 10085 MiB, 4828 MiB, 15360 MiB, 100 %, 25 %, 630 MHz, 5000 MHz, 66.73 W, 77, P0
2026/09/30 09:02:56.757, Tesla T4, 10085 MiB, 4828 MiB, 15360 MiB, 100 %, 28 %, 630 MHz, 5000 MHz, 66.32 W, 77, P0
2026/09/30 09:02:57.274, Tesla T4, 10085 MiB, 4828 MiB, 15360 MiB, 100 %, 35 %, 555 MHz, 5000 MHz, 66.06 W, 77, P0
2026/09/30 09:02:57.786, Tesla T4, 10085 MiB, 4828 MiB, 15360 MiB, 100 %, 30 %, 615 MHz, 5000 MHz, 66.46 W, 77, P0
2026/09/30 09:02:58.302, Tesla T4, 10085 MiB, 4828 MiB, 15360 MiB, 100 %, 35 %, 555 MHz, 5000 MHz, 65.44 W, 77, P0
2026/09/30 09:02:58.815, Tesla T4, 10085 MiB, 4828 MiB, 15360 MiB, 100 %, 30 %, 630 MHz, 5000 MHz, 68.63 W, 77, P0
2026/09/30 09:02:59.332, Tesla T4, 10085 MiB, 4828 MiB, 15360 MiB, 100 %, 32 %, 645 MHz, 5000 MHz, 64.50 W, 77, P0
2026/09/30 09:02:59.845, Tesla T4, 10085 MiB, 4828 MiB, 15360 MiB, 90 %, 32 %, 615 MHz, 5000 MHz, 66.26 W, 77, P0
2026/09/30 09:03:00.358, Tesla T4, 10085 MiB, 4828 MiB, 15360 MiB, 100 %, 36 %, 570 MHz, 5000 MHz, 70.05 W, 77, P0
2026/09/30 09:03:00.872, Tesla T4, 10085 MiB, 4828 MiB, 15360 MiB, 100 %, 32 %, 810 MHz, 5000 MHz, 67.16 W, 77, P0
2026/09/30 09:03:01.382, Tesla T4, 10085 MiB, 4828 MiB, 15360 MiB, 99 %, 34 %, 690 MHz, 5000 MHz, 65.73 W, 77, P0
2026/09/30 09:03:01.898, Tesla T4, 10085 MiB, 4828 MiB, 15360 MiB, 100 %, 26 %, 645 MHz, 5000 MHz, 64.59 W, 77, P0
2026/09/30 09:03:02.435, Tesla T4, 10085 MiB, 4828 MiB, 15360 MiB, 97 %, 24 %, 705 MHz, 5000 MHz, 66.32 W, 77, P0
2026/09/30 09:03:02.953, Tesla T4, 10085 MiB, 4828 MiB, 15360 MiB, 100 %, 23 %, 735 MHz, 5000 MHz, 66.81 W, 77, P0
2026/09/30 09:03:03.465, Tesla T4, 10085 MiB, 4828 MiB, 15360 MiB, 95 %, 22 %, 615 MHz, 5000 MHz, 66.51 W, 77, P0
2026/09/30 09:03:03.980, Tesla T4, 10085 MiB, 4828 MiB, 15360 MiB, 100 %, 26 %, 630 MHz, 5000 MHz, 64.85 W, 77, P0
2026/09/30 09:03:04.506, Tesla T4, 10085 MiB, 4828 MiB, 15360 MiB, 95 %, 25 %, 690 MHz, 5000 MHz, 65.08 W, 77, P0
2026/09/30 09:03:05.037, Tesla T4, 10085 MiB, 4828 MiB, 15360 MiB, 100 %, 22 %, 705 MHz, 5000 MHz, 64.59 W, 78, P0
2026/09/30 09:03:05.559, Tesla T4, 10085 MiB, 4828 MiB, 15360 MiB, 98 %, 47 %, 585 MHz, 5000 MHz, 65.67 W, 77, P0
2026/09/30 09:03:06.089, Tesla T4, 10085 MiB, 4828 MiB, 15360 MiB, 99 %, 46 %, 705 MHz, 5000 MHz, 68.47 W, 77, P0
2026/09/30 09:03:06.612, Tesla T4, 10085 MiB, 4828 MiB, 15360 MiB, 87 %, 30 %, 660 MHz, 5000 MHz, 66.36 W, 77, P0
2026/09/30 09:03:07.127, Tesla T4, 10085 MiB, 4828 MiB, 15360 MiB, 98 %, 29 %, 630 MHz, 5000 MHz, 65.38 W, 77, P0
2026/09/30 09:03:07.638, Tesla T4, 10085 MiB, 4828 MiB, 15360 MiB, 100 %, 27 %, 675 MHz, 5000 MHz, 65.28 W, 77, P0
2026/09/30 09:03:08.150, Tesla T4, 10085 MiB, 4828 MiB, 15360 MiB, 90 %, 32 %, 645 MHz, 5000 MHz, 67.59 W, 78, P0
2026/09/30 09:03:08.663, Tesla T4, 10085 MiB, 4828 MiB, 15360 MiB, 99 %, 29 %, 615 MHz, 5000 MHz, 64.81 W, 77, P0
2026/09/30 09:03:09.178, Tesla T4, 10085 MiB, 4828 MiB, 15360 MiB, 99 %, 35 %, 630 MHz, 5000 MHz, 66.71 W, 77, P0
2026/09/30 09:03:09.693, Tesla T4, 10085 MiB, 4828 MiB, 15360 MiB, 99 %, 36 %, 600 MHz, 5000 MHz, 66.51 W, 77, P0
2026/09/30 09:03:10.211, Tesla T4, 10085 MiB, 4828 MiB, 15360 MiB, 95 %, 51 %, 600 MHz, 5000 MHz, 68.33 W, 77, P0
2026/09/30 09:03:10.723, Tesla T4, 10085 MiB, 4828 MiB, 15360 MiB, 100 %, 29 %, 675 MHz, 5000 MHz, 66.16 W, 77, P0
2026/09/30 09:03:11.235, Tesla T4, 10085 MiB, 4828 MiB, 15360 MiB, 95 %, 23 %, 705 MHz, 5000 MHz, 74.95 W, 78, P0
2026/09/30 09:03:11.752, Tesla T4, 10085 MiB, 4828 MiB, 15360 MiB, 100 %, 29 %, 660 MHz, 5000 MHz, 59.63 W, 77, P0
2026/09/30 09:03:12.263, Tesla T4, 10085 MiB, 4828 MiB, 15360 MiB, 100 %, 24 %, 675 MHz, 5000 MHz, 65.63 W, 77, P0
2026/09/30 09:03:12.781, Tesla T4, 10085 MiB, 4828 MiB, 15360 MiB, 100 %, 30 %, 555 MHz, 5000 MHz, 68.14 W, 77, P0
2026/09/30 09:03:13.299, Tesla T4, 10085 MiB, 4828 MiB, 15360 MiB, 100 %, 32 %, 660 MHz, 5000 MHz, 64.65 W, 77, P0
2026/09/30 09:03:13.811, Tesla T4, 10085 MiB, 4828 MiB, 15360 MiB, 100 %, 29 %, 570 MHz, 5000 MHz, 65.48 W, 77, P0
2026/09/30 09:03:14.322, Tesla T4, 10085 MiB, 4828 MiB, 15360 MiB, 100 %, 32 %, 615 MHz, 5000 MHz, 67.69 W, 77, P0
2026/09/30 09:03:14.840, Tesla T4, 10085 MiB, 4828 MiB, 15360 MiB, 97 %, 30 %, 720 MHz, 5000 MHz, 55.67 W, 77, P0
2026/09/30 09:03:15.351, Tesla T4, 10085 MiB, 4828 MiB, 15360 MiB, 100 %, 23 %, 720 MHz, 5000 MHz, 65.93 W, 78, P0
2026/09/30 09:03:15.863, Tesla T4, 10085 MiB, 4828 MiB, 15360 MiB, 92 %, 21 %, 570 MHz, 5000 MHz, 74.36 W, 78, P0
2026/09/30 09:03:16.376, Tesla T4, 10085 MiB, 4828 MiB, 15360 MiB, 98 %, 34 %, 705 MHz, 5000 MHz, 66.02 W, 77, P0
2026/09/30 09:03:16.889, Tesla T4, 10085 MiB, 4828 MiB, 15360 MiB, 100 %, 22 %, 705 MHz, 5000 MHz, 66.02 W, 77, P0
2026/09/30 09:03:17.408, Tesla T4, 10085 MiB, 4828 MiB, 15360 MiB, 100 %, 19 %, 540 MHz, 5000 MHz, 66.61 W, 77, P0
2026/09/30 09:03:17.936, Tesla T4, 10085 MiB, 4828 MiB, 15360 MiB, 98 %, 29 %, 675 MHz, 5000 MHz, 64.89 W, 77, P0
2026/09/30 09:03:18.460, Tesla T4, 10085 MiB, 4828 MiB, 15360 MiB, 83 %, 27 %, 495 MHz, 5000 MHz, 49.08 W, 78, P0
2026/09/30 09:03:18.990, Tesla T4, 10085 MiB, 4828 MiB, 15360 MiB, 97 %, 32 %, 660 MHz, 5000 MHz, 66.22 W, 77, P0
2026/09/30 09:03:19.516, Tesla T4, 10085 MiB, 4828 MiB, 15360 MiB, 100 %, 24 %, 795 MHz, 5000 MHz, 52.99 W, 77, P0
2026/09/30 09:03:20.027, Tesla T4, 10085 MiB, 4828 MiB, 15360 MiB, 91 %, 44 %, 660 MHz, 5000 MHz, 62.14 W, 77, P0
2026/09/30 09:03:20.540, Tesla T4, 10085 MiB, 4828 MiB, 15360 MiB, 100 %, 27 %, 660 MHz, 5000 MHz, 67.55 W, 77, P0
2026/09/30 09:03:21.052, Tesla T4, 10085 MiB, 4828 MiB, 15360 MiB, 89 %, 36 %, 645 MHz, 5000 MHz, 65.24 W, 77, P0
2026/09/30 09:03:21.563, Tesla T4, 10085 MiB, 4828 MiB, 15360 MiB, 100 %, 27 %, 555 MHz, 5000 MHz, 65.08 W, 77, P0
2026/09/30 09:03:22.079, Tesla T4, 10085 MiB, 4828 MiB, 15360 MiB, 100 %, 34 %, 555 MHz, 5000 MHz, 66.71 W, 77, P0
2026/09/30 09:03:22.590, Tesla T4, 10085 MiB, 4828 MiB, 15360 MiB, 100 %, 30 %, 615 MHz, 5000 MHz, 66.32 W, 77, P0
2026/09/30 09:03:23.103, Tesla T4, 10085 MiB, 4828 MiB, 15360 MiB, 100 %, 31 %, 555 MHz, 5000 MHz, 65.67 W, 77, P0
2026/09/30 09:03:23.614, Tesla T4, 10085 MiB, 4828 MiB, 15360 MiB, 100 %, 30 %, 555 MHz, 5000 MHz, 66.51 W, 77, P0
2026/09/30 09:03:24.126, Tesla T4, 10085 MiB, 4828 MiB, 15360 MiB, 95 %, 50 %, 645 MHz, 5000 MHz, 65.18 W, 77, P0
2026/09/30 09:03:24.637, Tesla T4, 10085 MiB, 4828 MiB, 15360 MiB, 100 %, 25 %, 615 MHz, 5000 MHz, 64.85 W, 77, P0
2026/09/30 09:03:25.149, Tesla T4, 10085 MiB, 4828 MiB, 15360 MiB, 82 %, 42 %, 585 MHz, 5000 MHz, 64.59 W, 77, P0
2026/09/30 09:03:25.661, Tesla T4, 10085 MiB, 4828 MiB, 15360 MiB, 100 %, 24 %, 630 MHz, 5000 MHz, 66.28 W, 77, P0
2026/09/30 09:03:26.177, Tesla T4, 10085 MiB, 4828 MiB, 15360 MiB, 95 %, 47 %, 555 MHz, 5000 MHz, 65.97 W, 77, P0
2026/09/30 09:03:26.689, Tesla T4, 10085 MiB, 4828 MiB, 15360 MiB, 99 %, 35 %, 990 MHz, 5000 MHz, 50.46 W, 77, P0
2026/09/30 09:03:27.199, Tesla T4, 10085 MiB, 4828 MiB, 15360 MiB, 99 %, 34 %, 630 MHz, 5000 MHz, 65.63 W, 77, P0
2026/09/30 09:03:27.716, Tesla T4, 10085 MiB, 4828 MiB, 15360 MiB, 100 %, 25 %, 705 MHz, 5000 MHz, 66.22 W, 77, P0
2026/09/30 09:03:28.227, Tesla T4, 10085 MiB, 4828 MiB, 15360 MiB, 90 %, 28 %, 690 MHz, 5000 MHz, 66.57 W, 77, P0
2026/09/30 09:03:28.742, Tesla T4, 10085 MiB, 4828 MiB, 15360 MiB, 97 %, 36 %, 645 MHz, 5000 MHz, 62.83 W, 77, P0
2026/09/30 09:03:29.253, Tesla T4, 10085 MiB, 4828 MiB, 15360 MiB, 98 %, 31 %, 630 MHz, 5000 MHz, 65.38 W, 77, P0
2026/09/30 09:03:29.764, Tesla T4, 10085 MiB, 4828 MiB, 15360 MiB, 46 %, 20 %, 540 MHz, 5000 MHz, 106.00 W, 77, P0
2026/09/30 09:03:30.291, Tesla T4, 10085 MiB, 4828 MiB, 15360 MiB, 98 %, 31 %, 630 MHz, 5000 MHz, 65.89 W, 77, P0
2026/09/30 09:03:30.835, Tesla T4, 10085 MiB, 4828 MiB, 15360 MiB, 94 %, 36 %, 570 MHz, 5000 MHz, 66.51 W, 77, P0
2026/09/30 09:03:31.360, Tesla T4, 10085 MiB, 4828 MiB, 15360 MiB, 83 %, 44 %, 540 MHz, 5000 MHz, 66.71 W, 77, P0
2026/09/30 09:03:31.893, Tesla T4, 10085 MiB, 4828 MiB, 15360 MiB, 94 %, 34 %, 615 MHz, 5000 MHz, 65.04 W, 77, P0
2026/09/30 09:03:32.416, Tesla T4, 10085 MiB, 4828 MiB, 15360 MiB, 98 %, 33 %, 645 MHz, 5000 MHz, 66.71 W, 77, P0
2026/09/30 09:03:32.933, Tesla T4, 10085 MiB, 4828 MiB, 15360 MiB, 91 %, 30 %, 600 MHz, 5000 MHz, 67.00 W, 77, P0
2026/09/30 09:03:33.444, Tesla T4, 10085 MiB, 4828 MiB, 15360 MiB, 99 %, 32 %, 615 MHz, 5000 MHz, 66.22 W, 77, P0
2026/09/30 09:03:33.959, Tesla T4, 10085 MiB, 4828 MiB, 15360 MiB, 97 %, 32 %, 600 MHz, 5000 MHz, 64.75 W, 77, P0
2026/09/30 09:03:34.471, Tesla T4, 10085 MiB, 4828 MiB, 15360 MiB, 100 %, 31 %, 660 MHz, 5000 MHz, 60.06 W, 77, P0
2026/09/30 09:03:34.985, Tesla T4, 10085 MiB, 4828 MiB, 15360 MiB, 96 %, 40 %, 585 MHz, 5000 MHz, 74.46 W, 77, P0
2026/09/30 09:03:35.500, Tesla T4, 10085 MiB, 4828 MiB, 15360 MiB, 97 %, 34 %, 615 MHz, 5000 MHz, 65.93 W, 77, P0
2026/09/30 09:03:36.012, Tesla T4, 10085 MiB, 4828 MiB, 15360 MiB, 100 %, 34 %, 570 MHz, 5000 MHz, 66.51 W, 77, P0
2026/09/30 09:03:36.526, Tesla T4, 10085 MiB, 4828 MiB, 15360 MiB, 100 %, 32 %, 570 MHz, 5000 MHz, 67.10 W, 77, P0
2026/09/30 09:03:37.037, Tesla T4, 10085 MiB, 4828 MiB, 15360 MiB, 96 %, 36 %, 660 MHz, 5000 MHz, 67.26 W, 77, P0
2026/09/30 09:03:37.555, Tesla T4, 10085 MiB, 4828 MiB, 15360 MiB, 96 %, 53 %, 630 MHz, 5000 MHz, 66.51 W, 77, P0
2026/09/30 09:03:38.066, Tesla T4, 10085 MiB, 4828 MiB, 15360 MiB, 100 %, 25 %, 705 MHz, 5000 MHz, 65.73 W, 77, P0
2026/09/30 09:03:38.577, Tesla T4, 10085 MiB, 4828 MiB, 15360 MiB, 98 %, 35 %, 705 MHz, 5000 MHz, 64.75 W, 77, P0
2026/09/30 09:03:39.091, Tesla T4, 10085 MiB, 4828 MiB, 15360 MiB, 96 %, 24 %, 675 MHz, 5000 MHz, 65.53 W, 77, P0
2026/09/30 09:03:39.602, Tesla T4, 10085 MiB, 4828 MiB, 15360 MiB, 100 %, 23 %, 960 MHz, 5000 MHz, 57.96 W, 77, P0
2026/09/30 09:03:40.120, Tesla T4, 10085 MiB, 4828 MiB, 15360 MiB, 100 %, 24 %, 750 MHz, 5000 MHz, 64.85 W, 77, P0
2026/09/30 09:03:40.632, Tesla T4, 10085 MiB, 4828 MiB, 15360 MiB, 100 %, 35 %, 645 MHz, 5000 MHz, 68.04 W, 77, P0
2026/09/30 09:03:41.146, Tesla T4, 10085 MiB, 4828 MiB, 15360 MiB, 90 %, 35 %, 570 MHz, 5000 MHz, 65.44 W, 77, P0
2026/09/30 09:03:41.658, Tesla T4, 10085 MiB, 4828 MiB, 15360 MiB, 98 %, 38 %, 615 MHz, 5000 MHz, 66.91 W, 77, P0
2026/09/30 09:03:42.172, Tesla T4, 10085 MiB, 4828 MiB, 15360 MiB, 96 %, 38 %, 660 MHz, 5000 MHz, 61.48 W, 77, P0
2026/09/30 09:03:42.697, Tesla T4, 10085 MiB, 4828 MiB, 15360 MiB, 100 %, 31 %, 615 MHz, 5000 MHz, 65.63 W, 77, P0
2026/09/30 09:03:43.224, Tesla T4, 10085 MiB, 4828 MiB, 15360 MiB, 84 %, 30 %, 615 MHz, 5000 MHz, 65.83 W, 77, P0
2026/09/30 09:03:43.746, Tesla T4, 10085 MiB, 4828 MiB, 15360 MiB, 100 %, 30 %, 585 MHz, 5000 MHz, 64.85 W, 77, P0
2026/09/30 09:03:44.277, Tesla T4, 10085 MiB, 4828 MiB, 15360 MiB, 100 %, 28 %, 660 MHz, 5000 MHz, 66.42 W, 77, P0
2026/09/30 09:03:44.816, Tesla T4, 10085 MiB, 4828 MiB, 15360 MiB, 98 %, 27 %, 690 MHz, 5000 MHz, 66.75 W, 77, P0
2026/09/30 09:03:45.336, Tesla T4, 10085 MiB, 4828 MiB, 15360 MiB, 100 %, 29 %, 660 MHz, 5000 MHz, 67.00 W, 77, P0
2026/09/30 09:03:45.852, Tesla T4, 10085 MiB, 4828 MiB, 15360 MiB, 100 %, 26 %, 705 MHz, 5000 MHz, 66.12 W, 77, P0
2026/09/30 09:03:46.367, Tesla T4, 10085 MiB, 4828 MiB, 15360 MiB, 99 %, 24 %, 660 MHz, 5000 MHz, 69.12 W, 77, P0
2026/09/30 09:03:46.884, Tesla T4, 10085 MiB, 4828 MiB, 15360 MiB, 99 %, 31 %, 825 MHz, 5000 MHz, 56.36 W, 77, P0
2026/09/30 09:03:47.400, Tesla T4, 10085 MiB, 4828 MiB, 15360 MiB, 100 %, 31 %, 855 MHz, 5000 MHz, 64.00 W, 77, P0
2026/09/30 09:03:47.916, Tesla T4, 10085 MiB, 4828 MiB, 15360 MiB, 100 %, 25 %, 735 MHz, 5000 MHz, 65.73 W, 77, P0
2026/09/30 09:03:48.428, Tesla T4, 10085 MiB, 4828 MiB, 15360 MiB, 100 %, 25 %, 705 MHz, 5000 MHz, 65.83 W, 77, P0
2026/09/30 09:03:48.944, Tesla T4, 10085 MiB, 4828 MiB, 15360 MiB, 100 %, 29 %, 600 MHz, 5000 MHz, 64.95 W, 77, P0
2026/09/30 09:03:49.457, Tesla T4, 10085 MiB, 4828 MiB, 15360 MiB, 99 %, 31 %, 960 MHz, 5000 MHz, 66.12 W, 77, P0
2026/09/30 09:03:49.970, Tesla T4, 10085 MiB, 4828 MiB, 15360 MiB, 100 %, 28 %, 615 MHz, 5000 MHz, 66.81 W, 77, P0
2026/09/30 09:03:50.482, Tesla T4, 10085 MiB, 4828 MiB, 15360 MiB, 97 %, 37 %, 705 MHz, 5000 MHz, 66.56 W, 77, P0
2026/09/30 09:03:50.993, Tesla T4, 10085 MiB, 4828 MiB, 15360 MiB, 97 %, 39 %, 675 MHz, 5000 MHz, 68.33 W, 77, P0
2026/09/30 09:03:51.511, Tesla T4, 10085 MiB, 4828 MiB, 15360 MiB, 89 %, 37 %, 720 MHz, 5000 MHz, 69.12 W, 77, P0
2026/09/30 09:03:52.026, Tesla T4, 10085 MiB, 4828 MiB, 15360 MiB, 95 %, 46 %, 615 MHz, 5000 MHz, 65.73 W, 77, P0
2026/09/30 09:03:52.540, Tesla T4, 10085 MiB, 4828 MiB, 15360 MiB, 100 %, 31 %, 600 MHz, 5000 MHz, 66.38 W, 77, P0
2026/09/30 09:03:53.054, Tesla T4, 10085 MiB, 4828 MiB, 15360 MiB, 100 %, 31 %, 660 MHz, 5000 MHz, 60.77 W, 77, P0
2026/09/30 09:03:53.565, Tesla T4, 10085 MiB, 4828 MiB, 15360 MiB, 100 %, 23 %, 735 MHz, 5000 MHz, 66.22 W, 77, P0
2026/09/30 09:03:54.084, Tesla T4, 10085 MiB, 4828 MiB, 15360 MiB, 100 %, 23 %, 690 MHz, 5000 MHz, 66.12 W, 77, P0
2026/09/30 09:03:54.595, Tesla T4, 10085 MiB, 4828 MiB, 15360 MiB, 100 %, 26 %, 600 MHz, 5000 MHz, 66.91 W, 77, P0
2026/09/30 09:03:55.113, Tesla T4, 10085 MiB, 4828 MiB, 15360 MiB, 100 %, 26 %, 600 MHz, 5000 MHz, 65.83 W, 77, P0
2026/09/30 09:03:55.633, Tesla T4, 10085 MiB, 4828 MiB, 15360 MiB, 100 %, 23 %, 720 MHz, 5000 MHz, 64.99 W, 77, P0
2026/09/30 09:03:56.160, Tesla T4, 10085 MiB, 4828 MiB, 15360 MiB, 100 %, 22 %, 720 MHz, 5000 MHz, 66.02 W, 77, P0
2026/09/30 09:03:56.699, Tesla T4, 10085 MiB, 4828 MiB, 15360 MiB, 100 %, 26 %, 615 MHz, 5000 MHz, 64.83 W, 77, P0
2026/09/30 09:03:57.224, Tesla T4, 10085 MiB, 4828 MiB, 15360 MiB, 100 %, 26 %, 615 MHz, 5000 MHz, 65.93 W, 77, P0
2026/09/30 09:03:57.752, Tesla T4, 10085 MiB, 4828 MiB, 15360 MiB, 94 %, 33 %, 585 MHz, 5000 MHz, 66.71 W, 77, P0
2026/09/30 09:03:58.279, Tesla T4, 10085 MiB, 4828 MiB, 15360 MiB, 85 %, 34 %, 555 MHz, 5000 MHz, 66.02 W, 77, P0
2026/09/30 09:03:58.799, Tesla T4, 10085 MiB, 4828 MiB, 15360 MiB, 95 %, 45 %, 585 MHz, 5000 MHz, 65.44 W, 77, P0
2026/09/30 09:03:59.313, Tesla T4, 10085 MiB, 4828 MiB, 15360 MiB, 100 %, 34 %, 585 MHz, 5000 MHz, 65.48 W, 77, P0
2026/09/30 09:03:59.830, Tesla T4, 10085 MiB, 4828 MiB, 15360 MiB, 97 %, 34 %, 630 MHz, 5000 MHz, 59.83 W, 77, P0
2026/09/30 09:04:00.341, Tesla T4, 10085 MiB, 4828 MiB, 15360 MiB, 91 %, 30 %, 585 MHz, 5000 MHz, 66.18 W, 77, P0
2026/09/30 09:04:00.853, Tesla T4, 10085 MiB, 4828 MiB, 15360 MiB, 96 %, 29 %, 600 MHz, 5000 MHz, 66.65 W, 77, P0
2026/09/30 09:04:01.365, Tesla T4, 10085 MiB, 4828 MiB, 15360 MiB, 100 %, 30 %, 600 MHz, 5000 MHz, 66.67 W, 77, P0
2026/09/30 09:04:01.876, Tesla T4, 10085 MiB, 4828 MiB, 15360 MiB, 90 %, 27 %, 630 MHz, 5000 MHz, 65.73 W, 77, P0
2026/09/30 09:04:02.390, Tesla T4, 10085 MiB, 4828 MiB, 15360 MiB, 100 %, 29 %, 660 MHz, 5000 MHz, 66.02 W, 77, P0
2026/09/30 09:04:02.909, Tesla T4, 10085 MiB, 4828 MiB, 15360 MiB, 100 %, 25 %, 675 MHz, 5000 MHz, 66.32 W, 77, P0
2026/09/30 09:04:03.422, Tesla T4, 10085 MiB, 4828 MiB, 15360 MiB, 98 %, 25 %, 720 MHz, 5000 MHz, 65.89 W, 77, P0
2026/09/30 09:04:03.942, Tesla T4, 10085 MiB, 4828 MiB, 15360 MiB, 100 %, 25 %, 675 MHz, 5000 MHz, 66.02 W, 77, P0
2026/09/30 09:04:04.454, Tesla T4, 10085 MiB, 4828 MiB, 15360 MiB, 98 %, 24 %, 705 MHz, 5000 MHz, 66.12 W, 77, P0
2026/09/30 09:04:04.966, Tesla T4, 10085 MiB, 4828 MiB, 15360 MiB, 98 %, 40 %, 660 MHz, 5000 MHz, 66.61 W, 77, P0
2026/09/30 09:04:05.480, Tesla T4, 10085 MiB, 4828 MiB, 15360 MiB, 99 %, 40 %, 825 MHz, 5000 MHz, 67.26 W, 77, P0
2026/09/30 09:04:05.990, Tesla T4, 10085 MiB, 4828 MiB, 15360 MiB, 100 %, 25 %, 705 MHz, 5000 MHz, 65.73 W, 77, P0
2026/09/30 09:04:06.503, Tesla T4, 10085 MiB, 4828 MiB, 15360 MiB, 100 %, 28 %, 570 MHz, 5000 MHz, 66.71 W, 77, P0
2026/09/30 09:04:07.014, Tesla T4, 10085 MiB, 4828 MiB, 15360 MiB, 100 %, 25 %, 705 MHz, 5000 MHz, 65.34 W, 77, P0
2026/09/30 09:04:07.524, Tesla T4, 10085 MiB, 4828 MiB, 15360 MiB, 100 %, 30 %, 615 MHz, 5000 MHz, 64.85 W, 77, P0
2026/09/30 09:04:08.037, Tesla T4, 10085 MiB, 4828 MiB, 15360 MiB, 100 %, 30 %, 735 MHz, 5000 MHz, 66.42 W, 77, P0
2026/09/30 09:04:08.548, Tesla T4, 10085 MiB, 4828 MiB, 15360 MiB, 98 %, 36 %, 855 MHz, 5000 MHz, 66.42 W, 77, P0
2026/09/30 09:04:09.077, Tesla T4, 10085 MiB, 4828 MiB, 15360 MiB, 100 %, 34 %, 645 MHz, 5000 MHz, 66.91 W, 77, P0
2026/09/30 09:04:09.605, Tesla T4, 10085 MiB, 4828 MiB, 15360 MiB, 82 %, 32 %, 555 MHz, 5000 MHz, 64.95 W, 77, P0
2026/09/30 09:04:10.143, Tesla T4, 10085 MiB, 4828 MiB, 15360 MiB, 100 %, 32 %, 615 MHz, 5000 MHz, 66.61 W, 77, P0
2026/09/30 09:04:10.673, Tesla T4, 10085 MiB, 4828 MiB, 15360 MiB, 98 %, 37 %, 585 MHz, 5000 MHz, 64.85 W, 77, P0
2026/09/30 09:04:11.199, Tesla T4, 10085 MiB, 4828 MiB, 15360 MiB, 95 %, 39 %, 615 MHz, 5000 MHz, 67.49 W, 77, P0
2026/09/30 09:04:11.717, Tesla T4, 10085 MiB, 4828 MiB, 15360 MiB, 100 %, 33 %, 600 MHz, 5000 MHz, 66.61 W, 77, P0
2026/09/30 09:04:12.228, Tesla T4, 10085 MiB, 4828 MiB, 15360 MiB, 91 %, 35 %, 630 MHz, 5000 MHz, 60.41 W, 77, P0
2026/09/30 09:04:12.746, Tesla T4, 10085 MiB, 4828 MiB, 15360 MiB, 96 %, 30 %, 615 MHz, 5000 MHz, 66.32 W, 77, P0
2026/09/30 09:04:13.258, Tesla T4, 10085 MiB, 4828 MiB, 15360 MiB, 98 %, 27 %, 645 MHz, 5000 MHz, 65.63 W, 77, P0
2026/09/30 09:04:13.775, Tesla T4, 10085 MiB, 4828 MiB, 15360 MiB, 100 %, 27 %, 600 MHz, 5000 MHz, 67.10 W, 77, P0
2026/09/30 09:04:14.289, Tesla T4, 10085 MiB, 4828 MiB, 15360 MiB, 100 %, 30 %, 615 MHz, 5000 MHz, 65.24 W, 77, P0
2026/09/30 09:04:14.805, Tesla T4, 10085 MiB, 4828 MiB, 15360 MiB, 100 %, 26 %, 600 MHz, 5000 MHz, 65.24 W, 77, P0
2026/09/30 09:04:15.318, Tesla T4, 10085 MiB, 4828 MiB, 15360 MiB, 100 %, 26 %, 555 MHz, 5000 MHz, 65.24 W, 77, P0
2026/09/30 09:04:15.838, Tesla T4, 10085 MiB, 4828 MiB, 15360 MiB, 98 %, 25 %, 705 MHz, 5000 MHz, 66.16 W, 77, P0
2026/09/30 09:04:16.348, Tesla T4, 10085 MiB, 4828 MiB, 15360 MiB, 91 %, 26 %, 615 MHz, 5000 MHz, 65.83 W, 77, P0
2026/09/30 09:04:16.861, Tesla T4, 10085 MiB, 4828 MiB, 15360 MiB, 100 %, 24 %, 705 MHz, 5000 MHz, 66.61 W, 77, P0
2026/09/30 09:04:17.375, Tesla T4, 10085 MiB, 4828 MiB, 15360 MiB, 100 %, 28 %, 615 MHz, 5000 MHz, 64.59 W, 77, P0
2026/09/30 09:04:17.887, Tesla T4, 10085 MiB, 4828 MiB, 15360 MiB, 100 %, 28 %, 600 MHz, 5000 MHz, 65.63 W, 77, P0
2026/09/30 09:04:18.403, Tesla T4, 10085 MiB, 4828 MiB, 15360 MiB, 100 %, 28 %, 645 MHz, 5000 MHz, 67.26 W, 77, P0
2026/09/30 09:04:18.914, Tesla T4, 10085 MiB, 4828 MiB, 15360 MiB, 90 %, 31 %, 630 MHz, 5000 MHz, 63.97 W, 77, P0
2026/09/30 09:04:19.431, Tesla T4, 10085 MiB, 4828 MiB, 15360 MiB, 100 %, 29 %, 570 MHz, 5000 MHz, 65.73 W, 77, P0
2026/09/30 09:04:19.943, Tesla T4, 10085 MiB, 4828 MiB, 15360 MiB, 98 %, 31 %, 660 MHz, 5000 MHz, 67.10 W, 77, P0
2026/09/30 09:04:20.456, Tesla T4, 10085 MiB, 4828 MiB, 15360 MiB, 96 %, 27 %, 675 MHz, 5000 MHz, 65.73 W, 77, P0
2026/09/30 09:04:20.967, Tesla T4, 10085 MiB, 4828 MiB, 15360 MiB, 100 %, 28 %, 645 MHz, 5000 MHz, 66.71 W, 77, P0
2026/09/30 09:04:21.479, Tesla T4, 10085 MiB, 4828 MiB, 15360 MiB, 100 %, 32 %, 735 MHz, 5000 MHz, 37.36 W, 76, P0
2026/09/30 09:04:22.007, Tesla T4, 10085 MiB, 4828 MiB, 15360 MiB, 100 %, 28 %, 660 MHz, 5000 MHz, 64.75 W, 77, P0
2026/09/30 09:04:22.532, Tesla T4, 10085 MiB, 4828 MiB, 15360 MiB, 100 %, 35 %, 555 MHz, 5000 MHz, 64.46 W, 77, P0
2026/09/30 09:04:23.055, Tesla T4, 10085 MiB, 4828 MiB, 15360 MiB, 100 %, 23 %, 690 MHz, 5000 MHz, 65.63 W, 77, P0
2026/09/30 09:04:23.595, Tesla T4, 10085 MiB, 4828 MiB, 15360 MiB, 100 %, 23 %, 690 MHz, 5000 MHz, 66.32 W, 77, P0
2026/09/30 09:04:24.125, Tesla T4, 10085 MiB, 4828 MiB, 15360 MiB, 79 %, 20 %, 735 MHz, 5000 MHz, 66.42 W, 77, P0
2026/09/30 09:04:24.643, Tesla T4, 10085 MiB, 4828 MiB, 15360 MiB, 100 %, 22 %, 720 MHz, 5000 MHz, 67.00 W, 77, P0
2026/09/30 09:04:25.153, Tesla T4, 10085 MiB, 4828 MiB, 15360 MiB, 98 %, 39 %, 540 MHz, 5000 MHz, 68.24 W, 77, P0
2026/09/30 09:04:25.671, Tesla T4, 10085 MiB, 4828 MiB, 15360 MiB, 100 %, 31 %, 555 MHz, 5000 MHz, 67.30 W, 77, P0
2026/09/30 09:04:26.186, Tesla T4, 10085 MiB, 4828 MiB, 15360 MiB, 100 %, 32 %, 645 MHz, 5000 MHz, 64.59 W, 76, P0
2026/09/30 09:04:26.702, Tesla T4, 10085 MiB, 4828 MiB, 15360 MiB, 100 %, 29 %, 570 MHz, 5000 MHz, 65.44 W, 77, P0
2026/09/30 09:04:27.214, Tesla T4, 10085 MiB, 4828 MiB, 15360 MiB, 100 %, 33 %, 645 MHz, 5000 MHz, 66.42 W, 77, P0
2026/09/30 09:04:27.731, Tesla T4, 10085 MiB, 4828 MiB, 15360 MiB, 100 %, 23 %, 720 MHz, 5000 MHz, 65.73 W, 77, P0
2026/09/30 09:04:28.243, Tesla T4, 10085 MiB, 4828 MiB, 15360 MiB, 100 %, 23 %, 690 MHz, 5000 MHz, 66.02 W, 77, P0
2026/09/30 09:04:28.762, Tesla T4, 10085 MiB, 4828 MiB, 15360 MiB, 100 %, 22 %, 705 MHz, 5000 MHz, 65.87 W, 77, P0
2026/09/30 09:04:29.273, Tesla T4, 10085 MiB, 4828 MiB, 15360 MiB, 100 %, 22 %, 690 MHz, 5000 MHz, 66.32 W, 77, P0
2026/09/30 09:04:29.791, Tesla T4, 10085 MiB, 4828 MiB, 15360 MiB, 100 %, 30 %, 615 MHz, 5000 MHz, 65.44 W, 77, P0
2026/09/30 09:04:30.377, Tesla T4, 10085 MiB, 4828 MiB, 15360 MiB, 100 %, 32 %, 615 MHz, 5000 MHz, 65.83 W, 77, P0
2026/09/30 09:04:30.889, Tesla T4, 10085 MiB, 4828 MiB, 15360 MiB, 100 %, 32 %, 585 MHz, 5000 MHz, 66.16 W, 77, P0
2026/09/30 09:04:31.405, Tesla T4, 10085 MiB, 4828 MiB, 15360 MiB, 100 %, 32 %, 585 MHz, 5000 MHz, 65.67 W, 77, P0
2026/09/30 09:04:31.917, Tesla T4, 10085 MiB, 4828 MiB, 15360 MiB, 100 %, 33 %, 615 MHz, 5000 MHz, 64.55 W, 77, P0
2026/09/30 09:04:32.435, Tesla T4, 10085 MiB, 4828 MiB, 15360 MiB, 100 %, 34 %, 690 MHz, 5000 MHz, 40.98 W, 77, P0
2026/09/30 09:04:32.947, Tesla T4, 10085 MiB, 4828 MiB, 15360 MiB, 98 %, 33 %, 555 MHz, 5000 MHz, 66.51 W, 77, P0
2026/09/30 09:04:33.464, Tesla T4, 10085 MiB, 4828 MiB, 15360 MiB, 96 %, 34 %, 555 MHz, 5000 MHz, 66.91 W, 77, P0
2026/09/30 09:04:33.976, Tesla T4, 10085 MiB, 4828 MiB, 15360 MiB, 90 %, 36 %, 555 MHz, 5000 MHz, 67.35 W, 77, P0
2026/09/30 09:04:34.489, Tesla T4, 10085 MiB, 4828 MiB, 15360 MiB, 98 %, 35 %, 705 MHz, 5000 MHz, 56.76 W, 77, P0
2026/09/30 09:04:35.027, Tesla T4, 10085 MiB, 4828 MiB, 15360 MiB, 80 %, 34 %, 660 MHz, 5000 MHz, 65.93 W, 77, P0
2026/09/30 09:04:35.559, Tesla T4, 10085 MiB, 4828 MiB, 15360 MiB, 94 %, 36 %, 645 MHz, 5000 MHz, 65.59 W, 77, P0
2026/09/30 09:04:36.103, Tesla T4, 10085 MiB, 4828 MiB, 15360 MiB, 96 %, 35 %, 645 MHz, 5000 MHz, 66.67 W, 77, P0
2026/09/30 09:04:36.621, Tesla T4, 10085 MiB, 4828 MiB, 15360 MiB, 82 %, 42 %, 690 MHz, 5000 MHz, 63.51 W, 77, P0
2026/09/30 09:04:37.139, Tesla T4, 10085 MiB, 4828 MiB, 15360 MiB, 100 %, 35 %, 630 MHz, 5000 MHz, 65.53 W, 77, P0
2026/09/30 09:04:37.651, Tesla T4, 10085 MiB, 4828 MiB, 15360 MiB, 100 %, 35 %, 555 MHz, 5000 MHz, 66.12 W, 77, P0
2026/09/30 09:04:38.162, Tesla T4, 10085 MiB, 4828 MiB, 15360 MiB, 97 %, 39 %, 690 MHz, 5000 MHz, 63.75 W, 77, P0
2026/09/30 09:04:38.679, Tesla T4, 10085 MiB, 4828 MiB, 15360 MiB, 99 %, 36 %, 645 MHz, 5000 MHz, 63.77 W, 77, P0
2026/09/30 09:04:39.191, Tesla T4, 10085 MiB, 4828 MiB, 15360 MiB, 100 %, 34 %, 630 MHz, 5000 MHz, 66.61 W, 77, P0
2026/09/30 09:04:39.706, Tesla T4, 10085 MiB, 4828 MiB, 15360 MiB, 100 %, 34 %, 570 MHz, 5000 MHz, 66.32 W, 77, P0
2026/09/30 09:04:40.217, Tesla T4, 10085 MiB, 4828 MiB, 15360 MiB, 89 %, 52 %, 675 MHz, 5000 MHz, 56.79 W, 77, P0
2026/09/30 09:04:40.736, Tesla T4, 10085 MiB, 4828 MiB, 15360 MiB, 98 %, 37 %, 630 MHz, 5000 MHz, 66.22 W, 77, P0
2026/09/30 09:04:41.247, Tesla T4, 10085 MiB, 4828 MiB, 15360 MiB, 98 %, 36 %, 615 MHz, 5000 MHz, 66.22 W, 77, P0
2026/09/30 09:04:41.765, Tesla T4, 10085 MiB, 4828 MiB, 15360 MiB, 99 %, 36 %, 675 MHz, 5000 MHz, 66.38 W, 77, P0
2026/09/30 09:04:42.282, Tesla T4, 10085 MiB, 4828 MiB, 15360 MiB, 96 %, 28 %, 735 MHz, 5000 MHz, 66.91 W, 77, P0
2026/09/30 09:04:42.798, Tesla T4, 10085 MiB, 4828 MiB, 15360 MiB, 100 %, 23 %, 720 MHz, 5000 MHz, 65.67 W, 77, P0
2026/09/30 09:04:43.309, Tesla T4, 10085 MiB, 4828 MiB, 15360 MiB, 98 %, 29 %, 630 MHz, 5000 MHz, 67.30 W, 77, P0
2026/09/30 09:04:43.821, Tesla T4, 10085 MiB, 4828 MiB, 15360 MiB, 100 %, 28 %, 780 MHz, 5000 MHz, 71.91 W, 76, P0
2026/09/30 09:04:44.337, Tesla T4, 10085 MiB, 4828 MiB, 15360 MiB, 100 %, 22 %, 720 MHz, 5000 MHz, 65.73 W, 77, P0
2026/09/30 09:04:44.849, Tesla T4, 10085 MiB, 4828 MiB, 15360 MiB, 100 %, 22 %, 720 MHz, 5000 MHz, 65.93 W, 77, P0
2026/09/30 09:04:45.368, Tesla T4, 10085 MiB, 4828 MiB, 15360 MiB, 100 %, 29 %, 585 MHz, 5000 MHz, 66.12 W, 77, P0
2026/09/30 09:04:45.880, Tesla T4, 10085 MiB, 4828 MiB, 15360 MiB, 90 %, 53 %, 630 MHz, 5000 MHz, 67.55 W, 77, P0
2026/09/30 09:04:46.394, Tesla T4, 10085 MiB, 4828 MiB, 15360 MiB, 100 %, 23 %, 720 MHz, 5000 MHz, 66.42 W, 77, P0
2026/09/30 09:04:46.911, Tesla T4, 10085 MiB, 4828 MiB, 15360 MiB, 100 %, 22 %, 690 MHz, 5000 MHz, 66.91 W, 77, P0
2026/09/30 09:04:47.423, Tesla T4, 10085 MiB, 4828 MiB, 15360 MiB, 100 %, 23 %, 720 MHz, 5000 MHz, 66.22 W, 77, P0
2026/09/30 09:04:47.946, Tesla T4, 10085 MiB, 4828 MiB, 15360 MiB, 100 %, 22 %, 690 MHz, 5000 MHz, 65.83 W, 77, P0
2026/09/30 09:04:48.469, Tesla T4, 10085 MiB, 4828 MiB, 15360 MiB, 100 %, 22 %, 705 MHz, 5000 MHz, 66.02 W, 77, P0
2026/09/30 09:04:48.993, Tesla T4, 10085 MiB, 4828 MiB, 15360 MiB, 100 %, 22 %, 690 MHz, 5000 MHz, 66.42 W, 77, P0
2026/09/30 09:04:49.517, Tesla T4, 10085 MiB, 4828 MiB, 15360 MiB, 100 %, 23 %, 720 MHz, 5000 MHz, 66.42 W, 77, P0
2026/09/30 09:04:50.047, Tesla T4, 10085 MiB, 4828 MiB, 15360 MiB, 100 %, 22 %, 690 MHz, 5000 MHz, 66.42 W, 77, P0
2026/09/30 09:04:50.562, Tesla T4, 10085 MiB, 4828 MiB, 15360 MiB, 99 %, 35 %, 1005 MHz, 5000 MHz, 79.15 W, 77, P0
2026/09/30 09:04:51.081, Tesla T4, 10085 MiB, 4828 MiB, 15360 MiB, 98 %, 33 %, 600 MHz, 5000 MHz, 66.51 W, 77, P0
2026/09/30 09:04:51.593, Tesla T4, 10085 MiB, 4828 MiB, 15360 MiB, 100 %, 25 %, 705 MHz, 5000 MHz, 66.32 W, 77, P0
2026/09/30 09:04:52.104, Tesla T4, 10085 MiB, 4828 MiB, 15360 MiB, 90 %, 27 %, 630 MHz, 5000 MHz, 65.04 W, 77, P0
2026/09/30 09:04:52.615, Tesla T4, 10085 MiB, 4828 MiB, 15360 MiB, 100 %, 24 %, 690 MHz, 5000 MHz, 65.63 W, 77, P0
2026/09/30 09:04:53.134, Tesla T4, 10085 MiB, 4828 MiB, 15360 MiB, 98 %, 30 %, 690 MHz, 5000 MHz, 67.40 W, 77, P0
2026/09/30 09:04:53.645, Tesla T4, 10085 MiB, 4828 MiB, 15360 MiB, 100 %, 23 %, 540 MHz, 5000 MHz, 81.00 W, 77, P0
2026/09/30 09:04:54.157, Tesla T4, 10085 MiB, 4828 MiB, 15360 MiB, 98 %, 27 %, 690 MHz, 5000 MHz, 65.38 W, 77, P0
2026/09/30 09:04:54.668, Tesla T4, 10085 MiB, 4828 MiB, 15360 MiB, 96 %, 27 %, 615 MHz, 5000 MHz, 66.18 W, 77, P0
2026/09/30 09:04:55.179, Tesla T4, 10085 MiB, 4828 MiB, 15360 MiB, 89 %, 36 %, 585 MHz, 5000 MHz, 66.02 W, 77, P0
2026/09/30 09:04:55.692, Tesla T4, 10085 MiB, 4828 MiB, 15360 MiB, 96 %, 30 %, 645 MHz, 5000 MHz, 66.81 W, 77, P0
2026/09/30 09:04:56.204, Tesla T4, 10085 MiB, 4828 MiB, 15360 MiB, 100 %, 32 %, 615 MHz, 5000 MHz, 65.04 W, 77, P0
2026/09/30 09:04:56.715, Tesla T4, 10085 MiB, 4828 MiB, 15360 MiB, 96 %, 33 %, 600 MHz, 5000 MHz, 64.89 W, 77, P0
2026/09/30 09:04:57.237, Tesla T4, 10085 MiB, 4828 MiB, 15360 MiB, 99 %, 29 %, 600 MHz, 5000 MHz, 65.83 W, 77, P0
2026/09/30 09:04:57.751, Tesla T4, 10085 MiB, 4828 MiB, 15360 MiB, 90 %, 28 %, 615 MHz, 5000 MHz, 66.51 W, 77, P0
2026/09/30 09:04:58.264, Tesla T4, 10085 MiB, 4828 MiB, 15360 MiB, 98 %, 29 %, 600 MHz, 5000 MHz, 66.32 W, 77, P0
2026/09/30 09:04:58.783, Tesla T4, 10085 MiB, 4828 MiB, 15360 MiB, 90 %, 46 %, 510 MHz, 5000 MHz, 75.39 W, 76, P0
2026/09/30 09:04:59.296, Tesla T4, 10085 MiB, 4828 MiB, 15360 MiB, 99 %, 37 %, 735 MHz, 5000 MHz, 65.34 W, 77, P0
2026/09/30 09:04:59.807, Tesla T4, 10085 MiB, 4828 MiB, 15360 MiB, 96 %, 40 %, 720 MHz, 5000 MHz, 68.96 W, 77, P0
2026/09/30 09:05:00.321, Tesla T4, 10085 MiB, 4828 MiB, 15360 MiB, 87 %, 37 %, 840 MHz, 5000 MHz, 65.83 W, 77, P0
2026/09/30 09:05:00.853, Tesla T4, 10085 MiB, 4828 MiB, 15360 MiB, 100 %, 23 %, 690 MHz, 5000 MHz, 69.51 W, 77, P0
2026/09/30 09:05:01.384, Tesla T4, 10085 MiB, 4828 MiB, 15360 MiB, 100 %, 32 %, 660 MHz, 5000 MHz, 66.16 W, 77, P0
2026/09/30 09:05:01.913, Tesla T4, 10085 MiB, 4828 MiB, 15360 MiB, 98 %, 24 %, 630 MHz, 5000 MHz, 65.14 W, 77, P0
2026/09/30 09:05:02.434, Tesla T4, 10085 MiB, 4828 MiB, 15360 MiB, 94 %, 28 %, 675 MHz, 5000 MHz, 65.67 W, 77, P0
2026/09/30 09:05:02.956, Tesla T4, 10085 MiB, 4828 MiB, 15360 MiB, 100 %, 29 %, 765 MHz, 5000 MHz, 65.18 W, 77, P0
2026/09/30 09:05:03.484, Tesla T4, 10085 MiB, 4828 MiB, 15360 MiB, 90 %, 27 %, 600 MHz, 5000 MHz, 41.58 W, 77, P0
2026/09/30 09:05:03.996, Tesla T4, 10085 MiB, 4828 MiB, 15360 MiB, 100 %, 28 %, 675 MHz, 5000 MHz, 66.32 W, 77, P0
2026/09/30 09:05:04.518, Tesla T4, 10085 MiB, 4828 MiB, 15360 MiB, 100 %, 33 %, 645 MHz, 5000 MHz, 64.50 W, 76, P0
2026/09/30 09:05:05.034, Tesla T4, 10085 MiB, 4828 MiB, 15360 MiB, 100 %, 33 %, 735 MHz, 5000 MHz, 67.49 W, 77, P0
2026/09/30 09:05:05.546, Tesla T4, 10085 MiB, 4828 MiB, 15360 MiB, 100 %, 32 %, 630 MHz, 5000 MHz, 66.46 W, 77, P0
2026/09/30 09:05:06.057, Tesla T4, 10085 MiB, 4828 MiB, 15360 MiB, 100 %, 25 %, 705 MHz, 5000 MHz, 65.97 W, 77, P0
2026/09/30 09:05:06.571, Tesla T4, 10085 MiB, 4828 MiB, 15360 MiB, 99 %, 36 %, 705 MHz, 5000 MHz, 71.37 W, 77, P0
2026/09/30 09:05:07.082, Tesla T4, 10085 MiB, 4828 MiB, 15360 MiB, 99 %, 31 %, 645 MHz, 5000 MHz, 68.08 W, 77, P0
2026/09/30 09:05:07.599, Tesla T4, 10085 MiB, 4828 MiB, 15360 MiB, 99 %, 41 %, 690 MHz, 5000 MHz, 63.03 W, 76, P0
2026/09/30 09:05:08.110, Tesla T4, 10085 MiB, 4828 MiB, 15360 MiB, 100 %, 32 %, 630 MHz, 5000 MHz, 66.12 W, 77, P0
2026/09/30 09:05:08.621, Tesla T4, 10085 MiB, 4828 MiB, 15360 MiB, 89 %, 37 %, 645 MHz, 5000 MHz, 62.83 W, 77, P0
2026/09/30 09:05:09.137, Tesla T4, 10085 MiB, 4828 MiB, 15360 MiB, 96 %, 39 %, 600 MHz, 5000 MHz, 70.92 W, 77, P0
2026/09/30 09:05:09.650, Tesla T4, 10085 MiB, 4828 MiB, 15360 MiB, 100 %, 38 %, 630 MHz, 5000 MHz, 76.61 W, 77, P0
2026/09/30 09:05:10.168, Tesla T4, 10085 MiB, 4828 MiB, 15360 MiB, 96 %, 33 %, 645 MHz, 5000 MHz, 66.91 W, 77, P0
2026/09/30 09:05:10.679, Tesla T4, 10085 MiB, 4828 MiB, 15360 MiB, 100 %, 29 %, 555 MHz, 5000 MHz, 67.94 W, 77, P0
2026/09/30 09:05:11.200, Tesla T4, 10085 MiB, 4828 MiB, 15360 MiB, 100 %, 29 %, 630 MHz, 5000 MHz, 66.56 W, 77, P0
2026/09/30 09:05:11.711, Tesla T4, 10085 MiB, 4828 MiB, 15360 MiB, 96 %, 30 %, 675 MHz, 5000 MHz, 65.42 W, 77, P0
2026/09/30 09:05:12.228, Tesla T4, 10085 MiB, 4828 MiB, 15360 MiB, 98 %, 26 %, 615 MHz, 5000 MHz, 66.61 W, 77, P0
2026/09/30 09:05:12.739, Tesla T4, 10085 MiB, 4828 MiB, 15360 MiB, 90 %, 26 %, 675 MHz, 5000 MHz, 69.12 W, 77, P0
2026/09/30 09:05:13.255, Tesla T4, 10085 MiB, 4828 MiB, 15360 MiB, 100 %, 23 %, 615 MHz, 5000 MHz, 66.02 W, 77, P0
2026/09/30 09:05:13.803, Tesla T4, 10085 MiB, 4828 MiB, 15360 MiB, 94 %, 32 %, 600 MHz, 5000 MHz, 66.12 W, 77, P0
2026/09/30 09:05:14.330, Tesla T4, 10085 MiB, 4828 MiB, 15360 MiB, 97 %, 43 %, 630 MHz, 5000 MHz, 63.81 W, 77, P0
2026/09/30 09:05:14.855, Tesla T4, 10085 MiB, 4828 MiB, 15360 MiB, 96 %, 32 %, 615 MHz, 5000 MHz, 66.61 W, 77, P0
2026/09/30 09:05:15.381, Tesla T4, 10085 MiB, 4828 MiB, 15360 MiB, 90 %, 32 %, 615 MHz, 5000 MHz, 65.04 W, 77, P0
2026/09/30 09:05:15.910, Tesla T4, 10085 MiB, 4828 MiB, 15360 MiB, 91 %, 36 %, 645 MHz, 5000 MHz, 66.12 W, 77, P0
2026/09/30 09:05:16.424, Tesla T4, 10085 MiB, 4828 MiB, 15360 MiB, 91 %, 36 %, 585 MHz, 5000 MHz, 67.44 W, 77, P0
2026/09/30 09:05:16.938, Tesla T4, 10085 MiB, 4828 MiB, 15360 MiB, 95 %, 33 %, 720 MHz, 5000 MHz, 65.57 W, 77, P0
2026/09/30 09:05:17.449, Tesla T4, 10085 MiB, 4828 MiB, 15360 MiB, 100 %, 23 %, 735 MHz, 5000 MHz, 66.16 W, 77, P0
2026/09/30 09:05:17.966, Tesla T4, 10085 MiB, 4828 MiB, 15360 MiB, 98 %, 24 %, 630 MHz, 5000 MHz, 65.63 W, 77, P0
2026/09/30 09:05:18.477, Tesla T4, 10085 MiB, 4828 MiB, 15360 MiB, 89 %, 23 %, 720 MHz, 5000 MHz, 66.71 W, 77, P0
2026/09/30 09:05:18.992, Tesla T4, 10085 MiB, 4828 MiB, 15360 MiB, 100 %, 22 %, 720 MHz, 5000 MHz, 64.59 W, 77, P0
2026/09/30 09:05:19.503, Tesla T4, 10085 MiB, 4828 MiB, 15360 MiB, 98 %, 35 %, 615 MHz, 5000 MHz, 66.81 W, 77, P0
2026/09/30 09:05:20.020, Tesla T4, 10085 MiB, 4828 MiB, 15360 MiB, 90 %, 44 %, 615 MHz, 5000 MHz, 69.80 W, 77, P0
2026/09/30 09:05:20.533, Tesla T4, 10085 MiB, 4828 MiB, 15360 MiB, 99 %, 37 %, 585 MHz, 5000 MHz, 67.00 W, 77, P0
2026/09/30 09:05:21.049, Tesla T4, 10085 MiB, 4828 MiB, 15360 MiB, 95 %, 37 %, 615 MHz, 5000 MHz, 66.95 W, 77, P0
2026/09/30 09:05:21.565, Tesla T4, 10085 MiB, 4828 MiB, 15360 MiB, 100 %, 33 %, 720 MHz, 5000 MHz, 69.02 W, 77, P0
2026/09/30 09:05:22.082, Tesla T4, 10085 MiB, 4828 MiB, 15360 MiB, 95 %, 43 %, 690 MHz, 5000 MHz, 67.30 W, 77, P0
2026/09/30 09:05:22.594, Tesla T4, 10085 MiB, 4828 MiB, 15360 MiB, 100 %, 28 %, 675 MHz, 5000 MHz, 65.73 W, 77, P0
2026/09/30 09:05:23.112, Tesla T4, 10085 MiB, 4828 MiB, 15360 MiB, 100 %, 27 %, 675 MHz, 5000 MHz, 66.51 W, 77, P0
2026/09/30 09:05:23.623, Tesla T4, 10085 MiB, 4828 MiB, 15360 MiB, 96 %, 43 %, 570 MHz, 5000 MHz, 65.14 W, 77, P0
2026/09/30 09:05:24.140, Tesla T4, 10085 MiB, 4828 MiB, 15360 MiB, 98 %, 32 %, 630 MHz, 5000 MHz, 66.56 W, 77, P0
2026/09/30 09:05:24.654, Tesla T4, 10085 MiB, 4828 MiB, 15360 MiB, 90 %, 34 %, 570 MHz, 5000 MHz, 64.59 W, 77, P0
2026/09/30 09:05:25.170, Tesla T4, 10085 MiB, 4828 MiB, 15360 MiB, 98 %, 31 %, 630 MHz, 5000 MHz, 65.24 W, 77, P0
2026/09/30 09:05:25.682, Tesla T4, 10085 MiB, 4828 MiB, 15360 MiB, 96 %, 33 %, 615 MHz, 5000 MHz, 65.77 W, 77, P0
2026/09/30 09:05:26.200, Tesla T4, 10085 MiB, 4828 MiB, 15360 MiB, 98 %, 33 %, 900 MHz, 5000 MHz, 85.05 W, 77, P0
2026/09/30 09:05:26.738, Tesla T4, 10085 MiB, 4828 MiB, 15360 MiB, 98 %, 31 %, 630 MHz, 5000 MHz, 66.67 W, 77, P0
2026/09/30 09:05:27.260, Tesla T4, 10085 MiB, 4828 MiB, 15360 MiB, 100 %, 32 %, 570 MHz, 5000 MHz, 66.32 W, 76, P0
2026/09/30 09:05:27.789, Tesla T4, 10085 MiB, 4828 MiB, 15360 MiB, 98 %, 37 %, 555 MHz, 5000 MHz, 64.65 W, 77, P0
2026/09/30 09:05:28.317, Tesla T4, 10085 MiB, 4828 MiB, 15360 MiB, 100 %, 27 %, 645 MHz, 5000 MHz, 65.93 W, 77, P0
2026/09/30 09:05:28.840, Tesla T4, 10085 MiB, 4828 MiB, 15360 MiB, 100 %, 27 %, 600 MHz, 5000 MHz, 67.59 W, 77, P0
2026/09/30 09:05:29.359, Tesla T4, 10085 MiB, 4828 MiB, 15360 MiB, 100 %, 23 %, 735 MHz, 5000 MHz, 65.44 W, 77, P0
2026/09/30 09:05:29.878, Tesla T4, 10085 MiB, 4828 MiB, 15360 MiB, 100 %, 20 %, 705 MHz, 5000 MHz, 65.87 W, 76, P0
2026/09/30 09:05:30.416, Tesla T4, 10085 MiB, 4828 MiB, 15360 MiB, 100 %, 26 %, 615 MHz, 5000 MHz, 66.61 W, 77, P0
2026/09/30 09:05:30.933, Tesla T4, 10085 MiB, 4828 MiB, 15360 MiB, 97 %, 25 %, 720 MHz, 5000 MHz, 66.91 W, 77, P0
2026/09/30 09:05:31.444, Tesla T4, 10085 MiB, 4828 MiB, 15360 MiB, 100 %, 22 %, 720 MHz, 5000 MHz, 65.48 W, 77, P0
2026/09/30 09:05:31.960, Tesla T4, 10085 MiB, 4828 MiB, 15360 MiB, 96 %, 39 %, 615 MHz, 5000 MHz, 65.42 W, 77, P0
2026/09/30 09:05:32.471, Tesla T4, 10085 MiB, 4828 MiB, 15360 MiB, 90 %, 39 %, 645 MHz, 5000 MHz, 66.16 W, 77, P0
2026/09/30 09:05:32.985, Tesla T4, 10085 MiB, 4828 MiB, 15360 MiB, 99 %, 32 %, 570 MHz, 5000 MHz, 65.48 W, 77, P0
2026/09/30 09:05:33.497, Tesla T4, 10085 MiB, 4828 MiB, 15360 MiB, 98 %, 34 %, 570 MHz, 5000 MHz, 64.69 W, 77, P0
2026/09/30 09:05:34.007, Tesla T4, 10085 MiB, 4828 MiB, 15360 MiB, 100 %, 30 %, 660 MHz, 5000 MHz, 67.98 W, 77, P0
2026/09/30 09:05:34.519, Tesla T4, 10085 MiB, 4828 MiB, 15360 MiB, 90 %, 28 %, 855 MHz, 5000 MHz, 51.51 W, 77, P0
2026/09/30 09:05:35.038, Tesla T4, 10085 MiB, 4828 MiB, 15360 MiB, 100 %, 29 %, 630 MHz, 5000 MHz, 67.79 W, 77, P0
2026/09/30 09:05:35.549, Tesla T4, 10085 MiB, 4828 MiB, 15360 MiB, 96 %, 32 %, 645 MHz, 5000 MHz, 69.02 W, 77, P0
2026/09/30 09:05:36.061, Tesla T4, 10085 MiB, 4828 MiB, 15360 MiB, 100 %, 37 %, 645 MHz, 5000 MHz, 72.60 W, 77, P0
2026/09/30 09:05:36.579, Tesla T4, 10085 MiB, 4828 MiB, 15360 MiB, 96 %, 44 %, 660 MHz, 5000 MHz, 66.91 W, 77, P0
2026/09/30 09:05:37.093, Tesla T4, 10085 MiB, 4828 MiB, 15360 MiB, 95 %, 42 %, 615 MHz, 5000 MHz, 66.02 W, 77, P0
2026/09/30 09:05:37.606, Tesla T4, 10085 MiB, 4828 MiB, 15360 MiB, 98 %, 27 %, 675 MHz, 5000 MHz, 66.12 W, 77, P0
2026/09/30 09:05:38.117, Tesla T4, 10085 MiB, 4828 MiB, 15360 MiB, 90 %, 22 %, 630 MHz, 5000 MHz, 66.42 W, 77, P0
2026/09/30 09:05:38.629, Tesla T4, 10085 MiB, 4828 MiB, 15360 MiB, 98 %, 27 %, 690 MHz, 5000 MHz, 66.42 W, 77, P0
2026/09/30 09:05:39.142, Tesla T4, 10085 MiB, 4828 MiB, 15360 MiB, 100 %, 24 %, 720 MHz, 5000 MHz, 65.38 W, 77, P0
2026/09/30 09:05:39.668, Tesla T4, 10085 MiB, 4828 MiB, 15360 MiB, 98 %, 26 %, 630 MHz, 5000 MHz, 65.28 W, 77, P0
2026/09/30 09:05:40.203, Tesla T4, 10085 MiB, 4828 MiB, 15360 MiB, 81 %, 24 %, 705 MHz, 5000 MHz, 78.37 W, 77, P0
2026/09/30 09:05:40.729, Tesla T4, 10085 MiB, 4828 MiB, 15360 MiB, 100 %, 23 %, 615 MHz, 5000 MHz, 66.46 W, 77, P0
2026/09/30 09:05:41.253, Tesla T4, 10085 MiB, 4828 MiB, 15360 MiB, 94 %, 31 %, 555 MHz, 5000 MHz, 66.12 W, 77, P0
2026/09/30 09:05:41.777, Tesla T4, 10085 MiB, 4828 MiB, 15360 MiB, 100 %, 23 %, 705 MHz, 5000 MHz, 65.57 W, 77, P0
2026/09/30 09:05:42.296, Tesla T4, 10085 MiB, 4828 MiB, 15360 MiB, 100 %, 23 %, 750 MHz, 5000 MHz, 64.79 W, 77, P0
2026/09/30 09:05:42.813, Tesla T4, 10085 MiB, 4828 MiB, 15360 MiB, 93 %, 35 %, 555 MHz, 5000 MHz, 65.44 W, 77, P0
2026/09/30 09:05:43.325, Tesla T4, 10085 MiB, 4828 MiB, 15360 MiB, 98 %, 24 %, 720 MHz, 5000 MHz, 65.08 W, 77, P0
2026/09/30 09:05:43.842, Tesla T4, 10085 MiB, 4828 MiB, 15360 MiB, 100 %, 22 %, 705 MHz, 5000 MHz, 66.16 W, 77, P0
2026/09/30 09:05:44.354, Tesla T4, 10085 MiB, 4828 MiB, 15360 MiB, 96 %, 38 %, 555 MHz, 5000 MHz, 66.42 W, 77, P0
2026/09/30 09:05:44.869, Tesla T4, 10085 MiB, 4828 MiB, 15360 MiB, 100 %, 28 %, 645 MHz, 5000 MHz, 65.18 W, 77, P0
2026/09/30 09:05:45.381, Tesla T4, 10085 MiB, 4828 MiB, 15360 MiB, 90 %, 30 %, 540 MHz, 5000 MHz, 65.97 W, 77, P0
2026/09/30 09:05:45.892, Tesla T4, 10085 MiB, 4828 MiB, 15360 MiB, 100 %, 27 %, 660 MHz, 5000 MHz, 67.14 W, 77, P0
2026/09/30 09:05:46.405, Tesla T4, 10085 MiB, 4828 MiB, 15360 MiB, 100 %, 24 %, 585 MHz, 5000 MHz, 66.75 W, 77, P0
2026/09/30 09:05:46.918, Tesla T4, 10085 MiB, 4828 MiB, 15360 MiB, 95 %, 41 %, 615 MHz, 5000 MHz, 65.73 W, 77, P0
2026/09/30 09:05:47.436, Tesla T4, 10085 MiB, 4828 MiB, 15360 MiB, 100 %, 26 %, 630 MHz, 5000 MHz, 65.57 W, 77, P0
2026/09/30 09:05:47.948, Tesla T4, 10085 MiB, 4828 MiB, 15360 MiB, 90 %, 34 %, 645 MHz, 5000 MHz, 65.28 W, 77, P0
2026/09/30 09:05:48.463, Tesla T4, 10085 MiB, 4828 MiB, 15360 MiB, 100 %, 26 %, 615 MHz, 5000 MHz, 66.36 W, 77, P0
2026/09/30 09:05:48.975, Tesla T4, 10085 MiB, 4828 MiB, 15360 MiB, 93 %, 37 %, 540 MHz, 5000 MHz, 65.97 W, 77, P0
2026/09/30 09:05:49.487, Tesla T4, 10085 MiB, 4828 MiB, 15360 MiB, 100 %, 30 %, 630 MHz, 5000 MHz, 65.14 W, 77, P0
2026/09/30 09:05:50.005, Tesla T4, 10085 MiB, 4828 MiB, 15360 MiB, 90 %, 32 %, 555 MHz, 5000 MHz, 65.28 W, 77, P0
2026/09/30 09:05:50.517, Tesla T4, 10085 MiB, 4828 MiB, 15360 MiB, 100 %, 30 %, 600 MHz, 5000 MHz, 66.71 W, 77, P0
2026/09/30 09:05:51.030, Tesla T4, 10085 MiB, 4828 MiB, 15360 MiB, 95 %, 47 %, 555 MHz, 5000 MHz, 62.16 W, 77, P0
2026/09/30 09:05:51.544, Tesla T4, 10085 MiB, 4828 MiB, 15360 MiB, 100 %, 25 %, 600 MHz, 5000 MHz, 65.57 W, 77, P0
2026/09/30 09:05:52.061, Tesla T4, 10085 MiB, 4828 MiB, 15360 MiB, 100 %, 25 %, 630 MHz, 5000 MHz, 69.55 W, 77, P0
2026/09/30 09:05:52.588, Tesla T4, 10085 MiB, 4828 MiB, 15360 MiB, 100 %, 24 %, 600 MHz, 5000 MHz, 65.53 W, 77, P0
2026/09/30 09:05:53.126, Tesla T4, 10085 MiB, 4828 MiB, 15360 MiB, 98 %, 37 %, 645 MHz, 5000 MHz, 69.36 W, 77, P0
2026/09/30 09:05:53.670, Tesla T4, 10085 MiB, 4828 MiB, 15360 MiB, 100 %, 32 %, 645 MHz, 5000 MHz, 65.48 W, 77, P0
2026/09/30 09:05:54.210, Tesla T4, 10085 MiB, 4828 MiB, 15360 MiB, 100 %, 34 %, 705 MHz, 5000 MHz, 68.08 W, 77, P0
2026/09/30 09:05:54.733, Tesla T4, 10085 MiB, 4828 MiB, 15360 MiB, 100 %, 25 %, 690 MHz, 5000 MHz, 65.48 W, 77, P0
2026/09/30 09:05:55.244, Tesla T4, 10085 MiB, 4828 MiB, 15360 MiB, 98 %, 36 %, 675 MHz, 5000 MHz, 69.70 W, 77, P0
2026/09/30 09:05:55.757, Tesla T4, 10085 MiB, 4828 MiB, 15360 MiB, 99 %, 29 %, 630 MHz, 5000 MHz, 68.38 W, 77, P0
2026/09/30 09:05:56.268, Tesla T4, 10085 MiB, 4828 MiB, 15360 MiB, 100 %, 32 %, 720 MHz, 5000 MHz, 65.38 W, 77, P0
2026/09/30 09:05:56.779, Tesla T4, 10085 MiB, 4828 MiB, 15360 MiB, 90 %, 27 %, 600 MHz, 5000 MHz, 64.20 W, 77, P0
2026/09/30 09:05:57.294, Tesla T4, 10085 MiB, 4828 MiB, 15360 MiB, 100 %, 30 %, 600 MHz, 5000 MHz, 64.46 W, 77, P0
2026/09/30 09:05:57.806, Tesla T4, 10085 MiB, 4828 MiB, 15360 MiB, 96 %, 31 %, 555 MHz, 5000 MHz, 65.38 W, 77, P0
2026/09/30 09:05:58.324, Tesla T4, 10085 MiB, 4828 MiB, 15360 MiB, 99 %, 36 %, 555 MHz, 5000 MHz, 64.79 W, 77, P0
2026/09/30 09:05:58.839, Tesla T4, 10085 MiB, 4828 MiB, 15360 MiB, 95 %, 37 %, 705 MHz, 5000 MHz, 66.75 W, 77, P0
2026/09/30 09:05:59.352, Tesla T4, 10085 MiB, 4828 MiB, 15360 MiB, 98 %, 28 %, 630 MHz, 5000 MHz, 66.71 W, 77, P0
2026/09/30 09:05:59.865, Tesla T4, 10085 MiB, 4828 MiB, 15360 MiB, 89 %, 28 %, 705 MHz, 5000 MHz, 65.67 W, 77, P0
2026/09/30 09:06:00.376, Tesla T4, 10085 MiB, 4828 MiB, 15360 MiB, 98 %, 30 %, 615 MHz, 5000 MHz, 66.85 W, 77, P0
2026/09/30 09:06:00.893, Tesla T4, 10085 MiB, 4828 MiB, 15360 MiB, 96 %, 31 %, 600 MHz, 5000 MHz, 66.42 W, 77, P0
2026/09/30 09:06:01.404, Tesla T4, 10085 MiB, 4828 MiB, 15360 MiB, 100 %, 34 %, 570 MHz, 5000 MHz, 65.34 W, 77, P0
2026/09/30 09:06:01.916, Tesla T4, 10085 MiB, 4828 MiB, 15360 MiB, 97 %, 37 %, 690 MHz, 5000 MHz, 67.69 W, 77, P0
2026/09/30 09:06:02.432, Tesla T4, 10085 MiB, 4828 MiB, 15360 MiB, 98 %, 37 %, 735 MHz, 5000 MHz, 67.28 W, 77, P0
2026/09/30 09:06:02.942, Tesla T4, 10085 MiB, 4828 MiB, 15360 MiB, 100 %, 32 %, 555 MHz, 5000 MHz, 64.48 W, 77, P0
2026/09/30 09:06:03.455, Tesla T4, 10085 MiB, 4828 MiB, 15360 MiB, 89 %, 32 %, 630 MHz, 5000 MHz, 66.85 W, 77, P0
2026/09/30 09:06:03.968, Tesla T4, 10085 MiB, 4828 MiB, 15360 MiB, 98 %, 31 %, 540 MHz, 5000 MHz, 66.36 W, 77, P0
2026/09/30 09:06:04.479, Tesla T4, 10085 MiB, 4828 MiB, 15360 MiB, 87 %, 48 %, 450 MHz, 5000 MHz, 66.36 W, 77, P0
2026/09/30 09:06:04.997, Tesla T4, 10085 MiB, 4828 MiB, 15360 MiB, 100 %, 33 %, 690 MHz, 5000 MHz, 66.51 W, 77, P0
2026/09/30 09:06:05.514, Tesla T4, 10085 MiB, 4828 MiB, 15360 MiB, 95 %, 23 %, 585 MHz, 5000 MHz, 74.55 W, 77, P0
2026/09/30 09:06:06.059, Tesla T4, 10085 MiB, 4828 MiB, 15360 MiB, 100 %, 25 %, 690 MHz, 5000 MHz, 66.42 W, 77, P0
2026/09/30 09:06:06.598, Tesla T4, 10085 MiB, 4828 MiB, 15360 MiB, 94 %, 30 %, 645 MHz, 5000 MHz, 66.42 W, 77, P0
2026/09/30 09:06:07.119, Tesla T4, 10085 MiB, 4828 MiB, 15360 MiB, 98 %, 37 %, 585 MHz, 5000 MHz, 80.76 W, 77, P0
2026/09/30 09:06:07.649, Tesla T4, 10085 MiB, 4828 MiB, 15360 MiB, 100 %, 28 %, 600 MHz, 5000 MHz, 66.42 W, 77, P0
2026/09/30 09:06:08.161, Tesla T4, 10085 MiB, 4828 MiB, 15360 MiB, 97 %, 36 %, 555 MHz, 5000 MHz, 66.56 W, 77, P0
2026/09/30 09:06:08.673, Tesla T4, 10085 MiB, 4828 MiB, 15360 MiB, 90 %, 35 %, 570 MHz, 5000 MHz, 66.51 W, 77, P0
2026/09/30 09:06:09.184, Tesla T4, 10085 MiB, 4828 MiB, 15360 MiB, 99 %, 35 %, 555 MHz, 5000 MHz, 67.44 W, 77, P0
2026/09/30 09:06:09.701, Tesla T4, 10085 MiB, 4828 MiB, 15360 MiB, 90 %, 46 %, 630 MHz, 5000 MHz, 69.75 W, 77, P0
2026/09/30 09:06:10.213, Tesla T4, 10085 MiB, 4828 MiB, 15360 MiB, 96 %, 37 %, 765 MHz, 5000 MHz, 70.54 W, 77, P0
2026/09/30 09:06:10.733, Tesla T4, 10085 MiB, 4828 MiB, 15360 MiB, 100 %, 30 %, 555 MHz, 5000 MHz, 67.10 W, 77, P0
2026/09/30 09:06:11.244, Tesla T4, 10085 MiB, 4828 MiB, 15360 MiB, 100 %, 29 %, 600 MHz, 5000 MHz, 64.79 W, 77, P0
2026/09/30 09:06:11.759, Tesla T4, 10085 MiB, 4828 MiB, 15360 MiB, 96 %, 28 %, 645 MHz, 5000 MHz, 65.24 W, 77, P0
2026/09/30 09:06:12.272, Tesla T4, 10085 MiB, 4828 MiB, 15360 MiB, 100 %, 26 %, 645 MHz, 5000 MHz, 66.22 W, 77, P0
2026/09/30 09:06:12.788, Tesla T4, 10085 MiB, 4828 MiB, 15360 MiB, 100 %, 25 %, 690 MHz, 5000 MHz, 65.73 W, 77, P0
2026/09/30 09:06:13.300, Tesla T4, 10085 MiB, 4828 MiB, 15360 MiB, 100 %, 27 %, 660 MHz, 5000 MHz, 66.51 W, 77, P0
2026/09/30 09:06:13.811, Tesla T4, 10085 MiB, 4828 MiB, 15360 MiB, 98 %, 26 %, 690 MHz, 5000 MHz, 65.93 W, 77, P0
2026/09/30 09:06:14.323, Tesla T4, 10085 MiB, 4828 MiB, 15360 MiB, 96 %, 35 %, 615 MHz, 5000 MHz, 65.28 W, 77, P0
2026/09/30 09:06:14.836, Tesla T4, 10085 MiB, 4828 MiB, 15360 MiB, 93 %, 28 %, 615 MHz, 5000 MHz, 67.04 W, 77, P0
2026/09/30 09:06:15.353, Tesla T4, 10085 MiB, 4828 MiB, 15360 MiB, 96 %, 27 %, 690 MHz, 5000 MHz, 67.35 W, 77, P0
2026/09/30 09:06:15.866, Tesla T4, 10085 MiB, 4828 MiB, 15360 MiB, 100 %, 24 %, 510 MHz, 5000 MHz, 65.73 W, 77, P0
2026/09/30 09:06:16.376, Tesla T4, 10085 MiB, 4828 MiB, 15360 MiB, 100 %, 25 %, 675 MHz, 5000 MHz, 65.48 W, 77, P0
2026/09/30 09:06:16.891, Tesla T4, 10085 MiB, 4828 MiB, 15360 MiB, 100 %, 28 %, 675 MHz, 5000 MHz, 66.36 W, 77, P0
2026/09/30 09:06:17.403, Tesla T4, 10085 MiB, 4828 MiB, 15360 MiB, 99 %, 38 %, 750 MHz, 5000 MHz, 75.44 W, 77, P0
2026/09/30 09:06:17.925, Tesla T4, 10085 MiB, 4828 MiB, 15360 MiB, 100 %, 27 %, 645 MHz, 5000 MHz, 64.73 W, 77, P0
2026/09/30 09:06:18.449, Tesla T4, 10085 MiB, 4828 MiB, 15360 MiB, 95 %, 37 %, 660 MHz, 5000 MHz, 64.20 W, 77, P0
2026/09/30 09:06:18.978, Tesla T4, 10085 MiB, 4828 MiB, 15360 MiB, 94 %, 37 %, 660 MHz, 5000 MHz, 69.12 W, 77, P0
2026/09/30 09:06:19.514, Tesla T4, 10085 MiB, 4828 MiB, 15360 MiB, 82 %, 35 %, 720 MHz, 5000 MHz, 65.63 W, 77, P0
2026/09/30 09:06:20.038, Tesla T4, 10085 MiB, 4828 MiB, 15360 MiB, 88 %, 42 %, 660 MHz, 5000 MHz, 66.22 W, 77, P0
2026/09/30 09:06:20.564, Tesla T4, 10085 MiB, 4828 MiB, 15360 MiB, 99 %, 36 %, 600 MHz, 5000 MHz, 66.26 W, 77, P0
2026/09/30 09:06:21.076, Tesla T4, 10085 MiB, 4828 MiB, 15360 MiB, 100 %, 32 %, 645 MHz, 5000 MHz, 67.69 W, 77, P0
2026/09/30 09:06:21.588, Tesla T4, 10085 MiB, 4828 MiB, 15360 MiB, 100 %, 23 %, 705 MHz, 5000 MHz, 65.77 W, 77, P0
2026/09/30 09:06:22.101, Tesla T4, 10085 MiB, 4828 MiB, 15360 MiB, 100 %, 23 %, 720 MHz, 5000 MHz, 66.06 W, 77, P0
2026/09/30 09:06:22.612, Tesla T4, 10085 MiB, 4828 MiB, 15360 MiB, 100 %, 26 %, 615 MHz, 5000 MHz, 67.49 W, 77, P0
2026/09/30 09:06:23.123, Tesla T4, 10085 MiB, 4828 MiB, 15360 MiB, 100 %, 26 %, 630 MHz, 5000 MHz, 66.42 W, 77, P0
2026/09/30 09:06:23.635, Tesla T4, 10085 MiB, 4828 MiB, 15360 MiB, 89 %, 26 %, 735 MHz, 5000 MHz, 65.77 W, 77, P0
2026/09/30 09:06:24.148, Tesla T4, 10085 MiB, 4828 MiB, 15360 MiB, 100 %, 22 %, 720 MHz, 5000 MHz, 67.10 W, 77, P0
2026/09/30 09:06:24.660, Tesla T4, 10085 MiB, 4828 MiB, 15360 MiB, 98 %, 27 %, 600 MHz, 5000 MHz, 65.38 W, 77, P0
2026/09/30 09:06:25.173, Tesla T4, 10085 MiB, 4828 MiB, 15360 MiB, 100 %, 26 %, 585 MHz, 5000 MHz, 67.04 W, 77, P0
2026/09/30 09:06:25.702, Tesla T4, 10085 MiB, 4828 MiB, 15360 MiB, 100 %, 22 %, 555 MHz, 5000 MHz, 70.88 W, 77, P0
2026/09/30 09:06:26.214, Tesla T4, 10085 MiB, 4828 MiB, 15360 MiB, 96 %, 36 %, 1185 MHz, 5000 MHz, 65.89 W, 77, P0
2026/09/30 09:06:26.739, Tesla T4, 10085 MiB, 4828 MiB, 15360 MiB, 100 %, 32 %, 690 MHz, 5000 MHz, 65.14 W, 77, P0
2026/09/30 09:06:27.253, Tesla T4, 10085 MiB, 4828 MiB, 15360 MiB, 99 %, 30 %, 600 MHz, 5000 MHz, 66.32 W, 77, P0
2026/09/30 09:06:27.779, Tesla T4, 10085 MiB, 4828 MiB, 15360 MiB, 95 %, 32 %, 600 MHz, 5000 MHz, 64.99 W, 77, P0
2026/09/30 09:06:28.291, Tesla T4, 10085 MiB, 4828 MiB, 15360 MiB, 96 %, 27 %, 600 MHz, 5000 MHz, 64.99 W, 77, P0
2026/09/30 09:06:28.829, Tesla T4, 10085 MiB, 4828 MiB, 15360 MiB, 100 %, 26 %, 645 MHz, 5000 MHz, 64.95 W, 77, P0
2026/09/30 09:06:29.342, Tesla T4, 10085 MiB, 4828 MiB, 15360 MiB, 99 %, 26 %, 570 MHz, 5000 MHz, 65.57 W, 77, P0
2026/09/30 09:06:29.867, Tesla T4, 10085 MiB, 4828 MiB, 15360 MiB, 100 %, 25 %, 630 MHz, 5000 MHz, 66.26 W, 77, P0
2026/09/30 09:06:30.385, Tesla T4, 10085 MiB, 4828 MiB, 15360 MiB, 100 %, 25 %, 600 MHz, 5000 MHz, 64.54 W, 77, P0
2026/09/30 09:06:30.906, Tesla T4, 10085 MiB, 4828 MiB, 15360 MiB, 98 %, 34 %, 570 MHz, 5000 MHz, 65.63 W, 77, P0
2026/09/30 09:06:31.431, Tesla T4, 10085 MiB, 4828 MiB, 15360 MiB, 100 %, 30 %, 600 MHz, 5000 MHz, 65.57 W, 78, P0
2026/09/30 09:06:31.978, Tesla T4, 10085 MiB, 4828 MiB, 15360 MiB, 98 %, 38 %, 570 MHz, 5000 MHz, 80.62 W, 78, P0
2026/09/30 09:06:32.509, Tesla T4, 10085 MiB, 4828 MiB, 15360 MiB, 100 %, 28 %, 585 MHz, 5000 MHz, 66.85 W, 78, P0
2026/09/30 09:06:33.034, Tesla T4, 10085 MiB, 4828 MiB, 15360 MiB, 95 %, 38 %, 540 MHz, 5000 MHz, 55.22 W, 77, P0
2026/09/30 09:06:33.565, Tesla T4, 10085 MiB, 4828 MiB, 15360 MiB, 92 %, 40 %, 690 MHz, 5000 MHz, 65.93 W, 77, P0
2026/09/30 09:06:34.078, Tesla T4, 10085 MiB, 4828 MiB, 15360 MiB, 89 %, 39 %, 675 MHz, 5000 MHz, 71.12 W, 77, P0
2026/09/30 09:06:34.592, Tesla T4, 10085 MiB, 4828 MiB, 15360 MiB, 100 %, 24 %, 690 MHz, 5000 MHz, 66.28 W, 77, P0
2026/09/30 09:06:35.109, Tesla T4, 10085 MiB, 4828 MiB, 15360 MiB, 91 %, 38 %, 675 MHz, 5000 MHz, 65.97 W, 77, P0
2026/09/30 09:06:35.620, Tesla T4, 10085 MiB, 4828 MiB, 15360 MiB, 99 %, 36 %, 570 MHz, 5000 MHz, 66.65 W, 77, P0
2026/09/30 09:06:36.136, Tesla T4, 10085 MiB, 4828 MiB, 15360 MiB, 89 %, 35 %, 540 MHz, 5000 MHz, 64.95 W, 77, P0
2026/09/30 09:06:36.649, Tesla T4, 10085 MiB, 4828 MiB, 15360 MiB, 100 %, 34 %, 465 MHz, 5000 MHz, 63.51 W, 77, P0
2026/09/30 09:06:37.160, Tesla T4, 10085 MiB, 4828 MiB, 15360 MiB, 100 %, 28 %, 660 MHz, 5000 MHz, 67.10 W, 77, P0
2026/09/30 09:06:37.677, Tesla T4, 10085 MiB, 4828 MiB, 15360 MiB, 89 %, 41 %, 660 MHz, 5000 MHz, 66.91 W, 77, P0
2026/09/30 09:06:38.189, Tesla T4, 10085 MiB, 4828 MiB, 15360 MiB, 100 %, 24 %, 645 MHz, 5000 MHz, 71.41 W, 77, P0
2026/09/30 09:06:38.706, Tesla T4, 10085 MiB, 4828 MiB, 15360 MiB, 99 %, 35 %, 570 MHz, 5000 MHz, 66.12 W, 77, P0
2026/09/30 09:06:39.217, Tesla T4, 10085 MiB, 4828 MiB, 15360 MiB, 99 %, 38 %, 585 MHz, 5000 MHz, 65.59 W, 77, P0
2026/09/30 09:06:39.730, Tesla T4, 10085 MiB, 4828 MiB, 15360 MiB, 99 %, 36 %, 630 MHz, 5000 MHz, 64.75 W, 77, P0
2026/09/30 09:06:40.242, Tesla T4, 10085 MiB, 4828 MiB, 15360 MiB, 99 %, 36 %, 630 MHz, 5000 MHz, 65.57 W, 77, P0
2026/09/30 09:06:40.753, Tesla T4, 10085 MiB, 4828 MiB, 15360 MiB, 98 %, 34 %, 600 MHz, 5000 MHz, 69.61 W, 77, P0
2026/09/30 09:06:41.271, Tesla T4, 10085 MiB, 4828 MiB, 15360 MiB, 100 %, 30 %, 555 MHz, 5000 MHz, 67.98 W, 77, P0
2026/09/30 09:06:41.781, Tesla T4, 10085 MiB, 4828 MiB, 15360 MiB, 98 %, 32 %, 600 MHz, 5000 MHz, 61.63 W, 77, P0
2026/09/30 09:06:42.297, Tesla T4, 10085 MiB, 4828 MiB, 15360 MiB, 100 %, 29 %, 615 MHz, 5000 MHz, 65.87 W, 77, P0
2026/09/30 09:06:42.810, Tesla T4, 10085 MiB, 4828 MiB, 15360 MiB, 98 %, 30 %, 615 MHz, 5000 MHz, 67.30 W, 77, P0
2026/09/30 09:06:43.328, Tesla T4, 10085 MiB, 4828 MiB, 15360 MiB, 100 %, 30 %, 615 MHz, 5000 MHz, 65.38 W, 77, P0
2026/09/30 09:06:43.874, Tesla T4, 10085 MiB, 4828 MiB, 15360 MiB, 98 %, 29 %, 645 MHz, 5000 MHz, 65.04 W, 77, P0
2026/09/30 09:06:44.426, Tesla T4, 10085 MiB, 4828 MiB, 15360 MiB, 100 %, 32 %, 615 MHz, 5000 MHz, 66.71 W, 77, P0
2026/09/30 09:06:44.951, Tesla T4, 10085 MiB, 4828 MiB, 15360 MiB, 84 %, 35 %, 630 MHz, 5000 MHz, 66.16 W, 77, P0
2026/09/30 09:06:45.487, Tesla T4, 10085 MiB, 4828 MiB, 15360 MiB, 95 %, 39 %, 615 MHz, 5000 MHz, 66.06 W, 77, P0
2026/09/30 09:06:46.011, Tesla T4, 10085 MiB, 4828 MiB, 15360 MiB, 98 %, 34 %, 660 MHz, 5000 MHz, 59.41 W, 77, P0
2026/09/30 09:06:46.527, Tesla T4, 10085 MiB, 4828 MiB, 15360 MiB, 100 %, 32 %, 585 MHz, 5000 MHz, 66.22 W, 77, P0
2026/09/30 09:06:47.038, Tesla T4, 10085 MiB, 4828 MiB, 15360 MiB, 100 %, 30 %, 630 MHz, 5000 MHz, 65.08 W, 77, P0
2026/09/30 09:06:47.554, Tesla T4, 10085 MiB, 4828 MiB, 15360 MiB, 100 %, 33 %, 570 MHz, 5000 MHz, 66.65 W, 77, P0
2026/09/30 09:06:48.066, Tesla T4, 10085 MiB, 4828 MiB, 15360 MiB, 100 %, 29 %, 600 MHz, 5000 MHz, 65.63 W, 77, P0
2026/09/30 09:06:48.580, Tesla T4, 10085 MiB, 4828 MiB, 15360 MiB, 100 %, 29 %, 585 MHz, 5000 MHz, 65.28 W, 77, P0
2026/09/30 09:06:49.093, Tesla T4, 10085 MiB, 4828 MiB, 15360 MiB, 98 %, 41 %, 600 MHz, 5000 MHz, 65.18 W, 77, P0
2026/09/30 09:06:49.612, Tesla T4, 10085 MiB, 4828 MiB, 15360 MiB, 100 %, 28 %, 615 MHz, 5000 MHz, 66.95 W, 77, P0
2026/09/30 09:06:50.123, Tesla T4, 10085 MiB, 4828 MiB, 15360 MiB, 99 %, 46 %, 570 MHz, 5000 MHz, 65.83 W, 77, P0
2026/09/30 09:06:50.642, Tesla T4, 10085 MiB, 4828 MiB, 15360 MiB, 99 %, 32 %, 615 MHz, 5000 MHz, 65.44 W, 77, P0
2026/09/30 09:06:51.153, Tesla T4, 10085 MiB, 4828 MiB, 15360 MiB, 90 %, 29 %, 570 MHz, 5000 MHz, 64.69 W, 77, P0
2026/09/30 09:06:51.670, Tesla T4, 10085 MiB, 4828 MiB, 15360 MiB, 100 %, 31 %, 615 MHz, 5000 MHz, 63.61 W, 77, P0
2026/09/30 09:06:52.182, Tesla T4, 10085 MiB, 4828 MiB, 15360 MiB, 96 %, 32 %, 615 MHz, 5000 MHz, 65.73 W, 77, P0
2026/09/30 09:06:52.700, Tesla T4, 10085 MiB, 4828 MiB, 15360 MiB, 100 %, 37 %, 690 MHz, 5000 MHz, 68.18 W, 77, P0
2026/09/30 09:06:53.215, Tesla T4, 10085 MiB, 4828 MiB, 15360 MiB, 100 %, 29 %, 555 MHz, 5000 MHz, 66.46 W, 77, P0
2026/09/30 09:06:53.733, Tesla T4, 10085 MiB, 4828 MiB, 15360 MiB, 96 %, 31 %, 600 MHz, 5000 MHz, 65.57 W, 77, P0
2026/09/30 09:06:54.245, Tesla T4, 10085 MiB, 4828 MiB, 15360 MiB, 100 %, 26 %, 600 MHz, 5000 MHz, 64.99 W, 77, P0
2026/09/30 09:06:54.758, Tesla T4, 10085 MiB, 4828 MiB, 15360 MiB, 89 %, 25 %, 585 MHz, 5000 MHz, 65.28 W, 77, P0
2026/09/30 09:06:55.270, Tesla T4, 10085 MiB, 4828 MiB, 15360 MiB, 100 %, 25 %, 645 MHz, 5000 MHz, 66.75 W, 77, P0
2026/09/30 09:06:55.782, Tesla T4, 10085 MiB, 4828 MiB, 15360 MiB, 100 %, 24 %, 780 MHz, 5000 MHz, 63.65 W, 78, P0
2026/09/30 09:06:56.301, Tesla T4, 10085 MiB, 4828 MiB, 15360 MiB, 98 %, 40 %, 585 MHz, 5000 MHz, 66.22 W, 77, P0
2026/09/30 09:06:56.828, Tesla T4, 10085 MiB, 4828 MiB, 15360 MiB, 100 %, 37 %, 555 MHz, 5000 MHz, 70.10 W, 77, P0
2026/09/30 09:06:57.379, Tesla T4, 10085 MiB, 4828 MiB, 15360 MiB, 93 %, 51 %, 570 MHz, 5000 MHz, 80.33 W, 77, P0
2026/09/30 09:06:57.923, Tesla T4, 10085 MiB, 4828 MiB, 15360 MiB, 81 %, 38 %, 675 MHz, 5000 MHz, 68.08 W, 77, P0
2026/09/30 09:06:58.462, Tesla T4, 10085 MiB, 4828 MiB, 15360 MiB, 100 %, 30 %, 630 MHz, 5000 MHz, 66.61 W, 77, P0
2026/09/30 09:06:58.976, Tesla T4, 10085 MiB, 4828 MiB, 15360 MiB, 98 %, 33 %, 735 MHz, 5000 MHz, 66.12 W, 77, P0
2026/09/30 09:06:59.494, Tesla T4, 10085 MiB, 4828 MiB, 15360 MiB, 100 %, 30 %, 555 MHz, 5000 MHz, 66.51 W, 77, P0
2026/09/30 09:07:00.005, Tesla T4, 10085 MiB, 4828 MiB, 15360 MiB, 100 %, 30 %, 615 MHz, 5000 MHz, 65.93 W, 77, P0
2026/09/30 09:07:00.518, Tesla T4, 10085 MiB, 4828 MiB, 15360 MiB, 94 %, 40 %, 600 MHz, 5000 MHz, 66.46 W, 77, P0
2026/09/30 09:07:01.037, Tesla T4, 10085 MiB, 4828 MiB, 15360 MiB, 100 %, 26 %, 600 MHz, 5000 MHz, 66.42 W, 77, P0
2026/09/30 09:07:01.550, Tesla T4, 10085 MiB, 4828 MiB, 15360 MiB, 100 %, 26 %, 615 MHz, 5000 MHz, 64.59 W, 77, P0
2026/09/30 09:07:02.063, Tesla T4, 10085 MiB, 4828 MiB, 15360 MiB, 100 %, 23 %, 615 MHz, 5000 MHz, 74.21 W, 77, P0
2026/09/30 09:07:02.575, Tesla T4, 10085 MiB, 4828 MiB, 15360 MiB, 100 %, 26 %, 615 MHz, 5000 MHz, 65.67 W, 77, P0
2026/09/30 09:07:03.090, Tesla T4, 10085 MiB, 4828 MiB, 15360 MiB, 98 %, 26 %, 600 MHz, 5000 MHz, 66.12 W, 77, P0
2026/09/30 09:07:03.602, Tesla T4, 10085 MiB, 4828 MiB, 15360 MiB, 100 %, 25 %, 600 MHz, 5000 MHz, 65.57 W, 77, P0
2026/09/30 09:07:04.114, Tesla T4, 10085 MiB, 4828 MiB, 15360 MiB, 90 %, 40 %, 585 MHz, 5000 MHz, 63.95 W, 77, P0
2026/09/30 09:07:04.634, Tesla T4, 10085 MiB, 4828 MiB, 15360 MiB, 100 %, 33 %, 675 MHz, 5000 MHz, 67.26 W, 77, P0
2026/09/30 09:07:05.152, Tesla T4, 10085 MiB, 4828 MiB, 15360 MiB, 100 %, 34 %, 585 MHz, 5000 MHz, 66.02 W, 77, P0
2026/09/30 09:07:05.664, Tesla T4, 10085 MiB, 4828 MiB, 15360 MiB, 98 %, 32 %, 615 MHz, 5000 MHz, 66.75 W, 77, P0
2026/09/30 09:07:06.177, Tesla T4, 10085 MiB, 4828 MiB, 15360 MiB, 91 %, 27 %, 1035 MHz, 5000 MHz, 44.71 W, 77, P0
2026/09/30 09:07:06.692, Tesla T4, 10085 MiB, 4828 MiB, 15360 MiB, 98 %, 28 %, 615 MHz, 5000 MHz, 66.26 W, 77, P0
2026/09/30 09:07:07.208, Tesla T4, 10085 MiB, 4828 MiB, 15360 MiB, 96 %, 30 %, 600 MHz, 5000 MHz, 66.02 W, 77, P0
2026/09/30 09:07:07.720, Tesla T4, 10085 MiB, 4828 MiB, 15360 MiB, 100 %, 38 %, 585 MHz, 5000 MHz, 75.73 W, 77, P0
2026/09/30 09:07:08.232, Tesla T4, 10085 MiB, 4828 MiB, 15360 MiB, 96 %, 36 %, 555 MHz, 5000 MHz, 60.75 W, 77, P0
2026/09/30 09:07:08.759, Tesla T4, 10085 MiB, 4828 MiB, 15360 MiB, 98 %, 34 %, 600 MHz, 5000 MHz, 65.24 W, 77, P0
2026/09/30 09:07:09.274, Tesla T4, 10085 MiB, 4828 MiB, 15360 MiB, 84 %, 32 %, 540 MHz, 5000 MHz, 66.36 W, 77, P0
2026/09/30 09:07:09.799, Tesla T4, 10085 MiB, 4828 MiB, 15360 MiB, 98 %, 32 %, 600 MHz, 5000 MHz, 66.36 W, 77, P0
2026/09/30 09:07:10.324, Tesla T4, 10085 MiB, 4828 MiB, 15360 MiB, 100 %, 27 %, 585 MHz, 5000 MHz, 65.77 W, 77, P0
2026/09/30 09:07:10.852, Tesla T4, 10085 MiB, 4828 MiB, 15360 MiB, 100 %, 27 %, 615 MHz, 5000 MHz, 65.28 W, 77, P0
2026/09/30 09:07:11.377, Tesla T4, 10085 MiB, 4828 MiB, 15360 MiB, 96 %, 26 %, 615 MHz, 5000 MHz, 64.99 W, 77, P0
2026/09/30 09:07:11.902, Tesla T4, 10085 MiB, 4828 MiB, 15360 MiB, 100 %, 24 %, 675 MHz, 5000 MHz, 66.42 W, 78, P0
2026/09/30 09:07:12.413, Tesla T4, 10085 MiB, 4828 MiB, 15360 MiB, 100 %, 26 %, 615 MHz, 5000 MHz, 65.44 W, 78, P0
2026/09/30 09:07:12.929, Tesla T4, 10085 MiB, 4828 MiB, 15360 MiB, 100 %, 26 %, 660 MHz, 5000 MHz, 64.69 W, 78, P0
2026/09/30 09:07:13.447, Tesla T4, 10085 MiB, 4828 MiB, 15360 MiB, 100 %, 24 %, 600 MHz, 5000 MHz, 65.28 W, 77, P0
2026/09/30 09:07:13.962, Tesla T4, 10085 MiB, 4828 MiB, 15360 MiB, 100 %, 22 %, 690 MHz, 5000 MHz, 65.73 W, 77, P0
2026/09/30 09:07:14.477, Tesla T4, 10085 MiB, 4828 MiB, 15360 MiB, 100 %, 32 %, 555 MHz, 5000 MHz, 65.18 W, 77, P0
2026/09/30 09:07:14.999, Tesla T4, 10085 MiB, 4828 MiB, 15360 MiB, 100 %, 35 %, 555 MHz, 5000 MHz, 66.51 W, 77, P0
2026/09/30 09:07:15.510, Tesla T4, 10085 MiB, 4828 MiB, 15360 MiB, 100 %, 30 %, 600 MHz, 5000 MHz, 66.85 W, 77, P0
2026/09/30 09:07:16.024, Tesla T4, 10085 MiB, 4828 MiB, 15360 MiB, 100 %, 32 %, 600 MHz, 5000 MHz, 67.49 W, 77, P0
2026/09/30 09:07:16.537, Tesla T4, 10085 MiB, 4828 MiB, 15360 MiB, 100 %, 30 %, 570 MHz, 5000 MHz, 65.14 W, 77, P0
2026/09/30 09:07:17.048, Tesla T4, 10085 MiB, 4828 MiB, 15360 MiB, 100 %, 33 %, 600 MHz, 5000 MHz, 65.48 W, 77, P0
2026/09/30 09:07:17.560, Tesla T4, 10085 MiB, 4828 MiB, 15360 MiB, 89 %, 47 %, 600 MHz, 5000 MHz, 68.88 W, 77, P0
2026/09/30 09:07:18.076, Tesla T4, 10085 MiB, 4828 MiB, 15360 MiB, 99 %, 46 %, 585 MHz, 5000 MHz, 72.01 W, 77, P0
2026/09/30 09:07:18.587, Tesla T4, 10085 MiB, 4828 MiB, 15360 MiB, 100 %, 25 %, 690 MHz, 5000 MHz, 66.56 W, 77, P0
2026/09/30 09:07:19.098, Tesla T4, 10085 MiB, 4828 MiB, 15360 MiB, 98 %, 29 %, 630 MHz, 5000 MHz, 66.12 W, 78, P0
2026/09/30 09:07:19.611, Tesla T4, 10085 MiB, 4828 MiB, 15360 MiB, 90 %, 26 %, 690 MHz, 5000 MHz, 65.67 W, 77, P0
2026/09/30 09:07:20.123, Tesla T4, 10085 MiB, 4828 MiB, 15360 MiB, 100 %, 23 %, 630 MHz, 5000 MHz, 66.02 W, 77, P0
2026/09/30 09:07:20.636, Tesla T4, 10085 MiB, 4828 MiB, 15360 MiB, 100 %, 28 %, 600 MHz, 5000 MHz, 65.48 W, 77, P0
2026/09/30 09:07:21.153, Tesla T4, 10085 MiB, 4828 MiB, 15360 MiB, 98 %, 33 %, 585 MHz, 5000 MHz, 65.93 W, 77, P0
2026/09/30 09:07:21.669, Tesla T4, 10085 MiB, 4828 MiB, 15360 MiB, 100 %, 29 %, 540 MHz, 5000 MHz, 67.10 W, 77, P0
2026/09/30 09:07:22.181, Tesla T4, 10085 MiB, 4828 MiB, 15360 MiB, 97 %, 33 %, 585 MHz, 5000 MHz, 65.48 W, 77, P0
2026/09/30 09:07:22.732, Tesla T4, 10085 MiB, 4828 MiB, 15360 MiB, 94 %, 29 %, 615 MHz, 5000 MHz, 65.34 W, 77, P0
2026/09/30 09:07:23.287, Tesla T4, 10085 MiB, 4828 MiB, 15360 MiB, 84 %, 33 %, 615 MHz, 5000 MHz, 66.36 W, 77, P0
2026/09/30 09:07:23.814, Tesla T4, 10085 MiB, 4828 MiB, 15360 MiB, 100 %, 37 %, 720 MHz, 5000 MHz, 66.42 W, 77, P0
2026/09/30 09:07:24.350, Tesla T4, 10085 MiB, 4828 MiB, 15360 MiB, 84 %, 34 %, 585 MHz, 5000 MHz, 66.06 W, 77, P0
2026/09/30 09:07:24.898, Tesla T4, 10085 MiB, 4828 MiB, 15360 MiB, 100 %, 30 %, 585 MHz, 5000 MHz, 66.89 W, 77, P0
2026/09/30 09:07:25.415, Tesla T4, 10085 MiB, 4828 MiB, 15360 MiB, 90 %, 30 %, 585 MHz, 5000 MHz, 65.48 W, 77, P0
2026/09/30 09:07:25.927, Tesla T4, 10085 MiB, 4828 MiB, 15360 MiB, 100 %, 29 %, 645 MHz, 5000 MHz, 66.75 W, 77, P0
2026/09/30 09:07:26.438, Tesla T4, 10085 MiB, 4828 MiB, 15360 MiB, 100 %, 28 %, 675 MHz, 5000 MHz, 66.12 W, 77, P0
2026/09/30 09:07:26.950, Tesla T4, 10085 MiB, 4828 MiB, 15360 MiB, 98 %, 27 %, 630 MHz, 5000 MHz, 65.97 W, 77, P0
2026/09/30 09:07:27.462, Tesla T4, 10085 MiB, 4828 MiB, 15360 MiB, 100 %, 25 %, 1095 MHz, 5000 MHz, 65.38 W, 78, P0
2026/09/30 09:07:27.981, Tesla T4, 10085 MiB, 4828 MiB, 15360 MiB, 100 %, 27 %, 660 MHz, 5000 MHz, 65.48 W, 77, P0
2026/09/30 09:07:28.492, Tesla T4, 10085 MiB, 4828 MiB, 15360 MiB, 100 %, 29 %, 615 MHz, 5000 MHz, 66.26 W, 77, P0
2026/09/30 09:07:29.008, Tesla T4, 10085 MiB, 4828 MiB, 15360 MiB, 97 %, 28 %, 600 MHz, 5000 MHz, 65.97 W, 77, P0
2026/09/30 09:07:29.520, Tesla T4, 10085 MiB, 4828 MiB, 15360 MiB, 98 %, 29 %, 570 MHz, 5000 MHz, 65.97 W, 77, P0
2026/09/30 09:07:30.034, Tesla T4, 10085 MiB, 4828 MiB, 15360 MiB, 100 %, 30 %, 615 MHz, 5000 MHz, 66.22 W, 77, P0
2026/09/30 09:07:30.545, Tesla T4, 10085 MiB, 4828 MiB, 15360 MiB, 98 %, 32 %, 570 MHz, 5000 MHz, 65.28 W, 77, P0
2026/09/30 09:07:31.056, Tesla T4, 10085 MiB, 4828 MiB, 15360 MiB, 98 %, 31 %, 645 MHz, 5000 MHz, 67.30 W, 77, P0
2026/09/30 09:07:31.572, Tesla T4, 10085 MiB, 4828 MiB, 15360 MiB, 100 %, 32 %, 630 MHz, 5000 MHz, 62.61 W, 77, P0
2026/09/30 09:07:32.083, Tesla T4, 10085 MiB, 4828 MiB, 15360 MiB, 98 %, 32 %, 600 MHz, 5000 MHz, 67.49 W, 77, P0
2026/09/30 09:07:32.602, Tesla T4, 10085 MiB, 4828 MiB, 15360 MiB, 96 %, 31 %, 690 MHz, 5000 MHz, 66.42 W, 77, P0
2026/09/30 09:07:33.114, Tesla T4, 10085 MiB, 4828 MiB, 15360 MiB, 94 %, 35 %, 600 MHz, 5000 MHz, 68.28 W, 77, P0
2026/09/30 09:07:33.629, Tesla T4, 10085 MiB, 4828 MiB, 15360 MiB, 100 %, 27 %, 615 MHz, 5000 MHz, 64.20 W, 77, P0
2026/09/30 09:07:34.149, Tesla T4, 10085 MiB, 4828 MiB, 15360 MiB, 100 %, 21 %, 705 MHz, 5000 MHz, 67.20 W, 77, P0
2026/09/30 09:07:34.666, Tesla T4, 10085 MiB, 4828 MiB, 15360 MiB, 90 %, 24 %, 570 MHz, 5000 MHz, 78.52 W, 77, P0
2026/09/30 09:07:35.200, Tesla T4, 10085 MiB, 4828 MiB, 15360 MiB, 100 %, 26 %, 600 MHz, 5000 MHz, 64.59 W, 77, P0
2026/09/30 09:07:35.748, Tesla T4, 10085 MiB, 4828 MiB, 15360 MiB, 97 %, 23 %, 675 MHz, 5000 MHz, 66.06 W, 77, P0
2026/09/30 09:07:36.274, Tesla T4, 10085 MiB, 4828 MiB, 15360 MiB, 100 %, 24 %, 585 MHz, 5000 MHz, 65.24 W, 77, P0
2026/09/30 09:07:36.809, Tesla T4, 10085 MiB, 4828 MiB, 15360 MiB, 82 %, 37 %, 600 MHz, 5000 MHz, 65.83 W, 77, P0
2026/09/30 09:07:37.339, Tesla T4, 10085 MiB, 4828 MiB, 15360 MiB, 97 %, 33 %, 600 MHz, 5000 MHz, 68.92 W, 77, P0
2026/09/30 09:07:37.863, Tesla T4, 10085 MiB, 4828 MiB, 15360 MiB, 91 %, 31 %, 555 MHz, 5000 MHz, 66.12 W, 77, P0
2026/09/30 09:07:38.377, Tesla T4, 10085 MiB, 4828 MiB, 15360 MiB, 100 %, 31 %, 840 MHz, 5000 MHz, 65.48 W, 77, P0
2026/09/30 09:07:38.888, Tesla T4, 10085 MiB, 4828 MiB, 15360 MiB, 90 %, 53 %, 690 MHz, 5000 MHz, 66.46 W, 77, P0
2026/09/30 09:07:39.400, Tesla T4, 10085 MiB, 4828 MiB, 15360 MiB, 98 %, 25 %, 615 MHz, 5000 MHz, 64.99 W, 77, P0
2026/09/30 09:07:39.913, Tesla T4, 10085 MiB, 4828 MiB, 15360 MiB, 100 %, 25 %, 600 MHz, 5000 MHz, 66.06 W, 77, P0
2026/09/30 09:07:40.425, Tesla T4, 10085 MiB, 4828 MiB, 15360 MiB, 100 %, 25 %, 675 MHz, 5000 MHz, 66.32 W, 77, P0
2026/09/30 09:07:40.939, Tesla T4, 10085 MiB, 4828 MiB, 15360 MiB, 100 %, 29 %, 630 MHz, 5000 MHz, 67.49 W, 77, P0
2026/09/30 09:07:41.450, Tesla T4, 10085 MiB, 4828 MiB, 15360 MiB, 93 %, 33 %, 615 MHz, 5000 MHz, 66.75 W, 77, P0
2026/09/30 09:07:41.965, Tesla T4, 10085 MiB, 4828 MiB, 15360 MiB, 90 %, 40 %, 585 MHz, 5000 MHz, 66.56 W, 77, P0
2026/09/30 09:07:42.477, Tesla T4, 10085 MiB, 4828 MiB, 15360 MiB, 100 %, 29 %, 645 MHz, 5000 MHz, 64.75 W, 77, P0
2026/09/30 09:07:42.988, Tesla T4, 10085 MiB, 4828 MiB, 15360 MiB, 100 %, 30 %, 630 MHz, 5000 MHz, 65.83 W, 77, P0
2026/09/30 09:07:43.506, Tesla T4, 10085 MiB, 4828 MiB, 15360 MiB, 100 %, 34 %, 780 MHz, 5000 MHz, 66.06 W, 77, P0
2026/09/30 09:07:44.016, Tesla T4, 10085 MiB, 4828 MiB, 15360 MiB, 100 %, 30 %, 570 MHz, 5000 MHz, 66.46 W, 77, P0
2026/09/30 09:07:44.532, Tesla T4, 10085 MiB, 4828 MiB, 15360 MiB, 100 %, 34 %, 570 MHz, 5000 MHz, 65.77 W, 77, P0
2026/09/30 09:07:45.044, Tesla T4, 10085 MiB, 4828 MiB, 15360 MiB, 99 %, 35 %, 570 MHz, 5000 MHz, 66.30 W, 77, P0
2026/09/30 09:07:45.564, Tesla T4, 10085 MiB, 4828 MiB, 15360 MiB, 99 %, 34 %, 630 MHz, 5000 MHz, 66.06 W, 77, P0
2026/09/30 09:07:46.075, Tesla T4, 10085 MiB, 4828 MiB, 15360 MiB, 99 %, 33 %, 615 MHz, 5000 MHz, 65.48 W, 77, P0
2026/09/30 09:07:46.593, Tesla T4, 10085 MiB, 4828 MiB, 15360 MiB, 98 %, 32 %, 615 MHz, 5000 MHz, 65.18 W, 77, P0
2026/09/30 09:07:47.104, Tesla T4, 10085 MiB, 4828 MiB, 15360 MiB, 100 %, 31 %, 660 MHz, 5000 MHz, 64.75 W, 77, P0
2026/09/30 09:07:47.618, Tesla T4, 10085 MiB, 4828 MiB, 15360 MiB, 98 %, 29 %, 675 MHz, 5000 MHz, 57.93 W, 77, P0
2026/09/30 09:07:48.140, Tesla T4, 10085 MiB, 4828 MiB, 15360 MiB, 94 %, 31 %, 645 MHz, 5000 MHz, 65.63 W, 77, P0
2026/09/30 09:07:48.671, Tesla T4, 10085 MiB, 4828 MiB, 15360 MiB, 100 %, 30 %, 585 MHz, 5000 MHz, 66.32 W, 77, P0
2026/09/30 09:07:49.194, Tesla T4, 10085 MiB, 4828 MiB, 15360 MiB, 100 %, 37 %, 600 MHz, 5000 MHz, 76.12 W, 77, P0
2026/09/30 09:07:49.728, Tesla T4, 10085 MiB, 4828 MiB, 15360 MiB, 94 %, 44 %, 630 MHz, 5000 MHz, 65.91 W, 77, P0
2026/09/30 09:07:50.250, Tesla T4, 10085 MiB, 4828 MiB, 15360 MiB, 98 %, 37 %, 615 MHz, 5000 MHz, 65.93 W, 77, P0
2026/09/30 09:07:50.767, Tesla T4, 10085 MiB, 4828 MiB, 15360 MiB, 100 %, 29 %, 645 MHz, 5000 MHz, 67.89 W, 77, P0
2026/09/30 09:07:51.279, Tesla T4, 10085 MiB, 4828 MiB, 15360 MiB, 91 %, 31 %, 645 MHz, 5000 MHz, 66.91 W, 77, P0
2026/09/30 09:07:51.790, Tesla T4, 10085 MiB, 4828 MiB, 15360 MiB, 100 %, 27 %, 780 MHz, 5000 MHz, 63.26 W, 77, P0
2026/09/30 09:07:52.307, Tesla T4, 10085 MiB, 4828 MiB, 15360 MiB, 100 %, 24 %, 630 MHz, 5000 MHz, 68.38 W, 77, P0
2026/09/30 09:07:52.819, Tesla T4, 10085 MiB, 4828 MiB, 15360 MiB, 91 %, 23 %, 690 MHz, 5000 MHz, 65.48 W, 77, P0
2026/09/30 09:07:53.333, Tesla T4, 10085 MiB, 4828 MiB, 15360 MiB, 95 %, 47 %, 735 MHz, 5000 MHz, 70.29 W, 77, P0
2026/09/30 09:07:53.847, Tesla T4, 10085 MiB, 4828 MiB, 15360 MiB, 100 %, 32 %, 555 MHz, 5000 MHz, 65.18 W, 77, P0
2026/09/30 09:07:54.370, Tesla T4, 10085 MiB, 4828 MiB, 15360 MiB, 90 %, 32 %, 555 MHz, 5000 MHz, 64.89 W, 77, P0
2026/09/30 09:07:54.882, Tesla T4, 10085 MiB, 4828 MiB, 15360 MiB, 100 %, 31 %, 600 MHz, 5000 MHz, 65.61 W, 77, P0
2026/09/30 09:07:55.399, Tesla T4, 10085 MiB, 4828 MiB, 15360 MiB, 98 %, 28 %, 705 MHz, 5000 MHz, 65.57 W, 77, P0
2026/09/30 09:07:55.910, Tesla T4, 10085 MiB, 4828 MiB, 15360 MiB, 91 %, 28 %, 615 MHz, 5000 MHz, 65.77 W, 77, P0
2026/09/30 09:07:56.424, Tesla T4, 10085 MiB, 4828 MiB, 15360 MiB, 100 %, 25 %, 690 MHz, 5000 MHz, 65.53 W, 77, P0
2026/09/30 09:07:56.935, Tesla T4, 10085 MiB, 4828 MiB, 15360 MiB, 100 %, 35 %, 555 MHz, 5000 MHz, 65.32 W, 77, P0
2026/09/30 09:07:57.455, Tesla T4, 10085 MiB, 4828 MiB, 15360 MiB, 90 %, 35 %, 555 MHz, 5000 MHz, 66.42 W, 77, P0
2026/09/30 09:07:57.966, Tesla T4, 10085 MiB, 4828 MiB, 15360 MiB, 96 %, 32 %, 570 MHz, 5000 MHz, 65.77 W, 77, P0
2026/09/30 09:07:58.482, Tesla T4, 10085 MiB, 4828 MiB, 15360 MiB, 91 %, 32 %, 615 MHz, 5000 MHz, 72.25 W, 77, P0
2026/09/30 09:07:58.997, Tesla T4, 10085 MiB, 4828 MiB, 15360 MiB, 97 %, 32 %, 555 MHz, 5000 MHz, 66.12 W, 77, P0
2026/09/30 09:07:59.509, Tesla T4, 10085 MiB, 4828 MiB, 15360 MiB, 100 %, 25 %, 720 MHz, 5000 MHz, 65.87 W, 77, P0
2026/09/30 09:08:00.021, Tesla T4, 10085 MiB, 4828 MiB, 15360 MiB, 100 %, 34 %, 615 MHz, 5000 MHz, 65.18 W, 77, P0
2026/09/30 09:08:00.533, Tesla T4, 10085 MiB, 4828 MiB, 15360 MiB, 100 %, 24 %, 705 MHz, 5000 MHz, 65.97 W, 77, P0
2026/09/30 09:08:01.067, Tesla T4, 10085 MiB, 4828 MiB, 15360 MiB, 100 %, 32 %, 615 MHz, 5000 MHz, 64.69 W, 77, P0
2026/09/30 09:08:01.601, Tesla T4, 10085 MiB, 4828 MiB, 15360 MiB, 94 %, 36 %, 570 MHz, 5000 MHz, 66.65 W, 77, P0
2026/09/30 09:08:02.128, Tesla T4, 10085 MiB, 4828 MiB, 15360 MiB, 99 %, 24 %, 705 MHz, 5000 MHz, 65.42 W, 77, P0
2026/09/30 09:08:02.645, Tesla T4, 10085 MiB, 4828 MiB, 15360 MiB, 100 %, 23 %, 750 MHz, 5000 MHz, 66.16 W, 77, P0
2026/09/30 09:08:03.170, Tesla T4, 10085 MiB, 4828 MiB, 15360 MiB, 95 %, 26 %, 705 MHz, 5000 MHz, 65.87 W, 77, P0
2026/09/30 09:08:03.680, Tesla T4, 10085 MiB, 4828 MiB, 15360 MiB, 100 %, 23 %, 705 MHz, 5000 MHz, 64.79 W, 77, P0
2026/09/30 09:08:04.194, Tesla T4, 10085 MiB, 4828 MiB, 15360 MiB, 89 %, 24 %, 720 MHz, 5000 MHz, 64.99 W, 77, P0
2026/09/30 09:08:04.707, Tesla T4, 10085 MiB, 4828 MiB, 15360 MiB, 100 %, 22 %, 720 MHz, 5000 MHz, 65.57 W, 77, P0
2026/09/30 09:08:05.218, Tesla T4, 10085 MiB, 4828 MiB, 15360 MiB, 97 %, 25 %, 720 MHz, 5000 MHz, 65.97 W, 77, P0
2026/09/30 09:08:05.730, Tesla T4, 10085 MiB, 4828 MiB, 15360 MiB, 100 %, 22 %, 720 MHz, 5000 MHz, 64.69 W, 77, P0
2026/09/30 09:08:06.243, Tesla T4, 10085 MiB, 4828 MiB, 15360 MiB, 96 %, 33 %, 615 MHz, 5000 MHz, 65.34 W, 77, P0
2026/09/30 09:08:06.759, Tesla T4, 10085 MiB, 4828 MiB, 15360 MiB, 96 %, 38 %, 615 MHz, 5000 MHz, 65.73 W, 77, P0
2026/09/30 09:08:07.270, Tesla T4, 10085 MiB, 4828 MiB, 15360 MiB, 96 %, 33 %, 645 MHz, 5000 MHz, 67.10 W, 77, P0
2026/09/30 09:08:07.781, Tesla T4, 10085 MiB, 4828 MiB, 15360 MiB, 94 %, 34 %, 975 MHz, 5000 MHz, 57.64 W, 77, P0
2026/09/30 09:08:08.299, Tesla T4, 10085 MiB, 4828 MiB, 15360 MiB, 100 %, 31 %, 645 MHz, 5000 MHz, 65.18 W, 77, P0
2026/09/30 09:08:08.810, Tesla T4, 10085 MiB, 4828 MiB, 15360 MiB, 100 %, 32 %, 600 MHz, 5000 MHz, 65.73 W, 77, P0
2026/09/30 09:08:09.328, Tesla T4, 10085 MiB, 4828 MiB, 15360 MiB, 100 %, 31 %, 600 MHz, 5000 MHz, 75.19 W, 77, P0
2026/09/30 09:08:09.840, Tesla T4, 10085 MiB, 4828 MiB, 15360 MiB, 98 %, 29 %, 615 MHz, 5000 MHz, 65.28 W, 77, P0
2026/09/30 09:08:10.354, Tesla T4, 10085 MiB, 4828 MiB, 15360 MiB, 100 %, 25 %, 690 MHz, 5000 MHz, 66.75 W, 77, P0
2026/09/30 09:08:10.865, Tesla T4, 10085 MiB, 4828 MiB, 15360 MiB, 90 %, 29 %, 690 MHz, 5000 MHz, 65.77 W, 77, P0
2026/09/30 09:08:11.376, Tesla T4, 10085 MiB, 4828 MiB, 15360 MiB, 98 %, 24 %, 675 MHz, 5000 MHz, 67.24 W, 77, P0
2026/09/30 09:08:11.898, Tesla T4, 10085 MiB, 4828 MiB, 15360 MiB, 100 %, 30 %, 555 MHz, 5000 MHz, 66.51 W, 77, P0
2026/09/30 09:08:12.415, Tesla T4, 10085 MiB, 4828 MiB, 15360 MiB, 100 %, 30 %, 585 MHz, 5000 MHz, 64.59 W, 77, P0
2026/09/30 09:08:12.927, Tesla T4, 10085 MiB, 4828 MiB, 15360 MiB, 99 %, 39 %, 675 MHz, 5000 MHz, 65.44 W, 77, P0
2026/09/30 09:08:13.441, Tesla T4, 10085 MiB, 4828 MiB, 15360 MiB, 82 %, 34 %, 630 MHz, 5000 MHz, 64.89 W, 77, P0
2026/09/30 09:08:13.965, Tesla T4, 10085 MiB, 4828 MiB, 15360 MiB, 94 %, 36 %, 615 MHz, 5000 MHz, 65.08 W, 77, P0
2026/09/30 09:08:14.494, Tesla T4, 10085 MiB, 4828 MiB, 15360 MiB, 84 %, 31 %, 630 MHz, 5000 MHz, 66.42 W, 77, P0
2026/09/30 09:08:15.018, Tesla T4, 10085 MiB, 4828 MiB, 15360 MiB, 100 %, 31 %, 585 MHz, 5000 MHz, 66.56 W, 77, P0
2026/09/30 09:08:15.557, Tesla T4, 10085 MiB, 4828 MiB, 15360 MiB, 100 %, 28 %, 705 MHz, 5000 MHz, 66.42 W, 77, P0
2026/09/30 09:08:16.079, Tesla T4, 10085 MiB, 4828 MiB, 15360 MiB, 81 %, 24 %, 495 MHz, 5000 MHz, 102.71 W, 77, P0
2026/09/30 09:08:16.590, Tesla T4, 10085 MiB, 4828 MiB, 15360 MiB, 100 %, 30 %, 720 MHz, 5000 MHz, 67.24 W, 77, P0
2026/09/30 09:08:17.103, Tesla T4, 10085 MiB, 4828 MiB, 15360 MiB, 100 %, 22 %, 660 MHz, 5000 MHz, 66.06 W, 77, P0
2026/09/30 09:08:17.616, Tesla T4, 10085 MiB, 4828 MiB, 15360 MiB, 100 %, 30 %, 540 MHz, 5000 MHz, 66.46 W, 77, P0
2026/09/30 09:08:18.135, Tesla T4, 10085 MiB, 4828 MiB, 15360 MiB, 90 %, 31 %, 600 MHz, 5000 MHz, 55.87 W, 77, P0
2026/09/30 09:08:18.647, Tesla T4, 10085 MiB, 4828 MiB, 15360 MiB, 100 %, 30 %, 615 MHz, 5000 MHz, 66.51 W, 77, P0
2026/09/30 09:08:19.158, Tesla T4, 10085 MiB, 4828 MiB, 15360 MiB, 94 %, 30 %, 720 MHz, 5000 MHz, 66.42 W, 77, P0
2026/09/30 09:08:19.670, Tesla T4, 10085 MiB, 4828 MiB, 15360 MiB, 100 %, 23 %, 720 MHz, 5000 MHz, 66.61 W, 77, P0
2026/09/30 09:08:20.182, Tesla T4, 10085 MiB, 4828 MiB, 15360 MiB, 98 %, 24 %, 600 MHz, 5000 MHz, 63.32 W, 77, P0
2026/09/30 09:08:20.693, Tesla T4, 10085 MiB, 4828 MiB, 15360 MiB, 100 %, 27 %, 615 MHz, 5000 MHz, 64.10 W, 77, P0
2026/09/30 09:08:21.207, Tesla T4, 10085 MiB, 4828 MiB, 15360 MiB, 100 %, 21 %, 690 MHz, 5000 MHz, 69.41 W, 77, P0
2026/09/30 09:08:21.718, Tesla T4, 10085 MiB, 4828 MiB, 15360 MiB, 100 %, 22 %, 720 MHz, 5000 MHz, 65.08 W, 77, P0
2026/09/30 09:08:22.229, Tesla T4, 10085 MiB, 4828 MiB, 15360 MiB, 100 %, 19 %, 645 MHz, 5000 MHz, 69.80 W, 77, P0
2026/09/30 09:08:22.745, Tesla T4, 10085 MiB, 4828 MiB, 15360 MiB, 100 %, 26 %, 630 MHz, 5000 MHz, 64.20 W, 77, P0
2026/09/30 09:08:23.259, Tesla T4, 10085 MiB, 4828 MiB, 15360 MiB, 100 %, 24 %, 615 MHz, 5000 MHz, 51.54 W, 77, P0
2026/09/30 09:08:23.777, Tesla T4, 10085 MiB, 4828 MiB, 15360 MiB, 99 %, 37 %, 540 MHz, 5000 MHz, 65.28 W, 77, P0
2026/09/30 09:08:24.289, Tesla T4, 10085 MiB, 4828 MiB, 15360 MiB, 100 %, 34 %, 585 MHz, 5000 MHz, 66.86 W, 77, P0
2026/09/30 09:08:24.800, Tesla T4, 10085 MiB, 4828 MiB, 15360 MiB, 100 %, 28 %, 645 MHz, 5000 MHz, 64.10 W, 77, P0
2026/09/30 09:08:25.313, Tesla T4, 10085 MiB, 4828 MiB, 15360 MiB, 98 %, 38 %, 630 MHz, 5000 MHz, 68.72 W, 77, P0
2026/09/30 09:08:25.825, Tesla T4, 10085 MiB, 4828 MiB, 15360 MiB, 100 %, 27 %, 675 MHz, 5000 MHz, 66.32 W, 77, P0
2026/09/30 09:08:26.340, Tesla T4, 10085 MiB, 4828 MiB, 15360 MiB, 96 %, 37 %, 555 MHz, 5000 MHz, 67.10 W, 77, P0
2026/09/30 09:08:26.880, Tesla T4, 10085 MiB, 4828 MiB, 15360 MiB, 93 %, 35 %, 555 MHz, 5000 MHz, 64.79 W, 77, P0
2026/09/30 09:08:27.406, Tesla T4, 10085 MiB, 4828 MiB, 15360 MiB, 100 %, 35 %, 585 MHz, 5000 MHz, 66.16 W, 77, P0
2026/09/30 09:08:27.938, Tesla T4, 10085 MiB, 4828 MiB, 15360 MiB, 100 %, 30 %, 600 MHz, 5000 MHz, 65.08 W, 77, P0
2026/09/30 09:08:28.464, Tesla T4, 10085 MiB, 4828 MiB, 15360 MiB, 100 %, 34 %, 570 MHz, 5000 MHz, 66.32 W, 77, P0
2026/09/30 09:08:28.982, Tesla T4, 10085 MiB, 4828 MiB, 15360 MiB, 100 %, 30 %, 600 MHz, 5000 MHz, 65.83 W, 77, P0
2026/09/30 09:08:29.503, Tesla T4, 10085 MiB, 4828 MiB, 15360 MiB, 100 %, 29 %, 645 MHz, 5000 MHz, 66.36 W, 77, P0
2026/09/30 09:08:30.015, Tesla T4, 10085 MiB, 4828 MiB, 15360 MiB, 89 %, 34 %, 585 MHz, 5000 MHz, 65.93 W, 77, P0
2026/09/30 09:08:30.558, Tesla T4, 10085 MiB, 4828 MiB, 15360 MiB, 98 %, 29 %, 600 MHz, 5000 MHz, 62.97 W, 77, P0
2026/09/30 09:08:31.158, Tesla T4, 10085 MiB, 4828 MiB, 15360 MiB, 100 %, 32 %, 630 MHz, 5000 MHz, 65.48 W, 77, P0
2026/09/30 09:08:31.668, Tesla T4, 10085 MiB, 4828 MiB, 15360 MiB, 100 %, 30 %, 600 MHz, 5000 MHz, 65.63 W, 77, P0
2026/09/30 09:08:32.184, Tesla T4, 10085 MiB, 4828 MiB, 15360 MiB, 100 %, 33 %, 615 MHz, 5000 MHz, 66.32 W, 77, P0
2026/09/30 09:08:32.695, Tesla T4, 10085 MiB, 4828 MiB, 15360 MiB, 100 %, 30 %, 600 MHz, 5000 MHz, 66.16 W, 77, P0
2026/09/30 09:08:33.206, Tesla T4, 10085 MiB, 4828 MiB, 15360 MiB, 100 %, 30 %, 600 MHz, 5000 MHz, 66.22 W, 77, P0
2026/09/30 09:08:33.732, Tesla T4, 10085 MiB, 4828 MiB, 15360 MiB, 98 %, 29 %, 600 MHz, 5000 MHz, 65.93 W, 77, P0
2026/09/30 09:08:34.252, Tesla T4, 10085 MiB, 4828 MiB, 15360 MiB, 100 %, 26 %, 600 MHz, 5000 MHz, 67.89 W, 77, P0
2026/09/30 09:08:34.763, Tesla T4, 10085 MiB, 4828 MiB, 15360 MiB, 100 %, 29 %, 600 MHz, 5000 MHz, 65.28 W, 77, P0
2026/09/30 09:08:35.277, Tesla T4, 10085 MiB, 4828 MiB, 15360 MiB, 98 %, 28 %, 600 MHz, 5000 MHz, 64.06 W, 77, P0
2026/09/30 09:08:35.789, Tesla T4, 10085 MiB, 4828 MiB, 15360 MiB, 100 %, 26 %, 600 MHz, 5000 MHz, 65.18 W, 77, P0
2026/09/30 09:08:36.301, Tesla T4, 10085 MiB, 4828 MiB, 15360 MiB, 100 %, 32 %, 600 MHz, 5000 MHz, 65.57 W, 77, P0
2026/09/30 09:08:36.816, Tesla T4, 10085 MiB, 4828 MiB, 15360 MiB, 100 %, 31 %, 600 MHz, 5000 MHz, 74.95 W, 77, P0
2026/09/30 09:08:37.334, Tesla T4, 10085 MiB, 4828 MiB, 15360 MiB, 98 %, 31 %, 555 MHz, 5000 MHz, 65.93 W, 77, P0
2026/09/30 09:08:37.846, Tesla T4, 10085 MiB, 4828 MiB, 15360 MiB, 96 %, 26 %, 645 MHz, 5000 MHz, 67.30 W, 77, P0
2026/09/30 09:08:38.358, Tesla T4, 10085 MiB, 4828 MiB, 15360 MiB, 100 %, 24 %, 645 MHz, 5000 MHz, 64.69 W, 77, P0
2026/09/30 09:08:38.876, Tesla T4, 10085 MiB, 4828 MiB, 15360 MiB, 100 %, 25 %, 600 MHz, 5000 MHz, 66.61 W, 77, P0
2026/09/30 09:08:39.389, Tesla T4, 10085 MiB, 4828 MiB, 15360 MiB, 100 %, 23 %, 735 MHz, 5000 MHz, 65.16 W, 77, P0
2026/09/30 09:08:39.932, Tesla T4, 10085 MiB, 4828 MiB, 15360 MiB, 100 %, 29 %, 720 MHz, 5000 MHz, 64.69 W, 77, P0
2026/09/30 09:08:40.463, Tesla T4, 10085 MiB, 4828 MiB, 15360 MiB, 84 %, 30 %, 615 MHz, 5000 MHz, 67.79 W, 77, P0
2026/09/30 09:08:40.986, Tesla T4, 10085 MiB, 4828 MiB, 15360 MiB, 93 %, 33 %, 645 MHz, 5000 MHz, 66.91 W, 77, P0
2026/09/30 09:08:41.506, Tesla T4, 10085 MiB, 4828 MiB, 15360 MiB, 100 %, 25 %, 660 MHz, 5000 MHz, 65.38 W, 77, P0
2026/09/30 09:08:42.032, Tesla T4, 10085 MiB, 4828 MiB, 15360 MiB, 100 %, 32 %, 1005 MHz, 5000 MHz, 65.48 W, 77, P0
2026/09/30 09:08:42.550, Tesla T4, 10085 MiB, 4828 MiB, 15360 MiB, 100 %, 28 %, 630 MHz, 5000 MHz, 67.30 W, 77, P0
2026/09/30 09:08:43.062, Tesla T4, 10085 MiB, 4828 MiB, 15360 MiB, 98 %, 33 %, 615 MHz, 5000 MHz, 65.83 W, 77, P0
2026/09/30 09:08:43.575, Tesla T4, 10085 MiB, 4828 MiB, 15360 MiB, 91 %, 38 %, 585 MHz, 5000 MHz, 47.53 W, 77, P0
2026/09/30 09:08:44.089, Tesla T4, 10085 MiB, 4828 MiB, 15360 MiB, 96 %, 36 %, 600 MHz, 5000 MHz, 66.61 W, 77, P0
2026/09/30 09:08:44.603, Tesla T4, 10085 MiB, 4828 MiB, 15360 MiB, 100 %, 28 %, 630 MHz, 5000 MHz, 67.34 W, 77, P0
2026/09/30 09:08:45.114, Tesla T4, 10085 MiB, 4828 MiB, 15360 MiB, 91 %, 28 %, 600 MHz, 5000 MHz, 66.02 W, 77, P0
2026/09/30 09:08:45.626, Tesla T4, 10085 MiB, 4828 MiB, 15360 MiB, 100 %, 28 %, 645 MHz, 5000 MHz, 65.28 W, 77, P0
2026/09/30 09:08:46.139, Tesla T4, 10085 MiB, 4828 MiB, 15360 MiB, 100 %, 29 %, 585 MHz, 5000 MHz, 65.38 W, 77, P0
2026/09/30 09:08:46.654, Tesla T4, 10085 MiB, 4828 MiB, 15360 MiB, 100 %, 28 %, 585 MHz, 5000 MHz, 65.18 W, 77, P0
2026/09/30 09:08:47.175, Tesla T4, 10085 MiB, 4828 MiB, 15360 MiB, 100 %, 32 %, 585 MHz, 5000 MHz, 66.61 W, 77, P0
2026/09/30 09:08:47.687, Tesla T4, 10085 MiB, 4828 MiB, 15360 MiB, 100 %, 28 %, 600 MHz, 5000 MHz, 66.16 W, 77, P0
2026/09/30 09:08:48.212, Tesla T4, 10085 MiB, 4828 MiB, 15360 MiB, 100 %, 26 %, 585 MHz, 5000 MHz, 64.89 W, 77, P0
2026/09/30 09:08:48.728, Tesla T4, 10085 MiB, 4828 MiB, 15360 MiB, 100 %, 29 %, 675 MHz, 5000 MHz, 65.53 W, 77, P0
2026/09/30 09:08:49.258, Tesla T4, 10085 MiB, 4828 MiB, 15360 MiB, 90 %, 34 %, 555 MHz, 5000 MHz, 65.34 W, 77, P0
2026/09/30 09:08:49.770, Tesla T4, 10085 MiB, 4828 MiB, 15360 MiB, 100 %, 32 %, 630 MHz, 5000 MHz, 65.14 W, 77, P0
2026/09/30 09:08:50.304, Tesla T4, 10085 MiB, 4828 MiB, 15360 MiB, 100 %, 35 %, 585 MHz, 5000 MHz, 65.93 W, 77, P0
2026/09/30 09:08:50.815, Tesla T4, 10085 MiB, 4828 MiB, 15360 MiB, 100 %, 31 %, 555 MHz, 5000 MHz, 67.40 W, 77, P0
2026/09/30 09:08:51.336, Tesla T4, 10085 MiB, 4828 MiB, 15360 MiB, 100 %, 34 %, 585 MHz, 5000 MHz, 68.49 W, 77, P0
2026/09/30 09:08:51.848, Tesla T4, 10085 MiB, 4828 MiB, 15360 MiB, 99 %, 39 %, 645 MHz, 5000 MHz, 64.89 W, 77, P0
2026/09/30 09:08:52.380, Tesla T4, 10085 MiB, 4828 MiB, 15360 MiB, 100 %, 35 %, 615 MHz, 5000 MHz, 66.16 W, 77, P0
2026/09/30 09:08:52.906, Tesla T4, 10085 MiB, 4828 MiB, 15360 MiB, 100 %, 37 %, 555 MHz, 5000 MHz, 66.61 W, 77, P0
2026/09/30 09:08:53.431, Tesla T4, 10085 MiB, 4828 MiB, 15360 MiB, 94 %, 33 %, 585 MHz, 5000 MHz, 66.02 W, 77, P0
2026/09/30 09:08:53.956, Tesla T4, 10085 MiB, 4828 MiB, 15360 MiB, 81 %, 39 %, 585 MHz, 5000 MHz, 64.85 W, 77, P0
2026/09/30 09:08:54.477, Tesla T4, 10085 MiB, 4828 MiB, 15360 MiB, 94 %, 44 %, 615 MHz, 5000 MHz, 65.57 W, 77, P0
2026/09/30 09:08:55.002, Tesla T4, 10085 MiB, 4828 MiB, 15360 MiB, 84 %, 37 %, 840 MHz, 5000 MHz, 65.24 W, 77, P0
2026/09/30 09:08:55.520, Tesla T4, 10085 MiB, 4828 MiB, 15360 MiB, 100 %, 28 %, 675 MHz, 5000 MHz, 67.49 W, 77, P0
2026/09/30 09:08:56.031, Tesla T4, 10085 MiB, 4828 MiB, 15360 MiB, 90 %, 28 %, 675 MHz, 5000 MHz, 71.91 W, 77, P0
2026/09/30 09:08:56.547, Tesla T4, 10085 MiB, 4828 MiB, 15360 MiB, 100 %, 28 %, 660 MHz, 5000 MHz, 67.00 W, 77, P0
2026/09/30 09:08:57.058, Tesla T4, 10085 MiB, 4828 MiB, 15360 MiB, 96 %, 32 %, 555 MHz, 5000 MHz, 66.91 W, 77, P0
2026/09/30 09:08:57.576, Tesla T4, 10085 MiB, 4828 MiB, 15360 MiB, 99 %, 35 %, 645 MHz, 5000 MHz, 66.16 W, 77, P0
2026/09/30 09:08:58.087, Tesla T4, 10085 MiB, 4828 MiB, 15360 MiB, 99 %, 34 %, 645 MHz, 5000 MHz, 63.49 W, 77, P0
2026/09/30 09:08:58.603, Tesla T4, 10085 MiB, 4828 MiB, 15360 MiB, 83 %, 34 %, 570 MHz, 5000 MHz, 65.28 W, 77, P0
2026/09/30 09:08:59.114, Tesla T4, 10085 MiB, 4828 MiB, 15360 MiB, 100 %, 34 %, 660 MHz, 5000 MHz, 66.06 W, 76, P0
2026/09/30 09:08:59.634, Tesla T4, 10085 MiB, 4828 MiB, 15360 MiB, 0 %, 0 %, 1425 MHz, 5000 MHz, 40.02 W, 75, P0
2026/09/30 09:09:00.141, Tesla T4, 10085 MiB, 4828 MiB, 15360 MiB, 0 %, 0 %, 1425 MHz, 5000 MHz, 39.92 W, 75, P0
