timestamp, name, memory.used [MiB], memory.free [MiB], memory.total [MiB], utilization.gpu [%], utilization.memory [%], clocks.current.sm [MHz], clocks.current.memory [MHz], power.draw [W], temperature.gpu, pstate
2026/09/30 09:09:00.588, Tesla T4, 0 MiB, 14913 MiB, 15360 MiB, 53 %, 10 %, 1590 MHz, 5000 MHz, 49.97 W, 76, P0
2026/09/30 09:09:01.098, Tesla T4, 0 MiB, 14913 MiB, 15360 MiB, 0 %, 0 %, 1590 MHz, 5000 MHz, 44.21 W, 75, P0
2026/09/30 09:09:01.605, Tesla T4, 0 MiB, 14913 MiB, 15360 MiB, 0 %, 0 %, 1590 MHz, 5000 MHz, 44.11 W, 75, P0
2026/09/30 09:09:02.118, Tesla T4, 0 MiB, 14913 MiB, 15360 MiB, 0 %, 0 %, 1590 MHz, 5000 MHz, 43.92 W, 75, P0
2026/09/30 09:09:02.625, Tesla T4, 0 MiB, 14913 MiB, 15360 MiB, 0 %, 0 %, 720 MHz, 5000 MHz, 33.65 W, 74, P0
2026/09/30 09:09:03.134, Tesla T4, 0 MiB, 14913 MiB, 15360 MiB, 0 %, 0 %, 375 MHz, 5000 MHz, 33.15 W, 74, P0
2026/09/30 09:09:03.645, Tesla T4, 0 MiB, 14913 MiB, 15360 MiB, 0 %, 0 %, 375 MHz, 5000 MHz, 33.05 W, 73, P0
2026/09/30 09:09:04.156, Tesla T4, 0 MiB, 14913 MiB, 15360 MiB, 0 %, 0 %, 300 MHz, 5000 MHz, 33.07 W, 73, P0
2026/09/30 09:09:04.673, Tesla T4, 0 MiB, 14913 MiB, 15360 MiB, 0 %, 0 %, 300 MHz, 5000 MHz, 32.77 W, 73, P0
2026/09/30 09:09:05.195, Tesla T4, 0 MiB, 14913 MiB, 15360 MiB, 0 %, 0 %, 300 MHz, 5000 MHz, 32.67 W, 73, P0
2026/09/30 09:09:05.722, Tesla T4, 0 MiB, 14913 MiB, 15360 MiB, 0 %, 0 %, 300 MHz, 5000 MHz, 32.67 W, 72, P0
2026/09/30 09:09:06.252, Tesla T4, 0 MiB, 14913 MiB, 15360 MiB, 0 %, 0 %, 300 MHz, 405 MHz, 16.51 W, 71, P8
2026/09/30 09:09:06.793, Tesla T4, 0 MiB, 14913 MiB, 15360 MiB, 0 %, 0 %, 300 MHz, 405 MHz, 21.05 W, 71, P8
2026/09/30 09:09:07.330, Tesla T4, 0 MiB, 14913 MiB, 15360 MiB, 0 %, 0 %, 300 MHz, 405 MHz, 12.55 W, 70, P8
2026/09/30 09:09:07.858, Tesla T4, 0 MiB, 14913 MiB, 15360 MiB, 0 %, 0 %, 300 MHz, 405 MHz, 11.85 W, 70, P8
2026/09/30 09:09:08.373, Tesla T4, 1 MiB, 14913 MiB, 15360 MiB, 0 %, 0 %, 300 MHz, 405 MHz, 16.21 W, 70, P8
2026/09/30 09:09:08.897, Tesla T4, 3 MiB, 14910 MiB, 15360 MiB, 0 %, 0 %, 615 MHz, 405 MHz, 12.94 W, 70, P8
2026/09/30 09:09:09.412, Tesla T4, 3 MiB, 14910 MiB, 15360 MiB, 0 %, 0 %, 615 MHz, 405 MHz, 12.05 W, 69, P8
2026/09/30 09:09:09.927, Tesla T4, 3 MiB, 14910 MiB, 15360 MiB, 0 %, 0 %, 615 MHz, 405 MHz, 12.45 W, 69, P8
2026/09/30 09:09:10.443, Tesla T4, 3 MiB, 14910 MiB, 15360 MiB, 0 %, 0 %, 300 MHz, 405 MHz, 11.95 W, 69, P8
2026/09/30 09:09:10.968, Tesla T4, 3 MiB, 14910 MiB, 15360 MiB, 0 %, 0 %, 300 MHz, 405 MHz, 12.45 W, 69, P8
2026/09/30 09:09:11.498, Tesla T4, 3 MiB, 14910 MiB, 15360 MiB, 0 %, 0 %, 300 MHz, 405 MHz, 12.75 W, 69, P8
2026/09/30 09:09:12.031, Tesla T4, 3 MiB, 14910 MiB, 15360 MiB, 0 %, 0 %, 300 MHz, 405 MHz, 11.85 W, 68, P8
2026/09/30 09:09:12.563, Tesla T4, 3 MiB, 14910 MiB, 15360 MiB, 0 %, 0 %, 300 MHz, 405 MHz, 12.25 W, 68, P8
2026/09/30 09:09:13.096, Tesla T4, 13 MiB, 14900 MiB, 15360 MiB, 0 %, 0 %, 585 MHz, 5000 MHz, 32.87 W, 69, P0
2026/09/30 09:09:13.611, Tesla T4, 1673 MiB, 13240 MiB, 15360 MiB, 25 %, 1 %, 585 MHz, 5000 MHz, 32.58 W, 69, P0
2026/09/30 09:09:14.120, Tesla T4, 3493 MiB, 11420 MiB, 15360 MiB, 32 %, 2 %, 585 MHz, 5000 MHz, 32.67 W, 69, P0
2026/09/30 09:09:14.630, Tesla T4, 5367 MiB, 9546 MiB, 15360 MiB, 32 %, 2 %, 585 MHz, 5000 MHz, 32.77 W, 69, P0
2026/09/30 09:09:15.141, Tesla T4, 6101 MiB, 8812 MiB, 15360 MiB, 0 %, 0 %, 585 MHz, 5000 MHz, 32.18 W, 69, P0
2026/09/30 09:09:15.650, Tesla T4, 6127 MiB, 8786 MiB, 15360 MiB, 0 %, 0 %, 585 MHz, 5000 MHz, 32.18 W, 69, P0
2026/09/30 09:09:16.161, Tesla T4, 6127 MiB, 8786 MiB, 15360 MiB, 0 %, 0 %, 585 MHz, 5000 MHz, 32.18 W, 69, P0
2026/09/30 09:09:16.670, Tesla T4, 6127 MiB, 8786 MiB, 15360 MiB, 0 %, 0 %, 585 MHz, 5000 MHz, 32.18 W, 69, P0
2026/09/30 09:09:17.183, Tesla T4, 6499 MiB, 8414 MiB, 15360 MiB, 14 %, 5 %, 585 MHz, 5000 MHz, 59.37 W, 71, P0
2026/09/30 09:09:17.694, Tesla T4, 6499 MiB, 8414 MiB, 15360 MiB, 86 %, 36 %, 645 MHz, 5000 MHz, 69.76 W, 72, P0
2026/09/30 09:09:18.209, Tesla T4, 6499 MiB, 8414 MiB, 15360 MiB, 93 %, 48 %, 660 MHz, 5000 MHz, 67.30 W, 72, P0
2026/09/30 09:09:18.733, Tesla T4, 6499 MiB, 8414 MiB, 15360 MiB, 100 %, 33 %, 675 MHz, 5000 MHz, 64.59 W, 72, P0
2026/09/30 09:09:19.264, Tesla T4, 6499 MiB, 8414 MiB, 15360 MiB, 100 %, 33 %, 630 MHz, 5000 MHz, 67.04 W, 73, P0
2026/09/30 09:09:19.804, Tesla T4, 6499 MiB, 8414 MiB, 15360 MiB, 98 %, 32 %, 615 MHz, 5000 MHz, 66.56 W, 73, P0
2026/09/30 09:09:20.341, Tesla T4, 7139 MiB, 7774 MiB, 15360 MiB, 100 %, 30 %, 645 MHz, 5000 MHz, 64.93 W, 73, P0
2026/09/30 09:09:20.862, Tesla T4, 7139 MiB, 7774 MiB, 15360 MiB, 98 %, 34 %, 615 MHz, 5000 MHz, 66.81 W, 73, P0
2026/09/30 09:09:21.377, Tesla T4, 7139 MiB, 7774 MiB, 15360 MiB, 100 %, 30 %, 645 MHz, 5000 MHz, 65.08 W, 74, P0
2026/09/30 09:09:21.892, Tesla T4, 7139 MiB, 7774 MiB, 15360 MiB, 96 %, 38 %, 735 MHz, 5000 MHz, 67.04 W, 74, P0
2026/09/30 09:09:22.405, Tesla T4, 7139 MiB, 7774 MiB, 15360 MiB, 98 %, 30 %, 630 MHz, 5000 MHz, 64.99 W, 74, P0
2026/09/30 09:09:22.917, Tesla T4, 7139 MiB, 7774 MiB, 15360 MiB, 100 %, 30 %, 735 MHz, 5000 MHz, 65.83 W, 74, P0
2026/09/30 09:09:23.430, Tesla T4, 7139 MiB, 7774 MiB, 15360 MiB, 98 %, 29 %, 630 MHz, 5000 MHz, 67.04 W, 74, P0
2026/09/30 09:09:23.941, Tesla T4, 7139 MiB, 7774 MiB, 15360 MiB, 100 %, 30 %, 675 MHz, 5000 MHz, 66.95 W, 75, P0
2026/09/30 09:09:24.460, Tesla T4, 7139 MiB, 7774 MiB, 15360 MiB, 99 %, 42 %, 765 MHz, 5000 MHz, 65.28 W, 75, P0
2026/09/30 09:09:24.972, Tesla T4, 7139 MiB, 7774 MiB, 15360 MiB, 100 %, 26 %, 660 MHz, 5000 MHz, 66.51 W, 75, P0
2026/09/30 09:09:25.566, Tesla T4, 7139 MiB, 7774 MiB, 15360 MiB, 100 %, 31 %, 735 MHz, 5000 MHz, 69.70 W, 75, P0
2026/09/30 09:09:26.083, Tesla T4, 7139 MiB, 7774 MiB, 15360 MiB, 98 %, 26 %, 645 MHz, 5000 MHz, 68.08 W, 76, P0
2026/09/30 09:09:26.594, Tesla T4, 7139 MiB, 7774 MiB, 15360 MiB, 100 %, 31 %, 615 MHz, 5000 MHz, 70.88 W, 76, P0
2026/09/30 09:09:27.113, Tesla T4, 7139 MiB, 7774 MiB, 15360 MiB, 93 %, 39 %, 645 MHz, 5000 MHz, 65.83 W, 76, P0
2026/09/30 09:09:27.624, Tesla T4, 7139 MiB, 7774 MiB, 15360 MiB, 100 %, 34 %, 570 MHz, 5000 MHz, 65.93 W, 76, P0
2026/09/30 09:09:28.141, Tesla T4, 7139 MiB, 7774 MiB, 15360 MiB, 100 %, 33 %, 675 MHz, 5000 MHz, 58.59 W, 76, P0
2026/09/30 09:09:28.657, Tesla T4, 7139 MiB, 7774 MiB, 15360 MiB, 98 %, 32 %, 630 MHz, 5000 MHz, 66.51 W, 76, P0
2026/09/30 09:09:29.169, Tesla T4, 7139 MiB, 7774 MiB, 15360 MiB, 97 %, 37 %, 615 MHz, 5000 MHz, 65.48 W, 77, P0
2026/09/30 09:09:29.684, Tesla T4, 7139 MiB, 7774 MiB, 15360 MiB, 93 %, 35 %, 630 MHz, 5000 MHz, 72.30 W, 77, P0
2026/09/30 09:09:30.195, Tesla T4, 7139 MiB, 7774 MiB, 15360 MiB, 98 %, 35 %, 555 MHz, 5000 MHz, 66.61 W, 77, P0
2026/09/30 09:09:30.708, Tesla T4, 7139 MiB, 7774 MiB, 15360 MiB, 100 %, 37 %, 900 MHz, 5000 MHz, 69.80 W, 77, P0
2026/09/30 09:09:31.231, Tesla T4, 7139 MiB, 7774 MiB, 15360 MiB, 100 %, 38 %, 615 MHz, 5000 MHz, 65.57 W, 77, P0
2026/09/30 09:09:31.777, Tesla T4, 7927 MiB, 6986 MiB, 15360 MiB, 97 %, 27 %, 615 MHz, 5000 MHz, 65.38 W, 78, P0
2026/09/30 09:09:32.304, Tesla T4, 7927 MiB, 6986 MiB, 15360 MiB, 100 %, 26 %, 600 MHz, 5000 MHz, 65.18 W, 78, P0
2026/09/30 09:09:32.835, Tesla T4, 7927 MiB, 6986 MiB, 15360 MiB, 100 %, 32 %, 600 MHz, 5000 MHz, 66.65 W, 78, P0
2026/09/30 09:09:33.368, Tesla T4, 7927 MiB, 6986 MiB, 15360 MiB, 100 %, 26 %, 615 MHz, 5000 MHz, 64.40 W, 78, P0
2026/09/30 09:09:33.897, Tesla T4, 7927 MiB, 6986 MiB, 15360 MiB, 97 %, 34 %, 585 MHz, 5000 MHz, 66.22 W, 78, P0
2026/09/30 09:09:34.414, Tesla T4, 7927 MiB, 6986 MiB, 15360 MiB, 100 %, 30 %, 585 MHz, 5000 MHz, 65.77 W, 79, P0
2026/09/30 09:09:34.945, Tesla T4, 7927 MiB, 6986 MiB, 15360 MiB, 98 %, 33 %, 555 MHz, 5000 MHz, 65.53 W, 79, P0
2026/09/30 09:09:35.457, Tesla T4, 7927 MiB, 6986 MiB, 15360 MiB, 100 %, 29 %, 525 MHz, 5000 MHz, 65.77 W, 79, P0
2026/09/30 09:09:35.978, Tesla T4, 8879 MiB, 6034 MiB, 15360 MiB, 100 %, 28 %, 585 MHz, 5000 MHz, 65.57 W, 79, P0
2026/09/30 09:09:36.493, Tesla T4, 8879 MiB, 6034 MiB, 15360 MiB, 100 %, 27 %, 540 MHz, 5000 MHz, 64.59 W, 79, P0
2026/09/30 09:09:37.008, Tesla T4, 8879 MiB, 6034 MiB, 15360 MiB, 100 %, 26 %, 645 MHz, 5000 MHz, 65.48 W, 80, P0
2026/09/30 09:09:37.519, Tesla T4, 8879 MiB, 6034 MiB, 15360 MiB, 100 %, 27 %, 555 MHz, 5000 MHz, 64.79 W, 80, P0
2026/09/30 09:09:38.040, Tesla T4, 8879 MiB, 6034 MiB, 15360 MiB, 100 %, 27 %, 570 MHz, 5000 MHz, 66.61 W, 80, P0
2026/09/30 09:09:38.551, Tesla T4, 8879 MiB, 6034 MiB, 15360 MiB, 98 %, 25 %, 630 MHz, 5000 MHz, 65.38 W, 80, P0
2026/09/30 09:09:39.127, Tesla T4, 8879 MiB, 6034 MiB, 15360 MiB, 100 %, 26 %, 600 MHz, 5000 MHz, 67.79 W, 80, P0
2026/09/30 09:09:39.639, Tesla T4, 8879 MiB, 6034 MiB, 15360 MiB, 100 %, 26 %, 630 MHz, 5000 MHz, 65.57 W, 81, P0
2026/09/30 09:09:40.153, Tesla T4, 8879 MiB, 6034 MiB, 15360 MiB, 100 %, 33 %, 525 MHz, 5000 MHz, 65.48 W, 80, P0
2026/09/30 09:09:40.751, Tesla T4, 8879 MiB, 6034 MiB, 15360 MiB, 100 %, 26 %, 615 MHz, 5000 MHz, 64.99 W, 81, P0
2026/09/30 09:09:41.273, Tesla T4, 8879 MiB, 6034 MiB, 15360 MiB, 99 %, 33 %, 525 MHz, 5000 MHz, 65.14 W, 81, P0
2026/09/30 09:09:41.784, Tesla T4, 10067 MiB, 4846 MiB, 15360 MiB, 100 %, 21 %, 645 MHz, 5000 MHz, 66.42 W, 81, P0
2026/09/30 09:09:42.301, Tesla T4, 10067 MiB, 4846 MiB, 15360 MiB, 100 %, 21 %, 675 MHz, 5000 MHz, 65.18 W, 82, P0
2026/09/30 09:09:42.812, Tesla T4, 10067 MiB, 4846 MiB, 15360 MiB, 100 %, 33 %, 915 MHz, 5000 MHz, 60.22 W, 82, P0
2026/09/30 09:09:43.332, Tesla T4, 10067 MiB, 4846 MiB, 15360 MiB, 100 %, 21 %, 660 MHz, 5000 MHz, 65.73 W, 82, P0
2026/09/30 09:09:43.844, Tesla T4, 10067 MiB, 4846 MiB, 15360 MiB, 100 %, 19 %, 630 MHz, 5000 MHz, 65.18 W, 82, P0
2026/09/30 09:09:44.367, Tesla T4, 10067 MiB, 4846 MiB, 15360 MiB, 95 %, 30 %, 540 MHz, 5000 MHz, 65.57 W, 82, P0
2026/09/30 09:09:44.889, Tesla T4, 10067 MiB, 4846 MiB, 15360 MiB, 100 %, 25 %, 555 MHz, 5000 MHz, 60.06 W, 82, P0
2026/09/30 09:09:45.401, Tesla T4, 10067 MiB, 4846 MiB, 15360 MiB, 89 %, 25 %, 510 MHz, 5000 MHz, 65.12 W, 82, P0
2026/09/30 09:09:45.925, Tesla T4, 10067 MiB, 4846 MiB, 15360 MiB, 100 %, 27 %, 480 MHz, 5000 MHz, 65.87 W, 82, P0
2026/09/30 09:09:46.470, Tesla T4, 10067 MiB, 4846 MiB, 15360 MiB, 100 %, 26 %, 690 MHz, 5000 MHz, 64.40 W, 83, P0
2026/09/30 09:09:47.000, Tesla T4, 10067 MiB, 4846 MiB, 15360 MiB, 100 %, 20 %, 660 MHz, 5000 MHz, 65.87 W, 83, P0
2026/09/30 09:09:47.519, Tesla T4, 10067 MiB, 4846 MiB, 15360 MiB, 100 %, 20 %, 615 MHz, 5000 MHz, 64.89 W, 83, P0
2026/09/30 09:09:48.032, Tesla T4, 10067 MiB, 4846 MiB, 15360 MiB, 100 %, 20 %, 630 MHz, 5000 MHz, 66.02 W, 83, P0
2026/09/30 09:09:48.545, Tesla T4, 10067 MiB, 4846 MiB, 15360 MiB, 100 %, 20 %, 645 MHz, 5000 MHz, 64.59 W, 83, P0
2026/09/30 09:09:49.065, Tesla T4, 10067 MiB, 4846 MiB, 15360 MiB, 96 %, 39 %, 525 MHz, 5000 MHz, 64.30 W, 83, P0
2026/09/30 09:09:49.576, Tesla T4, 10067 MiB, 4846 MiB, 15360 MiB, 100 %, 26 %, 510 MHz, 5000 MHz, 65.28 W, 83, P0
2026/09/30 09:09:50.093, Tesla T4, 10067 MiB, 4846 MiB, 15360 MiB, 100 %, 27 %, 885 MHz, 5000 MHz, 63.71 W, 83, P0
2026/09/30 09:09:50.607, Tesla T4, 10067 MiB, 4846 MiB, 15360 MiB, 100 %, 26 %, 540 MHz, 5000 MHz, 64.36 W, 83, P0
2026/09/30 09:09:51.120, Tesla T4, 10067 MiB, 4846 MiB, 15360 MiB, 100 %, 28 %, 525 MHz, 5000 MHz, 65.28 W, 83, P0
2026/09/30 09:09:51.633, Tesla T4, 10067 MiB, 4846 MiB, 15360 MiB, 100 %, 31 %, 480 MHz, 5000 MHz, 65.08 W, 83, P0
2026/09/30 09:09:52.150, Tesla T4, 10067 MiB, 4846 MiB, 15360 MiB, 100 %, 27 %, 525 MHz, 5000 MHz, 64.24 W, 83, P0
2026/09/30 09:09:52.663, Tesla T4, 10067 MiB, 4846 MiB, 15360 MiB, 98 %, 29 %, 495 MHz, 5000 MHz, 65.18 W, 83, P0
2026/09/30 09:09:53.180, Tesla T4, 10067 MiB, 4846 MiB, 15360 MiB, 97 %, 29 %, 480 MHz, 5000 MHz, 64.89 W, 82, P0
2026/09/30 09:09:53.691, Tesla T4, 10067 MiB, 4846 MiB, 15360 MiB, 92 %, 34 %, 480 MHz, 5000 MHz, 64.79 W, 82, P0
2026/09/30 09:09:54.203, Tesla T4, 10067 MiB, 4846 MiB, 15360 MiB, 99 %, 30 %, 600 MHz, 5000 MHz, 65.08 W, 82, P0
2026/09/30 09:09:54.720, Tesla T4, 10067 MiB, 4846 MiB, 15360 MiB, 94 %, 34 %, 600 MHz, 5000 MHz, 65.67 W, 82, P0
2026/09/30 09:09:55.231, Tesla T4, 10067 MiB, 4846 MiB, 15360 MiB, 97 %, 33 %, 555 MHz, 5000 MHz, 65.48 W, 82, P0
2026/09/30 09:09:55.747, Tesla T4, 10067 MiB, 4846 MiB, 15360 MiB, 99 %, 35 %, 615 MHz, 5000 MHz, 63.81 W, 81, P0
2026/09/30 09:09:56.259, Tesla T4, 10067 MiB, 4846 MiB, 15360 MiB, 97 %, 43 %, 630 MHz, 5000 MHz, 65.08 W, 81, P0
2026/09/30 09:09:56.777, Tesla T4, 10067 MiB, 4846 MiB, 15360 MiB, 97 %, 34 %, 555 MHz, 5000 MHz, 65.57 W, 81, P0
2026/09/30 09:09:57.322, Tesla T4, 10067 MiB, 4846 MiB, 15360 MiB, 88 %, 33 %, 510 MHz, 5000 MHz, 64.50 W, 81, P0
2026/09/30 09:09:57.856, Tesla T4, 10067 MiB, 4846 MiB, 15360 MiB, 97 %, 35 %, 570 MHz, 5000 MHz, 63.65 W, 80, P0
2026/09/30 09:09:58.389, Tesla T4, 10067 MiB, 4846 MiB, 15360 MiB, 90 %, 37 %, 570 MHz, 5000 MHz, 65.38 W, 80, P0
2026/09/30 09:09:58.909, Tesla T4, 10067 MiB, 4846 MiB, 15360 MiB, 95 %, 32 %, 555 MHz, 5000 MHz, 65.91 W, 80, P0
2026/09/30 09:09:59.452, Tesla T4, 10067 MiB, 4846 MiB, 15360 MiB, 87 %, 29 %, 540 MHz, 5000 MHz, 65.67 W, 80, P0
2026/09/30 09:09:59.975, Tesla T4, 10067 MiB, 4846 MiB, 15360 MiB, 94 %, 46 %, 555 MHz, 5000 MHz, 65.63 W, 79, P0
2026/09/30 09:10:00.495, Tesla T4, 10067 MiB, 4846 MiB, 15360 MiB, 97 %, 43 %, 615 MHz, 5000 MHz, 64.85 W, 79, P0
2026/09/30 09:10:01.006, Tesla T4, 10067 MiB, 4846 MiB, 15360 MiB, 99 %, 36 %, 615 MHz, 5000 MHz, 64.81 W, 79, P0
2026/09/30 09:10:01.526, Tesla T4, 10067 MiB, 4846 MiB, 15360 MiB, 99 %, 36 %, 555 MHz, 5000 MHz, 67.10 W, 79, P0
2026/09/30 09:10:02.037, Tesla T4, 10067 MiB, 4846 MiB, 15360 MiB, 100 %, 22 %, 690 MHz, 5000 MHz, 66.16 W, 79, P0
2026/09/30 09:10:02.556, Tesla T4, 10067 MiB, 4846 MiB, 15360 MiB, 100 %, 22 %, 705 MHz, 5000 MHz, 65.57 W, 79, P0
2026/09/30 09:10:03.067, Tesla T4, 10067 MiB, 4846 MiB, 15360 MiB, 98 %, 31 %, 570 MHz, 5000 MHz, 63.71 W, 79, P0
2026/09/30 09:10:03.584, Tesla T4, 10067 MiB, 4846 MiB, 15360 MiB, 92 %, 25 %, 690 MHz, 5000 MHz, 67.00 W, 79, P0
2026/09/30 09:10:04.095, Tesla T4, 10067 MiB, 4846 MiB, 15360 MiB, 100 %, 22 %, 720 MHz, 5000 MHz, 65.93 W, 78, P0
2026/09/30 09:10:04.613, Tesla T4, 10067 MiB, 4846 MiB, 15360 MiB, 98 %, 23 %, 570 MHz, 5000 MHz, 69.12 W, 78, P0
2026/09/30 09:10:05.142, Tesla T4, 10067 MiB, 4846 MiB, 15360 MiB, 100 %, 28 %, 615 MHz, 5000 MHz, 65.63 W, 78, P0
2026/09/30 09:10:05.653, Tesla T4, 10067 MiB, 4846 MiB, 15360 MiB, 88 %, 56 %, 735 MHz, 5000 MHz, 61.59 W, 78, P0
2026/09/30 09:10:06.169, Tesla T4, 10067 MiB, 4846 MiB, 15360 MiB, 100 %, 23 %, 690 MHz, 5000 MHz, 65.08 W, 78, P0
2026/09/30 09:10:06.681, Tesla T4, 10067 MiB, 4846 MiB, 15360 MiB, 100 %, 19 %, 735 MHz, 5000 MHz, 66.16 W, 78, P0
2026/09/30 09:10:07.196, Tesla T4, 10067 MiB, 4846 MiB, 15360 MiB, 100 %, 23 %, 705 MHz, 5000 MHz, 66.06 W, 78, P0
2026/09/30 09:10:07.710, Tesla T4, 10067 MiB, 4846 MiB, 15360 MiB, 100 %, 20 %, 825 MHz, 5000 MHz, 75.49 W, 77, P0
2026/09/30 09:10:08.227, Tesla T4, 10067 MiB, 4846 MiB, 15360 MiB, 100 %, 22 %, 720 MHz, 5000 MHz, 66.32 W, 77, P0
2026/09/30 09:10:08.737, Tesla T4, 10067 MiB, 4846 MiB, 15360 MiB, 100 %, 20 %, 750 MHz, 5000 MHz, 65.44 W, 77, P0
2026/09/30 09:10:09.254, Tesla T4, 10067 MiB, 4846 MiB, 15360 MiB, 100 %, 22 %, 705 MHz, 5000 MHz, 66.32 W, 77, P0
2026/09/30 09:10:09.766, Tesla T4, 10067 MiB, 4846 MiB, 15360 MiB, 100 %, 21 %, 690 MHz, 5000 MHz, 60.16 W, 77, P0
2026/09/30 09:10:10.307, Tesla T4, 10067 MiB, 4846 MiB, 15360 MiB, 89 %, 42 %, 630 MHz, 5000 MHz, 65.38 W, 76, P0
2026/09/30 09:10:10.839, Tesla T4, 10067 MiB, 4846 MiB, 15360 MiB, 97 %, 29 %, 780 MHz, 5000 MHz, 62.77 W, 76, P0
2026/09/30 09:10:11.370, Tesla T4, 10067 MiB, 4846 MiB, 15360 MiB, 100 %, 25 %, 630 MHz, 5000 MHz, 53.71 W, 76, P0
2026/09/30 09:10:11.906, Tesla T4, 10067 MiB, 4846 MiB, 15360 MiB, 100 %, 25 %, 720 MHz, 5000 MHz, 66.26 W, 76, P0
2026/09/30 09:10:12.436, Tesla T4, 10067 MiB, 4846 MiB, 15360 MiB, 94 %, 32 %, 600 MHz, 5000 MHz, 67.00 W, 76, P0
2026/09/30 09:10:12.971, Tesla T4, 10067 MiB, 4846 MiB, 15360 MiB, 100 %, 25 %, 690 MHz, 5000 MHz, 66.22 W, 76, P0
2026/09/30 09:10:13.482, Tesla T4, 10067 MiB, 4846 MiB, 15360 MiB, 97 %, 29 %, 705 MHz, 5000 MHz, 65.83 W, 76, P0
2026/09/30 09:10:13.993, Tesla T4, 10067 MiB, 4846 MiB, 15360 MiB, 99 %, 24 %, 600 MHz, 5000 MHz, 65.14 W, 76, P0
2026/09/30 09:10:14.510, Tesla T4, 10067 MiB, 4846 MiB, 15360 MiB, 96 %, 44 %, 600 MHz, 5000 MHz, 66.42 W, 75, P0
2026/09/30 09:10:15.021, Tesla T4, 10067 MiB, 4846 MiB, 15360 MiB, 100 %, 39 %, 600 MHz, 5000 MHz, 65.97 W, 75, P0
2026/09/30 09:10:15.537, Tesla T4, 10067 MiB, 4846 MiB, 15360 MiB, 99 %, 40 %, 675 MHz, 5000 MHz, 58.42 W, 75, P0
2026/09/30 09:10:16.049, Tesla T4, 10067 MiB, 4846 MiB, 15360 MiB, 100 %, 30 %, 645 MHz, 5000 MHz, 67.20 W, 75, P0
2026/09/30 09:10:16.566, Tesla T4, 10067 MiB, 4846 MiB, 15360 MiB, 88 %, 28 %, 600 MHz, 5000 MHz, 85.40 W, 75, P0
2026/09/30 09:10:17.079, Tesla T4, 10067 MiB, 4846 MiB, 15360 MiB, 100 %, 29 %, 630 MHz, 5000 MHz, 64.99 W, 75, P0
2026/09/30 09:10:17.591, Tesla T4, 10067 MiB, 4846 MiB, 15360 MiB, 95 %, 43 %, 525 MHz, 5000 MHz, 60.06 W, 74, P0
2026/09/30 09:10:18.111, Tesla T4, 10067 MiB, 4846 MiB, 15360 MiB, 97 %, 46 %, 825 MHz, 5000 MHz, 51.31 W, 74, P0
2026/09/30 09:10:18.628, Tesla T4, 10067 MiB, 4846 MiB, 15360 MiB, 96 %, 54 %, 720 MHz, 5000 MHz, 66.67 W, 75, P0
2026/09/30 09:10:19.139, Tesla T4, 10067 MiB, 4846 MiB, 15360 MiB, 98 %, 26 %, 720 MHz, 5000 MHz, 66.61 W, 75, P0
2026/09/30 09:10:19.650, Tesla T4, 10067 MiB, 4846 MiB, 15360 MiB, 98 %, 30 %, 660 MHz, 5000 MHz, 65.97 W, 74, P0
2026/09/30 09:10:20.166, Tesla T4, 10067 MiB, 4846 MiB, 15360 MiB, 100 %, 26 %, 735 MHz, 5000 MHz, 66.61 W, 74, P0
2026/09/30 09:10:20.677, Tesla T4, 10067 MiB, 4846 MiB, 15360 MiB, 98 %, 35 %, 660 MHz, 5000 MHz, 65.38 W, 74, P0
2026/09/30 09:10:21.193, Tesla T4, 10067 MiB, 4846 MiB, 15360 MiB, 100 %, 29 %, 705 MHz, 5000 MHz, 66.71 W, 74, P0
2026/09/30 09:10:21.704, Tesla T4, 10067 MiB, 4846 MiB, 15360 MiB, 98 %, 32 %, 675 MHz, 5000 MHz, 65.97 W, 74, P0
2026/09/30 09:10:22.221, Tesla T4, 10067 MiB, 4846 MiB, 15360 MiB, 100 %, 29 %, 690 MHz, 5000 MHz, 67.49 W, 74, P0
2026/09/30 09:10:22.734, Tesla T4, 10067 MiB, 4846 MiB, 15360 MiB, 100 %, 34 %, 660 MHz, 5000 MHz, 65.87 W, 74, P0
2026/09/30 09:10:23.263, Tesla T4, 10067 MiB, 4846 MiB, 15360 MiB, 95 %, 34 %, 690 MHz, 5000 MHz, 65.04 W, 74, P0
2026/09/30 09:10:23.789, Tesla T4, 10067 MiB, 4846 MiB, 15360 MiB, 100 %, 33 %, 660 MHz, 5000 MHz, 67.10 W, 74, P0
2026/09/30 09:10:24.311, Tesla T4, 10067 MiB, 4846 MiB, 15360 MiB, 95 %, 33 %, 750 MHz, 5000 MHz, 65.87 W, 74, P0
2026/09/30 09:10:24.834, Tesla T4, 10067 MiB, 4846 MiB, 15360 MiB, 89 %, 30 %, 765 MHz, 5000 MHz, 66.36 W, 74, P0
2026/09/30 09:10:25.358, Tesla T4, 10067 MiB, 4846 MiB, 15360 MiB, 95 %, 41 %, 795 MHz, 5000 MHz, 52.10 W, 74, P0
2026/09/30 09:10:25.874, Tesla T4, 10067 MiB, 4846 MiB, 15360 MiB, 99 %, 43 %, 660 MHz, 5000 MHz, 67.89 W, 74, P0
2026/09/30 09:10:26.402, Tesla T4, 10067 MiB, 4846 MiB, 15360 MiB, 91 %, 43 %, 675 MHz, 5000 MHz, 67.40 W, 74, P0
2026/09/30 09:10:26.915, Tesla T4, 10067 MiB, 4846 MiB, 15360 MiB, 100 %, 32 %, 615 MHz, 5000 MHz, 58.29 W, 74, P0
2026/09/30 09:10:27.436, Tesla T4, 10067 MiB, 4846 MiB, 15360 MiB, 94 %, 36 %, 720 MHz, 5000 MHz, 67.70 W, 74, P0
2026/09/30 09:10:27.947, Tesla T4, 10067 MiB, 4846 MiB, 15360 MiB, 100 %, 40 %, 660 MHz, 5000 MHz, 67.79 W, 74, P0
2026/09/30 09:10:28.474, Tesla T4, 10067 MiB, 4846 MiB, 15360 MiB, 100 %, 28 %, 840 MHz, 5000 MHz, 66.91 W, 74, P0
2026/09/30 09:10:28.990, Tesla T4, 10067 MiB, 4846 MiB, 15360 MiB, 100 %, 29 %, 645 MHz, 5000 MHz, 65.34 W, 74, P0
2026/09/30 09:10:29.519, Tesla T4, 10067 MiB, 4846 MiB, 15360 MiB, 97 %, 30 %, 735 MHz, 5000 MHz, 66.61 W, 74, P0
2026/09/30 09:10:30.032, Tesla T4, 10067 MiB, 4846 MiB, 15360 MiB, 100 %, 34 %, 645 MHz, 5000 MHz, 66.71 W, 74, P0
2026/09/30 09:10:30.564, Tesla T4, 10067 MiB, 4846 MiB, 15360 MiB, 100 %, 26 %, 735 MHz, 5000 MHz, 66.02 W, 74, P0
2026/09/30 09:10:31.075, Tesla T4, 10067 MiB, 4846 MiB, 15360 MiB, 100 %, 33 %, 885 MHz, 5000 MHz, 65.57 W, 74, P0
2026/09/30 09:10:31.619, Tesla T4, 10067 MiB, 4846 MiB, 15360 MiB, 93 %, 41 %, 630 MHz, 5000 MHz, 68.14 W, 74, P0
2026/09/30 09:10:32.131, Tesla T4, 10067 MiB, 4846 MiB, 15360 MiB, 97 %, 36 %, 600 MHz, 5000 MHz, 66.51 W, 74, P0
2026/09/30 09:10:32.657, Tesla T4, 10067 MiB, 4846 MiB, 15360 MiB, 100 %, 36 %, 600 MHz, 5000 MHz, 66.81 W, 74, P0
2026/09/30 09:10:33.173, Tesla T4, 10067 MiB, 4846 MiB, 15360 MiB, 97 %, 40 %, 645 MHz, 5000 MHz, 67.20 W, 74, P0
2026/09/30 09:10:33.698, Tesla T4, 10067 MiB, 4846 MiB, 15360 MiB, 99 %, 44 %, 615 MHz, 5000 MHz, 67.93 W, 74, P0
2026/09/30 09:10:34.209, Tesla T4, 10067 MiB, 4846 MiB, 15360 MiB, 100 %, 24 %, 780 MHz, 5000 MHz, 67.40 W, 74, P0
2026/09/30 09:10:34.741, Tesla T4, 10067 MiB, 4846 MiB, 15360 MiB, 100 %, 23 %, 735 MHz, 5000 MHz, 67.59 W, 74, P0
2026/09/30 09:10:35.253, Tesla T4, 10067 MiB, 4846 MiB, 15360 MiB, 100 %, 34 %, 840 MHz, 5000 MHz, 70.29 W, 74, P0
2026/09/30 09:10:35.786, Tesla T4, 10067 MiB, 4846 MiB, 15360 MiB, 100 %, 23 %, 750 MHz, 5000 MHz, 66.46 W, 74, P0
2026/09/30 09:10:36.316, Tesla T4, 10067 MiB, 4846 MiB, 15360 MiB, 98 %, 29 %, 660 MHz, 5000 MHz, 66.91 W, 74, P0
2026/09/30 09:10:36.839, Tesla T4, 10067 MiB, 4846 MiB, 15360 MiB, 96 %, 39 %, 945 MHz, 5000 MHz, 66.77 W, 74, P0
2026/09/30 09:10:37.370, Tesla T4, 10067 MiB, 4846 MiB, 15360 MiB, 97 %, 44 %, 600 MHz, 5000 MHz, 70.98 W, 74, P0
2026/09/30 09:10:37.893, Tesla T4, 10067 MiB, 4846 MiB, 15360 MiB, 97 %, 41 %, 585 MHz, 5000 MHz, 66.65 W, 74, P0
2026/09/30 09:10:38.419, Tesla T4, 10067 MiB, 4846 MiB, 15360 MiB, 93 %, 48 %, 660 MHz, 5000 MHz, 71.77 W, 74, P0
2026/09/30 09:10:38.938, Tesla T4, 10067 MiB, 4846 MiB, 15360 MiB, 100 %, 30 %, 645 MHz, 5000 MHz, 67.24 W, 75, P0
2026/09/30 09:10:39.449, Tesla T4, 10067 MiB, 4846 MiB, 15360 MiB, 91 %, 41 %, 630 MHz, 5000 MHz, 67.10 W, 75, P0
2026/09/30 09:10:39.975, Tesla T4, 10067 MiB, 4846 MiB, 15360 MiB, 100 %, 26 %, 720 MHz, 5000 MHz, 66.42 W, 75, P0
2026/09/30 09:10:40.491, Tesla T4, 10067 MiB, 4846 MiB, 15360 MiB, 100 %, 36 %, 645 MHz, 5000 MHz, 60.32 W, 75, P0
2026/09/30 09:10:41.029, Tesla T4, 10067 MiB, 4846 MiB, 15360 MiB, 100 %, 30 %, 585 MHz, 5000 MHz, 67.83 W, 75, P0
2026/09/30 09:10:41.545, Tesla T4, 10067 MiB, 4846 MiB, 15360 MiB, 98 %, 33 %, 645 MHz, 5000 MHz, 66.81 W, 75, P0
2026/09/30 09:10:42.071, Tesla T4, 10067 MiB, 4846 MiB, 15360 MiB, 97 %, 30 %, 675 MHz, 5000 MHz, 67.10 W, 75, P0
2026/09/30 09:10:42.589, Tesla T4, 10067 MiB, 4846 MiB, 15360 MiB, 100 %, 39 %, 705 MHz, 5000 MHz, 58.62 W, 75, P0
2026/09/30 09:10:43.121, Tesla T4, 10067 MiB, 4846 MiB, 15360 MiB, 100 %, 33 %, 660 MHz, 5000 MHz, 66.81 W, 75, P0
2026/09/30 09:10:43.641, Tesla T4, 10067 MiB, 4846 MiB, 15360 MiB, 100 %, 36 %, 690 MHz, 5000 MHz, 63.85 W, 75, P0
2026/09/30 09:10:44.168, Tesla T4, 10067 MiB, 4846 MiB, 15360 MiB, 100 %, 34 %, 510 MHz, 5000 MHz, 68.82 W, 75, P0
2026/09/30 09:10:44.680, Tesla T4, 10067 MiB, 4846 MiB, 15360 MiB, 100 %, 27 %, 645 MHz, 5000 MHz, 65.63 W, 75, P0
2026/09/30 09:10:45.207, Tesla T4, 10067 MiB, 4846 MiB, 15360 MiB, 96 %, 25 %, 735 MHz, 5000 MHz, 67.69 W, 76, P0
2026/09/30 09:10:45.721, Tesla T4, 10067 MiB, 4846 MiB, 15360 MiB, 100 %, 23 %, 750 MHz, 5000 MHz, 67.49 W, 76, P0
2026/09/30 09:10:46.252, Tesla T4, 10067 MiB, 4846 MiB, 15360 MiB, 93 %, 23 %, 615 MHz, 5000 MHz, 76.90 W, 76, P0
2026/09/30 09:10:46.770, Tesla T4, 10067 MiB, 4846 MiB, 15360 MiB, 100 %, 26 %, 645 MHz, 5000 MHz, 65.97 W, 76, P0
2026/09/30 09:10:47.300, Tesla T4, 10067 MiB, 4846 MiB, 15360 MiB, 100 %, 23 %, 765 MHz, 5000 MHz, 65.28 W, 76, P0
2026/09/30 09:10:47.811, Tesla T4, 10067 MiB, 4846 MiB, 15360 MiB, 100 %, 23 %, 705 MHz, 5000 MHz, 67.59 W, 76, P0
2026/09/30 09:10:48.335, Tesla T4, 10067 MiB, 4846 MiB, 15360 MiB, 98 %, 44 %, 585 MHz, 5000 MHz, 67.00 W, 76, P0
2026/09/30 09:10:48.855, Tesla T4, 10067 MiB, 4846 MiB, 15360 MiB, 96 %, 42 %, 735 MHz, 5000 MHz, 68.38 W, 76, P0
2026/09/30 09:10:49.382, Tesla T4, 10067 MiB, 4846 MiB, 15360 MiB, 100 %, 30 %, 630 MHz, 5000 MHz, 66.91 W, 76, P0
2026/09/30 09:10:49.923, Tesla T4, 10067 MiB, 4846 MiB, 15360 MiB, 95 %, 28 %, 630 MHz, 5000 MHz, 65.63 W, 77, P0
2026/09/30 09:10:50.456, Tesla T4, 10067 MiB, 4846 MiB, 15360 MiB, 97 %, 32 %, 630 MHz, 5000 MHz, 66.11 W, 77, P0
2026/09/30 09:10:51.005, Tesla T4, 10067 MiB, 4846 MiB, 15360 MiB, 98 %, 30 %, 645 MHz, 5000 MHz, 66.56 W, 77, P0
2026/09/30 09:10:51.530, Tesla T4, 10067 MiB, 4846 MiB, 15360 MiB, 98 %, 37 %, 540 MHz, 5000 MHz, 56.62 W, 77, P0
2026/09/30 09:10:52.048, Tesla T4, 10067 MiB, 4846 MiB, 15360 MiB, 93 %, 34 %, 675 MHz, 5000 MHz, 66.85 W, 77, P0
2026/09/30 09:10:52.565, Tesla T4, 10067 MiB, 4846 MiB, 15360 MiB, 99 %, 36 %, 645 MHz, 5000 MHz, 67.20 W, 77, P0
2026/09/30 09:10:53.078, Tesla T4, 10067 MiB, 4846 MiB, 15360 MiB, 100 %, 31 %, 630 MHz, 5000 MHz, 66.42 W, 77, P0
2026/09/30 09:10:53.593, Tesla T4, 10067 MiB, 4846 MiB, 15360 MiB, 98 %, 27 %, 690 MHz, 5000 MHz, 66.02 W, 77, P0
2026/09/30 09:10:54.104, Tesla T4, 10067 MiB, 4846 MiB, 15360 MiB, 91 %, 27 %, 615 MHz, 5000 MHz, 65.08 W, 77, P0
2026/09/30 09:10:54.616, Tesla T4, 10067 MiB, 4846 MiB, 15360 MiB, 100 %, 29 %, 690 MHz, 5000 MHz, 66.71 W, 78, P0
2026/09/30 09:10:55.129, Tesla T4, 10067 MiB, 4846 MiB, 15360 MiB, 97 %, 27 %, 585 MHz, 5000 MHz, 65.67 W, 78, P0
2026/09/30 09:10:55.640, Tesla T4, 10067 MiB, 4846 MiB, 15360 MiB, 100 %, 30 %, 585 MHz, 5000 MHz, 61.24 W, 78, P0
2026/09/30 09:10:56.160, Tesla T4, 10067 MiB, 4846 MiB, 15360 MiB, 93 %, 27 %, 570 MHz, 5000 MHz, 71.81 W, 78, P0
2026/09/30 09:10:56.671, Tesla T4, 10067 MiB, 4846 MiB, 15360 MiB, 98 %, 29 %, 615 MHz, 5000 MHz, 66.91 W, 78, P0
2026/09/30 09:10:57.188, Tesla T4, 10067 MiB, 4846 MiB, 15360 MiB, 100 %, 29 %, 540 MHz, 5000 MHz, 65.93 W, 78, P0
2026/09/30 09:10:57.700, Tesla T4, 10067 MiB, 4846 MiB, 15360 MiB, 97 %, 25 %, 675 MHz, 5000 MHz, 66.61 W, 78, P0
2026/09/30 09:10:58.217, Tesla T4, 10067 MiB, 4846 MiB, 15360 MiB, 100 %, 22 %, 705 MHz, 5000 MHz, 65.28 W, 79, P0
2026/09/30 09:10:58.728, Tesla T4, 10067 MiB, 4846 MiB, 15360 MiB, 93 %, 29 %, 540 MHz, 5000 MHz, 65.73 W, 79, P0
2026/09/30 09:10:59.244, Tesla T4, 10067 MiB, 4846 MiB, 15360 MiB, 98 %, 28 %, 690 MHz, 5000 MHz, 65.52 W, 79, P0
2026/09/30 09:10:59.755, Tesla T4, 10067 MiB, 4846 MiB, 15360 MiB, 100 %, 21 %, 705 MHz, 5000 MHz, 66.26 W, 79, P0
2026/09/30 09:11:00.266, Tesla T4, 10067 MiB, 4846 MiB, 15360 MiB, 98 %, 21 %, 555 MHz, 5000 MHz, 65.67 W, 79, P0
2026/09/30 09:11:00.779, Tesla T4, 10067 MiB, 4846 MiB, 15360 MiB, 98 %, 30 %, 630 MHz, 5000 MHz, 66.71 W, 79, P0
2026/09/30 09:11:01.291, Tesla T4, 10067 MiB, 4846 MiB, 15360 MiB, 100 %, 26 %, 585 MHz, 5000 MHz, 64.99 W, 79, P0
2026/09/30 09:11:01.806, Tesla T4, 10067 MiB, 4846 MiB, 15360 MiB, 97 %, 31 %, 630 MHz, 5000 MHz, 64.99 W, 80, P0
2026/09/30 09:11:02.330, Tesla T4, 10067 MiB, 4846 MiB, 15360 MiB, 100 %, 26 %, 630 MHz, 5000 MHz, 64.79 W, 80, P0
2026/09/30 09:11:02.854, Tesla T4, 10067 MiB, 4846 MiB, 15360 MiB, 87 %, 45 %, 585 MHz, 5000 MHz, 65.59 W, 80, P0
2026/09/30 09:11:03.379, Tesla T4, 10067 MiB, 4846 MiB, 15360 MiB, 100 %, 26 %, 615 MHz, 5000 MHz, 66.16 W, 80, P0
2026/09/30 09:11:03.904, Tesla T4, 10067 MiB, 4846 MiB, 15360 MiB, 98 %, 29 %, 570 MHz, 5000 MHz, 60.81 W, 80, P0
2026/09/30 09:11:04.425, Tesla T4, 10067 MiB, 4846 MiB, 15360 MiB, 100 %, 26 %, 585 MHz, 5000 MHz, 65.28 W, 80, P0
2026/09/30 09:11:04.938, Tesla T4, 10067 MiB, 4846 MiB, 15360 MiB, 100 %, 34 %, 540 MHz, 5000 MHz, 66.42 W, 80, P0
2026/09/30 09:11:05.449, Tesla T4, 10067 MiB, 4846 MiB, 15360 MiB, 98 %, 30 %, 600 MHz, 5000 MHz, 63.97 W, 80, P0
2026/09/30 09:11:05.962, Tesla T4, 10067 MiB, 4846 MiB, 15360 MiB, 93 %, 34 %, 525 MHz, 5000 MHz, 65.93 W, 80, P0
2026/09/30 09:11:06.480, Tesla T4, 10067 MiB, 4846 MiB, 15360 MiB, 98 %, 29 %, 585 MHz, 5000 MHz, 64.89 W, 80, P0
2026/09/30 09:11:06.991, Tesla T4, 10067 MiB, 4846 MiB, 15360 MiB, 96 %, 48 %, 585 MHz, 5000 MHz, 64.77 W, 79, P0
2026/09/30 09:11:07.511, Tesla T4, 10067 MiB, 4846 MiB, 15360 MiB, 96 %, 29 %, 585 MHz, 5000 MHz, 66.06 W, 80, P0
2026/09/30 09:11:08.028, Tesla T4, 10067 MiB, 4846 MiB, 15360 MiB, 100 %, 24 %, 615 MHz, 5000 MHz, 64.99 W, 80, P0
2026/09/30 09:11:08.541, Tesla T4, 10067 MiB, 4846 MiB, 15360 MiB, 92 %, 32 %, 585 MHz, 5000 MHz, 64.20 W, 80, P0
2026/09/30 09:11:09.056, Tesla T4, 10067 MiB, 4846 MiB, 15360 MiB, 100 %, 23 %, 615 MHz, 5000 MHz, 65.67 W, 80, P0
2026/09/30 09:11:09.571, Tesla T4, 10067 MiB, 4846 MiB, 15360 MiB, 97 %, 41 %, 540 MHz, 5000 MHz, 66.22 W, 80, P0
2026/09/30 09:11:10.087, Tesla T4, 10067 MiB, 4846 MiB, 15360 MiB, 93 %, 34 %, 540 MHz, 5000 MHz, 67.75 W, 80, P0
2026/09/30 09:11:10.599, Tesla T4, 10067 MiB, 4846 MiB, 15360 MiB, 100 %, 35 %, 555 MHz, 5000 MHz, 61.79 W, 79, P0
2026/09/30 09:11:11.111, Tesla T4, 10067 MiB, 4846 MiB, 15360 MiB, 100 %, 24 %, 645 MHz, 5000 MHz, 65.28 W, 80, P0
2026/09/30 09:11:11.623, Tesla T4, 10067 MiB, 4846 MiB, 15360 MiB, 100 %, 24 %, 660 MHz, 5000 MHz, 65.57 W, 80, P0
2026/09/30 09:11:12.135, Tesla T4, 10067 MiB, 4846 MiB, 15360 MiB, 99 %, 34 %, 585 MHz, 5000 MHz, 65.38 W, 79, P0
2026/09/30 09:11:12.652, Tesla T4, 10067 MiB, 4846 MiB, 15360 MiB, 98 %, 31 %, 615 MHz, 5000 MHz, 65.04 W, 79, P0
2026/09/30 09:11:13.164, Tesla T4, 10067 MiB, 4846 MiB, 15360 MiB, 93 %, 27 %, 555 MHz, 5000 MHz, 67.34 W, 79, P0
2026/09/30 09:11:13.676, Tesla T4, 10067 MiB, 4846 MiB, 15360 MiB, 98 %, 32 %, 615 MHz, 5000 MHz, 66.36 W, 79, P0
2026/09/30 09:11:14.189, Tesla T4, 10067 MiB, 4846 MiB, 15360 MiB, 96 %, 30 %, 540 MHz, 5000 MHz, 66.26 W, 79, P0
2026/09/30 09:11:14.702, Tesla T4, 10067 MiB, 4846 MiB, 15360 MiB, 87 %, 35 %, 540 MHz, 5000 MHz, 64.69 W, 79, P0
2026/09/30 09:11:15.225, Tesla T4, 10067 MiB, 4846 MiB, 15360 MiB, 100 %, 29 %, 570 MHz, 5000 MHz, 65.42 W, 79, P0
2026/09/30 09:11:15.761, Tesla T4, 10067 MiB, 4846 MiB, 15360 MiB, 97 %, 28 %, 630 MHz, 5000 MHz, 66.71 W, 79, P0
2026/09/30 09:11:16.296, Tesla T4, 10067 MiB, 4846 MiB, 15360 MiB, 86 %, 29 %, 585 MHz, 5000 MHz, 64.54 W, 79, P0
2026/09/30 09:11:16.831, Tesla T4, 10067 MiB, 4846 MiB, 15360 MiB, 100 %, 29 %, 630 MHz, 5000 MHz, 66.61 W, 78, P0
2026/09/30 09:11:17.388, Tesla T4, 10067 MiB, 4846 MiB, 15360 MiB, 94 %, 31 %, 570 MHz, 5000 MHz, 64.65 W, 78, P0
2026/09/30 09:11:17.914, Tesla T4, 10067 MiB, 4846 MiB, 15360 MiB, 100 %, 31 %, 600 MHz, 5000 MHz, 64.50 W, 78, P0
2026/09/30 09:11:18.431, Tesla T4, 10067 MiB, 4846 MiB, 15360 MiB, 96 %, 39 %, 630 MHz, 5000 MHz, 69.31 W, 78, P0
2026/09/30 09:11:18.944, Tesla T4, 10067 MiB, 4846 MiB, 15360 MiB, 97 %, 33 %, 615 MHz, 5000 MHz, 67.20 W, 78, P0
2026/09/30 09:11:19.461, Tesla T4, 10067 MiB, 4846 MiB, 15360 MiB, 98 %, 32 %, 555 MHz, 5000 MHz, 64.50 W, 78, P0
2026/09/30 09:11:19.973, Tesla T4, 10067 MiB, 4846 MiB, 15360 MiB, 100 %, 31 %, 645 MHz, 5000 MHz, 65.73 W, 78, P0
2026/09/30 09:11:20.484, Tesla T4, 10067 MiB, 4846 MiB, 15360 MiB, 100 %, 32 %, 540 MHz, 5000 MHz, 64.46 W, 78, P0
2026/09/30 09:11:20.997, Tesla T4, 10067 MiB, 4846 MiB, 15360 MiB, 93 %, 52 %, 600 MHz, 5000 MHz, 67.04 W, 77, P0
2026/09/30 09:11:21.510, Tesla T4, 10067 MiB, 4846 MiB, 15360 MiB, 100 %, 25 %, 690 MHz, 5000 MHz, 65.81 W, 78, P0
2026/09/30 09:11:22.022, Tesla T4, 10067 MiB, 4846 MiB, 15360 MiB, 93 %, 37 %, 705 MHz, 5000 MHz, 64.99 W, 78, P0
2026/09/30 09:11:22.534, Tesla T4, 10067 MiB, 4846 MiB, 15360 MiB, 97 %, 23 %, 705 MHz, 5000 MHz, 70.19 W, 78, P0
2026/09/30 09:11:23.045, Tesla T4, 10067 MiB, 4846 MiB, 15360 MiB, 100 %, 25 %, 705 MHz, 5000 MHz, 58.55 W, 77, P0
2026/09/30 09:11:23.563, Tesla T4, 10067 MiB, 4846 MiB, 15360 MiB, 100 %, 25 %, 690 MHz, 5000 MHz, 66.32 W, 77, P0
2026/09/30 09:11:24.074, Tesla T4, 10067 MiB, 4846 MiB, 15360 MiB, 97 %, 39 %, 555 MHz, 5000 MHz, 65.71 W, 77, P0
2026/09/30 09:11:24.591, Tesla T4, 10067 MiB, 4846 MiB, 15360 MiB, 94 %, 34 %, 570 MHz, 5000 MHz, 65.67 W, 77, P0
2026/09/30 09:11:25.103, Tesla T4, 10067 MiB, 4846 MiB, 15360 MiB, 99 %, 35 %, 660 MHz, 5000 MHz, 66.81 W, 77, P0
2026/09/30 09:11:25.624, Tesla T4, 10067 MiB, 4846 MiB, 15360 MiB, 94 %, 44 %, 630 MHz, 5000 MHz, 66.36 W, 77, P0
2026/09/30 09:11:26.141, Tesla T4, 10067 MiB, 4846 MiB, 15360 MiB, 98 %, 33 %, 600 MHz, 5000 MHz, 67.04 W, 77, P0
2026/09/30 09:11:26.653, Tesla T4, 10067 MiB, 4846 MiB, 15360 MiB, 100 %, 29 %, 630 MHz, 5000 MHz, 69.61 W, 77, P0
2026/09/30 09:11:27.164, Tesla T4, 10067 MiB, 4846 MiB, 15360 MiB, 100 %, 30 %, 630 MHz, 5000 MHz, 66.42 W, 77, P0
2026/09/30 09:11:27.678, Tesla T4, 10067 MiB, 4846 MiB, 15360 MiB, 96 %, 28 %, 645 MHz, 5000 MHz, 64.59 W, 77, P0
2026/09/30 09:11:28.208, Tesla T4, 10067 MiB, 4846 MiB, 15360 MiB, 97 %, 26 %, 705 MHz, 5000 MHz, 66.61 W, 77, P0
2026/09/30 09:11:28.728, Tesla T4, 10067 MiB, 4846 MiB, 15360 MiB, 100 %, 25 %, 645 MHz, 5000 MHz, 74.07 W, 77, P0
2026/09/30 09:11:29.255, Tesla T4, 10067 MiB, 4846 MiB, 15360 MiB, 100 %, 28 %, 660 MHz, 5000 MHz, 65.28 W, 77, P0
2026/09/30 09:11:29.781, Tesla T4, 10067 MiB, 4846 MiB, 15360 MiB, 100 %, 25 %, 690 MHz, 5000 MHz, 67.10 W, 77, P0
2026/09/30 09:11:30.321, Tesla T4, 10067 MiB, 4846 MiB, 15360 MiB, 97 %, 35 %, 660 MHz, 5000 MHz, 66.32 W, 77, P0
2026/09/30 09:11:30.847, Tesla T4, 10067 MiB, 4846 MiB, 15360 MiB, 99 %, 32 %, 630 MHz, 5000 MHz, 66.56 W, 76, P0
2026/09/30 09:11:31.358, Tesla T4, 10067 MiB, 4846 MiB, 15360 MiB, 100 %, 26 %, 690 MHz, 5000 MHz, 66.02 W, 76, P0
2026/09/30 09:11:31.872, Tesla T4, 10067 MiB, 4846 MiB, 15360 MiB, 100 %, 25 %, 705 MHz, 5000 MHz, 66.32 W, 76, P0
2026/09/30 09:11:32.383, Tesla T4, 10067 MiB, 4846 MiB, 15360 MiB, 100 %, 30 %, 615 MHz, 5000 MHz, 66.61 W, 76, P0
2026/09/30 09:11:32.900, Tesla T4, 10067 MiB, 4846 MiB, 15360 MiB, 100 %, 26 %, 675 MHz, 5000 MHz, 67.14 W, 76, P0
2026/09/30 09:11:33.413, Tesla T4, 10067 MiB, 4846 MiB, 15360 MiB, 100 %, 29 %, 630 MHz, 5000 MHz, 66.42 W, 76, P0
2026/09/30 09:11:33.927, Tesla T4, 10067 MiB, 4846 MiB, 15360 MiB, 96 %, 38 %, 600 MHz, 5000 MHz, 65.73 W, 76, P0
2026/09/30 09:11:34.442, Tesla T4, 10067 MiB, 4846 MiB, 15360 MiB, 96 %, 39 %, 705 MHz, 5000 MHz, 67.10 W, 76, P0
2026/09/30 09:11:34.953, Tesla T4, 10067 MiB, 4846 MiB, 15360 MiB, 93 %, 39 %, 705 MHz, 5000 MHz, 68.43 W, 76, P0
2026/09/30 09:11:35.469, Tesla T4, 10067 MiB, 4846 MiB, 15360 MiB, 96 %, 48 %, 645 MHz, 5000 MHz, 66.71 W, 76, P0
2026/09/30 09:11:35.981, Tesla T4, 10067 MiB, 4846 MiB, 15360 MiB, 100 %, 32 %, 690 MHz, 5000 MHz, 66.79 W, 76, P0
2026/09/30 09:11:36.497, Tesla T4, 10067 MiB, 4846 MiB, 15360 MiB, 100 %, 31 %, 705 MHz, 5000 MHz, 66.61 W, 76, P0
2026/09/30 09:11:37.007, Tesla T4, 10067 MiB, 4846 MiB, 15360 MiB, 100 %, 24 %, 720 MHz, 5000 MHz, 66.16 W, 76, P0
2026/09/30 09:11:37.518, Tesla T4, 10067 MiB, 4846 MiB, 15360 MiB, 100 %, 23 %, 705 MHz, 5000 MHz, 66.22 W, 76, P0
2026/09/30 09:11:38.030, Tesla T4, 10067 MiB, 4846 MiB, 15360 MiB, 100 %, 27 %, 645 MHz, 5000 MHz, 64.00 W, 76, P0
2026/09/30 09:11:38.543, Tesla T4, 10067 MiB, 4846 MiB, 15360 MiB, 100 %, 27 %, 615 MHz, 5000 MHz, 65.93 W, 76, P0
2026/09/30 09:11:39.061, Tesla T4, 10067 MiB, 4846 MiB, 15360 MiB, 100 %, 23 %, 750 MHz, 5000 MHz, 66.46 W, 76, P0
2026/09/30 09:11:39.575, Tesla T4, 10067 MiB, 4846 MiB, 15360 MiB, 100 %, 23 %, 735 MHz, 5000 MHz, 66.46 W, 76, P0
2026/09/30 09:11:40.089, Tesla T4, 10067 MiB, 4846 MiB, 15360 MiB, 100 %, 26 %, 660 MHz, 5000 MHz, 65.73 W, 76, P0
2026/09/30 09:11:40.603, Tesla T4, 10067 MiB, 4846 MiB, 15360 MiB, 100 %, 26 %, 630 MHz, 5000 MHz, 64.89 W, 76, P0
2026/09/30 09:11:41.115, Tesla T4, 10067 MiB, 4846 MiB, 15360 MiB, 95 %, 36 %, 585 MHz, 5000 MHz, 65.67 W, 76, P0
2026/09/30 09:11:41.642, Tesla T4, 10067 MiB, 4846 MiB, 15360 MiB, 87 %, 44 %, 585 MHz, 5000 MHz, 66.61 W, 76, P0
2026/09/30 09:11:42.188, Tesla T4, 10067 MiB, 4846 MiB, 15360 MiB, 96 %, 32 %, 735 MHz, 5000 MHz, 57.25 W, 76, P0
2026/09/30 09:11:42.724, Tesla T4, 10067 MiB, 4846 MiB, 15360 MiB, 98 %, 31 %, 705 MHz, 5000 MHz, 66.71 W, 76, P0
2026/09/30 09:11:43.267, Tesla T4, 10067 MiB, 4846 MiB, 15360 MiB, 100 %, 31 %, 600 MHz, 5000 MHz, 66.65 W, 76, P0
2026/09/30 09:11:43.796, Tesla T4, 10067 MiB, 4846 MiB, 15360 MiB, 100 %, 31 %, 585 MHz, 5000 MHz, 60.94 W, 76, P0
2026/09/30 09:11:44.308, Tesla T4, 10067 MiB, 4846 MiB, 15360 MiB, 100 %, 29 %, 645 MHz, 5000 MHz, 66.71 W, 76, P0
2026/09/30 09:11:44.823, Tesla T4, 10067 MiB, 4846 MiB, 15360 MiB, 98 %, 29 %, 645 MHz, 5000 MHz, 65.38 W, 76, P0
2026/09/30 09:11:45.334, Tesla T4, 10067 MiB, 4846 MiB, 15360 MiB, 100 %, 29 %, 630 MHz, 5000 MHz, 67.30 W, 76, P0
2026/09/30 09:11:45.847, Tesla T4, 10067 MiB, 4846 MiB, 15360 MiB, 99 %, 33 %, 765 MHz, 5000 MHz, 69.80 W, 76, P0
2026/09/30 09:11:46.363, Tesla T4, 10067 MiB, 4846 MiB, 15360 MiB, 100 %, 24 %, 705 MHz, 5000 MHz, 66.36 W, 76, P0
2026/09/30 09:11:46.883, Tesla T4, 10067 MiB, 4846 MiB, 15360 MiB, 100 %, 25 %, 975 MHz, 5000 MHz, 66.06 W, 76, P0
2026/09/30 09:11:47.394, Tesla T4, 10067 MiB, 4846 MiB, 15360 MiB, 100 %, 25 %, 810 MHz, 5000 MHz, 66.32 W, 76, P0
2026/09/30 09:11:47.909, Tesla T4, 10067 MiB, 4846 MiB, 15360 MiB, 100 %, 25 %, 675 MHz, 5000 MHz, 66.06 W, 76, P0
2026/09/30 09:11:48.421, Tesla T4, 10067 MiB, 4846 MiB, 15360 MiB, 91 %, 39 %, 630 MHz, 5000 MHz, 66.12 W, 75, P0
2026/09/30 09:11:48.938, Tesla T4, 10067 MiB, 4846 MiB, 15360 MiB, 100 %, 26 %, 705 MHz, 5000 MHz, 66.71 W, 76, P0
2026/09/30 09:11:49.449, Tesla T4, 10067 MiB, 4846 MiB, 15360 MiB, 98 %, 33 %, 615 MHz, 5000 MHz, 65.08 W, 76, P0
2026/09/30 09:11:49.960, Tesla T4, 10067 MiB, 4846 MiB, 15360 MiB, 100 %, 26 %, 720 MHz, 5000 MHz, 66.61 W, 76, P0
2026/09/30 09:11:50.474, Tesla T4, 10067 MiB, 4846 MiB, 15360 MiB, 98 %, 30 %, 630 MHz, 5000 MHz, 66.32 W, 76, P0
2026/09/30 09:11:50.986, Tesla T4, 10067 MiB, 4846 MiB, 15360 MiB, 100 %, 33 %, 600 MHz, 5000 MHz, 65.93 W, 76, P0
2026/09/30 09:11:51.500, Tesla T4, 10067 MiB, 4846 MiB, 15360 MiB, 93 %, 34 %, 735 MHz, 5000 MHz, 57.21 W, 76, P0
2026/09/30 09:11:52.015, Tesla T4, 10067 MiB, 4846 MiB, 15360 MiB, 100 %, 36 %, 510 MHz, 5000 MHz, 66.16 W, 76, P0
2026/09/30 09:11:52.534, Tesla T4, 10067 MiB, 4846 MiB, 15360 MiB, 100 %, 33 %, 600 MHz, 5000 MHz, 68.86 W, 76, P0
2026/09/30 09:11:53.046, Tesla T4, 10067 MiB, 4846 MiB, 15360 MiB, 98 %, 33 %, 645 MHz, 5000 MHz, 65.83 W, 76, P0
2026/09/30 09:11:53.557, Tesla T4, 10067 MiB, 4846 MiB, 15360 MiB, 97 %, 34 %, 615 MHz, 5000 MHz, 67.40 W, 76, P0
2026/09/30 09:11:54.095, Tesla T4, 10067 MiB, 4846 MiB, 15360 MiB, 88 %, 33 %, 660 MHz, 5000 MHz, 66.46 W, 76, P0
2026/09/30 09:11:54.633, Tesla T4, 10067 MiB, 4846 MiB, 15360 MiB, 95 %, 34 %, 660 MHz, 5000 MHz, 67.10 W, 76, P0
2026/09/30 09:11:55.158, Tesla T4, 10067 MiB, 4846 MiB, 15360 MiB, 100 %, 32 %, 630 MHz, 5000 MHz, 66.86 W, 76, P0
2026/09/30 09:11:55.683, Tesla T4, 10067 MiB, 4846 MiB, 15360 MiB, 95 %, 30 %, 645 MHz, 5000 MHz, 66.95 W, 76, P0
2026/09/30 09:11:56.214, Tesla T4, 10067 MiB, 4846 MiB, 15360 MiB, 97 %, 28 %, 630 MHz, 5000 MHz, 65.67 W, 76, P0
2026/09/30 09:11:56.728, Tesla T4, 10067 MiB, 4846 MiB, 15360 MiB, 100 %, 27 %, 645 MHz, 5000 MHz, 65.38 W, 76, P0
2026/09/30 09:11:57.242, Tesla T4, 10067 MiB, 4846 MiB, 15360 MiB, 100 %, 30 %, 645 MHz, 5000 MHz, 65.53 W, 76, P0
2026/09/30 09:11:57.756, Tesla T4, 10067 MiB, 4846 MiB, 15360 MiB, 98 %, 27 %, 630 MHz, 5000 MHz, 67.30 W, 76, P0
2026/09/30 09:11:58.272, Tesla T4, 10067 MiB, 4846 MiB, 15360 MiB, 100 %, 23 %, 750 MHz, 5000 MHz, 57.34 W, 76, P0
2026/09/30 09:11:58.786, Tesla T4, 10067 MiB, 4846 MiB, 15360 MiB, 98 %, 27 %, 720 MHz, 5000 MHz, 66.26 W, 76, P0
2026/09/30 09:11:59.300, Tesla T4, 10067 MiB, 4846 MiB, 15360 MiB, 93 %, 32 %, 660 MHz, 5000 MHz, 65.34 W, 76, P0
2026/09/30 09:11:59.816, Tesla T4, 10067 MiB, 4846 MiB, 15360 MiB, 100 %, 25 %, 735 MHz, 5000 MHz, 66.16 W, 76, P0
2026/09/30 09:12:00.335, Tesla T4, 10067 MiB, 4846 MiB, 15360 MiB, 100 %, 30 %, 600 MHz, 5000 MHz, 67.40 W, 76, P0
2026/09/30 09:12:00.846, Tesla T4, 10067 MiB, 4846 MiB, 15360 MiB, 98 %, 28 %, 660 MHz, 5000 MHz, 67.49 W, 76, P0
2026/09/30 09:12:01.364, Tesla T4, 10067 MiB, 4846 MiB, 15360 MiB, 100 %, 29 %, 705 MHz, 5000 MHz, 64.85 W, 76, P0
2026/09/30 09:12:01.875, Tesla T4, 10067 MiB, 4846 MiB, 15360 MiB, 100 %, 29 %, 630 MHz, 5000 MHz, 67.20 W, 76, P0
2026/09/30 09:12:02.394, Tesla T4, 10067 MiB, 4846 MiB, 15360 MiB, 100 %, 29 %, 600 MHz, 5000 MHz, 64.89 W, 76, P0
2026/09/30 09:12:02.907, Tesla T4, 10067 MiB, 4846 MiB, 15360 MiB, 100 %, 28 %, 645 MHz, 5000 MHz, 65.38 W, 76, P0
2026/09/30 09:12:03.424, Tesla T4, 10067 MiB, 4846 MiB, 15360 MiB, 97 %, 28 %, 690 MHz, 5000 MHz, 66.26 W, 76, P0
2026/09/30 09:12:03.937, Tesla T4, 10067 MiB, 4846 MiB, 15360 MiB, 98 %, 28 %, 600 MHz, 5000 MHz, 68.04 W, 76, P0
2026/09/30 09:12:04.454, Tesla T4, 10067 MiB, 4846 MiB, 15360 MiB, 93 %, 33 %, 675 MHz, 5000 MHz, 66.36 W, 76, P0
2026/09/30 09:12:04.964, Tesla T4, 10067 MiB, 4846 MiB, 15360 MiB, 100 %, 26 %, 705 MHz, 5000 MHz, 65.38 W, 76, P0
2026/09/30 09:12:05.482, Tesla T4, 10067 MiB, 4846 MiB, 15360 MiB, 100 %, 35 %, 720 MHz, 5000 MHz, 68.28 W, 76, P0
2026/09/30 09:12:05.996, Tesla T4, 10067 MiB, 4846 MiB, 15360 MiB, 100 %, 23 %, 735 MHz, 5000 MHz, 64.63 W, 77, P0
2026/09/30 09:12:06.511, Tesla T4, 10067 MiB, 4846 MiB, 15360 MiB, 98 %, 35 %, 630 MHz, 5000 MHz, 68.04 W, 76, P0
2026/09/30 09:12:07.027, Tesla T4, 10067 MiB, 4846 MiB, 15360 MiB, 100 %, 22 %, 735 MHz, 5000 MHz, 66.16 W, 77, P0
2026/09/30 09:12:07.561, Tesla T4, 10067 MiB, 4846 MiB, 15360 MiB, 100 %, 22 %, 705 MHz, 5000 MHz, 66.61 W, 77, P0
2026/09/30 09:12:08.082, Tesla T4, 10067 MiB, 4846 MiB, 15360 MiB, 95 %, 34 %, 600 MHz, 5000 MHz, 66.46 W, 77, P0
2026/09/30 09:12:08.617, Tesla T4, 10067 MiB, 4846 MiB, 15360 MiB, 97 %, 30 %, 615 MHz, 5000 MHz, 66.51 W, 77, P0
2026/09/30 09:12:09.152, Tesla T4, 10067 MiB, 4846 MiB, 15360 MiB, 92 %, 31 %, 600 MHz, 5000 MHz, 65.67 W, 77, P0
2026/09/30 09:12:09.682, Tesla T4, 10067 MiB, 4846 MiB, 15360 MiB, 98 %, 29 %, 645 MHz, 5000 MHz, 65.77 W, 77, P0
2026/09/30 09:12:10.193, Tesla T4, 10067 MiB, 4846 MiB, 15360 MiB, 96 %, 25 %, 705 MHz, 5000 MHz, 64.83 W, 77, P0
2026/09/30 09:12:10.715, Tesla T4, 10067 MiB, 4846 MiB, 15360 MiB, 100 %, 23 %, 720 MHz, 5000 MHz, 65.38 W, 77, P0
2026/09/30 09:12:11.226, Tesla T4, 10067 MiB, 4846 MiB, 15360 MiB, 91 %, 41 %, 735 MHz, 5000 MHz, 64.99 W, 77, P0
2026/09/30 09:12:11.749, Tesla T4, 10067 MiB, 4846 MiB, 15360 MiB, 100 %, 22 %, 705 MHz, 5000 MHz, 66.16 W, 77, P0
2026/09/30 09:12:12.264, Tesla T4, 10067 MiB, 4846 MiB, 15360 MiB, 99 %, 34 %, 600 MHz, 5000 MHz, 65.24 W, 77, P0
2026/09/30 09:12:12.787, Tesla T4, 10067 MiB, 4846 MiB, 15360 MiB, 98 %, 29 %, 630 MHz, 5000 MHz, 63.71 W, 77, P0
2026/09/30 09:12:13.300, Tesla T4, 10067 MiB, 4846 MiB, 15360 MiB, 100 %, 32 %, 585 MHz, 5000 MHz, 67.84 W, 77, P0
2026/09/30 09:12:13.826, Tesla T4, 10067 MiB, 4846 MiB, 15360 MiB, 100 %, 28 %, 645 MHz, 5000 MHz, 63.51 W, 77, P0
2026/09/30 09:12:14.344, Tesla T4, 10067 MiB, 4846 MiB, 15360 MiB, 100 %, 32 %, 645 MHz, 5000 MHz, 66.61 W, 77, P0
2026/09/30 09:12:14.879, Tesla T4, 10067 MiB, 4846 MiB, 15360 MiB, 98 %, 33 %, 570 MHz, 5000 MHz, 64.59 W, 77, P0
2026/09/30 09:12:15.395, Tesla T4, 10067 MiB, 4846 MiB, 15360 MiB, 100 %, 32 %, 630 MHz, 5000 MHz, 65.83 W, 77, P0
2026/09/30 09:12:15.922, Tesla T4, 10067 MiB, 4846 MiB, 15360 MiB, 100 %, 35 %, 555 MHz, 5000 MHz, 65.77 W, 77, P0
2026/09/30 09:12:16.435, Tesla T4, 10067 MiB, 4846 MiB, 15360 MiB, 98 %, 34 %, 660 MHz, 5000 MHz, 64.50 W, 77, P0
2026/09/30 09:12:16.957, Tesla T4, 10067 MiB, 4846 MiB, 15360 MiB, 100 %, 34 %, 495 MHz, 5000 MHz, 66.16 W, 77, P0
2026/09/30 09:12:17.475, Tesla T4, 10067 MiB, 4846 MiB, 15360 MiB, 99 %, 39 %, 615 MHz, 5000 MHz, 67.40 W, 77, P0
2026/09/30 09:12:18.003, Tesla T4, 10067 MiB, 4846 MiB, 15360 MiB, 97 %, 37 %, 630 MHz, 5000 MHz, 65.30 W, 77, P0
2026/09/30 09:12:18.514, Tesla T4, 10067 MiB, 4846 MiB, 15360 MiB, 93 %, 35 %, 600 MHz, 5000 MHz, 68.72 W, 77, P0
2026/09/30 09:12:19.026, Tesla T4, 10067 MiB, 4846 MiB, 15360 MiB, 96 %, 42 %, 690 MHz, 5000 MHz, 68.28 W, 77, P0
2026/09/30 09:12:19.540, Tesla T4, 10067 MiB, 4846 MiB, 15360 MiB, 96 %, 37 %, 585 MHz, 5000 MHz, 65.53 W, 77, P0
2026/09/30 09:12:20.061, Tesla T4, 10067 MiB, 4846 MiB, 15360 MiB, 89 %, 39 %, 540 MHz, 5000 MHz, 67.00 W, 77, P0
2026/09/30 09:12:20.598, Tesla T4, 10067 MiB, 4846 MiB, 15360 MiB, 98 %, 35 %, 660 MHz, 5000 MHz, 57.34 W, 77, P0
2026/09/30 09:12:21.126, Tesla T4, 10067 MiB, 4846 MiB, 15360 MiB, 89 %, 38 %, 615 MHz, 5000 MHz, 65.97 W, 77, P0
2026/09/30 09:12:21.651, Tesla T4, 10067 MiB, 4846 MiB, 15360 MiB, 100 %, 35 %, 570 MHz, 5000 MHz, 67.10 W, 77, P0
2026/09/30 09:12:22.176, Tesla T4, 10067 MiB, 4846 MiB, 15360 MiB, 89 %, 34 %, 570 MHz, 5000 MHz, 65.48 W, 77, P0
2026/09/30 09:12:22.705, Tesla T4, 10067 MiB, 4846 MiB, 15360 MiB, 100 %, 36 %, 615 MHz, 5000 MHz, 62.38 W, 77, P0
2026/09/30 09:12:23.219, Tesla T4, 10067 MiB, 4846 MiB, 15360 MiB, 92 %, 55 %, 645 MHz, 5000 MHz, 66.42 W, 77, P0
2026/09/30 09:12:23.737, Tesla T4, 10067 MiB, 4846 MiB, 15360 MiB, 94 %, 35 %, 630 MHz, 5000 MHz, 65.34 W, 78, P0
2026/09/30 09:12:24.249, Tesla T4, 10067 MiB, 4846 MiB, 15360 MiB, 97 %, 35 %, 630 MHz, 5000 MHz, 67.30 W, 78, P0
2026/09/30 09:12:24.771, Tesla T4, 10067 MiB, 4846 MiB, 15360 MiB, 100 %, 38 %, 660 MHz, 5000 MHz, 63.22 W, 78, P0
2026/09/30 09:12:25.282, Tesla T4, 10067 MiB, 4846 MiB, 15360 MiB, 100 %, 23 %, 690 MHz, 5000 MHz, 66.36 W, 78, P0
2026/09/30 09:12:25.797, Tesla T4, 10067 MiB, 4846 MiB, 15360 MiB, 100 %, 23 %, 690 MHz, 5000 MHz, 66.32 W, 78, P0
2026/09/30 09:12:26.308, Tesla T4, 10067 MiB, 4846 MiB, 15360 MiB, 100 %, 28 %, 630 MHz, 5000 MHz, 67.34 W, 78, P0
2026/09/30 09:12:26.822, Tesla T4, 10067 MiB, 4846 MiB, 15360 MiB, 92 %, 24 %, 705 MHz, 5000 MHz, 65.57 W, 78, P0
2026/09/30 09:12:27.333, Tesla T4, 10067 MiB, 4846 MiB, 15360 MiB, 100 %, 22 %, 705 MHz, 5000 MHz, 66.06 W, 78, P0
2026/09/30 09:12:27.844, Tesla T4, 10067 MiB, 4846 MiB, 15360 MiB, 98 %, 25 %, 615 MHz, 5000 MHz, 67.69 W, 78, P0
2026/09/30 09:12:28.357, Tesla T4, 10067 MiB, 4846 MiB, 15360 MiB, 100 %, 24 %, 675 MHz, 5000 MHz, 59.47 W, 78, P0
2026/09/30 09:12:28.869, Tesla T4, 10067 MiB, 4846 MiB, 15360 MiB, 92 %, 54 %, 690 MHz, 5000 MHz, 66.65 W, 78, P0
2026/09/30 09:12:29.387, Tesla T4, 10067 MiB, 4846 MiB, 15360 MiB, 100 %, 23 %, 720 MHz, 5000 MHz, 65.38 W, 78, P0
2026/09/30 09:12:29.898, Tesla T4, 10067 MiB, 4846 MiB, 15360 MiB, 100 %, 19 %, 705 MHz, 5000 MHz, 67.00 W, 78, P0
2026/09/30 09:12:30.414, Tesla T4, 10067 MiB, 4846 MiB, 15360 MiB, 100 %, 23 %, 690 MHz, 5000 MHz, 64.69 W, 78, P0
2026/09/30 09:12:30.927, Tesla T4, 10067 MiB, 4846 MiB, 15360 MiB, 92 %, 23 %, 690 MHz, 5000 MHz, 74.85 W, 78, P0
2026/09/30 09:12:31.445, Tesla T4, 10067 MiB, 4846 MiB, 15360 MiB, 100 %, 22 %, 705 MHz, 5000 MHz, 65.77 W, 78, P0
2026/09/30 09:12:31.957, Tesla T4, 10067 MiB, 4846 MiB, 15360 MiB, 97 %, 23 %, 705 MHz, 5000 MHz, 65.77 W, 78, P0
2026/09/30 09:12:32.468, Tesla T4, 10067 MiB, 4846 MiB, 15360 MiB, 100 %, 22 %, 705 MHz, 5000 MHz, 64.59 W, 78, P0
2026/09/30 09:12:32.982, Tesla T4, 10067 MiB, 4846 MiB, 15360 MiB, 95 %, 25 %, 570 MHz, 5000 MHz, 66.91 W, 78, P0
2026/09/30 09:12:33.507, Tesla T4, 10067 MiB, 4846 MiB, 15360 MiB, 98 %, 34 %, 570 MHz, 5000 MHz, 65.34 W, 78, P0
2026/09/30 09:12:34.045, Tesla T4, 10067 MiB, 4846 MiB, 15360 MiB, 96 %, 34 %, 600 MHz, 5000 MHz, 65.77 W, 78, P0
2026/09/30 09:12:34.583, Tesla T4, 10067 MiB, 4846 MiB, 15360 MiB, 100 %, 24 %, 690 MHz, 5000 MHz, 66.91 W, 78, P0
2026/09/30 09:12:35.108, Tesla T4, 10067 MiB, 4846 MiB, 15360 MiB, 100 %, 28 %, 690 MHz, 5000 MHz, 65.48 W, 78, P0
2026/09/30 09:12:35.638, Tesla T4, 10067 MiB, 4846 MiB, 15360 MiB, 95 %, 28 %, 555 MHz, 5000 MHz, 65.53 W, 78, P0
2026/09/30 09:12:36.153, Tesla T4, 10067 MiB, 4846 MiB, 15360 MiB, 97 %, 30 %, 675 MHz, 5000 MHz, 65.97 W, 78, P0
2026/09/30 09:12:36.667, Tesla T4, 10067 MiB, 4846 MiB, 15360 MiB, 93 %, 30 %, 540 MHz, 5000 MHz, 65.53 W, 78, P0
2026/09/30 09:12:37.180, Tesla T4, 10067 MiB, 4846 MiB, 15360 MiB, 100 %, 24 %, 660 MHz, 5000 MHz, 65.48 W, 78, P0
2026/09/30 09:12:37.691, Tesla T4, 10067 MiB, 4846 MiB, 15360 MiB, 95 %, 36 %, 585 MHz, 5000 MHz, 66.81 W, 78, P0
2026/09/30 09:12:38.203, Tesla T4, 10067 MiB, 4846 MiB, 15360 MiB, 98 %, 33 %, 570 MHz, 5000 MHz, 65.67 W, 78, P0
2026/09/30 09:12:38.715, Tesla T4, 10067 MiB, 4846 MiB, 15360 MiB, 100 %, 30 %, 645 MHz, 5000 MHz, 66.36 W, 78, P0
2026/09/30 09:12:39.233, Tesla T4, 10067 MiB, 4846 MiB, 15360 MiB, 99 %, 29 %, 615 MHz, 5000 MHz, 68.28 W, 78, P0
2026/09/30 09:12:39.746, Tesla T4, 10067 MiB, 4846 MiB, 15360 MiB, 97 %, 28 %, 630 MHz, 5000 MHz, 66.71 W, 78, P0
2026/09/30 09:12:40.258, Tesla T4, 10067 MiB, 4846 MiB, 15360 MiB, 98 %, 30 %, 600 MHz, 5000 MHz, 65.73 W, 78, P0
2026/09/30 09:12:40.771, Tesla T4, 10067 MiB, 4846 MiB, 15360 MiB, 89 %, 27 %, 585 MHz, 5000 MHz, 66.06 W, 78, P0
2026/09/30 09:12:41.282, Tesla T4, 10067 MiB, 4846 MiB, 15360 MiB, 98 %, 30 %, 570 MHz, 5000 MHz, 65.28 W, 78, P0
2026/09/30 09:12:41.800, Tesla T4, 10067 MiB, 4846 MiB, 15360 MiB, 96 %, 42 %, 585 MHz, 5000 MHz, 68.92 W, 77, P0
2026/09/30 09:12:42.313, Tesla T4, 10067 MiB, 4846 MiB, 15360 MiB, 99 %, 35 %, 720 MHz, 5000 MHz, 64.46 W, 77, P0
2026/09/30 09:12:42.829, Tesla T4, 10067 MiB, 4846 MiB, 15360 MiB, 97 %, 40 %, 705 MHz, 5000 MHz, 67.79 W, 77, P0
2026/09/30 09:12:43.340, Tesla T4, 10067 MiB, 4846 MiB, 15360 MiB, 97 %, 39 %, 660 MHz, 5000 MHz, 66.38 W, 77, P0
2026/09/30 09:12:43.857, Tesla T4, 10067 MiB, 4846 MiB, 15360 MiB, 100 %, 22 %, 780 MHz, 5000 MHz, 66.46 W, 78, P0
2026/09/30 09:12:44.373, Tesla T4, 10067 MiB, 4846 MiB, 15360 MiB, 100 %, 31 %, 705 MHz, 5000 MHz, 69.36 W, 78, P0
2026/09/30 09:12:44.889, Tesla T4, 10067 MiB, 4846 MiB, 15360 MiB, 98 %, 24 %, 630 MHz, 5000 MHz, 68.86 W, 78, P0
2026/09/30 09:12:45.401, Tesla T4, 10067 MiB, 4846 MiB, 15360 MiB, 100 %, 30 %, 630 MHz, 5000 MHz, 66.36 W, 78, P0
2026/09/30 09:12:45.914, Tesla T4, 10067 MiB, 4846 MiB, 15360 MiB, 100 %, 27 %, 645 MHz, 5000 MHz, 65.93 W, 78, P0
2026/09/30 09:12:46.447, Tesla T4, 10067 MiB, 4846 MiB, 15360 MiB, 100 %, 32 %, 675 MHz, 5000 MHz, 64.99 W, 77, P0
2026/09/30 09:12:46.984, Tesla T4, 10067 MiB, 4846 MiB, 15360 MiB, 100 %, 27 %, 660 MHz, 5000 MHz, 66.36 W, 77, P0
2026/09/30 09:12:47.507, Tesla T4, 10067 MiB, 4846 MiB, 15360 MiB, 100 %, 32 %, 585 MHz, 5000 MHz, 65.67 W, 77, P0
2026/09/30 09:12:48.032, Tesla T4, 10067 MiB, 4846 MiB, 15360 MiB, 100 %, 32 %, 600 MHz, 5000 MHz, 66.26 W, 77, P0
2026/09/30 09:12:48.558, Tesla T4, 10067 MiB, 4846 MiB, 15360 MiB, 100 %, 33 %, 615 MHz, 5000 MHz, 66.26 W, 77, P0
2026/09/30 09:12:49.073, Tesla T4, 10067 MiB, 4846 MiB, 15360 MiB, 94 %, 35 %, 705 MHz, 5000 MHz, 65.48 W, 77, P0
2026/09/30 09:12:49.584, Tesla T4, 10067 MiB, 4846 MiB, 15360 MiB, 99 %, 33 %, 570 MHz, 5000 MHz, 65.57 W, 77, P0
2026/09/30 09:12:50.095, Tesla T4, 10067 MiB, 4846 MiB, 15360 MiB, 100 %, 22 %, 690 MHz, 5000 MHz, 67.30 W, 77, P0
2026/09/30 09:12:50.612, Tesla T4, 10067 MiB, 4846 MiB, 15360 MiB, 96 %, 37 %, 600 MHz, 5000 MHz, 68.18 W, 77, P0
2026/09/30 09:12:51.123, Tesla T4, 10067 MiB, 4846 MiB, 15360 MiB, 97 %, 34 %, 630 MHz, 5000 MHz, 65.77 W, 77, P0
2026/09/30 09:12:51.639, Tesla T4, 10067 MiB, 4846 MiB, 15360 MiB, 99 %, 34 %, 615 MHz, 5000 MHz, 65.77 W, 77, P0
2026/09/30 09:12:52.158, Tesla T4, 10067 MiB, 4846 MiB, 15360 MiB, 99 %, 35 %, 750 MHz, 5000 MHz, 60.12 W, 77, P0
2026/09/30 09:12:52.671, Tesla T4, 10067 MiB, 4846 MiB, 15360 MiB, 99 %, 36 %, 750 MHz, 5000 MHz, 55.51 W, 77, P0
2026/09/30 09:12:53.187, Tesla T4, 10067 MiB, 4846 MiB, 15360 MiB, 100 %, 36 %, 630 MHz, 5000 MHz, 67.79 W, 77, P0
2026/09/30 09:12:53.705, Tesla T4, 10067 MiB, 4846 MiB, 15360 MiB, 100 %, 29 %, 630 MHz, 5000 MHz, 66.42 W, 77, P0
2026/09/30 09:12:54.216, Tesla T4, 10067 MiB, 4846 MiB, 15360 MiB, 100 %, 30 %, 630 MHz, 5000 MHz, 66.42 W, 77, P0
2026/09/30 09:12:54.731, Tesla T4, 10067 MiB, 4846 MiB, 15360 MiB, 100 %, 26 %, 690 MHz, 5000 MHz, 64.34 W, 77, P0
2026/09/30 09:12:55.248, Tesla T4, 10067 MiB, 4846 MiB, 15360 MiB, 100 %, 25 %, 720 MHz, 5000 MHz, 65.87 W, 77, P0
2026/09/30 09:12:55.764, Tesla T4, 10067 MiB, 4846 MiB, 15360 MiB, 100 %, 28 %, 855 MHz, 5000 MHz, 67.89 W, 77, P0
2026/09/30 09:12:56.279, Tesla T4, 10067 MiB, 4846 MiB, 15360 MiB, 100 %, 25 %, 675 MHz, 5000 MHz, 59.73 W, 77, P0
2026/09/30 09:12:56.798, Tesla T4, 10067 MiB, 4846 MiB, 15360 MiB, 100 %, 29 %, 570 MHz, 5000 MHz, 66.16 W, 77, P0
2026/09/30 09:12:57.309, Tesla T4, 10067 MiB, 4846 MiB, 15360 MiB, 99 %, 37 %, 630 MHz, 5000 MHz, 71.23 W, 77, P0
2026/09/30 09:12:57.825, Tesla T4, 10067 MiB, 4846 MiB, 15360 MiB, 97 %, 33 %, 630 MHz, 5000 MHz, 66.85 W, 77, P0
2026/09/30 09:12:58.336, Tesla T4, 10067 MiB, 4846 MiB, 15360 MiB, 98 %, 33 %, 630 MHz, 5000 MHz, 72.69 W, 77, P0
2026/09/30 09:12:58.847, Tesla T4, 10067 MiB, 4846 MiB, 15360 MiB, 98 %, 32 %, 600 MHz, 5000 MHz, 66.71 W, 77, P0
2026/09/30 09:12:59.395, Tesla T4, 10067 MiB, 4846 MiB, 15360 MiB, 89 %, 34 %, 1035 MHz, 5000 MHz, 67.30 W, 77, P0
2026/09/30 09:12:59.924, Tesla T4, 10067 MiB, 4846 MiB, 15360 MiB, 98 %, 36 %, 735 MHz, 5000 MHz, 67.63 W, 77, P0
2026/09/30 09:13:00.445, Tesla T4, 10067 MiB, 4846 MiB, 15360 MiB, 100 %, 23 %, 720 MHz, 5000 MHz, 65.97 W, 77, P0
2026/09/30 09:13:00.967, Tesla T4, 10067 MiB, 4846 MiB, 15360 MiB, 100 %, 20 %, 645 MHz, 5000 MHz, 67.40 W, 77, P0
2026/09/30 09:13:01.483, Tesla T4, 10067 MiB, 4846 MiB, 15360 MiB, 84 %, 26 %, 720 MHz, 5000 MHz, 65.48 W, 77, P0
2026/09/30 09:13:02.006, Tesla T4, 10067 MiB, 4846 MiB, 15360 MiB, 100 %, 22 %, 735 MHz, 5000 MHz, 66.91 W, 77, P0
2026/09/30 09:13:02.518, Tesla T4, 10067 MiB, 4846 MiB, 15360 MiB, 98 %, 27 %, 645 MHz, 5000 MHz, 64.20 W, 77, P0
2026/09/30 09:13:03.029, Tesla T4, 10067 MiB, 4846 MiB, 15360 MiB, 99 %, 44 %, 675 MHz, 5000 MHz, 65.77 W, 76, P0
2026/09/30 09:13:03.539, Tesla T4, 10067 MiB, 4846 MiB, 15360 MiB, 97 %, 39 %, 600 MHz, 5000 MHz, 65.77 W, 77, P0
2026/09/30 09:13:04.055, Tesla T4, 10067 MiB, 4846 MiB, 15360 MiB, 92 %, 36 %, 645 MHz, 5000 MHz, 69.45 W, 77, P0
2026/09/30 09:13:04.567, Tesla T4, 10067 MiB, 4846 MiB, 15360 MiB, 100 %, 35 %, 705 MHz, 5000 MHz, 62.53 W, 76, P0
2026/09/30 09:13:05.085, Tesla T4, 10067 MiB, 4846 MiB, 15360 MiB, 96 %, 46 %, 690 MHz, 5000 MHz, 64.93 W, 76, P0
2026/09/30 09:13:05.598, Tesla T4, 10067 MiB, 4846 MiB, 15360 MiB, 100 %, 28 %, 675 MHz, 5000 MHz, 65.63 W, 77, P0
2026/09/30 09:13:06.111, Tesla T4, 10067 MiB, 4846 MiB, 15360 MiB, 100 %, 28 %, 675 MHz, 5000 MHz, 66.26 W, 77, P0
2026/09/30 09:13:06.622, Tesla T4, 10067 MiB, 4846 MiB, 15360 MiB, 100 %, 24 %, 585 MHz, 5000 MHz, 60.16 W, 76, P0
2026/09/30 09:13:07.142, Tesla T4, 10067 MiB, 4846 MiB, 15360 MiB, 98 %, 32 %, 630 MHz, 5000 MHz, 64.59 W, 76, P0
2026/09/30 09:13:07.653, Tesla T4, 10067 MiB, 4846 MiB, 15360 MiB, 100 %, 31 %, 555 MHz, 5000 MHz, 64.73 W, 76, P0
2026/09/30 09:13:08.169, Tesla T4, 10067 MiB, 4846 MiB, 15360 MiB, 98 %, 32 %, 630 MHz, 5000 MHz, 66.26 W, 76, P0
2026/09/30 09:13:08.680, Tesla T4, 10067 MiB, 4846 MiB, 15360 MiB, 97 %, 31 %, 630 MHz, 5000 MHz, 67.89 W, 76, P0
2026/09/30 09:13:09.191, Tesla T4, 10067 MiB, 4846 MiB, 15360 MiB, 98 %, 33 %, 630 MHz, 5000 MHz, 67.04 W, 76, P0
2026/09/30 09:13:09.707, Tesla T4, 10067 MiB, 4846 MiB, 15360 MiB, 100 %, 29 %, 735 MHz, 5000 MHz, 63.06 W, 76, P0
2026/09/30 09:13:10.219, Tesla T4, 10067 MiB, 4846 MiB, 15360 MiB, 97 %, 35 %, 570 MHz, 5000 MHz, 67.30 W, 76, P0
2026/09/30 09:13:10.737, Tesla T4, 10067 MiB, 4846 MiB, 15360 MiB, 94 %, 36 %, 570 MHz, 5000 MHz, 67.04 W, 76, P0
2026/09/30 09:13:11.248, Tesla T4, 10067 MiB, 4846 MiB, 15360 MiB, 95 %, 37 %, 630 MHz, 5000 MHz, 64.50 W, 76, P0
2026/09/30 09:13:11.760, Tesla T4, 10067 MiB, 4846 MiB, 15360 MiB, 100 %, 26 %, 630 MHz, 5000 MHz, 64.46 W, 76, P0
2026/09/30 09:13:12.292, Tesla T4, 10067 MiB, 4846 MiB, 15360 MiB, 96 %, 23 %, 720 MHz, 5000 MHz, 65.57 W, 76, P0
2026/09/30 09:13:12.831, Tesla T4, 10067 MiB, 4846 MiB, 15360 MiB, 100 %, 23 %, 705 MHz, 5000 MHz, 66.42 W, 77, P0
2026/09/30 09:13:13.354, Tesla T4, 10067 MiB, 4846 MiB, 15360 MiB, 100 %, 26 %, 615 MHz, 5000 MHz, 65.57 W, 76, P0
2026/09/30 09:13:13.872, Tesla T4, 10067 MiB, 4846 MiB, 15360 MiB, 100 %, 23 %, 705 MHz, 5000 MHz, 67.59 W, 76, P0
2026/09/30 09:13:14.402, Tesla T4, 10067 MiB, 4846 MiB, 15360 MiB, 100 %, 22 %, 720 MHz, 5000 MHz, 65.38 W, 76, P0
2026/09/30 09:13:14.928, Tesla T4, 10067 MiB, 4846 MiB, 15360 MiB, 100 %, 20 %, 615 MHz, 5000 MHz, 66.22 W, 76, P0
2026/09/30 09:13:15.446, Tesla T4, 10067 MiB, 4846 MiB, 15360 MiB, 94 %, 39 %, 645 MHz, 5000 MHz, 64.79 W, 76, P0
2026/09/30 09:13:15.958, Tesla T4, 10067 MiB, 4846 MiB, 15360 MiB, 100 %, 32 %, 585 MHz, 5000 MHz, 65.48 W, 76, P0
2026/09/30 09:13:16.471, Tesla T4, 10067 MiB, 4846 MiB, 15360 MiB, 99 %, 34 %, 585 MHz, 5000 MHz, 66.75 W, 76, P0
2026/09/30 09:13:16.982, Tesla T4, 10067 MiB, 4846 MiB, 15360 MiB, 100 %, 30 %, 645 MHz, 5000 MHz, 66.06 W, 76, P0
2026/09/30 09:13:17.494, Tesla T4, 10067 MiB, 4846 MiB, 15360 MiB, 98 %, 34 %, 675 MHz, 5000 MHz, 47.73 W, 76, P0
2026/09/30 09:13:18.011, Tesla T4, 10067 MiB, 4846 MiB, 15360 MiB, 100 %, 29 %, 630 MHz, 5000 MHz, 66.61 W, 76, P0
2026/09/30 09:13:18.522, Tesla T4, 10067 MiB, 4846 MiB, 15360 MiB, 100 %, 31 %, 615 MHz, 5000 MHz, 68.81 W, 76, P0
2026/09/30 09:13:19.039, Tesla T4, 10067 MiB, 4846 MiB, 15360 MiB, 94 %, 35 %, 615 MHz, 5000 MHz, 69.51 W, 76, P0
2026/09/30 09:13:19.550, Tesla T4, 10067 MiB, 4846 MiB, 15360 MiB, 99 %, 37 %, 630 MHz, 5000 MHz, 66.46 W, 76, P0
2026/09/30 09:13:20.066, Tesla T4, 10067 MiB, 4846 MiB, 15360 MiB, 97 %, 37 %, 615 MHz, 5000 MHz, 64.89 W, 76, P0
2026/09/30 09:13:20.579, Tesla T4, 10067 MiB, 4846 MiB, 15360 MiB, 98 %, 29 %, 690 MHz, 5000 MHz, 65.73 W, 76, P0
2026/09/30 09:13:21.095, Tesla T4, 10067 MiB, 4846 MiB, 15360 MiB, 92 %, 27 %, 630 MHz, 5000 MHz, 65.97 W, 76, P0
2026/09/30 09:13:21.607, Tesla T4, 10067 MiB, 4846 MiB, 15360 MiB, 98 %, 26 %, 690 MHz, 5000 MHz, 67.10 W, 77, P0
2026/09/30 09:13:22.121, Tesla T4, 10067 MiB, 4846 MiB, 15360 MiB, 97 %, 24 %, 720 MHz, 5000 MHz, 68.86 W, 77, P0
2026/09/30 09:13:22.632, Tesla T4, 10067 MiB, 4846 MiB, 15360 MiB, 98 %, 29 %, 630 MHz, 5000 MHz, 66.61 W, 77, P0
2026/09/30 09:13:23.151, Tesla T4, 10067 MiB, 4846 MiB, 15360 MiB, 100 %, 28 %, 720 MHz, 5000 MHz, 66.42 W, 77, P0
2026/09/30 09:13:23.662, Tesla T4, 10067 MiB, 4846 MiB, 15360 MiB, 98 %, 27 %, 630 MHz, 5000 MHz, 65.34 W, 77, P0
2026/09/30 09:13:24.176, Tesla T4, 10067 MiB, 4846 MiB, 15360 MiB, 100 %, 29 %, 540 MHz, 5000 MHz, 67.30 W, 77, P0
2026/09/30 09:13:24.689, Tesla T4, 10067 MiB, 4846 MiB, 15360 MiB, 96 %, 26 %, 720 MHz, 5000 MHz, 65.87 W, 77, P0
2026/09/30 09:13:25.208, Tesla T4, 10067 MiB, 4846 MiB, 15360 MiB, 100 %, 23 %, 720 MHz, 5000 MHz, 64.40 W, 77, P0
2026/09/30 09:13:25.736, Tesla T4, 10067 MiB, 4846 MiB, 15360 MiB, 89 %, 30 %, 570 MHz, 5000 MHz, 65.48 W, 77, P0
2026/09/30 09:13:26.259, Tesla T4, 10067 MiB, 4846 MiB, 15360 MiB, 100 %, 22 %, 720 MHz, 5000 MHz, 65.61 W, 77, P0
2026/09/30 09:13:26.785, Tesla T4, 10067 MiB, 4846 MiB, 15360 MiB, 100 %, 23 %, 705 MHz, 5000 MHz, 66.75 W, 77, P0
2026/09/30 09:13:27.307, Tesla T4, 10067 MiB, 4846 MiB, 15360 MiB, 100 %, 35 %, 540 MHz, 5000 MHz, 67.20 W, 77, P0
2026/09/30 09:13:27.819, Tesla T4, 10067 MiB, 4846 MiB, 15360 MiB, 100 %, 28 %, 645 MHz, 5000 MHz, 65.63 W, 77, P0
2026/09/30 09:13:28.336, Tesla T4, 10067 MiB, 4846 MiB, 15360 MiB, 93 %, 37 %, 555 MHz, 5000 MHz, 65.44 W, 77, P0
2026/09/30 09:13:28.848, Tesla T4, 10067 MiB, 4846 MiB, 15360 MiB, 100 %, 28 %, 675 MHz, 5000 MHz, 67.49 W, 77, P0
2026/09/30 09:13:29.361, Tesla T4, 10067 MiB, 4846 MiB, 15360 MiB, 97 %, 31 %, 645 MHz, 5000 MHz, 65.83 W, 77, P0
2026/09/30 09:13:29.872, Tesla T4, 10067 MiB, 4846 MiB, 15360 MiB, 97 %, 30 %, 630 MHz, 5000 MHz, 65.73 W, 77, P0
2026/09/30 09:13:30.384, Tesla T4, 10067 MiB, 4846 MiB, 15360 MiB, 100 %, 26 %, 630 MHz, 5000 MHz, 66.71 W, 77, P0
2026/09/30 09:13:30.902, Tesla T4, 10067 MiB, 4846 MiB, 15360 MiB, 99 %, 27 %, 630 MHz, 5000 MHz, 66.91 W, 77, P0
2026/09/30 09:13:31.414, Tesla T4, 10067 MiB, 4846 MiB, 15360 MiB, 100 %, 26 %, 600 MHz, 5000 MHz, 65.87 W, 77, P0
2026/09/30 09:13:31.928, Tesla T4, 10067 MiB, 4846 MiB, 15360 MiB, 100 %, 35 %, 555 MHz, 5000 MHz, 66.36 W, 77, P0
2026/09/30 09:13:32.439, Tesla T4, 10067 MiB, 4846 MiB, 15360 MiB, 100 %, 31 %, 600 MHz, 5000 MHz, 66.06 W, 77, P0
2026/09/30 09:13:32.953, Tesla T4, 10067 MiB, 4846 MiB, 15360 MiB, 100 %, 34 %, 555 MHz, 5000 MHz, 67.30 W, 77, P0
2026/09/30 09:13:33.467, Tesla T4, 10067 MiB, 4846 MiB, 15360 MiB, 100 %, 30 %, 630 MHz, 5000 MHz, 65.44 W, 77, P0
2026/09/30 09:13:33.986, Tesla T4, 10067 MiB, 4846 MiB, 15360 MiB, 90 %, 54 %, 585 MHz, 5000 MHz, 65.32 W, 77, P0
2026/09/30 09:13:34.498, Tesla T4, 10067 MiB, 4846 MiB, 15360 MiB, 100 %, 25 %, 615 MHz, 5000 MHz, 65.57 W, 77, P0
2026/09/30 09:13:35.014, Tesla T4, 10067 MiB, 4846 MiB, 15360 MiB, 98 %, 27 %, 705 MHz, 5000 MHz, 68.08 W, 77, P0
2026/09/30 09:13:35.531, Tesla T4, 10067 MiB, 4846 MiB, 15360 MiB, 100 %, 24 %, 630 MHz, 5000 MHz, 66.71 W, 77, P0
2026/09/30 09:13:36.045, Tesla T4, 10067 MiB, 4846 MiB, 15360 MiB, 98 %, 31 %, 585 MHz, 5000 MHz, 65.87 W, 77, P0
2026/09/30 09:13:36.577, Tesla T4, 10067 MiB, 4846 MiB, 15360 MiB, 99 %, 36 %, 600 MHz, 5000 MHz, 66.95 W, 77, P0
2026/09/30 09:13:37.088, Tesla T4, 10067 MiB, 4846 MiB, 15360 MiB, 100 %, 35 %, 630 MHz, 5000 MHz, 61.89 W, 77, P0
2026/09/30 09:13:37.606, Tesla T4, 10067 MiB, 4846 MiB, 15360 MiB, 100 %, 25 %, 675 MHz, 5000 MHz, 65.34 W, 77, P0
2026/09/30 09:13:38.127, Tesla T4, 10067 MiB, 4846 MiB, 15360 MiB, 98 %, 31 %, 675 MHz, 5000 MHz, 66.36 W, 77, P0
2026/09/30 09:13:38.657, Tesla T4, 10067 MiB, 4846 MiB, 15360 MiB, 98 %, 25 %, 600 MHz, 5000 MHz, 58.10 W, 77, P0
2026/09/30 09:13:39.193, Tesla T4, 10067 MiB, 4846 MiB, 15360 MiB, 97 %, 29 %, 600 MHz, 5000 MHz, 67.59 W, 77, P0
2026/09/30 09:13:39.714, Tesla T4, 10067 MiB, 4846 MiB, 15360 MiB, 100 %, 30 %, 600 MHz, 5000 MHz, 66.26 W, 77, P0
2026/09/30 09:13:40.240, Tesla T4, 10067 MiB, 4846 MiB, 15360 MiB, 97 %, 30 %, 600 MHz, 5000 MHz, 65.97 W, 77, P0
2026/09/30 09:13:40.758, Tesla T4, 10067 MiB, 4846 MiB, 15360 MiB, 100 %, 35 %, 570 MHz, 5000 MHz, 66.91 W, 77, P0
2026/09/30 09:13:41.269, Tesla T4, 10067 MiB, 4846 MiB, 15360 MiB, 94 %, 38 %, 555 MHz, 5000 MHz, 66.26 W, 77, P0
2026/09/30 09:13:41.786, Tesla T4, 10067 MiB, 4846 MiB, 15360 MiB, 97 %, 29 %, 705 MHz, 5000 MHz, 66.02 W, 77, P0
2026/09/30 09:13:42.297, Tesla T4, 10067 MiB, 4846 MiB, 15360 MiB, 98 %, 26 %, 615 MHz, 5000 MHz, 66.51 W, 77, P0
2026/09/30 09:13:42.813, Tesla T4, 10067 MiB, 4846 MiB, 15360 MiB, 93 %, 23 %, 705 MHz, 5000 MHz, 65.73 W, 77, P0
2026/09/30 09:13:43.324, Tesla T4, 10067 MiB, 4846 MiB, 15360 MiB, 98 %, 28 %, 630 MHz, 5000 MHz, 64.36 W, 77, P0
2026/09/30 09:13:43.842, Tesla T4, 10067 MiB, 4846 MiB, 15360 MiB, 100 %, 31 %, 585 MHz, 5000 MHz, 65.08 W, 77, P0
2026/09/30 09:13:44.354, Tesla T4, 10067 MiB, 4846 MiB, 15360 MiB, 91 %, 33 %, 615 MHz, 5000 MHz, 64.69 W, 77, P0
2026/09/30 09:13:44.873, Tesla T4, 10067 MiB, 4846 MiB, 15360 MiB, 98 %, 36 %, 690 MHz, 5000 MHz, 66.16 W, 77, P0
2026/09/30 09:13:45.384, Tesla T4, 10067 MiB, 4846 MiB, 15360 MiB, 99 %, 36 %, 585 MHz, 5000 MHz, 69.26 W, 77, P0
2026/09/30 09:13:45.895, Tesla T4, 10067 MiB, 4846 MiB, 15360 MiB, 98 %, 31 %, 540 MHz, 5000 MHz, 66.06 W, 77, P0
2026/09/30 09:13:46.409, Tesla T4, 10067 MiB, 4846 MiB, 15360 MiB, 100 %, 33 %, 615 MHz, 5000 MHz, 65.77 W, 77, P0
2026/09/30 09:13:46.921, Tesla T4, 10067 MiB, 4846 MiB, 15360 MiB, 98 %, 35 %, 540 MHz, 5000 MHz, 66.56 W, 77, P0
2026/09/30 09:13:47.437, Tesla T4, 10067 MiB, 4846 MiB, 15360 MiB, 92 %, 53 %, 600 MHz, 5000 MHz, 71.91 W, 77, P0
2026/09/30 09:13:47.949, Tesla T4, 10067 MiB, 4846 MiB, 15360 MiB, 98 %, 28 %, 690 MHz, 5000 MHz, 65.34 W, 77, P0
2026/09/30 09:13:48.461, Tesla T4, 10067 MiB, 4846 MiB, 15360 MiB, 94 %, 28 %, 600 MHz, 5000 MHz, 65.44 W, 77, P0
2026/09/30 09:13:48.979, Tesla T4, 10067 MiB, 4846 MiB, 15360 MiB, 100 %, 25 %, 690 MHz, 5000 MHz, 65.83 W, 77, P0
2026/09/30 09:13:49.491, Tesla T4, 10067 MiB, 4846 MiB, 15360 MiB, 100 %, 29 %, 645 MHz, 5000 MHz, 67.00 W, 77, P0
2026/09/30 09:13:50.002, Tesla T4, 10067 MiB, 4846 MiB, 15360 MiB, 98 %, 32 %, 630 MHz, 5000 MHz, 67.84 W, 77, P0
2026/09/30 09:13:50.514, Tesla T4, 10067 MiB, 4846 MiB, 15360 MiB, 100 %, 29 %, 585 MHz, 5000 MHz, 67.69 W, 78, P0
2026/09/30 09:13:51.038, Tesla T4, 10067 MiB, 4846 MiB, 15360 MiB, 96 %, 37 %, 555 MHz, 5000 MHz, 66.71 W, 77, P0
2026/09/30 09:13:51.581, Tesla T4, 10067 MiB, 4846 MiB, 15360 MiB, 89 %, 35 %, 570 MHz, 5000 MHz, 66.32 W, 77, P0
2026/09/30 09:13:52.115, Tesla T4, 10067 MiB, 4846 MiB, 15360 MiB, 100 %, 36 %, 645 MHz, 5000 MHz, 68.28 W, 77, P0
2026/09/30 09:13:52.645, Tesla T4, 10067 MiB, 4846 MiB, 15360 MiB, 89 %, 42 %, 570 MHz, 5000 MHz, 66.22 W, 77, P0
2026/09/30 09:13:53.188, Tesla T4, 10067 MiB, 4846 MiB, 15360 MiB, 100 %, 29 %, 600 MHz, 5000 MHz, 72.50 W, 77, P0
2026/09/30 09:13:53.700, Tesla T4, 10067 MiB, 4846 MiB, 15360 MiB, 94 %, 29 %, 615 MHz, 5000 MHz, 66.81 W, 77, P0
2026/09/30 09:13:54.212, Tesla T4, 10067 MiB, 4846 MiB, 15360 MiB, 98 %, 30 %, 600 MHz, 5000 MHz, 65.08 W, 77, P0
2026/09/30 09:13:54.729, Tesla T4, 10067 MiB, 4846 MiB, 15360 MiB, 97 %, 28 %, 660 MHz, 5000 MHz, 66.06 W, 78, P0
2026/09/30 09:13:55.240, Tesla T4, 10067 MiB, 4846 MiB, 15360 MiB, 100 %, 28 %, 555 MHz, 5000 MHz, 59.37 W, 77, P0
2026/09/30 09:13:55.759, Tesla T4, 10067 MiB, 4846 MiB, 15360 MiB, 100 %, 25 %, 675 MHz, 5000 MHz, 66.06 W, 78, P0
2026/09/30 09:13:56.272, Tesla T4, 10067 MiB, 4846 MiB, 15360 MiB, 100 %, 27 %, 660 MHz, 5000 MHz, 66.36 W, 78, P0
2026/09/30 09:13:56.790, Tesla T4, 10067 MiB, 4846 MiB, 15360 MiB, 100 %, 25 %, 660 MHz, 5000 MHz, 66.71 W, 78, P0
2026/09/30 09:13:57.301, Tesla T4, 10067 MiB, 4846 MiB, 15360 MiB, 97 %, 30 %, 600 MHz, 5000 MHz, 69.61 W, 78, P0
2026/09/30 09:13:57.817, Tesla T4, 10067 MiB, 4846 MiB, 15360 MiB, 93 %, 33 %, 540 MHz, 5000 MHz, 64.46 W, 77, P0
2026/09/30 09:13:58.330, Tesla T4, 10067 MiB, 4846 MiB, 15360 MiB, 97 %, 25 %, 690 MHz, 5000 MHz, 66.36 W, 78, P0
2026/09/30 09:13:58.847, Tesla T4, 10067 MiB, 4846 MiB, 15360 MiB, 98 %, 34 %, 675 MHz, 5000 MHz, 51.31 W, 78, P0
2026/09/30 09:13:59.358, Tesla T4, 10067 MiB, 4846 MiB, 15360 MiB, 99 %, 31 %, 570 MHz, 5000 MHz, 65.67 W, 78, P0
2026/09/30 09:13:59.877, Tesla T4, 10067 MiB, 4846 MiB, 15360 MiB, 100 %, 28 %, 660 MHz, 5000 MHz, 65.57 W, 78, P0
2026/09/30 09:14:00.391, Tesla T4, 10067 MiB, 4846 MiB, 15360 MiB, 92 %, 35 %, 660 MHz, 5000 MHz, 65.97 W, 78, P0
2026/09/30 09:14:00.903, Tesla T4, 10067 MiB, 4846 MiB, 15360 MiB, 100 %, 27 %, 660 MHz, 5000 MHz, 64.79 W, 78, P0
2026/09/30 09:14:01.415, Tesla T4, 10067 MiB, 4846 MiB, 15360 MiB, 99 %, 37 %, 540 MHz, 5000 MHz, 66.36 W, 77, P0
2026/09/30 09:14:01.926, Tesla T4, 10067 MiB, 4846 MiB, 15360 MiB, 95 %, 36 %, 630 MHz, 5000 MHz, 60.51 W, 77, P0
2026/09/30 09:14:02.443, Tesla T4, 10067 MiB, 4846 MiB, 15360 MiB, 99 %, 38 %, 660 MHz, 5000 MHz, 65.44 W, 77, P0
2026/09/30 09:14:02.954, Tesla T4, 10067 MiB, 4846 MiB, 15360 MiB, 94 %, 42 %, 675 MHz, 5000 MHz, 57.05 W, 77, P0
2026/09/30 09:14:03.466, Tesla T4, 10067 MiB, 4846 MiB, 15360 MiB, 97 %, 32 %, 600 MHz, 5000 MHz, 65.67 W, 77, P0
2026/09/30 09:14:03.991, Tesla T4, 10067 MiB, 4846 MiB, 15360 MiB, 100 %, 30 %, 525 MHz, 5000 MHz, 66.81 W, 77, P0
2026/09/30 09:14:04.516, Tesla T4, 10067 MiB, 4846 MiB, 15360 MiB, 100 %, 23 %, 705 MHz, 5000 MHz, 65.97 W, 77, P0
2026/09/30 09:14:05.039, Tesla T4, 10067 MiB, 4846 MiB, 15360 MiB, 100 %, 23 %, 720 MHz, 5000 MHz, 66.42 W, 78, P0
2026/09/30 09:14:05.584, Tesla T4, 10067 MiB, 4846 MiB, 15360 MiB, 97 %, 29 %, 630 MHz, 5000 MHz, 65.24 W, 77, P0
2026/09/30 09:14:06.109, Tesla T4, 10067 MiB, 4846 MiB, 15360 MiB, 100 %, 26 %, 600 MHz, 5000 MHz, 66.36 W, 77, P0
2026/09/30 09:14:06.642, Tesla T4, 10067 MiB, 4846 MiB, 15360 MiB, 100 %, 22 %, 720 MHz, 5000 MHz, 65.28 W, 77, P0
2026/09/30 09:14:07.161, Tesla T4, 10067 MiB, 4846 MiB, 15360 MiB, 100 %, 22 %, 705 MHz, 5000 MHz, 65.87 W, 78, P0
2026/09/30 09:14:07.672, Tesla T4, 10067 MiB, 4846 MiB, 15360 MiB, 100 %, 26 %, 615 MHz, 5000 MHz, 66.06 W, 77, P0
2026/09/30 09:14:08.189, Tesla T4, 10067 MiB, 4846 MiB, 15360 MiB, 100 %, 26 %, 615 MHz, 5000 MHz, 66.71 W, 77, P0
2026/09/30 09:14:08.700, Tesla T4, 10067 MiB, 4846 MiB, 15360 MiB, 97 %, 30 %, 540 MHz, 5000 MHz, 65.83 W, 77, P0
2026/09/30 09:14:09.212, Tesla T4, 10067 MiB, 4846 MiB, 15360 MiB, 97 %, 33 %, 585 MHz, 5000 MHz, 76.03 W, 77, P0
2026/09/30 09:14:09.731, Tesla T4, 10067 MiB, 4846 MiB, 15360 MiB, 99 %, 34 %, 690 MHz, 5000 MHz, 69.12 W, 77, P0
2026/09/30 09:14:10.242, Tesla T4, 10067 MiB, 4846 MiB, 15360 MiB, 100 %, 32 %, 600 MHz, 5000 MHz, 65.04 W, 77, P0
2026/09/30 09:14:10.755, Tesla T4, 10067 MiB, 4846 MiB, 15360 MiB, 99 %, 29 %, 585 MHz, 5000 MHz, 67.79 W, 77, P0
2026/09/30 09:14:11.266, Tesla T4, 10067 MiB, 4846 MiB, 15360 MiB, 100 %, 26 %, 600 MHz, 5000 MHz, 67.04 W, 77, P0
2026/09/30 09:14:11.778, Tesla T4, 10067 MiB, 4846 MiB, 15360 MiB, 100 %, 26 %, 615 MHz, 5000 MHz, 66.81 W, 77, P0
2026/09/30 09:14:12.290, Tesla T4, 10067 MiB, 4846 MiB, 15360 MiB, 98 %, 32 %, 585 MHz, 5000 MHz, 67.10 W, 77, P0
2026/09/30 09:14:12.802, Tesla T4, 10067 MiB, 4846 MiB, 15360 MiB, 99 %, 27 %, 600 MHz, 5000 MHz, 63.95 W, 77, P0
2026/09/30 09:14:13.315, Tesla T4, 10067 MiB, 4846 MiB, 15360 MiB, 100 %, 26 %, 600 MHz, 5000 MHz, 65.67 W, 77, P0
2026/09/30 09:14:13.829, Tesla T4, 10067 MiB, 4846 MiB, 15360 MiB, 98 %, 29 %, 570 MHz, 5000 MHz, 65.48 W, 77, P0
2026/09/30 09:14:14.340, Tesla T4, 10067 MiB, 4846 MiB, 15360 MiB, 100 %, 29 %, 600 MHz, 5000 MHz, 66.71 W, 77, P0
2026/09/30 09:14:14.853, Tesla T4, 10067 MiB, 4846 MiB, 15360 MiB, 98 %, 30 %, 585 MHz, 5000 MHz, 70.29 W, 77, P0
2026/09/30 09:14:15.368, Tesla T4, 10067 MiB, 4846 MiB, 15360 MiB, 100 %, 28 %, 585 MHz, 5000 MHz, 65.38 W, 77, P0
2026/09/30 09:14:15.885, Tesla T4, 10067 MiB, 4846 MiB, 15360 MiB, 97 %, 38 %, 660 MHz, 5000 MHz, 68.28 W, 77, P0
2026/09/30 09:14:16.402, Tesla T4, 10067 MiB, 4846 MiB, 15360 MiB, 93 %, 43 %, 705 MHz, 5000 MHz, 66.42 W, 77, P0
2026/09/30 09:14:16.920, Tesla T4, 10067 MiB, 4846 MiB, 15360 MiB, 98 %, 36 %, 510 MHz, 5000 MHz, 68.03 W, 76, P0
2026/09/30 09:14:17.459, Tesla T4, 10067 MiB, 4846 MiB, 15360 MiB, 100 %, 25 %, 735 MHz, 5000 MHz, 65.38 W, 77, P0
2026/09/30 09:14:17.988, Tesla T4, 10067 MiB, 4846 MiB, 15360 MiB, 87 %, 37 %, 660 MHz, 5000 MHz, 65.73 W, 77, P0
2026/09/30 09:14:18.515, Tesla T4, 10067 MiB, 4846 MiB, 15360 MiB, 97 %, 35 %, 555 MHz, 5000 MHz, 66.42 W, 77, P0
2026/09/30 09:14:19.040, Tesla T4, 10067 MiB, 4846 MiB, 15360 MiB, 88 %, 34 %, 570 MHz, 5000 MHz, 65.24 W, 77, P0
2026/09/30 09:14:19.569, Tesla T4, 10067 MiB, 4846 MiB, 15360 MiB, 97 %, 40 %, 540 MHz, 5000 MHz, 60.45 W, 77, P0
2026/09/30 09:14:20.080, Tesla T4, 10067 MiB, 4846 MiB, 15360 MiB, 100 %, 28 %, 675 MHz, 5000 MHz, 66.32 W, 77, P0
2026/09/30 09:14:20.592, Tesla T4, 10067 MiB, 4846 MiB, 15360 MiB, 98 %, 28 %, 660 MHz, 5000 MHz, 64.59 W, 77, P0
2026/09/30 09:14:21.103, Tesla T4, 10067 MiB, 4846 MiB, 15360 MiB, 100 %, 28 %, 645 MHz, 5000 MHz, 67.89 W, 77, P0
2026/09/30 09:14:21.620, Tesla T4, 10067 MiB, 4846 MiB, 15360 MiB, 99 %, 49 %, 825 MHz, 5000 MHz, 66.65 W, 77, P0
2026/09/30 09:14:22.131, Tesla T4, 10067 MiB, 4846 MiB, 15360 MiB, 98 %, 33 %, 585 MHz, 5000 MHz, 66.36 W, 77, P0
2026/09/30 09:14:22.647, Tesla T4, 10067 MiB, 4846 MiB, 15360 MiB, 99 %, 35 %, 555 MHz, 5000 MHz, 65.87 W, 77, P0
2026/09/30 09:14:23.160, Tesla T4, 10067 MiB, 4846 MiB, 15360 MiB, 100 %, 36 %, 570 MHz, 5000 MHz, 65.34 W, 77, P0
2026/09/30 09:14:23.677, Tesla T4, 10067 MiB, 4846 MiB, 15360 MiB, 100 %, 33 %, 615 MHz, 5000 MHz, 58.78 W, 77, P0
2026/09/30 09:14:24.189, Tesla T4, 10067 MiB, 4846 MiB, 15360 MiB, 92 %, 27 %, 870 MHz, 5000 MHz, 66.61 W, 77, P0
2026/09/30 09:14:24.699, Tesla T4, 10067 MiB, 4846 MiB, 15360 MiB, 98 %, 34 %, 615 MHz, 5000 MHz, 65.18 W, 77, P0
2026/09/30 09:14:25.216, Tesla T4, 10067 MiB, 4846 MiB, 15360 MiB, 97 %, 30 %, 615 MHz, 5000 MHz, 66.16 W, 77, P0
2026/09/30 09:14:25.727, Tesla T4, 10067 MiB, 4846 MiB, 15360 MiB, 98 %, 29 %, 660 MHz, 5000 MHz, 66.16 W, 77, P0
2026/09/30 09:14:26.243, Tesla T4, 10067 MiB, 4846 MiB, 15360 MiB, 93 %, 32 %, 615 MHz, 5000 MHz, 66.95 W, 77, P0
2026/09/30 09:14:26.754, Tesla T4, 10067 MiB, 4846 MiB, 15360 MiB, 98 %, 29 %, 630 MHz, 5000 MHz, 66.65 W, 77, P0
2026/09/30 09:14:27.272, Tesla T4, 10067 MiB, 4846 MiB, 15360 MiB, 100 %, 32 %, 615 MHz, 5000 MHz, 64.34 W, 77, P0
2026/09/30 09:14:27.785, Tesla T4, 10067 MiB, 4846 MiB, 15360 MiB, 93 %, 36 %, 630 MHz, 5000 MHz, 66.56 W, 77, P0
2026/09/30 09:14:28.308, Tesla T4, 10067 MiB, 4846 MiB, 15360 MiB, 97 %, 38 %, 615 MHz, 5000 MHz, 65.34 W, 77, P0
2026/09/30 09:14:28.820, Tesla T4, 10067 MiB, 4846 MiB, 15360 MiB, 98 %, 36 %, 645 MHz, 5000 MHz, 66.12 W, 77, P0
2026/09/30 09:14:29.333, Tesla T4, 10067 MiB, 4846 MiB, 15360 MiB, 100 %, 32 %, 630 MHz, 5000 MHz, 64.99 W, 77, P0
2026/09/30 09:14:29.862, Tesla T4, 10067 MiB, 4846 MiB, 15360 MiB, 100 %, 30 %, 630 MHz, 5000 MHz, 64.89 W, 77, P0
2026/09/30 09:14:30.388, Tesla T4, 10067 MiB, 4846 MiB, 15360 MiB, 100 %, 34 %, 585 MHz, 5000 MHz, 66.71 W, 77, P0
2026/09/30 09:14:30.924, Tesla T4, 10067 MiB, 4846 MiB, 15360 MiB, 100 %, 30 %, 570 MHz, 5000 MHz, 65.73 W, 77, P0
2026/09/30 09:14:31.457, Tesla T4, 10067 MiB, 4846 MiB, 15360 MiB, 100 %, 28 %, 615 MHz, 5000 MHz, 64.20 W, 77, P0
2026/09/30 09:14:31.991, Tesla T4, 10067 MiB, 4846 MiB, 15360 MiB, 98 %, 41 %, 885 MHz, 5000 MHz, 40.98 W, 77, P0
2026/09/30 09:14:32.517, Tesla T4, 10067 MiB, 4846 MiB, 15360 MiB, 100 %, 29 %, 585 MHz, 5000 MHz, 67.00 W, 77, P0
2026/09/30 09:14:33.035, Tesla T4, 10067 MiB, 4846 MiB, 15360 MiB, 98 %, 48 %, 570 MHz, 5000 MHz, 66.22 W, 77, P0
2026/09/30 09:14:33.549, Tesla T4, 10067 MiB, 4846 MiB, 15360 MiB, 98 %, 33 %, 630 MHz, 5000 MHz, 67.10 W, 77, P0
2026/09/30 09:14:34.065, Tesla T4, 10067 MiB, 4846 MiB, 15360 MiB, 100 %, 35 %, 585 MHz, 5000 MHz, 65.83 W, 77, P0
2026/09/30 09:14:34.576, Tesla T4, 10067 MiB, 4846 MiB, 15360 MiB, 100 %, 32 %, 615 MHz, 5000 MHz, 65.38 W, 77, P0
2026/09/30 09:14:35.092, Tesla T4, 10067 MiB, 4846 MiB, 15360 MiB, 100 %, 30 %, 600 MHz, 5000 MHz, 66.20 W, 77, P0
2026/09/30 09:14:35.603, Tesla T4, 10067 MiB, 4846 MiB, 15360 MiB, 93 %, 33 %, 600 MHz, 5000 MHz, 67.54 W, 77, P0
2026/09/30 09:14:36.117, Tesla T4, 10067 MiB, 4846 MiB, 15360 MiB, 99 %, 32 %, 645 MHz, 5000 MHz, 66.51 W, 77, P0
2026/09/30 09:14:36.632, Tesla T4, 10067 MiB, 4846 MiB, 15360 MiB, 100 %, 31 %, 615 MHz, 5000 MHz, 66.32 W, 77, P0
2026/09/30 09:14:37.146, Tesla T4, 10067 MiB, 4846 MiB, 15360 MiB, 100 %, 26 %, 630 MHz, 5000 MHz, 64.79 W, 77, P0
2026/09/30 09:14:37.658, Tesla T4, 10067 MiB, 4846 MiB, 15360 MiB, 93 %, 30 %, 630 MHz, 5000 MHz, 65.83 W, 77, P0
2026/09/30 09:14:38.169, Tesla T4, 10067 MiB, 4846 MiB, 15360 MiB, 100 %, 26 %, 615 MHz, 5000 MHz, 65.93 W, 77, P0
2026/09/30 09:14:38.682, Tesla T4, 10067 MiB, 4846 MiB, 15360 MiB, 100 %, 25 %, 555 MHz, 5000 MHz, 65.28 W, 77, P0
2026/09/30 09:14:39.196, Tesla T4, 10067 MiB, 4846 MiB, 15360 MiB, 98 %, 47 %, 585 MHz, 5000 MHz, 66.06 W, 77, P0
2026/09/30 09:14:39.718, Tesla T4, 10067 MiB, 4846 MiB, 15360 MiB, 99 %, 39 %, 600 MHz, 5000 MHz, 64.50 W, 77, P0
2026/09/30 09:14:40.230, Tesla T4, 10067 MiB, 4846 MiB, 15360 MiB, 93 %, 57 %, 825 MHz, 5000 MHz, 60.78 W, 77, P0
2026/09/30 09:14:40.749, Tesla T4, 10067 MiB, 4846 MiB, 15360 MiB, 96 %, 45 %, 585 MHz, 5000 MHz, 66.42 W, 77, P0
2026/09/30 09:14:41.261, Tesla T4, 10067 MiB, 4846 MiB, 15360 MiB, 98 %, 33 %, 555 MHz, 5000 MHz, 65.83 W, 77, P0
2026/09/30 09:14:41.778, Tesla T4, 10067 MiB, 4846 MiB, 15360 MiB, 97 %, 36 %, 600 MHz, 5000 MHz, 64.00 W, 77, P0
2026/09/30 09:14:42.290, Tesla T4, 10067 MiB, 4846 MiB, 15360 MiB, 100 %, 30 %, 645 MHz, 5000 MHz, 66.06 W, 77, P0
2026/09/30 09:14:42.811, Tesla T4, 10067 MiB, 4846 MiB, 15360 MiB, 100 %, 30 %, 570 MHz, 5000 MHz, 66.91 W, 77, P0
2026/09/30 09:14:43.355, Tesla T4, 10067 MiB, 4846 MiB, 15360 MiB, 100 %, 26 %, 630 MHz, 5000 MHz, 66.32 W, 77, P0
2026/09/30 09:14:43.885, Tesla T4, 10067 MiB, 4846 MiB, 15360 MiB, 100 %, 24 %, 615 MHz, 5000 MHz, 67.40 W, 77, P0
2026/09/30 09:14:44.401, Tesla T4, 10067 MiB, 4846 MiB, 15360 MiB, 100 %, 26 %, 630 MHz, 5000 MHz, 65.93 W, 77, P0
2026/09/30 09:14:44.933, Tesla T4, 10067 MiB, 4846 MiB, 15360 MiB, 88 %, 26 %, 615 MHz, 5000 MHz, 66.51 W, 77, P0
2026/09/30 09:14:45.457, Tesla T4, 10067 MiB, 4846 MiB, 15360 MiB, 100 %, 26 %, 600 MHz, 5000 MHz, 65.97 W, 77, P0
2026/09/30 09:14:45.974, Tesla T4, 10067 MiB, 4846 MiB, 15360 MiB, 100 %, 26 %, 615 MHz, 5000 MHz, 65.38 W, 77, P0
2026/09/30 09:14:46.485, Tesla T4, 10067 MiB, 4846 MiB, 15360 MiB, 97 %, 32 %, 615 MHz, 5000 MHz, 63.22 W, 77, P0
2026/09/30 09:14:47.004, Tesla T4, 10067 MiB, 4846 MiB, 15360 MiB, 97 %, 37 %, 585 MHz, 5000 MHz, 67.04 W, 77, P0
2026/09/30 09:14:47.516, Tesla T4, 10067 MiB, 4846 MiB, 15360 MiB, 92 %, 43 %, 585 MHz, 5000 MHz, 66.75 W, 77, P0
2026/09/30 09:14:48.027, Tesla T4, 10067 MiB, 4846 MiB, 15360 MiB, 98 %, 43 %, 645 MHz, 5000 MHz, 65.18 W, 77, P0
2026/09/30 09:14:48.540, Tesla T4, 10067 MiB, 4846 MiB, 15360 MiB, 100 %, 28 %, 630 MHz, 5000 MHz, 67.10 W, 77, P0
2026/09/30 09:14:49.052, Tesla T4, 10067 MiB, 4846 MiB, 15360 MiB, 96 %, 37 %, 615 MHz, 5000 MHz, 58.42 W, 77, P0
2026/09/30 09:14:49.568, Tesla T4, 10067 MiB, 4846 MiB, 15360 MiB, 100 %, 28 %, 630 MHz, 5000 MHz, 66.85 W, 77, P0
2026/09/30 09:14:50.079, Tesla T4, 10067 MiB, 4846 MiB, 15360 MiB, 100 %, 30 %, 660 MHz, 5000 MHz, 67.16 W, 77, P0
2026/09/30 09:14:50.596, Tesla T4, 10067 MiB, 4846 MiB, 15360 MiB, 93 %, 31 %, 690 MHz, 5000 MHz, 58.42 W, 77, P0
2026/09/30 09:14:51.108, Tesla T4, 10067 MiB, 4846 MiB, 15360 MiB, 100 %, 36 %, 555 MHz, 5000 MHz, 65.57 W, 77, P0
2026/09/30 09:14:51.626, Tesla T4, 10067 MiB, 4846 MiB, 15360 MiB, 100 %, 32 %, 570 MHz, 5000 MHz, 66.91 W, 77, P0
2026/09/30 09:14:52.139, Tesla T4, 10067 MiB, 4846 MiB, 15360 MiB, 100 %, 35 %, 615 MHz, 5000 MHz, 66.02 W, 77, P0
2026/09/30 09:14:52.656, Tesla T4, 10067 MiB, 4846 MiB, 15360 MiB, 96 %, 29 %, 585 MHz, 5000 MHz, 63.26 W, 77, P0
2026/09/30 09:14:53.169, Tesla T4, 10067 MiB, 4846 MiB, 15360 MiB, 100 %, 27 %, 645 MHz, 5000 MHz, 67.20 W, 77, P0
2026/09/30 09:14:53.680, Tesla T4, 10067 MiB, 4846 MiB, 15360 MiB, 98 %, 24 %, 630 MHz, 5000 MHz, 66.81 W, 77, P0
2026/09/30 09:14:54.195, Tesla T4, 10067 MiB, 4846 MiB, 15360 MiB, 100 %, 25 %, 630 MHz, 5000 MHz, 66.06 W, 77, P0
2026/09/30 09:14:54.708, Tesla T4, 10067 MiB, 4846 MiB, 15360 MiB, 92 %, 27 %, 630 MHz, 5000 MHz, 65.67 W, 77, P0
2026/09/30 09:14:55.227, Tesla T4, 10067 MiB, 4846 MiB, 15360 MiB, 100 %, 26 %, 630 MHz, 5000 MHz, 66.36 W, 77, P0
2026/09/30 09:14:55.763, Tesla T4, 10067 MiB, 4846 MiB, 15360 MiB, 96 %, 25 %, 615 MHz, 5000 MHz, 66.46 W, 77, P0
2026/09/30 09:14:56.286, Tesla T4, 10067 MiB, 4846 MiB, 15360 MiB, 100 %, 25 %, 630 MHz, 5000 MHz, 65.08 W, 77, P0
2026/09/30 09:14:56.814, Tesla T4, 10067 MiB, 4846 MiB, 15360 MiB, 93 %, 39 %, 555 MHz, 5000 MHz, 66.12 W, 77, P0
2026/09/30 09:14:57.341, Tesla T4, 10067 MiB, 4846 MiB, 15360 MiB, 98 %, 40 %, 570 MHz, 5000 MHz, 64.59 W, 77, P0
2026/09/30 09:14:57.861, Tesla T4, 10067 MiB, 4846 MiB, 15360 MiB, 95 %, 32 %, 615 MHz, 5000 MHz, 64.24 W, 77, P0
2026/09/30 09:14:58.384, Tesla T4, 10067 MiB, 4846 MiB, 15360 MiB, 97 %, 30 %, 615 MHz, 5000 MHz, 64.99 W, 77, P0
2026/09/30 09:14:58.895, Tesla T4, 10067 MiB, 4846 MiB, 15360 MiB, 100 %, 31 %, 600 MHz, 5000 MHz, 66.22 W, 77, P0
2026/09/30 09:14:59.413, Tesla T4, 10067 MiB, 4846 MiB, 15360 MiB, 98 %, 30 %, 615 MHz, 5000 MHz, 64.40 W, 77, P0
2026/09/30 09:14:59.925, Tesla T4, 10067 MiB, 4846 MiB, 15360 MiB, 98 %, 43 %, 630 MHz, 5000 MHz, 69.16 W, 77, P0
2026/09/30 09:15:00.437, Tesla T4, 10067 MiB, 4846 MiB, 15360 MiB, 97 %, 52 %, 600 MHz, 5000 MHz, 64.69 W, 77, P0
2026/09/30 09:15:00.955, Tesla T4, 10067 MiB, 4846 MiB, 15360 MiB, 97 %, 27 %, 705 MHz, 5000 MHz, 66.71 W, 77, P0
2026/09/30 09:15:01.465, Tesla T4, 10067 MiB, 4846 MiB, 15360 MiB, 98 %, 26 %, 630 MHz, 5000 MHz, 66.42 W, 77, P0
2026/09/30 09:15:01.982, Tesla T4, 10067 MiB, 4846 MiB, 15360 MiB, 100 %, 25 %, 855 MHz, 5000 MHz, 58.19 W, 77, P0
2026/09/30 09:15:02.498, Tesla T4, 10067 MiB, 4846 MiB, 15360 MiB, 100 %, 25 %, 690 MHz, 5000 MHz, 63.16 W, 77, P0
2026/09/30 09:15:03.016, Tesla T4, 10067 MiB, 4846 MiB, 15360 MiB, 100 %, 29 %, 645 MHz, 5000 MHz, 67.10 W, 77, P0
2026/09/30 09:15:03.530, Tesla T4, 10067 MiB, 4846 MiB, 15360 MiB, 97 %, 38 %, 570 MHz, 5000 MHz, 65.14 W, 77, P0
2026/09/30 09:15:04.043, Tesla T4, 10067 MiB, 4846 MiB, 15360 MiB, 100 %, 32 %, 645 MHz, 5000 MHz, 64.59 W, 77, P0
2026/09/30 09:15:04.552, Tesla T4, 10067 MiB, 4846 MiB, 15360 MiB, 98 %, 33 %, 600 MHz, 5000 MHz, 67.49 W, 77, P0
2026/09/30 09:15:05.067, Tesla T4, 10067 MiB, 4846 MiB, 15360 MiB, 97 %, 29 %, 630 MHz, 5000 MHz, 66.32 W, 77, P0
2026/09/30 09:15:05.583, Tesla T4, 10067 MiB, 4846 MiB, 15360 MiB, 92 %, 43 %, 630 MHz, 5000 MHz, 72.30 W, 77, P0
2026/09/30 09:15:06.094, Tesla T4, 10067 MiB, 4846 MiB, 15360 MiB, 99 %, 35 %, 645 MHz, 5000 MHz, 66.12 W, 77, P0
2026/09/30 09:15:06.608, Tesla T4, 10067 MiB, 4846 MiB, 15360 MiB, 93 %, 38 %, 630 MHz, 5000 MHz, 66.56 W, 77, P0
2026/09/30 09:15:07.134, Tesla T4, 10067 MiB, 4846 MiB, 15360 MiB, 97 %, 34 %, 600 MHz, 5000 MHz, 66.02 W, 77, P0
2026/09/30 09:15:07.648, Tesla T4, 10067 MiB, 4846 MiB, 15360 MiB, 98 %, 36 %, 585 MHz, 5000 MHz, 67.79 W, 77, P0
2026/09/30 09:15:08.165, Tesla T4, 10067 MiB, 4846 MiB, 15360 MiB, 100 %, 30 %, 570 MHz, 5000 MHz, 66.32 W, 77, P0
2026/09/30 09:15:08.678, Tesla T4, 10067 MiB, 4846 MiB, 15360 MiB, 95 %, 30 %, 645 MHz, 5000 MHz, 65.97 W, 77, P0
2026/09/30 09:15:09.203, Tesla T4, 10067 MiB, 4846 MiB, 15360 MiB, 97 %, 28 %, 660 MHz, 5000 MHz, 67.79 W, 77, P0
2026/09/30 09:15:09.731, Tesla T4, 10067 MiB, 4846 MiB, 15360 MiB, 100 %, 28 %, 645 MHz, 5000 MHz, 65.97 W, 77, P0
2026/09/30 09:15:10.253, Tesla T4, 10067 MiB, 4846 MiB, 15360 MiB, 100 %, 27 %, 660 MHz, 5000 MHz, 65.87 W, 77, P0
2026/09/30 09:15:10.777, Tesla T4, 10067 MiB, 4846 MiB, 15360 MiB, 97 %, 27 %, 630 MHz, 5000 MHz, 66.02 W, 77, P0
2026/09/30 09:15:11.297, Tesla T4, 10067 MiB, 4846 MiB, 15360 MiB, 100 %, 25 %, 645 MHz, 5000 MHz, 70.14 W, 77, P0
2026/09/30 09:15:11.825, Tesla T4, 10067 MiB, 4846 MiB, 15360 MiB, 98 %, 30 %, 585 MHz, 5000 MHz, 66.22 W, 77, P0
2026/09/30 09:15:12.340, Tesla T4, 10067 MiB, 4846 MiB, 15360 MiB, 93 %, 30 %, 615 MHz, 5000 MHz, 65.38 W, 77, P0
2026/09/30 09:15:12.853, Tesla T4, 10067 MiB, 4846 MiB, 15360 MiB, 98 %, 32 %, 585 MHz, 5000 MHz, 65.28 W, 77, P0
2026/09/30 09:15:13.371, Tesla T4, 10067 MiB, 4846 MiB, 15360 MiB, 100 %, 32 %, 585 MHz, 5000 MHz, 66.06 W, 77, P0
2026/09/30 09:15:13.883, Tesla T4, 10067 MiB, 4846 MiB, 15360 MiB, 100 %, 31 %, 645 MHz, 5000 MHz, 66.32 W, 76, P0
2026/09/30 09:15:14.394, Tesla T4, 10067 MiB, 4846 MiB, 15360 MiB, 100 %, 32 %, 660 MHz, 5000 MHz, 66.46 W, 77, P0
2026/09/30 09:15:14.913, Tesla T4, 10067 MiB, 4846 MiB, 15360 MiB, 97 %, 31 %, 660 MHz, 5000 MHz, 65.38 W, 77, P0
2026/09/30 09:15:15.426, Tesla T4, 10067 MiB, 4846 MiB, 15360 MiB, 93 %, 38 %, 705 MHz, 5000 MHz, 71.66 W, 77, P0
2026/09/30 09:15:15.944, Tesla T4, 10067 MiB, 4846 MiB, 15360 MiB, 100 %, 27 %, 615 MHz, 5000 MHz, 65.57 W, 77, P0
2026/09/30 09:15:16.456, Tesla T4, 10067 MiB, 4846 MiB, 15360 MiB, 100 %, 27 %, 840 MHz, 5000 MHz, 66.46 W, 77, P0
2026/09/30 09:15:16.979, Tesla T4, 10067 MiB, 4846 MiB, 15360 MiB, 100 %, 25 %, 1050 MHz, 5000 MHz, 65.97 W, 77, P0
2026/09/30 09:15:17.489, Tesla T4, 10067 MiB, 4846 MiB, 15360 MiB, 100 %, 26 %, 600 MHz, 5000 MHz, 67.40 W, 77, P0
2026/09/30 09:15:18.005, Tesla T4, 10067 MiB, 4846 MiB, 15360 MiB, 100 %, 26 %, 705 MHz, 5000 MHz, 65.77 W, 77, P0
2026/09/30 09:15:18.517, Tesla T4, 10067 MiB, 4846 MiB, 15360 MiB, 100 %, 23 %, 690 MHz, 5000 MHz, 66.22 W, 77, P0
2026/09/30 09:15:19.027, Tesla T4, 10067 MiB, 4846 MiB, 15360 MiB, 94 %, 40 %, 510 MHz, 5000 MHz, 65.87 W, 77, P0
2026/09/30 09:15:19.546, Tesla T4, 10067 MiB, 4846 MiB, 15360 MiB, 100 %, 35 %, 570 MHz, 5000 MHz, 65.48 W, 77, P0
2026/09/30 09:15:20.057, Tesla T4, 10067 MiB, 4846 MiB, 15360 MiB, 100 %, 31 %, 555 MHz, 5000 MHz, 64.20 W, 77, P0
2026/09/30 09:15:20.574, Tesla T4, 10067 MiB, 4846 MiB, 15360 MiB, 98 %, 33 %, 570 MHz, 5000 MHz, 66.65 W, 77, P0
2026/09/30 09:15:21.085, Tesla T4, 10067 MiB, 4846 MiB, 15360 MiB, 92 %, 52 %, 660 MHz, 5000 MHz, 56.17 W, 77, P0
2026/09/30 09:15:21.601, Tesla T4, 10067 MiB, 4846 MiB, 15360 MiB, 100 %, 25 %, 870 MHz, 5000 MHz, 65.77 W, 77, P0
2026/09/30 09:15:22.133, Tesla T4, 10067 MiB, 4846 MiB, 15360 MiB, 100 %, 29 %, 630 MHz, 5000 MHz, 65.97 W, 77, P0
2026/09/30 09:15:22.665, Tesla T4, 10067 MiB, 4846 MiB, 15360 MiB, 100 %, 24 %, 705 MHz, 5000 MHz, 65.73 W, 77, P0
2026/09/30 09:15:23.192, Tesla T4, 10067 MiB, 4846 MiB, 15360 MiB, 100 %, 29 %, 645 MHz, 5000 MHz, 65.93 W, 77, P0
2026/09/30 09:15:23.712, Tesla T4, 10067 MiB, 4846 MiB, 15360 MiB, 94 %, 30 %, 615 MHz, 5000 MHz, 66.65 W, 77, P0
2026/09/30 09:15:24.245, Tesla T4, 10067 MiB, 4846 MiB, 15360 MiB, 87 %, 40 %, 585 MHz, 5000 MHz, 66.85 W, 77, P0
2026/09/30 09:15:24.772, Tesla T4, 10067 MiB, 4846 MiB, 15360 MiB, 99 %, 38 %, 495 MHz, 5000 MHz, 65.42 W, 77, P0
2026/09/30 09:15:25.291, Tesla T4, 10067 MiB, 4846 MiB, 15360 MiB, 100 %, 30 %, 570 MHz, 5000 MHz, 66.85 W, 77, P0
2026/09/30 09:15:25.803, Tesla T4, 10067 MiB, 4846 MiB, 15360 MiB, 100 %, 33 %, 810 MHz, 5000 MHz, 72.99 W, 77, P0
2026/09/30 09:15:26.324, Tesla T4, 10067 MiB, 4846 MiB, 15360 MiB, 100 %, 30 %, 555 MHz, 5000 MHz, 66.22 W, 77, P0
2026/09/30 09:15:26.837, Tesla T4, 10067 MiB, 4846 MiB, 15360 MiB, 97 %, 34 %, 585 MHz, 5000 MHz, 67.49 W, 77, P0
2026/09/30 09:15:27.350, Tesla T4, 10067 MiB, 4846 MiB, 15360 MiB, 99 %, 35 %, 585 MHz, 5000 MHz, 66.22 W, 77, P0
2026/09/30 09:15:27.862, Tesla T4, 10067 MiB, 4846 MiB, 15360 MiB, 99 %, 35 %, 555 MHz, 5000 MHz, 66.12 W, 77, P0
2026/09/30 09:15:28.381, Tesla T4, 10067 MiB, 4846 MiB, 15360 MiB, 100 %, 31 %, 630 MHz, 5000 MHz, 66.02 W, 77, P0
2026/09/30 09:15:28.892, Tesla T4, 10067 MiB, 4846 MiB, 15360 MiB, 98 %, 32 %, 630 MHz, 5000 MHz, 65.44 W, 77, P0
2026/09/30 09:15:29.410, Tesla T4, 10067 MiB, 4846 MiB, 15360 MiB, 99 %, 35 %, 675 MHz, 5000 MHz, 67.89 W, 77, P0
2026/09/30 09:15:29.922, Tesla T4, 10067 MiB, 4846 MiB, 15360 MiB, 99 %, 30 %, 645 MHz, 5000 MHz, 67.38 W, 77, P0
2026/09/30 09:15:30.434, Tesla T4, 10067 MiB, 4846 MiB, 15360 MiB, 98 %, 35 %, 600 MHz, 5000 MHz, 67.00 W, 77, P0
2026/09/30 09:15:30.951, Tesla T4, 10067 MiB, 4846 MiB, 15360 MiB, 99 %, 30 %, 540 MHz, 5000 MHz, 57.58 W, 76, P0
2026/09/30 09:15:31.463, Tesla T4, 10067 MiB, 4846 MiB, 15360 MiB, 94 %, 45 %, 615 MHz, 5000 MHz, 67.14 W, 77, P0
2026/09/30 09:15:31.975, Tesla T4, 10067 MiB, 4846 MiB, 15360 MiB, 98 %, 41 %, 645 MHz, 5000 MHz, 66.16 W, 77, P0
2026/09/30 09:15:32.488, Tesla T4, 10067 MiB, 4846 MiB, 15360 MiB, 100 %, 37 %, 660 MHz, 5000 MHz, 64.50 W, 77, P0
2026/09/30 09:15:32.999, Tesla T4, 10067 MiB, 4846 MiB, 15360 MiB, 100 %, 29 %, 645 MHz, 5000 MHz, 65.57 W, 77, P0
2026/09/30 09:15:33.512, Tesla T4, 10067 MiB, 4846 MiB, 15360 MiB, 100 %, 29 %, 645 MHz, 5000 MHz, 65.67 W, 77, P0
2026/09/30 09:15:34.023, Tesla T4, 10067 MiB, 4846 MiB, 15360 MiB, 100 %, 25 %, 690 MHz, 5000 MHz, 65.97 W, 77, P0
2026/09/30 09:15:34.541, Tesla T4, 10067 MiB, 4846 MiB, 15360 MiB, 98 %, 25 %, 600 MHz, 5000 MHz, 67.09 W, 77, P0
2026/09/30 09:15:35.065, Tesla T4, 10067 MiB, 4846 MiB, 15360 MiB, 100 %, 25 %, 705 MHz, 5000 MHz, 66.12 W, 77, P0
2026/09/30 09:15:35.587, Tesla T4, 10067 MiB, 4846 MiB, 15360 MiB, 83 %, 51 %, 675 MHz, 5000 MHz, 63.71 W, 76, P0
2026/09/30 09:15:36.123, Tesla T4, 10067 MiB, 4846 MiB, 15360 MiB, 98 %, 34 %, 600 MHz, 5000 MHz, 67.20 W, 77, P0
2026/09/30 09:15:36.651, Tesla T4, 10067 MiB, 4846 MiB, 15360 MiB, 100 %, 35 %, 570 MHz, 5000 MHz, 65.48 W, 77, P0
2026/09/30 09:15:37.192, Tesla T4, 10067 MiB, 4846 MiB, 15360 MiB, 96 %, 30 %, 600 MHz, 5000 MHz, 66.46 W, 77, P0
2026/09/30 09:15:37.719, Tesla T4, 10067 MiB, 4846 MiB, 15360 MiB, 100 %, 25 %, 690 MHz, 5000 MHz, 66.36 W, 77, P0
2026/09/30 09:15:38.236, Tesla T4, 10067 MiB, 4846 MiB, 15360 MiB, 100 %, 32 %, 705 MHz, 5000 MHz, 66.71 W, 77, P0
2026/09/30 09:15:38.747, Tesla T4, 10067 MiB, 4846 MiB, 15360 MiB, 97 %, 23 %, 585 MHz, 5000 MHz, 67.89 W, 77, P0
2026/09/30 09:15:39.259, Tesla T4, 10067 MiB, 4846 MiB, 15360 MiB, 98 %, 35 %, 630 MHz, 5000 MHz, 49.18 W, 77, P0
2026/09/30 09:15:39.782, Tesla T4, 10067 MiB, 4846 MiB, 15360 MiB, 99 %, 35 %, 525 MHz, 5000 MHz, 65.93 W, 77, P0
2026/09/30 09:15:40.295, Tesla T4, 10067 MiB, 4846 MiB, 15360 MiB, 98 %, 35 %, 555 MHz, 5000 MHz, 66.51 W, 77, P0
2026/09/30 09:15:40.809, Tesla T4, 10067 MiB, 4846 MiB, 15360 MiB, 93 %, 33 %, 600 MHz, 5000 MHz, 65.77 W, 77, P0
2026/09/30 09:15:41.322, Tesla T4, 10067 MiB, 4846 MiB, 15360 MiB, 97 %, 32 %, 735 MHz, 5000 MHz, 61.83 W, 77, P0
2026/09/30 09:15:41.832, Tesla T4, 10067 MiB, 4846 MiB, 15360 MiB, 100 %, 25 %, 600 MHz, 5000 MHz, 65.57 W, 77, P0
2026/09/30 09:15:42.349, Tesla T4, 10067 MiB, 4846 MiB, 15360 MiB, 93 %, 26 %, 705 MHz, 5000 MHz, 65.48 W, 77, P0
2026/09/30 09:15:42.860, Tesla T4, 10067 MiB, 4846 MiB, 15360 MiB, 100 %, 23 %, 630 MHz, 5000 MHz, 66.42 W, 77, P0
2026/09/30 09:15:43.373, Tesla T4, 10067 MiB, 4846 MiB, 15360 MiB, 97 %, 34 %, 630 MHz, 5000 MHz, 65.38 W, 77, P0
2026/09/30 09:15:43.884, Tesla T4, 10067 MiB, 4846 MiB, 15360 MiB, 94 %, 38 %, 720 MHz, 5000 MHz, 66.20 W, 77, P0
2026/09/30 09:15:44.400, Tesla T4, 10067 MiB, 4846 MiB, 15360 MiB, 100 %, 23 %, 720 MHz, 5000 MHz, 66.26 W, 77, P0
2026/09/30 09:15:44.913, Tesla T4, 10067 MiB, 4846 MiB, 15360 MiB, 100 %, 19 %, 690 MHz, 5000 MHz, 66.51 W, 77, P0
2026/09/30 09:15:45.424, Tesla T4, 10067 MiB, 4846 MiB, 15360 MiB, 100 %, 23 %, 735 MHz, 5000 MHz, 66.02 W, 77, P0
2026/09/30 09:15:45.940, Tesla T4, 10067 MiB, 4846 MiB, 15360 MiB, 100 %, 20 %, 690 MHz, 5000 MHz, 66.36 W, 77, P0
2026/09/30 09:15:46.451, Tesla T4, 10067 MiB, 4846 MiB, 15360 MiB, 100 %, 22 %, 705 MHz, 5000 MHz, 66.22 W, 77, P0
2026/09/30 09:15:46.966, Tesla T4, 10067 MiB, 4846 MiB, 15360 MiB, 100 %, 20 %, 690 MHz, 5000 MHz, 66.36 W, 77, P0
2026/09/30 09:15:47.477, Tesla T4, 10067 MiB, 4846 MiB, 15360 MiB, 100 %, 22 %, 720 MHz, 5000 MHz, 65.97 W, 77, P0
2026/09/30 09:15:48.000, Tesla T4, 10067 MiB, 4846 MiB, 15360 MiB, 100 %, 20 %, 690 MHz, 5000 MHz, 65.87 W, 77, P0
2026/09/30 09:15:48.529, Tesla T4, 10067 MiB, 4846 MiB, 15360 MiB, 98 %, 37 %, 720 MHz, 5000 MHz, 68.86 W, 77, P0
2026/09/30 09:15:49.059, Tesla T4, 10067 MiB, 4846 MiB, 15360 MiB, 98 %, 36 %, 660 MHz, 5000 MHz, 67.98 W, 77, P0
2026/09/30 09:15:49.591, Tesla T4, 10067 MiB, 4846 MiB, 15360 MiB, 98 %, 33 %, 630 MHz, 5000 MHz, 64.89 W, 77, P0
2026/09/30 09:15:50.120, Tesla T4, 10067 MiB, 4846 MiB, 15360 MiB, 100 %, 33 %, 585 MHz, 5000 MHz, 68.28 W, 77, P0
2026/09/30 09:15:50.647, Tesla T4, 10067 MiB, 4846 MiB, 15360 MiB, 97 %, 32 %, 615 MHz, 5000 MHz, 66.65 W, 77, P0
2026/09/30 09:15:51.162, Tesla T4, 10067 MiB, 4846 MiB, 15360 MiB, 98 %, 29 %, 645 MHz, 5000 MHz, 65.48 W, 76, P0
2026/09/30 09:15:51.686, Tesla T4, 10067 MiB, 4846 MiB, 15360 MiB, 100 %, 30 %, 630 MHz, 5000 MHz, 66.65 W, 77, P0
2026/09/30 09:15:52.201, Tesla T4, 10067 MiB, 4846 MiB, 15360 MiB, 100 %, 25 %, 690 MHz, 5000 MHz, 66.81 W, 77, P0
2026/09/30 09:15:52.712, Tesla T4, 10067 MiB, 4846 MiB, 15360 MiB, 94 %, 39 %, 690 MHz, 5000 MHz, 67.40 W, 77, P0
2026/09/30 09:15:53.229, Tesla T4, 10067 MiB, 4846 MiB, 15360 MiB, 98 %, 32 %, 585 MHz, 5000 MHz, 68.29 W, 77, P0
2026/09/30 09:15:53.741, Tesla T4, 10067 MiB, 4846 MiB, 15360 MiB, 100 %, 31 %, 615 MHz, 5000 MHz, 65.67 W, 77, P0
2026/09/30 09:15:54.257, Tesla T4, 10067 MiB, 4846 MiB, 15360 MiB, 97 %, 30 %, 600 MHz, 5000 MHz, 65.71 W, 77, P0
2026/09/30 09:15:54.769, Tesla T4, 10067 MiB, 4846 MiB, 15360 MiB, 98 %, 32 %, 720 MHz, 5000 MHz, 67.83 W, 77, P0
2026/09/30 09:15:55.286, Tesla T4, 10067 MiB, 4846 MiB, 15360 MiB, 93 %, 35 %, 645 MHz, 5000 MHz, 66.65 W, 77, P0
2026/09/30 09:15:55.799, Tesla T4, 10067 MiB, 4846 MiB, 15360 MiB, 99 %, 37 %, 630 MHz, 5000 MHz, 66.06 W, 77, P0
2026/09/30 09:15:56.310, Tesla T4, 10067 MiB, 4846 MiB, 15360 MiB, 94 %, 28 %, 600 MHz, 5000 MHz, 67.26 W, 77, P0
2026/09/30 09:15:56.824, Tesla T4, 10067 MiB, 4846 MiB, 15360 MiB, 97 %, 30 %, 600 MHz, 5000 MHz, 70.64 W, 77, P0
2026/09/30 09:15:57.336, Tesla T4, 10067 MiB, 4846 MiB, 15360 MiB, 100 %, 31 %, 675 MHz, 5000 MHz, 67.30 W, 77, P0
2026/09/30 09:15:57.852, Tesla T4, 10067 MiB, 4846 MiB, 15360 MiB, 94 %, 23 %, 885 MHz, 5000 MHz, 65.97 W, 77, P0
2026/09/30 09:15:58.364, Tesla T4, 10067 MiB, 4846 MiB, 15360 MiB, 100 %, 30 %, 555 MHz, 5000 MHz, 66.32 W, 77, P0
2026/09/30 09:15:58.883, Tesla T4, 10067 MiB, 4846 MiB, 15360 MiB, 100 %, 24 %, 705 MHz, 5000 MHz, 65.87 W, 77, P0
2026/09/30 09:15:59.394, Tesla T4, 10067 MiB, 4846 MiB, 15360 MiB, 100 %, 31 %, 570 MHz, 5000 MHz, 66.71 W, 77, P0
2026/09/30 09:15:59.906, Tesla T4, 10067 MiB, 4846 MiB, 15360 MiB, 96 %, 34 %, 645 MHz, 5000 MHz, 69.02 W, 77, P0
2026/09/30 09:16:00.422, Tesla T4, 10067 MiB, 4846 MiB, 15360 MiB, 100 %, 30 %, 720 MHz, 5000 MHz, 60.26 W, 77, P0
2026/09/30 09:16:00.949, Tesla T4, 10067 MiB, 4846 MiB, 15360 MiB, 93 %, 31 %, 720 MHz, 5000 MHz, 66.06 W, 77, P0
2026/09/30 09:16:01.494, Tesla T4, 10067 MiB, 4846 MiB, 15360 MiB, 100 %, 23 %, 735 MHz, 5000 MHz, 66.26 W, 77, P0
2026/09/30 09:16:02.016, Tesla T4, 10067 MiB, 4846 MiB, 15360 MiB, 90 %, 21 %, 660 MHz, 5000 MHz, 67.20 W, 77, P0
2026/09/30 09:16:02.539, Tesla T4, 10067 MiB, 4846 MiB, 15360 MiB, 100 %, 27 %, 600 MHz, 5000 MHz, 64.50 W, 77, P0
2026/09/30 09:16:03.063, Tesla T4, 10067 MiB, 4846 MiB, 15360 MiB, 100 %, 22 %, 705 MHz, 5000 MHz, 64.50 W, 77, P0
2026/09/30 09:16:03.590, Tesla T4, 10067 MiB, 4846 MiB, 15360 MiB, 100 %, 22 %, 705 MHz, 5000 MHz, 65.77 W, 77, P0
2026/09/30 09:16:04.101, Tesla T4, 10067 MiB, 4846 MiB, 15360 MiB, 97 %, 30 %, 600 MHz, 5000 MHz, 66.32 W, 77, P0
2026/09/30 09:16:04.617, Tesla T4, 10067 MiB, 4846 MiB, 15360 MiB, 100 %, 26 %, 600 MHz, 5000 MHz, 65.28 W, 77, P0
2026/09/30 09:16:05.130, Tesla T4, 10067 MiB, 4846 MiB, 15360 MiB, 97 %, 33 %, 585 MHz, 5000 MHz, 68.38 W, 77, P0
2026/09/30 09:16:05.641, Tesla T4, 10067 MiB, 4846 MiB, 15360 MiB, 99 %, 38 %, 570 MHz, 5000 MHz, 42.83 W, 77, P0
2026/09/30 09:16:06.159, Tesla T4, 10067 MiB, 4846 MiB, 15360 MiB, 99 %, 40 %, 720 MHz, 5000 MHz, 66.12 W, 77, P0
2026/09/30 09:16:06.669, Tesla T4, 10067 MiB, 4846 MiB, 15360 MiB, 100 %, 28 %, 645 MHz, 5000 MHz, 66.51 W, 77, P0
2026/09/30 09:16:07.188, Tesla T4, 10067 MiB, 4846 MiB, 15360 MiB, 96 %, 27 %, 675 MHz, 5000 MHz, 66.22 W, 77, P0
2026/09/30 09:16:07.702, Tesla T4, 10067 MiB, 4846 MiB, 15360 MiB, 100 %, 27 %, 480 MHz, 5000 MHz, 67.73 W, 76, P0
2026/09/30 09:16:08.219, Tesla T4, 10067 MiB, 4846 MiB, 15360 MiB, 99 %, 34 %, 720 MHz, 5000 MHz, 65.53 W, 77, P0
2026/09/30 09:16:08.730, Tesla T4, 10067 MiB, 4846 MiB, 15360 MiB, 100 %, 35 %, 660 MHz, 5000 MHz, 58.88 W, 77, P0
2026/09/30 09:16:09.248, Tesla T4, 10067 MiB, 4846 MiB, 15360 MiB, 100 %, 35 %, 630 MHz, 5000 MHz, 66.12 W, 77, P0
2026/09/30 09:16:09.760, Tesla T4, 10067 MiB, 4846 MiB, 15360 MiB, 100 %, 30 %, 570 MHz, 5000 MHz, 66.46 W, 77, P0
2026/09/30 09:16:10.275, Tesla T4, 10067 MiB, 4846 MiB, 15360 MiB, 100 %, 35 %, 600 MHz, 5000 MHz, 61.49 W, 77, P0
2026/09/30 09:16:10.788, Tesla T4, 10067 MiB, 4846 MiB, 15360 MiB, 100 %, 28 %, 735 MHz, 5000 MHz, 66.65 W, 77, P0
2026/09/30 09:16:11.299, Tesla T4, 10067 MiB, 4846 MiB, 15360 MiB, 100 %, 29 %, 645 MHz, 5000 MHz, 66.71 W, 77, P0
2026/09/30 09:16:11.812, Tesla T4, 10067 MiB, 4846 MiB, 15360 MiB, 93 %, 30 %, 645 MHz, 5000 MHz, 66.61 W, 77, P0
2026/09/30 09:16:12.324, Tesla T4, 10067 MiB, 4846 MiB, 15360 MiB, 100 %, 28 %, 600 MHz, 5000 MHz, 65.87 W, 77, P0
2026/09/30 09:16:12.840, Tesla T4, 10067 MiB, 4846 MiB, 15360 MiB, 100 %, 32 %, 645 MHz, 5000 MHz, 64.79 W, 77, P0
2026/09/30 09:16:13.356, Tesla T4, 10067 MiB, 4846 MiB, 15360 MiB, 100 %, 31 %, 600 MHz, 5000 MHz, 66.56 W, 77, P0
2026/09/30 09:16:13.875, Tesla T4, 10067 MiB, 4846 MiB, 15360 MiB, 100 %, 32 %, 645 MHz, 5000 MHz, 64.50 W, 76, P0
2026/09/30 09:16:14.412, Tesla T4, 10067 MiB, 4846 MiB, 15360 MiB, 100 %, 29 %, 570 MHz, 5000 MHz, 65.73 W, 77, P0
2026/09/30 09:16:14.934, Tesla T4, 10067 MiB, 4846 MiB, 15360 MiB, 100 %, 29 %, 600 MHz, 5000 MHz, 66.91 W, 77, P0
2026/09/30 09:16:15.459, Tesla T4, 10067 MiB, 4846 MiB, 15360 MiB, 100 %, 27 %, 660 MHz, 5000 MHz, 66.22 W, 77, P0
2026/09/30 09:16:15.991, Tesla T4, 10067 MiB, 4846 MiB, 15360 MiB, 100 %, 26 %, 540 MHz, 5000 MHz, 67.30 W, 76, P0
2026/09/30 09:16:16.533, Tesla T4, 10067 MiB, 4846 MiB, 15360 MiB, 100 %, 29 %, 630 MHz, 5000 MHz, 66.46 W, 77, P0
2026/09/30 09:16:17.048, Tesla T4, 10067 MiB, 4846 MiB, 15360 MiB, 100 %, 26 %, 615 MHz, 5000 MHz, 65.48 W, 77, P0
2026/09/30 09:16:17.576, Tesla T4, 10067 MiB, 4846 MiB, 15360 MiB, 100 %, 26 %, 675 MHz, 5000 MHz, 65.87 W, 77, P0
2026/09/30 09:16:18.087, Tesla T4, 10067 MiB, 4846 MiB, 15360 MiB, 98 %, 32 %, 585 MHz, 5000 MHz, 66.26 W, 77, P0
2026/09/30 09:16:18.615, Tesla T4, 10067 MiB, 4846 MiB, 15360 MiB, 93 %, 30 %, 615 MHz, 5000 MHz, 64.89 W, 77, P0
2026/09/30 09:16:19.133, Tesla T4, 10067 MiB, 4846 MiB, 15360 MiB, 100 %, 32 %, 645 MHz, 5000 MHz, 60.65 W, 77, P0
2026/09/30 09:16:19.674, Tesla T4, 10067 MiB, 4846 MiB, 15360 MiB, 100 %, 25 %, 630 MHz, 5000 MHz, 67.20 W, 77, P0
2026/09/30 09:16:20.187, Tesla T4, 10067 MiB, 4846 MiB, 15360 MiB, 98 %, 35 %, 600 MHz, 5000 MHz, 73.09 W, 77, P0
2026/09/30 09:16:20.722, Tesla T4, 10067 MiB, 4846 MiB, 15360 MiB, 100 %, 25 %, 615 MHz, 5000 MHz, 66.65 W, 77, P0
2026/09/30 09:16:21.235, Tesla T4, 10067 MiB, 4846 MiB, 15360 MiB, 96 %, 40 %, 660 MHz, 5000 MHz, 65.83 W, 77, P0
2026/09/30 09:16:21.764, Tesla T4, 10067 MiB, 4846 MiB, 15360 MiB, 98 %, 35 %, 885 MHz, 5000 MHz, 68.08 W, 76, P0
2026/09/30 09:16:22.275, Tesla T4, 10067 MiB, 4846 MiB, 15360 MiB, 99 %, 32 %, 615 MHz, 5000 MHz, 67.98 W, 77, P0
2026/09/30 09:16:22.810, Tesla T4, 10067 MiB, 4846 MiB, 15360 MiB, 100 %, 28 %, 675 MHz, 5000 MHz, 66.81 W, 77, P0
2026/09/30 09:16:23.323, Tesla T4, 10067 MiB, 4846 MiB, 15360 MiB, 98 %, 34 %, 615 MHz, 5000 MHz, 65.42 W, 77, P0
2026/09/30 09:16:23.841, Tesla T4, 10067 MiB, 4846 MiB, 15360 MiB, 93 %, 27 %, 645 MHz, 5000 MHz, 65.63 W, 77, P0
2026/09/30 09:16:24.354, Tesla T4, 10067 MiB, 4846 MiB, 15360 MiB, 98 %, 28 %, 615 MHz, 5000 MHz, 67.44 W, 77, P0
2026/09/30 09:16:24.873, Tesla T4, 10067 MiB, 4846 MiB, 15360 MiB, 100 %, 30 %, 615 MHz, 5000 MHz, 67.40 W, 77, P0
2026/09/30 09:16:25.386, Tesla T4, 10067 MiB, 4846 MiB, 15360 MiB, 99 %, 42 %, 585 MHz, 5000 MHz, 67.26 W, 76, P0
2026/09/30 09:16:25.911, Tesla T4, 10067 MiB, 4846 MiB, 15360 MiB, 100 %, 29 %, 660 MHz, 5000 MHz, 66.06 W, 77, P0
2026/09/30 09:16:26.428, Tesla T4, 10067 MiB, 4846 MiB, 15360 MiB, 100 %, 27 %, 1065 MHz, 5000 MHz, 67.69 W, 77, P0
2026/09/30 09:16:26.965, Tesla T4, 10067 MiB, 4846 MiB, 15360 MiB, 99 %, 28 %, 630 MHz, 5000 MHz, 66.42 W, 77, P0
2026/09/30 09:16:27.486, Tesla T4, 10067 MiB, 4846 MiB, 15360 MiB, 100 %, 27 %, 615 MHz, 5000 MHz, 68.18 W, 77, P0
2026/09/30 09:16:28.007, Tesla T4, 10067 MiB, 4846 MiB, 15360 MiB, 100 %, 29 %, 585 MHz, 5000 MHz, 66.51 W, 77, P0
2026/09/30 09:16:28.536, Tesla T4, 10067 MiB, 4846 MiB, 15360 MiB, 98 %, 32 %, 585 MHz, 5000 MHz, 67.00 W, 77, P0
2026/09/30 09:16:29.060, Tesla T4, 10067 MiB, 4846 MiB, 15360 MiB, 87 %, 28 %, 600 MHz, 5000 MHz, 64.89 W, 77, P0
2026/09/30 09:16:29.572, Tesla T4, 10067 MiB, 4846 MiB, 15360 MiB, 100 %, 29 %, 600 MHz, 5000 MHz, 64.40 W, 77, P0
2026/09/30 09:16:30.088, Tesla T4, 10067 MiB, 4846 MiB, 15360 MiB, 98 %, 37 %, 615 MHz, 5000 MHz, 66.16 W, 76, P0
2026/09/30 09:16:30.599, Tesla T4, 10067 MiB, 4846 MiB, 15360 MiB, 96 %, 30 %, 780 MHz, 5000 MHz, 64.99 W, 77, P0
2026/09/30 09:16:31.115, Tesla T4, 10067 MiB, 4846 MiB, 15360 MiB, 100 %, 32 %, 615 MHz, 5000 MHz, 55.97 W, 77, P0
2026/09/30 09:16:31.626, Tesla T4, 10067 MiB, 4846 MiB, 15360 MiB, 98 %, 34 %, 585 MHz, 5000 MHz, 66.65 W, 77, P0
2026/09/30 09:16:32.138, Tesla T4, 10067 MiB, 4846 MiB, 15360 MiB, 93 %, 33 %, 645 MHz, 5000 MHz, 66.95 W, 77, P0
2026/09/30 09:16:32.656, Tesla T4, 10067 MiB, 4846 MiB, 15360 MiB, 100 %, 35 %, 570 MHz, 5000 MHz, 65.77 W, 77, P0
2026/09/30 09:16:33.167, Tesla T4, 10067 MiB, 4846 MiB, 15360 MiB, 99 %, 39 %, 585 MHz, 5000 MHz, 66.12 W, 77, P0
2026/09/30 09:16:33.681, Tesla T4, 10067 MiB, 4846 MiB, 15360 MiB, 100 %, 36 %, 570 MHz, 5000 MHz, 65.77 W, 77, P0
2026/09/30 09:16:34.192, Tesla T4, 10067 MiB, 4846 MiB, 15360 MiB, 91 %, 33 %, 585 MHz, 5000 MHz, 65.63 W, 77, P0
2026/09/30 09:16:34.711, Tesla T4, 10067 MiB, 4846 MiB, 15360 MiB, 98 %, 33 %, 630 MHz, 5000 MHz, 65.18 W, 77, P0
2026/09/30 09:16:35.223, Tesla T4, 10067 MiB, 4846 MiB, 15360 MiB, 99 %, 39 %, 675 MHz, 5000 MHz, 63.95 W, 76, P0
2026/09/30 09:16:35.741, Tesla T4, 10067 MiB, 4846 MiB, 15360 MiB, 100 %, 34 %, 540 MHz, 5000 MHz, 64.40 W, 76, P0
2026/09/30 09:16:36.253, Tesla T4, 10067 MiB, 4846 MiB, 15360 MiB, 93 %, 46 %, 615 MHz, 5000 MHz, 68.67 W, 76, P0
2026/09/30 09:16:36.764, Tesla T4, 10067 MiB, 4846 MiB, 15360 MiB, 97 %, 30 %, 675 MHz, 5000 MHz, 65.08 W, 77, P0
2026/09/30 09:16:37.277, Tesla T4, 10067 MiB, 4846 MiB, 15360 MiB, 98 %, 29 %, 630 MHz, 5000 MHz, 66.42 W, 77, P0
2026/09/30 09:16:37.791, Tesla T4, 10067 MiB, 4846 MiB, 15360 MiB, 97 %, 28 %, 675 MHz, 5000 MHz, 66.65 W, 77, P0
2026/09/30 09:16:38.309, Tesla T4, 10067 MiB, 4846 MiB, 15360 MiB, 98 %, 32 %, 600 MHz, 5000 MHz, 66.16 W, 77, P0
2026/09/30 09:16:38.820, Tesla T4, 10067 MiB, 4846 MiB, 15360 MiB, 100 %, 35 %, 615 MHz, 5000 MHz, 59.08 W, 77, P0
2026/09/30 09:16:39.340, Tesla T4, 10067 MiB, 4846 MiB, 15360 MiB, 88 %, 34 %, 570 MHz, 5000 MHz, 66.22 W, 77, P0
2026/09/30 09:16:39.864, Tesla T4, 10067 MiB, 4846 MiB, 15360 MiB, 47 %, 24 %, 435 MHz, 5000 MHz, 54.04 W, 77, P0
2026/09/30 09:16:40.395, Tesla T4, 10067 MiB, 4846 MiB, 15360 MiB, 100 %, 34 %, 585 MHz, 5000 MHz, 65.08 W, 77, P0
2026/09/30 09:16:40.921, Tesla T4, 10067 MiB, 4846 MiB, 15360 MiB, 0 %, 0 %, 1185 MHz, 5000 MHz, 36.59 W, 75, P0
2026/09/30 09:16:41.438, Tesla T4, 10067 MiB, 4846 MiB, 15360 MiB, 0 %, 0 %, 1185 MHz, 5000 MHz, 36.39 W, 74, P0
2026/09/30 09:16:41.953, Tesla T4, 10067 MiB, 4846 MiB, 15360 MiB, 0 %, 0 %, 1185 MHz, 5000 MHz, 36.19 W, 74, P0
